// Generated by scripts/generate_orbit_menu.py; do not edit.
#include "sdkconfig.h"
#if CONFIG_PROVISIONS_GATEWAY_REQUIRED
#include "menu_asset.h"
namespace OrbitMenu {
alignas(4) static const uint8_t kListPixels[] = {
    0x00,0x00,0x00,0x00,0x00,0x00,0x00,0x00,0x00,0x00,0x00,0x00,0x00,0x00,0x00,0x00,0x00,0x00,0x00,0x00,0x00,0x00,0x00,0x00,
    0x00,0x00,0x00,0x00,0x00,0x00,0x00,0x00,0x00,0x00,0x00,0x00,0x00,0x00,0x00,0x00,0x00,0x00,0x00,0x00,0x00,0x00,0x00,0x00,
    0x00,0x00,0x00,0x00,0x00,0x00,0x00,0x00,0x00,0x00,0x00,0x00,0x00,0x00,0x00,0x00,0x00,0x00,0x00,0x00,0xa2,0x18,0x87,0x62,
    0xca,0x93,0x2e,0xcd,0xf0,0xe5,0x11,0xee,0xf0,0xe5,0xf1,0xed,0xf0,0xe5,0x11,0xee,0xf0,0xe5,0xf1,0xed,0xf0,0xe5,0x11,0xee,
    0xf0,0xe5,0xf1,0xed,0xf0,0xe5,0x11,0xee,0xf0,0xe5,0xf1,0xed,0xf0,0xe5,0x11,0xee,0xf0,0xe5,0xf1,0xed,0xf0,0xe5,0x11,0xee,
    0xf0,0xe5,0xf1,0xed,0xf0,0xe5,0x11,0xee,0xf0,0xe5,0xf1,0xed,0xf0,0xe5,0x11,0xee,0xf0,0xe5,0xf1,0xed,0xf0,0xe5,0x11,0xee,
    0xf0,0xe5,0xf1,0xed,0xf0,0xe5,0x11,0xee,0xf0,0xe5,0xf1,0xed,0xf0,0xe5,0x11,0xee,0xf0,0xe5,0xf1,0xed,0xf0,0xe5,0x11,0xee,
    0xf0,0xe5,0xf1,0xed,0xf0,0xe5,0x11,0xee,0xf0,0xe5,0xf1,0xed,0xf0,0xe5,0x11,0xee,0x2e,0xc5,0xcb,0x93,0x67,0x5a,0xa2,0x18,
    0x00,0x00,0x00,0x00,0x00,0x00,0x00,0x00,0x00,0x00,0x00,0x00,0x00,0x00,0x00,0x00,0x00,0x00,0x00,0x00,0x00,0x00,0x00,0x00,
    0x00,0x00,0x00,0x00,0x00,0x00,0x00,0x00,0x00,0x00,0x00,0x00,0x00,0x00,0x00,0x00,0x00,0x00,0x00,0x00,0x00,0x00,0x00,0x00,
    0x00,0x00,0x00,0x00,0x00,0x00,0x00,0x00,0x00,0x00,0x00,0x00,0x00,0x00,0x00,0x00,0x00,0x00,0x00,0x00,0x00,0x00,0x00,0x00,
    0x00,0x00,0x00,0x00,0x00,0x00,0x00,0x00,0x00,0x00,0x00,0x00,0x00,0x00,0x00,0x00,0x00,0x00,0x00,0x00,0x00,0x00,0x00,0x00,
    0x00,0x00,0x00,0x00,0x00,0x00,0x00,0x00,0x00,0x00,0x00,0x00,0x00,0x00,0x00,0x00,0x00,0x00,0x00,0x00,0x00,0x00,0x00,0x00,
    0x00,0x00,0x00,0x00,0x00,0x00,0x00,0x00,0x00,0x00,0x00,0x00,0x21,0x08,0xa7,0x6a,0x8f,0xdd,0xb0,0xe5,0xb0,0xe5,0xaf,0xe5,
    0xd0,0xe5,0xb0,0xe5,0xb0,0xe5,0xaf,0xe5,0xd0,0xe5,0xb0,0xe5,0xb0,0xe5,0xaf,0xe5,0xd0,0xe5,0xb0,0xe5,0xb0,0xe5,0xaf,0xe5,
    0xd0,0xe5,0xb0,0xe5,0xb0,0xe5,0xaf,0xe5,0xd0,0xe5,0xb0,0xe5,0xb0,0xe5,0xaf,0xe5,0xd0,0xe5,0xb0,0xe5,0xb0,0xe5,0xaf,0xe5,
    0xd0,0xe5,0xb0,0xe5,0xb0,0xe5,0xaf,0xe5,0xd0,0xe5,0xb0,0xe5,0xb0,0xe5,0xaf,0xe5,0xd0,0xe5,0xb0,0xe5,0xb0,0xe5,0xaf,0xe5,
    0xd0,0xe5,0xb0,0xe5,0xb0,0xe5,0xaf,0xe5,0xd0,0xe5,0xb0,0xe5,0xb0,0xe5,0xaf,0xe5,0xd0,0xe5,0xb0,0xe5,0xb0,0xe5,0xaf,0xe5,
    0xd0,0xe5,0xb0,0xe5,0xb0,0xe5,0xaf,0xe5,0xd0,0xe5,0xb0,0xe5,0xb0,0xe5,0xaf,0xe5,0xd0,0xe5,0x6f,0xdd,0xa7,0x6a,0x20,0x00,
    0x00,0x00,0x00,0x00,0x00,0x00,0x00,0x00,0x00,0x00,0x00,0x00,0x00,0x00,0x00,0x00,0x00,0x00,0x00,0x00,0x00,0x00,0x00,0x00,
    0x00,0x00,0x00,0x00,0x00,0x00,0x00,0x00,0x00,0x00,0x00,0x00,0x00,0x00,0x00,0x00,0x00,0x00,0x00,0x00,0x00,0x00,0x00,0x00,
    0x00,0x00,0x00,0x00,0x00,0x00,0x00,0x00,0x00,0x00,0x00,0x00,0x00,0x00,0x00,0x00,0x00,0x00,0x00,0x00,0x00,0x00,0x00,0x00,
    0x00,0x00,0x00,0x00,0x00,0x00,0x00,0x00,0x00,0x00,0x00,0x00,0x00,0x00,0x00,0x00,0x00,0x00,0x00,0x00,0x00,0x00,0x00,0x00,
    0x00,0x00,0x00,0x00,0x00,0x00,0x00,0x00,0x00,0x00,0x00,0x00,0x00,0x00,0x00,0x00,0x00,0x00,0x00,0x00,0x00,0x00,0x00,0x00,
    0x00,0x00,0x00,0x00,0x00,0x00,0x43,0x31,0x8c,0xb4,0x6f,0xdd,0x6e,0xdd,0x6f,0xdd,0x6e,0xdd,0x6f,0xdd,0x6e,0xdd,0x6f,0xdd,
    0x6e,0xdd,0x6f,0xdd,0x6e,0xdd,0x6f,0xdd,0x6e,0xdd,0x6f,0xdd,0x6e,0xdd,0x6f,0xdd,0x6e,0xdd,0x6f,0xdd,0x6e,0xdd,0x6f,0xdd,
    0x6e,0xdd,0x6f,0xdd,0x6e,0xdd,0x6f,0xdd,0x6e,0xdd,0x6f,0xdd,0x6e,0xdd,0x6f,0xdd,0x6e,0xdd,0x6f,0xdd,0x6e,0xdd,0x6f,0xdd,
    0x6e,0xdd,0x6f,0xdd,0x6e,0xdd,0x6f,0xdd,0x6e,0xdd,0x6f,0xdd,0x6e,0xdd,0x6f,0xdd,0x6e,0xdd,0x6f,0xdd,0x6e,0xdd,0x6f,0xdd,
    0x6e,0xdd,0x6f,0xdd,0x6e,0xdd,0x6f,0xdd,0x6e,0xdd,0x6f,0xdd,0x6e,0xdd,0x6f,0xdd,0x6e,0xdd,0x6f,0xdd,0x6e,0xdd,0x6f,0xdd,
    0x6e,0xdd,0x6f,0xdd,0x6e,0xdd,0x6f,0xdd,0x6e,0xdd,0x6f,0xdd,0x6e,0xdd,0x6f,0xdd,0x6e,0xdd,0x8c,0xb4,0x43,0x31,0x00,0x00,
    0x00,0x00,0x00,0x00,0x00,0x00,0x00,0x00,0x00,0x00,0x00,0x00,0x00,0x00,0x00,0x00,0x00,0x00,0x00,0x00,0x00,0x00,0x00,0x00,
    0x00,0x00,0x00,0x00,0x00,0x00,0x00,0x00,0x00,0x00,0x00,0x00,0x00,0x00,0x00,0x00,0x00,0x00,0x00,0x00,0x00,0x00,0x00,0x00,
    0x00,0x00,0x00,0x00,0x00,0x00,0x00,0x00,0x00,0x00,0x00,0x00,0x00,0x00,0x00,0x00,0x00,0x00,0x00,0x00,0x00,0x00,0x00,0x00,
    0x00,0x00,0x00,0x00,0x00,0x00,0x00,0x00,0x00,0x00,0x00,0x00,0x00,0x00,0x00,0x00,0x00,0x00,0x00,0x00,0x00,0x00,0x00,0x00,
    0x00,0x00,0x00,0x00,0x00,0x00,0x00,0x00,0x00,0x00,0x00,0x00,0x00,0x00,0x00,0x00,0x00,0x00,0x00,0x00,0x00,0x00,0x00,0x00,
    0x00,0x00,0xaa,0x9b,0x2e,0xd5,0x2d,0xd5,0x2e,0xd5,0x70,0xcd,0xd4,0xd5,0xf5,0xcd,0xb3,0xcd,0x50,0xcd,0x2e,0xd5,0x2d,0xd5,
    0x2e,0xd5,0x2d,0xd5,0x2e,0xd5,0x2d,0xd5,0x2e,0xd5,0x2d,0xd5,0x2e,0xd5,0x2d,0xd5,0x2e,0xd5,0x2d,0xd5,0x2e,0xd5,0x2d,0xd5,
    0x2e,0xd5,0x2d,0xd5,0x2e,0xd5,0x2d,0xd5,0x2e,0xd5,0x2d,0xd5,0x2e,0xd5,0x2d,0xd5,0x2e,0xd5,0x2d,0xd5,0x2e,0xd5,0x2d,0xd5,
    0x2e,0xd5,0x2d,0xd5,0x2e,0xd5,0x2d,0xd5,0x2e,0xd5,0x2d,0xd5,0x2e,0xd5,0x2d,0xd5,0x2e,0xd5,0x2d,0xd5,0x2e,0xd5,0x2d,0xd5,
    0x2e,0xd5,0x2d,0xd5,0x2e,0xd5,0x2d,0xd5,0x2e,0xd5,0x2d,0xd5,0x2e,0xd5,0x2d,0xd5,0x2e,0xd5,0x2d,0xd5,0x2e,0xd5,0x2d,0xd5,
    0x71,0xd5,0xd3,0xcd,0xf5,0xcd,0x93,0xcd,0x50,0xd5,0x2d,0xd5,0x2e,0xd5,0x2d,0xd5,0xaa,0x9b,0x00,0x00,0x00,0x00,0x00,0x00,
    0x00,0x00,0x00,0x00,0x00,0x00,0x00,0x00,0x00,0x00,0x00,0x00,0x00,0x00,0x00,0x00,0x00,0x00,0x00,0x00,0x00,0x00,0x00,0x00,
    0x00,0x00,0x00,0x00,0x00,0x00,0x00,0x00,0x00,0x00,0x00,0x00,0x00,0x00,0x00,0x00,0x00,0x00,0x00,0x00,0x00,0x00,0x00,0x00,
    0x00,0x00,0x00,0x00,0x00,0x00,0x00,0x00,0x00,0x00,0x00,0x00,0x00,0x00,0x00,0x00,0x00,0x00,0x00,0x00,0x00,0x00,0x00,0x00,
    0x00,0x00,0x00,0x00,0x00,0x00,0x00,0x00,0x00,0x00,0x00,0x00,0x00,0x00,0x00,0x00,0x00,0x00,0x00,0x00,0x00,0x00,0x00,0x00,
    0x00,0x00,0x00,0x00,0x00,0x00,0x00,0x00,0x00,0x00,0x00,0x00,0x00,0x00,0x00,0x00,0x00,0x00,0x00,0x00,0xe5,0x51,0xed,0xcc,
    0xcc,0xcc,0x0e,0xcd,0x36,0xce,0xba,0xd6,0xb9,0xce,0x99,0xce,0x38,0xc6,0x17,0xbe,0x73,0xb5,0xee,0xc4,0xcc,0xcc,0xed,0xcc,
    0xcc,0xcc,0xec,0xcc,0xcc,0xcc,0xed,0xcc,0xcc,0xcc,0xec,0xcc,0xcc,0xcc,0xed,0xcc,0xcc,0xcc,0xec,0xcc,0xcc,0xcc,0xed,0xcc,
    0xcc,0xcc,0xec,0xcc,0xcc,0xcc,0xed,0xcc,0xcc,0xcc,0xec,0xcc,0xcc,0xcc,0xed,0xcc,0xcc,0xcc,0xec,0xcc,0xcc,0xcc,0xed,0xcc,
    0xcc,0xcc,0xec,0xcc,0xcc,0xcc,0xed,0xcc,0xcc,0xcc,0xec,0xcc,0xcc,0xcc,0xed,0xcc,0xcc,0xcc,0xec,0xcc,0xcc,0xcc,0xed,0xcc,
    0xcc,0xcc,0xec,0xcc,0xcc,0xcc,0xed,0xcc,0xcc,0xcc,0xec,0xcc,0xcc,0xcc,0xed,0xcc,0x0e,0xcd,0x36,0xce,0xba,0xd6,0xba,0xd6,
    0x79,0xce,0x38,0xc6,0xf7,0xbd,0x94,0xbd,0xed,0xc4,0xec,0xcc,0xcc,0xcc,0x05,0x52,0x00,0x00,0x00,0x00,0x00,0x00,0x00,0x00,
    0x00,0x00,0x00,0x00,0x00,0x00,0x00,0x00,0x00,0x00,0x00,0x00,0x00,0x00,0x00,0x00,0x00,0x00,0x00,0x00,0x00,0x00,0x00,0x00,
    0x00,0x00,0x00,0x00,0x00,0x00,0x00,0x00,0x00,0x00,0x00,0x00,0x00,0x00,0x00,0x00,0x00,0x00,0x00,0x00,0x00,0x00,0x00,0x00,
    0x00,0x00,0x00,0x00,0x00,0x00,0x00,0x00,0x00,0x00,0x00,0x00,0x00,0x00,0x00,0x00,0x00,0x00,0x00,0x00,0x00,0x00,0x00,0x00,
    0x00,0x00,0x00,0x00,0x00,0x00,0x00,0x00,0x00,0x00,0x00,0x00,0x00,0x00,0x00,0x00,0x00,0x00,0x00,0x00,0x00,0x00,0x00,0x00,
    0x00,0x00,0x00,0x00,0x00,0x00,0x00,0x00,0x00,0x00,0x00,0x00,0x00,0x00,0x00,0x00,0x0a,0xb4,0x8b,0xc4,0xac,0xcc,0x37,0xce,
    0xfb,0xde,0x5c,0xe7,0x7d,0xef,0xda,0xd6,0x79,0xce,0x38,0xbe,0xd7,0xb5,0x74,0xad,0xac,0xc4,0x8b,0xc4,0xac,0xcc,0x8b,0xc4,
    0xac,0xcc,0x8b,0xc4,0xac,0xcc,0x6b,0xbc,0xa9,0x9b,0x89,0x93,0x89,0x9b,0x89,0x93,0x89,0x9b,0x89,0x93,0x89,0x9b,0x89,0x93,
    0x89,0x9b,0x89,0x93,0x89,0x9b,0x89,0x93,0x89,0x9b,0x89,0x93,0x89,0x9b,0x89,0x93,0x89,0x9b,0x89,0x93,0x89,0x9b,0x89,0x93,
    0x89,0x9b,0x89,0x93,0x89,0x9b,0x89,0x93,0x89,0x9b,0x89,0x93,0x89,0x9b,0x89,0x93,0x89,0x9b,0xa9,0x9b,0x6b,0xc4,0x8b,0xc4,
    0xac,0xcc,0x8b,0xc4,0xac,0xcc,0x8b,0xc4,0xac,0xcc,0xac,0xc4,0x38,0xce,0xda,0xd6,0x5c,0xef,0x5c,0xef,0xdb,0xde,0x79,0xce,
    0x38,0xc6,0xd7,0xb5,0x74,0xb5,0x8c,0xc4,0xac,0xcc,0x0a,0xac,0x00,0x00,0x00,0x00,0x00,0x00,0x00,0x00,0x00,0x00,0x00,0x00,
    0x00,0x00,0x00,0x00,0x00,0x00,0x00,0x00,0x00,0x00,0x00,0x00,0x00,0x00,0x00,0x00,0x00,0x00,0x00,0x00,0x00,0x00,0x00,0x00,
    0x00,0x00,0x00,0x00,0x00,0x00,0x00,0x00,0x00,0x00,0x00,0x00,0x00,0x00,0x00,0x00,0x00,0x00,0x00,0x00,0x00,0x00,0x00,0x00,
    0x00,0x00,0x00,0x00,0x00,0x00,0x00,0x00,0x00,0x00,0x00,0x00,0x00,0x00,0x00,0x00,0x00,0x00,0x00,0x00,0x00,0x00,0x00,0x00,
    0x00,0x00,0x00,0x00,0x00,0x00,0x00,0x00,0x00,0x00,0x00,0x00,0x00,0x00,0x00,0x00,0x00,0x00,0x00,0x00,0x00,0x00,0x00,0x00,
    0x00,0x00,0x00,0x00,0x00,0x00,0x00,0x00,0x00,0x00,0x82,0x18,0x4a,0xbc,0x4b,0xc4,0x52,0xbd,0x9a,0xd6,0x3c,0xe7,0xbe,0xf7,
    0xbe,0xf7,0x1b,0xe7,0x79,0xce,0x38,0xc6,0xd7,0xb5,0x96,0xad,0x8f,0xa4,0x4b,0xc4,0x4a,0xbc,0x6b,0xc4,0x4a,0xbc,0x4b,0xc4,
    0x05,0x5a,0x62,0x08,0x04,0x21,0x45,0x29,0x45,0x29,0x65,0x29,0x45,0x29,0x45,0x29,0x45,0x29,0x65,0x29,0x45,0x29,0x45,0x29,
    0x45,0x29,0x65,0x29,0x45,0x29,0x45,0x29,0x45,0x29,0x65,0x29,0x45,0x29,0x45,0x29,0x45,0x29,0x65,0x29,0x45,0x29,0x45,0x29,
    0x45,0x29,0x65,0x29,0x45,0x29,0x45,0x29,0x45,0x29,0x65,0x29,0x45,0x29,0x04,0x21,0x41,0x08,0x26,0x5a,0x4a,0xbc,0x4b,0xc4,
    0x4a,0xbc,0x6b,0xc4,0x4a,0xbc,0x72,0xc5,0x99,0xce,0x5c,0xe7,0xbd,0xf7,0xbe,0xf7,0x1b,0xdf,0x9a,0xce,0x38,0xbe,0xd7,0xb5,
    0x95,0xad,0xaf,0xac,0x4a,0xbc,0x4b,0xc4,0x61,0x10,0x00,0x00,0x00,0x00,0x00,0x00,0x00,0x00,0x00,0x00,0x00,0x00,0x00,0x00,
    0x00,0x00,0x00,0x00,0x00,0x00,0x00,0x00,0x00,0x00,0x00,0x00,0x00,0x00,0x00,0x00,0x00,0x00,0x00,0x00,0x00,0x00,0x00,0x00,
    0x00,0x00,0x00,0x00,0x00,0x00,0x00,0x00,0x00,0x00,0x00,0x00,0x00,0x00,0x00,0x00,0x00,0x00,0x00,0x00,0x00,0x00,0x00,0x00,
    0x00,0x00,0x00,0x00,0x00,0x00,0x00,0x00,0x00,0x00,0x00,0x00,0x00,0x00,0x00,0x00,0x00,0x00,0x00,0x00,0x00,0x00,0x00,0x00,
    0x00,0x00,0x00,0x00,0x00,0x00,0x00,0x00,0x00,0x00,0x00,0x00,0x00,0x00,0x00,0x00,0x00,0x00,0x00,0x00,0x00,0x00,0x00,0x00,
    0x00,0x00,0x00,0x00,0x00,0x00,0x63,0x41,0x2a,0xbc,0x0a,0xb4,0xd5,0xc5,0x79,0xce,0x3c,0xe7,0x7d,0xef,0x5d,0xef,0xda,0xd6,
    0x79,0xce,0x38,0xbe,0xd7,0xbd,0x96,0xad,0xb1,0x9c,0x0a,0xb4,0x2a,0xbc,0x2a,0xb4,0x2a,0xbc,0x27,0x8b,0x62,0x10,0x41,0x08,
    0xa7,0x31,0xa7,0x31,0xc7,0x39,0xa7,0x39,0xc7,0x39,0xa7,0x31,0xc7,0x39,0xa7,0x39,0xc7,0x39,0xa7,0x31,0xc7,0x39,0xa7,0x39,
    0xc7,0x39,0xa7,0x31,0xc7,0x39,0xa7,0x39,0xc7,0x39,0xa7,0x31,0xc7,0x39,0xa7,0x39,0xc7,0x39,0xa7,0x31,0xc7,0x39,0xa7,0x39,
    0xc7,0x39,0xa7,0x31,0xc7,0x39,0xa7,0x39,0xc7,0x39,0x86,0x31,0x62,0x10,0x41,0x08,0x28,0x8b,0x0a,0xb4,0x2a,0xbc,0x2a,0xb4,
    0x2a,0xbc,0xb5,0xbd,0x9a,0xce,0x3c,0xe7,0x9d,0xf7,0x5c,0xe7,0xfb,0xde,0x79,0xce,0x38,0xc6,0xd7,0xb5,0x96,0xad,0xb1,0x9c,
    0x2a,0xbc,0x0a,0xb4,0x64,0x41,0x00,0x00,0x00,0x00,0x00,0x00,0x00,0x00,0x00,0x00,0x00,0x00,0x00,0x00,0x00,0x00,0x00,0x00,
    0x00,0x00,0x00,0x00,0x00,0x00,0x00,0x00,0x00,0x00,0x00,0x00,0x00,0x00,0x00,0x00,0x00,0x00,0x00,0x00,0x00,0x00,0x00,0x00,
    0x00,0x00,0x00,0x00,0x00,0x00,0x00,0x00,0x00,0x00,0x00,0x00,0x00,0x00,0x00,0x00,0x00,0x00,0x00,0x00,0x00,0x00,0x00,0x00,
    0x00,0x00,0x00,0x00,0x00,0x00,0x00,0x00,0x00,0x00,0x00,0x00,0x00,0x00,0x00,0x00,0x00,0x00,0x00,0x00,0x00,0x00,0x00,0x00,
    0x00,0x00,0x00,0x00,0x00,0x00,0x00,0x00,0x00,0x00,0x00,0x00,0x00,0x00,0x00,0x00,0x00,0x00,0x00,0x00,0x00,0x00,0x00,0x00,
    0x00,0x00,0x25,0x62,0xe9,0xab,0xe9,0xb3,0xd6,0xbd,0x58,0xc6,0x99,0xce,0xda,0xd6,0xba,0xd6,0x99,0xce,0x38,0xc6,0x18,0xbe,
    0xb6,0xad,0x75,0xad,0x92,0x94,0xe9,0xb3,0xc9,0xab,0xe9,0xab,0xe9,0xab,0x26,0x62,0x41,0x08,0x61,0x08,0x41,0x08,0x61,0x08,
    0x41,0x08,0x61,0x08,0x41,0x08,0x61,0x08,0x41,0x08,0x61,0x08,0x41,0x08,0x61,0x08,0x41,0x08,0x61,0x08,0x41,0x08,0x61,0x08,
    0x41,0x08,0x61,0x08,0x41,0x08,0x61,0x08,0x41,0x08,0x61,0x08,0x41,0x08,0x61,0x08,0x41,0x08,0x61,0x08,0x41,0x08,0x61,0x08,
    0x41,0x08,0x61,0x08,0x41,0x08,0x61,0x08,0x41,0x08,0x61,0x08,0x45,0x62,0xe9,0xb3,0xc9,0xab,0xe9,0xab,0xe9,0xab,0xf7,0xbd,
    0x38,0xc6,0x99,0xce,0xba,0xd6,0xda,0xd6,0x79,0xce,0x58,0xc6,0xf7,0xbd,0xb7,0xb5,0x75,0xa5,0xb2,0x94,0xe9,0xab,0xe9,0xb3,
    0x25,0x62,0x00,0x00,0x00,0x00,0x00,0x00,0x00,0x00,0x00,0x00,0x00,0x00,0x00,0x00,0x00,0x00,0x00,0x00,0x00,0x00,0x00,0x00,
    0x00,0x00,0x00,0x00,0x00,0x00,0x00,0x00,0x00,0x00,0x00,0x00,0x00,0x00,0x00,0x00,0x00,0x00,0x00,0x00,0x00,0x00,0x00,0x00,
    0x00,0x00,0x00,0x00,0x00,0x00,0x00,0x00,0x00,0x00,0x00,0x00,0x00,0x00,0x00,0x00,0x00,0x00,0x00,0x00,0x00,0x00,0x00,0x00,
    0x00,0x00,0x00,0x00,0x00,0x00,0x00,0x00,0x00,0x00,0x00,0x00,0x00,0x00,0x00,0x00,0x00,0x00,0x00,0x00,0x00,0x00,0x00,0x00,
    0x00,0x00,0x00,0x00,0x00,0x00,0x00,0x00,0x00,0x00,0x00,0x00,0x00,0x00,0x00,0x00,0x00,0x00,0x00,0x00,0x00,0x00,0xa4,0x49,
    0xa9,0xab,0xa8,0xa3,0x95,0xb5,0x17,0xbe,0x59,0xc6,0x59,0xc6,0x59,0xce,0x38,0xc6,0x18,0xc6,0xd7,0xb5,0x96,0xad,0x14,0x9d,
    0x50,0x8c,0xa8,0xa3,0xa9,0xab,0xa8,0xa3,0xa9,0xab,0x66,0x6a,0x62,0x08,0x41,0x08,0x62,0x10,0x41,0x08,0x62,0x08,0x41,0x08,
    0x62,0x10,0x41,0x08,0x62,0x08,0x41,0x08,0x62,0x10,0x41,0x08,0x62,0x08,0x41,0x08,0x62,0x10,0x41,0x08,0x62,0x08,0x41,0x08,
    0x62,0x10,0x41,0x08,0x62,0x08,0x41,0x08,0x62,0x10,0x41,0x08,0x62,0x08,0x41,0x08,0x62,0x10,0x41,0x08,0x62,0x08,0x41,0x08,
    0x62,0x10,0x41,0x08,0x62,0x08,0x41,0x08,0x66,0x72,0xa8,0xa3,0xa9,0xab,0xa8,0xa3,0xa9,0xab,0x95,0xb5,0x18,0xc6,0x38,0xc6,
    0x79,0xce,0x59,0xc6,0x58,0xc6,0x17,0xbe,0xd7,0xbd,0x96,0xad,0x34,0x9d,0x50,0x8c,0xa9,0xab,0xa8,0xa3,0xc4,0x51,0x00,0x00,
    0x00,0x00,0x00,0x00,0x00,0x00,0x00,0x00,0x00,0x00,0x00,0x00,0x00,0x00,0x00,0x00,0x00,0x00,0x00,0x00,0x00,0x00,0x00,0x00,
    0x00,0x00,0x00,0x00,0x00,0x00,0x00,0x00,0x00,0x00,0x00,0x00,0x00,0x00,0x00,0x00,0x00,0x00,0x00,0x00,0x00,0x00,0x00,0x00,
    0x00,0x00,0x00,0x00,0x00,0x00,0x00,0x00,0x00,0x00,0x00,0x00,0x00,0x00,0x00,0x00,0x00,0x00,0x00,0x00,0x00,0x00,0x00,0x00,
    0x00,0x00,0x00,0x00,0x00,0x00,0x00,0x00,0x00,0x00,0x00,0x00,0x00,0x00,0x00,0x00,0x00,0x00,0x00,0x00,0x00,0x00,0x00,0x00,
    0x00,0x00,0x00,0x00,0x00,0x00,0x00,0x00,0x00,0x00,0x00,0x00,0x00,0x00,0x00,0x00,0x00,0x00,0x02,0x31,0x67,0x9b,0x68,0xa3,
    0xd1,0xa4,0xd7,0xb5,0xf7,0xb5,0x18,0xbe,0xf7,0xbd,0xf7,0xbd,0xd6,0xb5,0xb6,0xad,0x55,0xa5,0xb3,0x94,0xcd,0x83,0x68,0xa3,
    0x67,0x9b,0x68,0xa3,0x67,0x9b,0x27,0x93,0x61,0x10,0x62,0x08,0x41,0x08,0x61,0x08,0x41,0x08,0x62,0x08,0x41,0x08,0x61,0x08,
    0x41,0x08,0x62,0x08,0x41,0x08,0x61,0x08,0x41,0x08,0x62,0x08,0x41,0x08,0x61,0x08,0x41,0x08,0x62,0x08,0x41,0x08,0x61,0x08,
    0x41,0x08,0x62,0x08,0x41,0x08,0x61,0x08,0x41,0x08,0x62,0x08,0x41,0x08,0x61,0x08,0x41,0x08,0x62,0x08,0x41,0x08,0x61,0x08,
    0x41,0x08,0x82,0x18,0x27,0x93,0x68,0xa3,0x67,0x9b,0x68,0xa3,0x67,0x9b,0xf1,0xac,0xd6,0xb5,0xf7,0xbd,0xf7,0xbd,0x18,0xbe,
    0xf7,0xb5,0xd7,0xb5,0x96,0xad,0x55,0xa5,0xb2,0x8c,0xcd,0x8b,0x67,0x9b,0x68,0xa3,0xe2,0x28,0x00,0x00,0x00,0x00,0x00,0x00,
    0x00,0x00,0x00,0x00,0x00,0x00,0x00,0x00,0x00,0x00,0x00,0x00,0x00,0x00,0x00,0x00,0x00,0x00,0x00,0x00,0x00,0x00,0x00,0x00,
    0x00,0x00,0x00,0x00,0x00,0x00,0x00,0x00,0x00,0x00,0x00,0x00,0x00,0x00,0x00,0x00,0x00,0x00,0x00,0x00,0x00,0x00,0x00,0x00,
    0x00,0x00,0x00,0x00,0x00,0x00,0x00,0x00,0x00,0x00,0x00,0x00,0x00,0x00,0x00,0x00,0x00,0x00,0x00,0x00,0x00,0x00,0x00,0x00,
    0x00,0x00,0x00,0x00,0x00,0x00,0x00,0x00,0x00,0x00,0x00,0x00,0x00,0x00,0x00,0x00,0x00,0x00,0x00,0x00,0x00,0x00,0x00,0x00,
    0x00,0x00,0x00,0x00,0x00,0x00,0x00,0x00,0x00,0x00,0x00,0x00,0x00,0x00,0x41,0x10,0x48,0x9b,0x27,0x93,0xcb,0x9b,0x96,0xad,
    0xb6,0xb5,0xb6,0xb5,0xd7,0xb5,0xb6,0xad,0x96,0xad,0x55,0xa5,0xd3,0x94,0x31,0x84,0x49,0x8b,0x27,0x93,0x48,0x9b,0x27,0x93,
    0x48,0x9b,0x27,0x93,0xa6,0x82,0xe3,0x28,0x62,0x10,0x41,0x08,0x62,0x10,0x41,0x08,0x62,0x10,0x41,0x08,0x62,0x10,0x41,0x08,
    0x62,0x10,0x41,0x08,0x62,0x10,0x41,0x08,0x62,0x10,0x41,0x08,0x62,0x10,0x41,0x08,0x62,0x10,0x41,0x08,0x62,0x10,0x41,0x08,
    0x62,0x10,0x41,0x08,0x62,0x10,0x41,0x08,0x62,0x10,0x41,0x08,0x62,0x10,0x41,0x08,0x62,0x10,0x41,0x08,0x03,0x31,0x86,0x7a,
    0x48,0x9b,0x27,0x93,0x48,0x9b,0x27,0x93,0x48,0x9b,0xaa,0x9b,0x96,0xad,0xb6,0xad,0xd7,0xb5,0xb6,0xb5,0xb7,0xb5,0x96,0xad,
    0x55,0xa5,0xd3,0x94,0x31,0x84,0x49,0x8b,0x48,0x9b,0x27,0x93,0x61,0x10,0x00,0x00,0x00,0x00,0x00,0x00,0x00,0x00,0x00,0x00,
    0x00,0x00,0x00,0x00,0x00,0x00,0x00,0x00,0x00,0x00,0x00,0x00,0x00,0x00,0x00,0x00,0x00,0x00,0x00,0x00,0x00,0x00,0x00,0x00,
    0x00,0x00,0x00,0x00,0x00,0x00,0x00,0x00,0x00,0x00,0x00,0x00,0x00,0x00,0x00,0x00,0x00,0x00,0x00,0x00,0x00,0x00,0x00,0x00,
    0x00,0x00,0x00,0x00,0x00,0x00,0x00,0x00,0x00,0x00,0x00,0x00,0x00,0x00,0x00,0x00,0x00,0x00,0x00,0x00,0x00,0x00,0x00,0x00,
    0x00,0x00,0x00,0x00,0x00,0x00,0x00,0x00,0x00,0x00,0x00,0x00,0x00,0x00,0x00,0x00,0x00,0x00,0x00,0x00,0x00,0x00,0x00,0x00,
    0x00,0x00,0x00,0x00,0x00,0x00,0x00,0x00,0x00,0x00,0x00,0x00,0x04,0x62,0x07,0x93,0xe6,0x8a,0x0e,0x94,0x34,0x9d,0x55,0xa5,
    0x55,0xa5,0x35,0xa5,0xf3,0x94,0x92,0x8c,0x10,0x7c,0x4b,0x7b,0xe6,0x8a,0x07,0x93,0xe6,0x8a,0xe6,0x8a,0xe6,0x8a,0x07,0x93,
    0xe6,0x8a,0xe6,0x8a,0xe6,0x8a,0x07,0x93,0xe6,0x8a,0xe6,0x8a,0xe6,0x8a,0x07,0x93,0xe6,0x8a,0xe6,0x8a,0xe6,0x8a,0x07,0x93,
    0xe6,0x8a,0xe6,0x8a,0xe6,0x8a,0x07,0x93,0xe6,0x8a,0xe6,0x8a,0xe6,0x8a,0x07,0x93,0xe6,0x8a,0xe6,0x8a,0xe6,0x8a,0x07,0x93,
    0xe6,0x8a,0xe6,0x8a,0xe6,0x8a,0x07,0x93,0xe6,0x8a,0xe6,0x8a,0xe6,0x8a,0x07,0x93,0xe6,0x8a,0xe6,0x8a,0xe6,0x8a,0x07,0x93,
    0xe6,0x8a,0xe6,0x8a,0xe6,0x8a,0x07,0x93,0x0d,0x94,0x35,0xa5,0x55,0xa5,0x55,0xa5,0x34,0x9d,0xf4,0x9c,0x92,0x8c,0x31,0x84,
    0x4a,0x7b,0xe6,0x8a,0xe6,0x8a,0x05,0x62,0x00,0x00,0x00,0x00,0x00,0x00,0x00,0x00,0x00,0x00,0x00,0x00,0x00,0x00,0x00,0x00,
    0x00,0x00,0x00,0x00,0x00,0x00,0x00,0x00,0x00,0x00,0x00,0x00,0x00,0x00,0x00,0x00,0x00,0x00,0x00,0x00,0x00,0x00,0x00,0x00,
    0x00,0x00,0x00,0x00,0x00,0x00,0x00,0x00,0x00,0x00,0x00,0x00,0x00,0x00,0x00,0x00,0x00,0x00,0x00,0x00,0x00,0x00,0x00,0x00,
    0x00,0x00,0x00,0x00,0x00,0x00,0x00,0x00,0x00,0x00,0x00,0x00,0x00,0x00,0x00,0x00,0x00,0x00,0x00,0x00,0x00,0x00,0x00,0x00,
    0x00,0x00,0x00,0x00,0x00,0x00,0x00,0x00,0x00,0x00,0x00,0x00,0x00,0x00,0x00,0x00,0x00,0x00,0x00,0x00,0x00,0x00,0x00,0x00,
    0x00,0x00,0x00,0x00,0x00,0x00,0x00,0x00,0x61,0x10,0x85,0x7a,0xc6,0x8a,0xc6,0x82,0x6b,0x8b,0x71,0x8c,0x92,0x8c,0x71,0x84,
    0x51,0x84,0xcf,0x7b,0x09,0x7b,0xc6,0x82,0xc6,0x8a,0xc6,0x82,0xc6,0x8a,0xc6,0x82,0xc6,0x8a,0xc6,0x82,0xc6,0x8a,0xc6,0x82,
    0xc6,0x8a,0xc6,0x82,0xc6,0x8a,0xc6,0x82,0xc6,0x8a,0xc6,0x82,0xc6,0x8a,0xc6,0x82,0xc6,0x8a,0xc6,0x82,0xc6,0x8a,0xc6,0x82,
    0xc6,0x8a,0xc6,0x82,0xc6,0x8a,0xc6,0x82,0xc6,0x8a,0xc6,0x82,0xc6,0x8a,0xc6,0x82,0xc6,0x8a,0xc6,0x82,0xc6,0x8a,0xc6,0x82,
    0xc6,0x8a,0xc6,0x82,0xc6,0x8a,0xc6,0x82,0xc6,0x8a,0xc6,0x82,0xc6,0x8a,0xc6,0x82,0xc6,0x8a,0xc6,0x82,0xc6,0x8a,0xc6,0x82,
    0xc6,0x8a,0xc6,0x82,0xc6,0x8a,0x6a,0x83,0x92,0x8c,0x92,0x8c,0x72,0x8c,0x31,0x84,0xef,0x7b,0x09,0x7b,0xc6,0x8a,0xc6,0x82,
    0x86,0x7a,0x41,0x10,0x00,0x00,0x00,0x00,0x00,0x00,0x00,0x00,0x00,0x00,0x00,0x00,0x00,0x00,0x00,0x00,0x00,0x00,0x00,0x00,
    0x00,0x00,0x00,0x00,0x00,0x00,0x00,0x00,0x00,0x00,0x00,0x00,0x00,0x00,0x00,0x00,0x00,0x00,0x00,0x00,0x00,0x00,0x00,0x00,
    0x00,0x00,0x00,0x00,0x00,0x00,0x00,0x00,0x00,0x00,0x00,0x00,0x00,0x00,0x00,0x00,0x00,0x00,0x00,0x00,0x00,0x00,0x00,0x00,
    0x00,0x00,0x00,0x00,0x00,0x00,0x00,0x00,0x00,0x00,0x00,0x00,0x00,0x00,0x00,0x00,0x00,0x00,0x00,0x00,0x00,0x00,0x00,0x00,
    0x00,0x00,0x00,0x00,0x00,0x00,0x00,0x00,0x00,0x00,0x00,0x00,0x00,0x00,0x00,0x00,0x00,0x00,0x00,0x00,0x00,0x00,0x00,0x00,
    0x20,0x00,0x00,0x00,0x00,0x00,0x02,0x31,0x65,0x7a,0x86,0x7a,0x65,0x7a,0x86,0x7a,0xa6,0x7a,0xc8,0x7a,0x86,0x72,0x86,0x7a,
    0x65,0x7a,0x86,0x7a,0x65,0x7a,0x85,0x7a,0x65,0x7a,0x86,0x7a,0x65,0x7a,0x85,0x7a,0x65,0x7a,0x86,0x7a,0x65,0x7a,0x85,0x7a,
    0x65,0x7a,0x86,0x7a,0x65,0x7a,0x85,0x7a,0x65,0x7a,0x86,0x7a,0x65,0x7a,0x85,0x7a,0x65,0x7a,0x86,0x7a,0x65,0x7a,0x85,0x7a,
    0x65,0x7a,0x86,0x7a,0x65,0x7a,0x85,0x7a,0x65,0x7a,0x86,0x7a,0x65,0x7a,0x85,0x7a,0x65,0x7a,0x86,0x7a,0x65,0x7a,0x85,0x7a,
    0x65,0x7a,0x86,0x7a,0x65,0x7a,0x85,0x7a,0x65,0x7a,0x86,0x7a,0x65,0x7a,0x85,0x7a,0x65,0x7a,0x86,0x7a,0x65,0x7a,0x85,0x7a,
    0x65,0x7a,0x86,0x7a,0x85,0x7a,0xa7,0x7a,0xa7,0x72,0xa7,0x7a,0x65,0x7a,0x85,0x7a,0x65,0x7a,0x86,0x7a,0xe2,0x28,0x00,0x00,
    0x00,0x00,0x00,0x00,0x00,0x00,0x00,0x00,0x00,0x00,0x00,0x00,0x00,0x00,0x00,0x00,0x00,0x00,0x00,0x00,0x00,0x00,0x00,0x00,
    0x00,0x00,0x00,0x00,0x00,0x00,0x00,0x00,0x00,0x00,0x00,0x00,0x00,0x00,0x00,0x00,0x00,0x00,0x00,0x00,0x00,0x00,0x00,0x00,
    0x00,0x00,0x00,0x00,0x00,0x00,0x00,0x00,0x00,0x00,0x00,0x00,0x00,0x00,0x00,0x00,0x00,0x00,0x00,0x00,0x00,0x00,0x00,0x00,
    0x00,0x00,0x00,0x00,0x00,0x00,0x00,0x00,0x00,0x00,0x00,0x00,0x00,0x00,0x00,0x00,0x00,0x00,0x00,0x00,0x00,0x00,0x00,0x00,
    0x00,0x00,0x00,0x00,0x00,0x00,0x00,0x00,0x00,0x00,0x00,0x00,0x00,0x00,0x00,0x00,0x49,0x4a,0x71,0x8c,0x79,0xce,0xcb,0x5a,
    0x00,0x00,0x00,0x00,0xe2,0x30,0x25,0x6a,0x45,0x72,0x45,0x72,0x45,0x72,0x45,0x72,0x45,0x72,0x45,0x72,0x45,0x72,0x45,0x72,
    0x45,0x72,0x45,0x72,0x45,0x72,0x45,0x72,0x45,0x72,0x45,0x72,0x45,0x72,0x45,0x72,0x45,0x72,0x45,0x72,0x45,0x72,0x45,0x72,
    0x45,0x72,0x45,0x72,0x45,0x72,0x45,0x72,0x45,0x72,0x45,0x72,0x45,0x72,0x45,0x72,0x45,0x72,0x45,0x72,0x45,0x72,0x45,0x72,
    0x45,0x72,0x45,0x72,0x45,0x72,0x45,0x72,0x45,0x72,0x45,0x72,0x45,0x72,0x45,0x72,0x45,0x72,0x45,0x72,0x45,0x72,0x45,0x72,
    0x45,0x72,0x45,0x72,0x45,0x72,0x45,0x72,0x45,0x72,0x45,0x72,0x45,0x72,0x45,0x72,0x45,0x72,0x45,0x72,0x45,0x72,0x45,0x72,
    0x45,0x72,0x45,0x72,0x45,0x72,0x45,0x72,0x45,0x72,0x45,0x72,0x45,0x6a,0xe2,0x28,0x00,0x00,0x00,0x00,0x6a,0x52,0x75,0xad,
    0xaf,0x73,0xe7,0x39,0x00,0x00,0x00,0x00,0x00,0x00,0x00,0x00,0x00,0x00,0x00,0x00,0x00,0x00,0x00,0x00,0x00,0x00,0x00,0x00,
    0x00,0x00,0x00,0x00,0x00,0x00,0x00,0x00,0x00,0x00,0x00,0x00,0x00,0x00,0x00,0x00,0x00,0x00,0x00,0x00,0x00,0x00,0x00,0x00,
    0x00,0x00,0x00,0x00,0x00,0x00,0x00,0x00,0x00,0x00,0x00,0x00,0x00,0x00,0x00,0x00,0x00,0x00,0x00,0x00,0x00,0x00,0x00,0x00,
    0x00,0x00,0x00,0x00,0x00,0x00,0x00,0x00,0x00,0x00,0x00,0x00,0x00,0x00,0x00,0x00,0x00,0x00,0x00,0x00,0x00,0x00,0x00,0x00,
    0x00,0x00,0x00,0x00,0x00,0x00,0x00,0x00,0x49,0x42,0x96,0xad,0xba,0xd6,0xfb,0xde,0xfb,0xde,0xba,0xd6,0xa6,0x31,0x00,0x00,
    0x00,0x00,0x41,0x10,0xa3,0x51,0x04,0x6a,0x04,0x62,0x04,0x62,0x04,0x62,0x04,0x6a,0x04,0x62,0x04,0x62,0x04,0x62,0x04,0x6a,
    0x04,0x62,0x04,0x62,0x04,0x62,0x04,0x6a,0x04,0x62,0x04,0x62,0x04,0x62,0x04,0x6a,0x04,0x62,0x04,0x62,0x04,0x62,0x04,0x6a,
    0x04,0x62,0x04,0x62,0x04,0x62,0x04,0x6a,0x04,0x62,0x04,0x62,0x04,0x62,0x04,0x6a,0x04,0x62,0x04,0x62,0x04,0x62,0x04,0x6a,
    0x04,0x62,0x04,0x62,0x04,0x62,0x04,0x6a,0x04,0x62,0x04,0x62,0x04,0x62,0x04,0x6a,0x04,0x62,0x04,0x62,0x04,0x62,0x04,0x6a,
    0x04,0x62,0x04,0x62,0x04,0x62,0x04,0x6a,0x04,0x62,0x04,0x62,0x04,0x62,0x04,0x6a,0x04,0x62,0x04,0x62,0x04,0x62,0x04,0x6a,
    0x04,0x62,0x04,0x62,0x04,0x62,0xa4,0x51,0x40,0x08,0x00,0x00,0x00,0x00,0x66,0x31,0xd7,0xb5,0x38,0xc6,0x38,0xc6,0xf7,0xbd,
    0xb2,0x8c,0xe8,0x39,0x00,0x00,0x00,0x00,0x00,0x00,0x00,0x00,0x00,0x00,0x00,0x00,0x00,0x00,0x00,0x00,0x00,0x00,0x00,0x00,
    0x00,0x00,0x00,0x00,0x00,0x00,0x00,0x00,0x00,0x00,0x00,0x00,0x00,0x00,0x00,0x00,0x00,0x00,0x00,0x00,0x00,0x00,0x00,0x00,
    0x00,0x00,0x00,0x00,0x00,0x00,0x00,0x00,0x00,0x00,0x00,0x00,0x00,0x00,0x00,0x00,0x00,0x00,0x00,0x00,0x00,0x00,0x00,0x00,
    0x00,0x00,0x00,0x00,0x00,0x00,0x00,0x00,0x00,0x00,0x00,0x00,0x00,0x00,0x00,0x00,0x00,0x00,0x00,0x00,0x00,0x00,0x00,0x00,
    0xc7,0x39,0x34,0xa5,0x9a,0xd6,0xfb,0xde,0xda,0xd6,0xba,0xce,0xba,0xd6,0xba,0xd6,0x79,0xce,0x49,0x4a,0x00,0x00,0x00,0x00,
    0x00,0x00,0x20,0x08,0x81,0x18,0xc1,0x20,0x02,0x31,0xe2,0x28,0xe2,0x30,0xe2,0x28,0x02,0x31,0xe2,0x28,0xe2,0x30,0xe2,0x28,
    0x02,0x31,0xe2,0x28,0xe2,0x30,0xe2,0x28,0x02,0x31,0xe2,0x28,0xe2,0x30,0xe2,0x28,0x02,0x31,0xe2,0x28,0xe2,0x30,0xe2,0x28,
    0x02,0x31,0xe2,0x28,0xe2,0x30,0xe2,0x28,0x02,0x31,0xe2,0x28,0xe2,0x30,0xe2,0x28,0x02,0x31,0xe2,0x28,0xe2,0x30,0xe2,0x28,
    0x02,0x31,0xe2,0x28,0xe2,0x30,0xe2,0x28,0x02,0x31,0xe2,0x28,0xe2,0x30,0xe2,0x28,0x02,0x31,0xe2,0x28,0xe2,0x30,0xe2,0x28,
    0x02,0x31,0xe2,0x28,0xe2,0x30,0xe2,0x28,0x02,0x31,0xe2,0x28,0xe2,0x30,0xe2,0x28,0x02,0x31,0xe2,0x28,0xc2,0x28,0x61,0x18,
    0x41,0x10,0x00,0x00,0x00,0x00,0x00,0x00,0xe8,0x41,0x55,0xa5,0x96,0xb5,0x96,0xad,0xb6,0xb5,0xd7,0xb5,0x59,0xc6,0xb6,0xb5,
    0x51,0x8c,0x86,0x31,0x00,0x00,0x00,0x00,0x00,0x00,0x00,0x00,0x00,0x00,0x00,0x00,0x00,0x00,0x00,0x00,0x00,0x00,0x00,0x00,
    0x00,0x00,0x00,0x00,0x00,0x00,0x00,0x00,0x00,0x00,0x00,0x00,0x00,0x00,0x00,0x00,0x00,0x00,0x00,0x00,0x00,0x00,0x00,0x00,
    0x00,0x00,0x00,0x00,0x00,0x00,0x00,0x00,0x00,0x00,0x00,0x00,0x00,0x00,0x00,0x00,0x00,0x00,0x00,0x00,0x00,0x00,0x00,0x00,
    0x00,0x00,0x00,0x00,0x00,0x00,0x00,0x00,0x00,0x00,0x00,0x00,0x00,0x00,0x00,0x00,0x45,0x29,0xd3,0x94,0x79,0xc6,0xdb,0xd6,
    0xba,0xce,0x79,0xce,0x79,0xce,0x9a,0xce,0x99,0xce,0xba,0xd6,0xba,0xd6,0xdb,0xd6,0x50,0x84,0xc3,0x18,0x00,0x00,0x00,0x00,
    0x00,0x00,0x00,0x00,0x00,0x00,0x00,0x00,0x00,0x00,0x00,0x00,0x00,0x00,0x00,0x00,0x00,0x00,0x00,0x00,0x00,0x00,0x00,0x00,
    0x00,0x00,0x00,0x00,0x00,0x00,0x00,0x00,0x00,0x00,0x00,0x00,0x00,0x00,0x00,0x00,0x00,0x00,0x00,0x00,0x00,0x00,0x00,0x00,
    0x00,0x00,0x00,0x00,0x00,0x00,0x00,0x00,0x00,0x00,0x00,0x00,0x00,0x00,0x00,0x00,0x00,0x00,0x00,0x00,0x00,0x00,0x00,0x00,
    0x00,0x00,0x00,0x00,0x00,0x00,0x00,0x00,0x00,0x00,0x00,0x00,0x00,0x00,0x00,0x00,0x00,0x00,0x00,0x00,0x00,0x00,0x00,0x00,
    0x00,0x00,0x00,0x00,0x00,0x00,0x00,0x00,0x00,0x00,0x00,0x00,0x00,0x00,0x00,0x00,0x00,0x00,0x00,0x00,0x00,0x00,0x00,0x00,
    0x82,0x10,0xae,0x73,0xb6,0xad,0xb6,0xb5,0x96,0xad,0x96,0xad,0x75,0xad,0x75,0xad,0x75,0xa5,0xd7,0xbd,0x18,0xbe,0x96,0xad,
    0xef,0x7b,0x25,0x21,0x00,0x00,0x00,0x00,0x00,0x00,0x00,0x00,0x00,0x00,0x00,0x00,0x00,0x00,0x00,0x00,0x00,0x00,0x00,0x00,
    0x00,0x00,0x00,0x00,0x00,0x00,0x00,0x00,0x00,0x00,0x00,0x00,0x00,0x00,0x00,0x00,0x00,0x00,0x00,0x00,0x00,0x00,0x00,0x00,
    0x00,0x00,0x00,0x00,0x00,0x00,0x00,0x00,0x00,0x00,0x00,0x00,0x00,0x00,0x00,0x00,0x00,0x00,0x00,0x00,0x00,0x00,0x00,0x00,
    0x00,0x00,0x00,0x00,0x00,0x00,0x00,0x00,0x04,0x21,0x30,0x84,0x59,0xc6,0xba,0xd6,0x9a,0xd6,0x59,0xc6,0x79,0xce,0x79,0xce,
    0x9a,0xce,0x99,0xce,0xba,0xd6,0xba,0xd6,0xda,0xd6,0xda,0xd6,0xfb,0xde,0xba,0xd6,0x30,0x84,0x45,0x29,0x00,0x00,0x00,0x00,
    0x00,0x00,0x00,0x00,0x00,0x00,0x00,0x00,0x00,0x00,0x00,0x00,0x00,0x00,0x00,0x00,0x00,0x00,0x00,0x00,0x00,0x00,0x00,0x00,
    0x00,0x00,0x00,0x00,0x00,0x00,0x00,0x00,0x00,0x00,0x00,0x00,0x00,0x00,0x00,0x00,0x00,0x00,0x00,0x00,0x00,0x00,0x00,0x00,
    0x00,0x00,0x00,0x00,0x00,0x00,0x00,0x00,0x00,0x00,0x00,0x00,0x00,0x00,0x00,0x00,0x00,0x00,0x00,0x00,0x00,0x00,0x00,0x00,
    0x00,0x00,0x00,0x00,0x00,0x00,0x00,0x00,0x00,0x00,0x00,0x00,0x00,0x00,0x00,0x00,0x00,0x00,0x00,0x00,0x00,0x00,0x00,0x00,
    0x00,0x00,0x00,0x00,0x00,0x00,0x00,0x00,0x00,0x00,0x00,0x00,0x00,0x00,0x00,0x00,0x25,0x29,0x6d,0x6b,0x96,0xb5,0xb6,0xb5,
    0xb7,0xb5,0xb6,0xad,0x96,0xb5,0x96,0xad,0x96,0xad,0x75,0xad,0x76,0xad,0x55,0xa5,0x75,0xad,0xd7,0xb5,0x18,0xbe,0x75,0xad,
    0x8e,0x73,0xc3,0x18,0x00,0x00,0x00,0x00,0x00,0x00,0x00,0x00,0x00,0x00,0x00,0x00,0x00,0x00,0x00,0x00,0x00,0x00,0x00,0x00,
    0x00,0x00,0x00,0x00,0x00,0x00,0x00,0x00,0x00,0x00,0x00,0x00,0x00,0x00,0x00,0x00,0x00,0x00,0x00,0x00,0x00,0x00,0x00,0x00,
    0x00,0x00,0x00,0x00,0x00,0x00,0x00,0x00,0x00,0x00,0x00,0x00,0x00,0x00,0x00,0x00,0x00,0x00,0x00,0x00,0x00,0x00,0x00,0x00,
    0x00,0x00,0x49,0x4a,0xd7,0xb5,0x99,0xce,0x79,0xce,0x38,0xc6,0x38,0xbe,0x59,0xc6,0x58,0xc6,0x79,0xce,0x79,0xce,0x9a,0xce,
    0x99,0xce,0xba,0xd6,0xba,0xd6,0xfb,0xde,0xda,0xd6,0xfb,0xde,0x1b,0xdf,0x3c,0xe7,0x3b,0xdf,0x5c,0xe7,0x5c,0xe7,0x5c,0xef,
    0x5c,0xe7,0x7d,0xef,0x7c,0xef,0x7d,0xef,0x7c,0xef,0x9d,0xef,0x9d,0xef,0x9d,0xf7,0x9d,0xef,0xbd,0xf7,0xbd,0xf7,0xbe,0xf7,
    0xbd,0xf7,0xbd,0xf7,0x9d,0xef,0x9d,0xf7,0x7d,0xef,0x9d,0xef,0x7c,0xef,0x7d,0xef,0x5c,0xe7,0x5c,0xe7,0x3c,0xe7,0x5c,0xe7,
    0x3b,0xdf,0x3c,0xe7,0x1b,0xdf,0x1c,0xe7,0xfb,0xde,0xfb,0xde,0xfb,0xde,0xfb,0xde,0xda,0xd6,0xdb,0xd6,0xda,0xd6,0xda,0xd6,
    0xba,0xd6,0xba,0xd6,0x99,0xce,0xba,0xd6,0x79,0xce,0x79,0xce,0x79,0xce,0x79,0xce,0x58,0xc6,0x59,0xc6,0x38,0xc6,0x58,0xc6,
    0x18,0xbe,0x18,0xbe,0x17,0xbe,0x18,0xbe,0xf7,0xb5,0xf7,0xbd,0xd7,0xb5,0xd7,0xbd,0xb6,0xb5,0xb6,0xb5,0xb6,0xad,0xb6,0xb5,
    0x95,0xad,0x96,0xad,0x75,0xad,0x76,0xad,0x55,0xa5,0x55,0xa5,0x54,0xa5,0x55,0xa5,0x55,0xa5,0xd7,0xb5,0xb7,0xb5,0xf4,0x9c,
    0xa6,0x31,0x00,0x00,0x00,0x00,0x00,0x00,0x00,0x00,0x00,0x00,0x00,0x00,0x00,0x00,0x00,0x00,0x00,0x00,0x00,0x00,0x00,0x00,
    0x00,0x00,0x00,0x00,0x00,0x00,0x00,0x00,0x00,0x00,0x00,0x00,0x00,0x00,0x00,0x00,0x00,0x00,0x00,0x00,0x00,0x00,0x00,0x00,
    0x00,0x00,0x00,0x00,0x00,0x00,0x00,0x00,0x00,0x00,0x00,0x00,0x00,0x00,0x00,0x00,0x00,0x00,0x00,0x00,0x2d,0x63,0xf7,0xbd,
    0x9a,0xd6,0x38,0xbe,0x18,0xbe,0x38,0xbe,0x39,0xc6,0x58,0xc6,0x59,0xce,0x79,0xc6,0x9a,0xce,0x99,0xce,0xba,0xd6,0xba,0xd6,
    0xdb,0xd6,0xda,0xd6,0xfb,0xde,0xfb,0xde,0x1c,0xe7,0x1b,0xe7,0x3c,0xe7,0x5c,0xe7,0x5c,0xef,0x5c,0xef,0x7d,0xef,0x7c,0xef,
    0x7d,0xef,0x7d,0xef,0x9d,0xf7,0x9d,0xef,0x9d,0xf7,0x9d,0xf7,0xbe,0xf7,0xbd,0xf7,0xbe,0xf7,0xbe,0xf7,0xbe,0xf7,0xbd,0xf7,
    0xbe,0xf7,0x9d,0xf7,0x9d,0xf7,0x7d,0xef,0x7d,0xef,0x7d,0xef,0x7d,0xef,0x5c,0xe7,0x5c,0xef,0x3c,0xe7,0x3c,0xe7,0x3c,0xe7,
    0x3c,0xe7,0x1b,0xdf,0x1c,0xe7,0xfb,0xde,0x1b,0xdf,0xfb,0xde,0xfb,0xde,0xda,0xd6,0xdb,0xde,0xda,0xd6,0xba,0xd6,0xba,0xd6,
    0xba,0xd6,0x9a,0xce,0x9a,0xce,0x79,0xce,0x79,0xce,0x79,0xce,0x79,0xce,0x58,0xc6,0x59,0xc6,0x38,0xc6,0x38,0xc6,0x18,0xbe,
    0x18,0xc6,0x17,0xbe,0xf8,0xbd,0xf7,0xbd,0xf7,0xbd,0xd7,0xb5,0xd7,0xb5,0xb6,0xb5,0xb7,0xb5,0xb6,0xb5,0x96,0xb5,0x96,0xad,
    0x96,0xad,0x75,0xad,0x75,0xad,0x55,0xa5,0x55,0xa5,0x55,0xa5,0x35,0xa5,0x34,0x9d,0x75,0xad,0xf7,0xbd,0x14,0x9d,0x69,0x4a,
    0x00,0x00,0x00,0x00,0x00,0x00,0x00,0x00,0x00,0x00,0x00,0x00,0x00,0x00,0x00,0x00,0x00,0x00,0x00,0x00,0x00,0x00,0x00,0x00,
    0x00,0x00,0x00,0x00,0x00,0x00,0x00,0x00,0x00,0x00,0x00,0x00,0x00,0x00,0x00,0x00,0x00,0x00,0x00,0x00,0x00,0x00,0x00,0x00,
    0x00,0x00,0x00,0x00,0x00,0x00,0x00,0x00,0x00,0x00,0x00,0x00,0x20,0x00,0xcf,0x73,0xf7,0xbd,0x9a,0xce,0xf7,0xb5,0x18,0xbe,
    0x17,0xbe,0x38,0xc6,0x38,0xbe,0x59,0xc6,0x59,0xc6,0x79,0xce,0x79,0xce,0x9a,0xce,0x99,0xce,0xba,0xd6,0xba,0xd6,0xdb,0xd6,
    0xfa,0xd6,0x1b,0xdf,0x1b,0xdf,0x1c,0xe7,0x3b,0xe7,0x5c,0xe7,0x5c,0xe7,0x5c,0xef,0x7c,0xef,0x7d,0xef,0x7c,0xef,0x7d,0xef,
    0x9d,0xef,0x9d,0xf7,0x9d,0xef,0x9d,0xf7,0x9d,0xef,0xbe,0xf7,0xbd,0xef,0xbe,0xf7,0xbd,0xf7,0xbe,0xf7,0x9d,0xef,0x9d,0xf7,
    0x9d,0xef,0x9d,0xef,0x7c,0xef,0x7d,0xef,0x5c,0xe7,0x7d,0xef,0x3c,0xe7,0x5c,0xe7,0x3c,0xe7,0x3c,0xe7,0x1b,0xdf,0x1b,0xe7,
    0x1b,0xdf,0x1b,0xdf,0xfb,0xde,0xfb,0xde,0xda,0xd6,0xfb,0xde,0xba,0xd6,0xda,0xd6,0xba,0xd6,0xba,0xd6,0x99,0xce,0x9a,0xd6,
    0x99,0xce,0x99,0xce,0x79,0xce,0x79,0xce,0x59,0xc6,0x59,0xc6,0x38,0xc6,0x38,0xc6,0x38,0xbe,0x38,0xc6,0x17,0xbe,0x18,0xbe,
    0xf7,0xbd,0xf7,0xbd,0xd7,0xb5,0xd7,0xb5,0xb6,0xb5,0xd7,0xb5,0xb6,0xad,0xb6,0xb5,0x96,0xad,0x96,0xad,0x75,0xad,0x75,0xad,
    0x55,0xa5,0x55,0xad,0x54,0xa5,0x55,0xa5,0x34,0xa5,0x35,0xa5,0x14,0x9d,0x34,0xa5,0xf7,0xb5,0x55,0xa5,0x2c,0x63,0x21,0x08,
    0x00,0x00,0x00,0x00,0x00,0x00,0x00,0x00,0x00,0x00,0x00,0x00,0x00,0x00,0x00,0x00,0x00,0x00,0x00,0x00,0x00,0x00,0x00,0x00,
    0x00,0x00,0x00,0x00,0x00,0x00,0x00,0x00,0x00,0x00,0x00,0x00,0x00,0x00,0x00,0x00,0x00,0x00,0x00,0x00,0x00,0x00,0x00,0x00,
    0x00,0x00,0x00,0x00,0x00,0x00,0x61,0x08,0x71,0x8c,0x18,0xbe,0x79,0xce,0xd7,0xb5,0xf7,0xbd,0x17,0xbe,0x18,0xc6,0x38,0xbe,
    0x39,0xc6,0x58,0xc6,0x79,0xce,0x79,0xce,0x9a,0xce,0x99,0xce,0xba,0xd6,0xba,0xd6,0xda,0xd6,0xda,0xd6,0xfb,0xde,0xfb,0xde,
    0x1b,0xe7,0x1b,0xe7,0x3c,0xe7,0x5c,0xe7,0x5d,0xef,0x5c,0xef,0x7d,0xef,0x7d,0xef,0x7d,0xef,0x7d,0xef,0x9d,0xf7,0x9d,0xef,
    0x9d,0xf7,0x9d,0xf7,0xbe,0xf7,0xbe,0xf7,0xbe,0xf7,0xbe,0xf7,0xbe,0xf7,0xbe,0xf7,0xbe,0xf7,0x9d,0xf7,0x9d,0xf7,0x9d,0xef,
    0x7d,0xef,0x7d,0xef,0x7d,0xef,0x5c,0xef,0x5c,0xef,0x3c,0xe7,0x5c,0xe7,0x3c,0xe7,0x3c,0xe7,0x1b,0xdf,0x1c,0xe7,0x1b,0xdf,
    0xfb,0xde,0xfb,0xde,0xfb,0xde,0xda,0xd6,0xdb,0xde,0xba,0xd6,0xda,0xd6,0xba,0xd6,0xba,0xd6,0x99,0xce,0x9a,0xd6,0x99,0xce,
    0x79,0xce,0x79,0xce,0x79,0xce,0x59,0xc6,0x59,0xc6,0x38,0xc6,0x38,0xc6,0x18,0xbe,0x18,0xc6,0x17,0xbe,0xf8,0xbd,0xf7,0xbd,
    0xf7,0xbd,0xd7,0xb5,0xd7,0xb5,0xb6,0xb5,0xb7,0xb5,0xb6,0xad,0x96,0xb5,0x96,0xad,0x96,0xad,0x75,0xad,0x76,0xad,0x55,0xa5,
    0x55,0xa5,0x55,0xa5,0x35,0xa5,0x34,0xa5,0x34,0xa5,0x14,0x9d,0x14,0x9d,0xb7,0xb5,0x75,0xad,0xcf,0x73,0x62,0x10,0x00,0x00,
    0x00,0x00,0x00,0x00,0x00,0x00,0x00,0x00,0x00,0x00,0x00,0x00,0x00,0x00,0x00,0x00,0x00,0x00,0x00,0x00,0x00,0x00,0x00,0x00,
    0x00,0x00,0x00,0x00,0x00,0x00,0x00,0x00,0x00,0x00,0x00,0x00,0x00,0x00,0x00,0x00,0x00,0x00,0x00,0x00,0x00,0x00,0x00,0x00,
    0xc3,0x18,0xb2,0x94,0x18,0xbe,0x38,0xc6,0xb6,0xb5,0xd7,0xb5,0xf7,0xb5,0x18,0xbe,0x17,0xbe,0x38,0xbe,0x38,0xbe,0x59,0xc6,
    0x58,0xc6,0x79,0xce,0x79,0xce,0x9a,0xce,0x99,0xce,0xba,0xd6,0xba,0xd6,0xfb,0xde,0xda,0xd6,0xfb,0xde,0x1b,0xdf,0x3c,0xe7,
    0x3b,0xdf,0x5c,0xe7,0x5c,0xe7,0x7c,0xef,0x5c,0xe7,0x7d,0xef,0x7c,0xef,0x7d,0xef,0x7c,0xef,0x9d,0xef,0x9d,0xef,0x9d,0xf7,
    0x9d,0xef,0xbd,0xf7,0xbd,0xf7,0xbe,0xf7,0xbd,0xf7,0xbd,0xf7,0x9d,0xef,0x9d,0xf7,0x7d,0xef,0x7d,0xef,0x7c,0xef,0x7d,0xef,
    0x5c,0xe7,0x5c,0xef,0x3c,0xe7,0x5c,0xe7,0x3b,0xdf,0x3c,0xe7,0x1b,0xdf,0x1c,0xe7,0xfb,0xde,0xfb,0xde,0xfb,0xde,0xfb,0xde,
    0xda,0xd6,0xdb,0xd6,0xda,0xd6,0xda,0xd6,0xba,0xd6,0xba,0xd6,0x99,0xce,0xba,0xd6,0x79,0xce,0x79,0xce,0x79,0xce,0x79,0xce,
    0x58,0xc6,0x59,0xc6,0x38,0xc6,0x58,0xc6,0x18,0xbe,0x18,0xbe,0x17,0xbe,0x18,0xbe,0xf7,0xb5,0xf7,0xbd,0xd7,0xb5,0xd7,0xbd,
    0xb6,0xb5,0xb6,0xb5,0xb6,0xad,0xb6,0xb5,0x95,0xad,0x96,0xad,0x75,0xad,0x76,0xad,0x55,0xa5,0x55,0xa5,0x54,0xa5,0x55,0xa5,
    0x34,0x9d,0x34,0xa5,0x14,0x9d,0x14,0x9d,0xf3,0x94,0xf4,0x9c,0x75,0xad,0x96,0xad,0x10,0x7c,0xa3,0x18,0x00,0x00,0x00,0x00,
    0x00,0x00,0x00,0x00,0x00,0x00,0x00,0x00,0x00,0x00,0x00,0x00,0x00,0x00,0x00,0x00,0x00,0x00,0x00,0x00,0x00,0x00,0x00,0x00,
    0x00,0x00,0x00,0x00,0x00,0x00,0x00,0x00,0x00,0x00,0x00,0x00,0x00,0x00,0x00,0x00,0x00,0x00,0x82,0x10,0xd3,0x94,0x17,0xbe,
    0xf8,0xbd,0xb6,0xb5,0xd7,0xb5,0xd7,0xb5,0xf8,0xbd,0x17,0xbe,0x18,0xbe,0x38,0xbe,0x39,0xc6,0x58,0xc6,0x59,0xce,0x79,0xc6,
    0x9a,0xce,0x99,0xce,0xba,0xd6,0xba,0xd6,0xdb,0xd6,0xda,0xd6,0xfb,0xde,0xfb,0xde,0x1c,0xe7,0x1b,0xe7,0x3c,0xe7,0x5c,0xe7,
    0x5c,0xef,0x5c,0xef,0x7d,0xef,0x7c,0xef,0x7d,0xef,0x7d,0xef,0x9d,0xf7,0x9d,0xef,0x9d,0xf7,0x9d,0xf7,0xbe,0xf7,0xbd,0xf7,
    0xbe,0xf7,0xbe,0xf7,0xbe,0xf7,0xbd,0xf7,0xbe,0xf7,0x9d,0xf7,0x9d,0xf7,0x7d,0xef,0x7d,0xef,0x7d,0xef,0x7d,0xef,0x5c,0xe7,
    0x5c,0xef,0x3c,0xe7,0x3c,0xe7,0x3c,0xe7,0x3c,0xe7,0x1b,0xdf,0x1c,0xe7,0xfb,0xde,0x1b,0xdf,0xfb,0xde,0xfb,0xde,0xda,0xd6,
    0xdb,0xde,0xda,0xd6,0xba,0xd6,0xba,0xd6,0xba,0xd6,0x9a,0xce,0x9a,0xce,0x79,0xce,0x79,0xce,0x79,0xce,0x79,0xce,0x58,0xc6,
    0x59,0xc6,0x38,0xc6,0x38,0xc6,0x18,0xbe,0x18,0xc6,0x17,0xbe,0xf8,0xbd,0xf7,0xbd,0xf7,0xbd,0xd7,0xb5,0xd7,0xb5,0xb6,0xb5,
    0xb7,0xb5,0xb6,0xb5,0x96,0xb5,0x96,0xad,0x96,0xad,0x75,0xad,0x75,0xad,0x55,0xa5,0x55,0xa5,0x55,0xa5,0x35,0xa5,0x34,0x9d,
    0x34,0xa5,0x14,0x9d,0x14,0x9d,0xf3,0x9c,0xf4,0x9c,0x55,0xa5,0x96,0xad,0x51,0x84,0x82,0x10,0x00,0x00,0x00,0x00,0x00,0x00,
    0x00,0x00,0x00,0x00,0x00,0x00,0x00,0x00,0x00,0x00,0x00,0x00,0x00,0x00,0x00,0x00,0x00,0x00,0x00,0x00,0x00,0x00,0x00,0x00,
    0x00,0x00,0x00,0x00,0x00,0x00,0x00,0x00,0x00,0x00,0x00,0x00,0x20,0x00,0x10,0x84,0xf7,0xbd,0xd7,0xb5,0x96,0xad,0xb6,0xb5,
    0xb6,0xb5,0xf7,0xbd,0xf7,0xb5,0x18,0xbe,0x17,0xbe,0x38,0xc6,0x38,0xbe,0x59,0xc6,0x59,0xc6,0x79,0xce,0x79,0xce,0x9a,0xce,
    0x99,0xce,0xba,0xd6,0xba,0xd6,0xdb,0xd6,0xfa,0xd6,0x1b,0xdf,0x1b,0xdf,0x1c,0xe7,0x3b,0xe7,0x5c,0xe7,0x5c,0xe7,0x5c,0xef,
    0x7c,0xef,0x7d,0xef,0x7c,0xef,0x7d,0xef,0x9d,0xef,0x9d,0xf7,0x9d,0xef,0x9d,0xf7,0x9d,0xef,0xbe,0xf7,0xbd,0xef,0xbe,0xf7,
    0xbd,0xf7,0xbe,0xf7,0x9d,0xef,0x9d,0xf7,0x9d,0xef,0x9d,0xef,0x7c,0xef,0x7d,0xef,0x5c,0xef,0x7d,0xef,0x3c,0xe7,0x5c,0xe7,
    0x3c,0xe7,0x3c,0xe7,0x1b,0xdf,0x1b,0xe7,0x1b,0xdf,0x1b,0xdf,0xfb,0xde,0xfb,0xde,0xda,0xd6,0xfb,0xde,0xba,0xd6,0xba,0xd6,
    0xba,0xd6,0xba,0xd6,0x99,0xce,0x9a,0xd6,0x99,0xce,0x99,0xce,0x79,0xce,0x79,0xce,0x59,0xc6,0x59,0xc6,0x38,0xc6,0x38,0xc6,
    0x38,0xbe,0x38,0xc6,0x17,0xbe,0x18,0xbe,0xf7,0xbd,0xf7,0xbd,0xd7,0xb5,0xd7,0xb5,0xb6,0xb5,0xd7,0xb5,0xb6,0xad,0xb6,0xb5,
    0x96,0xad,0x96,0xad,0x75,0xad,0x75,0xad,0x55,0xa5,0x55,0xad,0x54,0xa5,0x55,0xa5,0x34,0xa5,0x35,0xa5,0x14,0x9d,0x14,0x9d,
    0xf4,0x9c,0xf4,0x9c,0xd3,0x94,0xd3,0x94,0x34,0xa5,0x96,0xad,0xae,0x6b,0x21,0x08,0x00,0x00,0x00,0x00,0x00,0x00,0x00,0x00,
    0x00,0x00,0x00,0x00,0x00,0x00,0x00,0x00,0x00,0x00,0x00,0x00,0x00,0x00,0x00,0x00,0x00,0x00,0x00,0x00,0x00,0x00,0x00,0x00,
    0x00,0x00,0x00,0x00,0x00,0x00,0x00,0x00,0x2d,0x63,0xb6,0xb5,0xd7,0xb5,0x75,0xad,0x96,0xad,0xb6,0xb5,0xd7,0xb5,0xd7,0xb5,
    0xf7,0xbd,0x17,0xbe,0x18,0xc6,0x38,0xbe,0x39,0xc6,0x58,0xc6,0x79,0xce,0x79,0xce,0x9a,0xce,0x99,0xce,0xba,0xd6,0xba,0xd6,
    0xda,0xd6,0xda,0xd6,0xfb,0xde,0xfb,0xde,0x1b,0xe7,0x1b,0xe7,0x3c,0xe7,0x5c,0xe7,0x5d,0xef,0x5c,0xef,0x7d,0xef,0x7d,0xef,
    0x7d,0xef,0x7d,0xef,0x9d,0xf7,0x9d,0xef,0x9d,0xf7,0x9d,0xf7,0xbe,0xf7,0xbe,0xf7,0xbe,0xf7,0xbe,0xf7,0xbe,0xf7,0xbe,0xf7,
    0xbe,0xf7,0x9d,0xf7,0x9d,0xf7,0x9d,0xef,0x7d,0xef,0x7d,0xef,0x7d,0xef,0x5c,0xef,0x5c,0xef,0x3c,0xe7,0x5c,0xe7,0x3c,0xe7,
    0x3c,0xe7,0x1b,0xdf,0x1c,0xe7,0x1b,0xdf,0xfb,0xde,0xfb,0xde,0xfb,0xde,0xda,0xd6,0xdb,0xde,0xba,0xd6,0xda,0xd6,0xba,0xd6,
    0xba,0xd6,0x99,0xce,0x9a,0xd6,0x99,0xce,0x79,0xce,0x79,0xce,0x79,0xce,0x59,0xc6,0x59,0xc6,0x38,0xc6,0x38,0xc6,0x18,0xbe,
    0x18,0xc6,0x17,0xbe,0xf8,0xbd,0xf7,0xbd,0xf7,0xbd,0xd7,0xb5,0xd7,0xb5,0xb6,0xb5,0xb7,0xb5,0xb6,0xad,0x96,0xb5,0x96,0xad,
    0x96,0xad,0x75,0xad,0x76,0xad,0x55,0xa5,0x55,0xa5,0x55,0xa5,0x35,0xa5,0x34,0xa5,0x34,0xa5,0x14,0x9d,0x14,0x9d,0xf4,0x9c,
    0xf4,0x9c,0xd3,0x94,0xd3,0x94,0x55,0xa5,0x55,0xad,0xeb,0x5a,0x00,0x00,0x00,0x00,0x00,0x00,0x00,0x00,0x00,0x00,0x00,0x00,
    0x00,0x00,0x00,0x00,0x00,0x00,0x00,0x00,0x00,0x00,0x00,0x00,0x00,0x00,0x00,0x00,0x00,0x00,0x00,0x00,0x00,0x00,0x00,0x00,
    0x00,0x00,0x49,0x4a,0x75,0xa5,0xd7,0xb5,0x54,0xa5,0x75,0xad,0x96,0xad,0xb7,0xb5,0xb6,0xb5,0xd7,0xb5,0xf7,0xb5,0x18,0xbe,
    0x17,0xbe,0x38,0xbe,0x38,0xbe,0x59,0xc6,0x58,0xc6,0x79,0xce,0x79,0xce,0x9a,0xce,0x99,0xce,0xba,0xd6,0xba,0xd6,0xfb,0xde,
    0xda,0xd6,0xfb,0xde,0x1b,0xdf,0x3c,0xe7,0x3b,0xdf,0x5c,0xe7,0x5c,0xe7,0x5c,0xef,0x5c,0xe7,0x7d,0xef,0x7c,0xef,0x7d,0xef,
    0x7c,0xef,0x9d,0xef,0x9d,0xef,0x9d,0xf7,0x9d,0xef,0xbd,0xf7,0xbd,0xf7,0xbe,0xf7,0xbd,0xf7,0xbd,0xf7,0x9d,0xef,0x9d,0xf7,
    0x7d,0xef,0x9d,0xef,0x7c,0xef,0x7d,0xef,0x5c,0xe7,0x5c,0xe7,0x3c,0xe7,0x5c,0xe7,0x3b,0xdf,0x3c,0xe7,0x1b,0xdf,0x1c,0xe7,
    0xfb,0xde,0xfb,0xde,0xfb,0xde,0xfb,0xde,0xda,0xd6,0xdb,0xd6,0xda,0xd6,0xda,0xd6,0xba,0xd6,0xba,0xd6,0x99,0xce,0xba,0xd6,
    0x79,0xce,0x79,0xce,0x79,0xce,0x79,0xce,0x58,0xc6,0x59,0xc6,0x38,0xc6,0x58,0xc6,0x18,0xbe,0x18,0xbe,0x17,0xbe,0x18,0xbe,
    0xf7,0xb5,0xf7,0xbd,0xd7,0xb5,0xd7,0xbd,0xb6,0xb5,0xb6,0xb5,0xb6,0xad,0xb6,0xb5,0x95,0xad,0x96,0xad,0x75,0xad,0x76,0xad,
    0x55,0xa5,0x55,0xa5,0x54,0xa5,0x55,0xa5,0x34,0x9d,0x34,0xa5,0x14,0x9d,0x14,0x9d,0xf3,0x94,0xf4,0x9c,0xd3,0x94,0xf3,0x9c,
    0xd2,0x94,0xd3,0x94,0x75,0xa5,0x14,0x9d,0xe7,0x39,0x00,0x00,0x00,0x00,0x00,0x00,0x00,0x00,0x00,0x00,0x00,0x00,0x00,0x00,
    0x00,0x00,0x00,0x00,0x00,0x00,0x00,0x00,0x00,0x00,0x00,0x00,0x00,0x00,0x00,0x00,0x00,0x00,0x00,0x00,0x86,0x31,0x14,0x9d,
    0xf7,0xbd,0x34,0xa5,0x55,0xa5,0x75,0xad,0x96,0xb5,0xb6,0xb5,0xd7,0xb5,0xd7,0xb5,0xf8,0xbd,0x17,0xbe,0x18,0xbe,0x38,0xbe,
    0x39,0xc6,0x58,0xc6,0x59,0xce,0x79,0xc6,0x9a,0xce,0x99,0xce,0xba,0xd6,0xba,0xd6,0xdb,0xd6,0xda,0xd6,0xfb,0xde,0xfb,0xde,
    0x1c,0xe7,0x1b,0xe7,0x3c,0xe7,0x5c,0xe7,0x5c,0xef,0x5c,0xef,0x7d,0xef,0x7c,0xef,0x7d,0xef,0x7d,0xef,0x9d,0xf7,0x9d,0xef,
    0x9d,0xf7,0x9d,0xf7,0xbe,0xf7,0xbd,0xf7,0xbe,0xf7,0xbe,0xf7,0xbe,0xf7,0xbd,0xf7,0xbe,0xf7,0x9d,0xf7,0x9d,0xf7,0x7d,0xef,
    0x7d,0xef,0x7d,0xef,0x7d,0xef,0x5c,0xe7,0x5c,0xef,0x3c,0xe7,0x3c,0xe7,0x3c,0xe7,0x3c,0xe7,0x1b,0xdf,0x1c,0xe7,0xfb,0xde,
    0x1b,0xdf,0xfb,0xde,0xfb,0xde,0xda,0xd6,0xdb,0xde,0xda,0xd6,0xba,0xd6,0xba,0xd6,0xba,0xd6,0x9a,0xce,0x9a,0xce,0x79,0xce,
    0x79,0xce,0x79,0xce,0x79,0xce,0x58,0xc6,0x59,0xc6,0x38,0xc6,0x38,0xc6,0x18,0xbe,0x18,0xc6,0x17,0xbe,0xf8,0xbd,0xf7,0xbd,
    0xf7,0xbd,0xd7,0xb5,0xd7,0xb5,0xb6,0xb5,0xb7,0xb5,0xb6,0xb5,0x96,0xb5,0x96,0xad,0x96,0xad,0x75,0xad,0x75,0xad,0x55,0xa5,
    0x55,0xa5,0x55,0xa5,0x35,0xa5,0x34,0x9d,0x34,0xa5,0x14,0x9d,0x14,0x9d,0xf3,0x9c,0xf4,0x9c,0xd3,0x94,0xd3,0x94,0xb3,0x94,
    0xb3,0x94,0x96,0xad,0xb3,0x94,0x65,0x29,0x00,0x00,0x00,0x00,0x00,0x00,0x00,0x00,0x00,0x00,0x00,0x00,0x00,0x00,0x00,0x00,
    0x00,0x00,0x00,0x00,0x00,0x00,0x00,0x00,0x00,0x00,0x00,0x00,0x00,0x00,0xc3,0x18,0x92,0x8c,0xf8,0xbd,0x14,0x9d,0x35,0xa5,
    0x55,0xa5,0x76,0xad,0x96,0xad,0xb6,0xb5,0xb6,0xb5,0xf7,0xbd,0xf7,0xb5,0x18,0xbe,0x17,0xbe,0x38,0xc6,0x38,0xbe,0x59,0xc6,
    0x59,0xc6,0x79,0xce,0x79,0xce,0x9a,0xce,0x99,0xce,0xba,0xd6,0xba,0xd6,0xdb,0xd6,0xfa,0xd6,0x1b,0xdf,0x1b,0xdf,0x1c,0xe7,
    0x3b,0xe7,0x5c,0xe7,0x5c,0xe7,0x5c,0xef,0x7c,0xef,0x7d,0xef,0x7c,0xef,0x7d,0xef,0x9d,0xef,0x9d,0xf7,0x9d,0xef,0x9d,0xf7,
    0x9d,0xef,0xbe,0xf7,0xbd,0xef,0xbe,0xf7,0xbd,0xf7,0xbe,0xf7,0x9d,0xef,0x9d,0xf7,0x9d,0xef,0x9d,0xef,0x7c,0xef,0x7d,0xef,
    0x5c,0xe7,0x7d,0xef,0x3c,0xe7,0x5c,0xe7,0x3c,0xe7,0x3c,0xe7,0x1b,0xdf,0x1b,0xe7,0x1b,0xdf,0x1b,0xdf,0xfb,0xde,0xfb,0xde,
    0xda,0xd6,0xfb,0xde,0xba,0xd6,0xda,0xd6,0xba,0xd6,0xba,0xd6,0x99,0xce,0x9a,0xd6,0x99,0xce,0x99,0xce,0x79,0xce,0x79,0xce,
    0x59,0xc6,0x59,0xc6,0x38,0xc6,0x38,0xc6,0x38,0xbe,0x38,0xc6,0x17,0xbe,0x18,0xbe,0xf7,0xbd,0xf7,0xbd,0xd7,0xb5,0xd7,0xb5,
    0xb6,0xb5,0xd7,0xb5,0xb6,0xad,0xb6,0xb5,0x96,0xad,0x96,0xad,0x75,0xad,0x75,0xad,0x55,0xa5,0x55,0xad,0x54,0xa5,0x55,0xa5,
    0x34,0xa5,0x35,0xa5,0x14,0x9d,0x14,0x9d,0xf4,0x9c,0x14,0x9d,0xd3,0x94,0xd3,0x94,0xd3,0x94,0xd3,0x94,0xb2,0x8c,0xb2,0x94,
    0xb6,0xb5,0x51,0x84,0xc3,0x10,0x00,0x00,0x00,0x00,0x00,0x00,0x00,0x00,0x00,0x00,0x00,0x00,0x00,0x00,0x00,0x00,0x00,0x00,
    0x00,0x00,0x00,0x00,0x00,0x00,0x00,0x00,0x00,0x00,0xaf,0x73,0xb7,0xb5,0x14,0x9d,0x14,0x9d,0x34,0xa5,0x55,0xad,0x75,0xad,
    0x96,0xad,0xb6,0xb5,0xd7,0xb5,0xd7,0xb5,0xf7,0xbd,0x17,0xbe,0x18,0xc6,0x38,0xbe,0x39,0xc6,0x58,0xc6,0x79,0xce,0x79,0xce,
    0x9a,0xce,0x99,0xce,0xba,0xd6,0xba,0xd6,0xda,0xd6,0xda,0xd6,0xfb,0xde,0xfb,0xde,0x1b,0xe7,0x1b,0xe7,0x3c,0xe7,0x5c,0xe7,
    0x5d,0xef,0x5c,0xef,0xfb,0xde,0x38,0xc6,0xb6,0xb5,0x95,0xb5,0xb6,0xb5,0xb6,0xb5,0xb6,0xb5,0xb6,0xb5,0xd6,0xbd,0xb6,0xb5,
    0xd6,0xbd,0xd6,0xb5,0xd7,0xbd,0xb6,0xb5,0xd6,0xbd,0xb6,0xb5,0xb6,0xb5,0x96,0xb5,0xb6,0xb5,0x95,0xad,0x96,0xb5,0x95,0xad,
    0x95,0xad,0x75,0xad,0x75,0xad,0x55,0xad,0x75,0xad,0x54,0xad,0x55,0xad,0x34,0xa5,0x54,0xa5,0x34,0xa5,0x34,0xa5,0x34,0xa5,
    0x34,0xa5,0x14,0x9d,0x14,0xa5,0x13,0x9d,0x14,0x9d,0xf3,0x9c,0xf3,0x9c,0xf3,0x9c,0xd3,0x9c,0xd3,0x94,0xd3,0x9c,0xd2,0x94,
    0xb3,0x94,0xb2,0x94,0x34,0xa5,0xb6,0xb5,0x18,0xc6,0x17,0xbe,0xf8,0xbd,0xf7,0xbd,0xf7,0xbd,0xd7,0xb5,0xd7,0xb5,0xb6,0xb5,
    0xb7,0xb5,0xb6,0xad,0x96,0xb5,0x96,0xad,0x96,0xad,0x75,0xad,0x76,0xad,0x55,0xa5,0x55,0xa5,0x55,0xa5,0x35,0xa5,0x34,0xa5,
    0x34,0xa5,0x14,0x9d,0x14,0x9d,0xf4,0x9c,0xf4,0x9c,0xd3,0x94,0xd3,0x94,0xd3,0x94,0xb3,0x94,0xb2,0x8c,0xd3,0x94,0x96,0xad,
    0x8e,0x73,0x00,0x00,0x00,0x00,0x00,0x00,0x00,0x00,0x00,0x00,0x00,0x00,0x00,0x00,0x00,0x00,0x00,0x00,0x00,0x00,0x00,0x00,
    0x00,0x00,0x00,0x00,0x86,0x29,0x55,0xa5,0x54,0xa5,0xf3,0x9c,0x14,0x9d,0x35,0xa5,0x54,0xa5,0x75,0xad,0x96,0xad,0xd7,0xb5,
    0xb6,0xb5,0xd7,0xb5,0xf7,0xb5,0x18,0xbe,0x17,0xbe,0x38,0xbe,0x38,0xbe,0x59,0xc6,0x58,0xc6,0x79,0xce,0x79,0xce,0x9a,0xce,
    0x99,0xce,0xba,0xd6,0xba,0xd6,0xfb,0xde,0xda,0xd6,0xfb,0xde,0x99,0xce,0x91,0x8c,0x69,0x4a,0x65,0x29,0xa2,0x10,0x00,0x00,
    0x00,0x00,0x00,0x00,0x00,0x00,0x00,0x00,0x00,0x00,0x00,0x00,0x00,0x00,0x00,0x00,0x00,0x00,0x00,0x00,0x00,0x00,0x00,0x00,
    0x00,0x00,0x00,0x00,0x00,0x00,0x00,0x00,0x00,0x00,0x00,0x00,0x00,0x00,0x00,0x00,0x00,0x00,0x00,0x00,0x00,0x00,0x00,0x00,
    0x00,0x00,0x00,0x00,0x00,0x00,0x00,0x00,0x00,0x00,0x00,0x00,0x00,0x00,0x00,0x00,0x00,0x00,0x00,0x00,0x00,0x00,0x00,0x00,
    0x00,0x00,0x00,0x00,0x00,0x00,0x00,0x00,0x00,0x00,0x00,0x00,0x00,0x00,0x00,0x00,0x00,0x00,0x00,0x00,0x00,0x00,0x00,0x00,
    0x00,0x00,0x00,0x00,0x00,0x00,0xa2,0x10,0x04,0x21,0x28,0x42,0xce,0x73,0x75,0xad,0xb6,0xb5,0xb6,0xb5,0xb6,0xad,0xb6,0xb5,
    0x95,0xad,0x96,0xad,0x75,0xad,0x76,0xad,0x55,0xa5,0x55,0xa5,0x54,0xa5,0x55,0xa5,0x34,0x9d,0x34,0xa5,0x14,0x9d,0x14,0x9d,
    0xf3,0x94,0xf4,0x9c,0xd3,0x94,0xf3,0x9c,0xd2,0x94,0xd3,0x94,0xb2,0x8c,0xb3,0x94,0x92,0x8c,0x14,0x9d,0x14,0x9d,0x86,0x31,
    0x00,0x00,0x00,0x00,0x00,0x00,0x00,0x00,0x00,0x00,0x00,0x00,0x00,0x00,0x00,0x00,0x00,0x00,0x00,0x00,0x00,0x00,0x00,0x00,
    0xf0,0x7b,0xb6,0xb5,0xd3,0x94,0xf3,0x9c,0x14,0x9d,0x34,0xa5,0x55,0xa5,0x75,0xad,0x96,0xb5,0xb6,0xb5,0xd7,0xb5,0xd7,0xb5,
    0xf8,0xbd,0x17,0xbe,0x18,0xbe,0x38,0xbe,0x39,0xc6,0x58,0xc6,0x59,0xce,0x79,0xc6,0x9a,0xce,0x99,0xce,0xba,0xd6,0xba,0xd6,
    0xdb,0xd6,0xb6,0xb5,0x6e,0x73,0x86,0x31,0x00,0x00,0x00,0x00,0x00,0x00,0x41,0x08,0x62,0x10,0x62,0x08,0x82,0x10,0xa2,0x10,
    0xc3,0x18,0xc3,0x10,0xc3,0x18,0xa3,0x10,0xc3,0x18,0xc3,0x10,0xc3,0x18,0xa3,0x10,0xc3,0x18,0xc3,0x10,0xc3,0x18,0xa3,0x10,
    0xc3,0x18,0xc3,0x10,0xc3,0x18,0xa3,0x10,0xc3,0x18,0xc3,0x10,0xc3,0x18,0xa3,0x10,0xc3,0x18,0xc3,0x10,0xc3,0x18,0xa3,0x10,
    0xc3,0x18,0xc3,0x10,0xc3,0x18,0xa3,0x10,0xc3,0x18,0xc3,0x10,0xc3,0x18,0xa3,0x10,0xc3,0x18,0xc3,0x10,0xc3,0x18,0xa3,0x10,
    0xc3,0x18,0xc3,0x10,0xc3,0x18,0xa3,0x10,0xc3,0x18,0xc3,0x10,0xc3,0x18,0xa3,0x10,0xc3,0x18,0xa3,0x10,0xa3,0x10,0x82,0x10,
    0x82,0x10,0x61,0x08,0x41,0x08,0x00,0x00,0x00,0x00,0x00,0x00,0x45,0x29,0xeb,0x5a,0xd3,0x9c,0xb6,0xb5,0x96,0xb5,0x96,0xad,
    0x96,0xad,0x75,0xad,0x75,0xad,0x55,0xa5,0x55,0xa5,0x55,0xa5,0x35,0xa5,0x34,0x9d,0x34,0xa5,0x14,0x9d,0x14,0x9d,0xf3,0x9c,
    0xf4,0x9c,0xd3,0x94,0xd3,0x94,0xb3,0x94,0xb3,0x94,0xb2,0x8c,0x92,0x94,0x92,0x8c,0xb6,0xb5,0xcf,0x73,0x00,0x00,0x00,0x00,
    0x00,0x00,0x00,0x00,0x00,0x00,0x00,0x00,0x00,0x00,0x00,0x00,0x00,0x00,0x00,0x00,0x00,0x00,0xe8,0x39,0x34,0xa5,0x14,0xa5,
    0xd3,0x94,0xf4,0x9c,0x14,0x9d,0x35,0xa5,0x55,0xa5,0x76,0xad,0x96,0xad,0xb6,0xb5,0xb6,0xb5,0xf7,0xbd,0xf7,0xb5,0x18,0xbe,
    0x17,0xbe,0x38,0xc6,0x38,0xbe,0x59,0xc6,0x59,0xc6,0x79,0xce,0x79,0xce,0x9a,0xce,0x99,0xce,0x18,0xc6,0x8a,0x52,0x00,0x00,
    0x00,0x00,0x21,0x08,0x61,0x08,0xc3,0x18,0xe4,0x18,0x04,0x21,0xe4,0x18,0x04,0x19,0xe4,0x18,0x04,0x21,0xe4,0x18,0x04,0x19,
    0xe4,0x18,0x04,0x21,0xe4,0x18,0x04,0x19,0xe4,0x18,0x04,0x21,0xe4,0x18,0x04,0x19,0xe4,0x18,0x04,0x21,0xe4,0x18,0x04,0x19,
    0xe4,0x18,0x04,0x21,0xe4,0x18,0x04,0x19,0xe4,0x18,0x04,0x21,0xe4,0x18,0x04,0x19,0xe4,0x18,0x04,0x21,0xe4,0x18,0x04,0x19,
    0xe4,0x18,0x04,0x21,0xe4,0x18,0x04,0x19,0xe4,0x18,0x04,0x21,0xe4,0x18,0x04,0x19,0xe4,0x18,0x04,0x21,0xe4,0x18,0x04,0x19,
    0xe4,0x18,0x04,0x21,0xe4,0x18,0x04,0x19,0xe4,0x18,0x04,0x21,0xe4,0x18,0x04,0x19,0xe4,0x18,0x04,0x21,0xe4,0x18,0x04,0x19,
    0xe4,0x18,0xe4,0x20,0xa3,0x10,0x62,0x10,0x20,0x00,0x00,0x00,0x00,0x00,0x49,0x4a,0x14,0x9d,0x96,0xad,0x75,0xad,0x75,0xad,
    0x55,0xa5,0x55,0xad,0x54,0xa5,0x55,0xa5,0x34,0xa5,0x35,0xa5,0x14,0x9d,0x14,0x9d,0xf4,0x9c,0xf4,0x9c,0xd3,0x94,0xd3,0x94,
    0xd3,0x94,0xd3,0x94,0xb2,0x8c,0xb2,0x94,0x92,0x8c,0x92,0x8c,0xf3,0x94,0x34,0xa5,0xe7,0x39,0x00,0x00,0x00,0x00,0x00,0x00,
    0x00,0x00,0x00,0x00,0x00,0x00,0x00,0x00,0x00,0x00,0x00,0x00,0x62,0x08,0x51,0x84,0x96,0xad,0xb2,0x94,0xd3,0x94,0xf3,0x9c,
    0x14,0x9d,0x34,0xa5,0x55,0xad,0x75,0xad,0x96,0xad,0xb6,0xb5,0xd7,0xb5,0xd7,0xb5,0xf7,0xbd,0x17,0xbe,0x18,0xc6,0x38,0xbe,
    0x39,0xc6,0x58,0xc6,0x79,0xce,0x79,0xce,0x9a,0xce,0x58,0xc6,0x2d,0x6b,0x21,0x08,0x00,0x00,0x61,0x08,0xc4,0x18,0x45,0x21,
    0x86,0x31,0x86,0x31,0xa7,0x31,0x86,0x31,0xa7,0x31,0x86,0x31,0xa7,0x31,0x86,0x31,0xa7,0x31,0x86,0x31,0xa7,0x31,0x86,0x31,
    0xa7,0x31,0x86,0x31,0xa7,0x31,0x86,0x31,0xa7,0x31,0x86,0x31,0xa7,0x31,0x86,0x31,0xa7,0x31,0x86,0x31,0xa7,0x31,0x86,0x31,
    0xa7,0x31,0x86,0x31,0xa7,0x31,0x86,0x31,0xa7,0x31,0x86,0x31,0xa7,0x31,0x86,0x31,0xa7,0x31,0x86,0x31,0xa7,0x31,0x86,0x31,
    0xa7,0x31,0x86,0x31,0xa7,0x31,0x86,0x31,0xa7,0x31,0x86,0x31,0xa7,0x31,0x86,0x31,0xa7,0x31,0x86,0x31,0xa7,0x31,0x86,0x31,
    0xa7,0x31,0x86,0x31,0xa7,0x31,0x86,0x31,0xa7,0x31,0x86,0x31,0xa7,0x31,0x86,0x31,0xa7,0x31,0x86,0x31,0xa7,0x31,0x86,0x31,
    0xa7,0x31,0x66,0x29,0x45,0x29,0xc3,0x18,0x62,0x08,0x00,0x00,0x41,0x08,0xcb,0x5a,0x55,0xa5,0x75,0xad,0x76,0xad,0x55,0xa5,
    0x55,0xa5,0x55,0xa5,0x35,0xa5,0x34,0xa5,0x34,0xa5,0x14,0x9d,0x14,0x9d,0xf4,0x9c,0xf4,0x9c,0xd3,0x94,0xd3,0x94,0xd3,0x94,
    0xb3,0x94,0xb2,0x8c,0x92,0x94,0x92,0x8c,0x92,0x8c,0x75,0xad,0x31,0x84,0x41,0x08,0x00,0x00,0x00,0x00,0x00,0x00,0x00,0x00,
    0x00,0x00,0x00,0x00,0x00,0x00,0x00,0x00,0x49,0x4a,0x35,0xa5,0xd3,0x94,0xb3,0x94,0xd2,0x94,0xf3,0x9c,0x14,0x9d,0x35,0xa5,
    0x54,0xa5,0x75,0xad,0x96,0xad,0xb7,0xb5,0xb6,0xb5,0xd7,0xb5,0xf7,0xb5,0x18,0xbe,0x17,0xbe,0x38,0xbe,0x38,0xbe,0x59,0xc6,
    0x58,0xc6,0x79,0xce,0x34,0xa5,0xc3,0x18,0x00,0x00,0x41,0x08,0xc3,0x10,0xe4,0x18,0x66,0x29,0xc7,0x39,0xc7,0x31,0xc7,0x39,
    0xc7,0x31,0xc7,0x39,0xc7,0x31,0xc7,0x39,0xc7,0x31,0xc7,0x39,0xc7,0x31,0xc7,0x39,0xc7,0x31,0xc7,0x39,0xc7,0x31,0xc7,0x39,
    0xc7,0x31,0xc7,0x39,0xc7,0x31,0xc7,0x39,0xc7,0x31,0xc7,0x39,0xc7,0x31,0xc7,0x39,0xc7,0x31,0xc7,0x39,0xc7,0x31,0xc7,0x39,
    0xc7,0x31,0xc7,0x39,0xc7,0x31,0xc7,0x39,0xc7,0x31,0xc7,0x39,0xc7,0x31,0xc7,0x39,0xc7,0x31,0xc7,0x39,0xc7,0x31,0xc7,0x39,
    0xc7,0x31,0xc7,0x39,0xc7,0x31,0xc7,0x39,0xc7,0x31,0xc7,0x39,0xc7,0x31,0xc7,0x39,0xc7,0x31,0xc7,0x39,0xc7,0x31,0xc7,0x39,
    0xc7,0x31,0xc7,0x39,0xc7,0x31,0xc7,0x39,0xc7,0x31,0xc7,0x39,0xc7,0x31,0xc7,0x39,0xc7,0x31,0xc7,0x39,0xc7,0x31,0xc7,0x39,
    0xc7,0x31,0x86,0x31,0xe3,0x18,0xc3,0x18,0x41,0x08,0x00,0x00,0xa2,0x10,0x92,0x8c,0x55,0xa5,0x55,0xa5,0x54,0xa5,0x55,0xa5,
    0x34,0x9d,0x34,0xa5,0x14,0x9d,0x14,0x9d,0xf3,0x94,0xf4,0x9c,0xd3,0x94,0xf3,0x9c,0xd2,0x94,0xd3,0x94,0xb2,0x8c,0xb3,0x94,
    0x92,0x8c,0x92,0x8c,0x71,0x8c,0xd3,0x9c,0x34,0x9d,0x6a,0x4a,0x00,0x00,0x00,0x00,0x00,0x00,0x00,0x00,0x00,0x00,0x00,0x00,
    0x00,0x00,0x82,0x10,0x72,0x8c,0x55,0xa5,0x92,0x8c,0xb2,0x94,0xd3,0x94,0xf3,0x9c,0x14,0x9d,0x34,0xa5,0x55,0xa5,0x75,0xad,
    0x96,0xb5,0xb6,0xb5,0xd7,0xb5,0xd7,0xb5,0xf8,0xbd,0x17,0xbe,0x18,0xbe,0x38,0xbe,0x39,0xc6,0x58,0xc6,0x59,0xce,0x30,0x84,
    0x21,0x08,0x41,0x08,0xa3,0x18,0xe4,0x18,0xe4,0x20,0x25,0x21,0xc7,0x39,0xc7,0x31,0xc8,0x39,0xc7,0x39,0xc7,0x39,0xc7,0x31,
    0xc8,0x39,0xc7,0x39,0xc7,0x39,0xc7,0x31,0xc8,0x39,0xc7,0x39,0xc7,0x39,0xc7,0x31,0xc8,0x39,0xc7,0x39,0xc7,0x39,0xc7,0x31,
    0xc8,0x39,0xc7,0x39,0xc7,0x39,0xc7,0x31,0xc8,0x39,0xc7,0x39,0xc7,0x39,0xc7,0x31,0xc8,0x39,0xc7,0x39,0xc7,0x39,0xc7,0x31,
    0xc8,0x39,0xc7,0x39,0xc7,0x39,0xc7,0x31,0xc8,0x39,0xc7,0x39,0xc7,0x39,0xc7,0x31,0xc8,0x39,0xc7,0x39,0xc7,0x39,0xc7,0x31,
    0xc8,0x39,0xc7,0x39,0xc7,0x39,0xc7,0x31,0xc8,0x39,0xc7,0x39,0xc7,0x39,0xc7,0x31,0xc8,0x39,0xc7,0x39,0xc7,0x39,0xc7,0x31,
    0xc8,0x39,0xc7,0x39,0xc7,0x39,0xc7,0x31,0xc8,0x39,0xc7,0x39,0xc7,0x39,0xc7,0x31,0xc8,0x39,0xc7,0x39,0xc7,0x39,0xc7,0x31,
    0x25,0x29,0xe4,0x18,0xe4,0x18,0xa3,0x10,0x41,0x08,0x20,0x00,0xaf,0x73,0x55,0xa5,0x55,0xa5,0x55,0xa5,0x35,0xa5,0x34,0x9d,
    0x34,0xa5,0x14,0x9d,0x14,0x9d,0xf3,0x9c,0xf4,0x9c,0xd3,0x94,0xd3,0x94,0xb3,0x94,0xb3,0x94,0xb2,0x8c,0x92,0x94,0x92,0x8c,
    0x92,0x8c,0x71,0x8c,0x75,0xad,0x71,0x8c,0x82,0x10,0x00,0x00,0x00,0x00,0x00,0x00,0x00,0x00,0x00,0x00,0x00,0x00,0xcb,0x52,
    0x34,0xa5,0xb3,0x94,0x72,0x8c,0xb2,0x94,0xd3,0x94,0xf4,0x9c,0x14,0x9d,0x35,0xa5,0x55,0xa5,0x76,0xad,0x96,0xad,0xb6,0xb5,
    0xb6,0xb5,0xf7,0xbd,0xf7,0xb5,0x18,0xbe,0x17,0xbe,0x38,0xc6,0x38,0xbe,0x38,0xc6,0xaa,0x52,0x00,0x00,0x62,0x08,0xe4,0x18,
    0xc3,0x18,0xe4,0x18,0xc3,0x18,0x45,0x29,0xc7,0x31,0xc7,0x39,0xa7,0x31,0xc7,0x39,0xc7,0x31,0xc7,0x39,0xa7,0x31,0xc7,0x39,
    0xc7,0x31,0xc7,0x39,0xa7,0x31,0xc7,0x39,0xc7,0x31,0xc7,0x39,0xa7,0x31,0xc7,0x39,0xc7,0x31,0xc7,0x39,0xa7,0x31,0xc7,0x39,
    0xc7,0x31,0xc7,0x39,0xa7,0x31,0xc7,0x39,0xc7,0x31,0xc7,0x39,0xa7,0x31,0xc7,0x39,0xc7,0x31,0xc7,0x39,0xa7,0x31,0xc7,0x39,
    0xc7,0x31,0xc7,0x39,0xa7,0x31,0xc7,0x39,0xc7,0x31,0xc7,0x39,0xa7,0x31,0xc7,0x39,0xc7,0x31,0xc7,0x39,0xa7,0x31,0xc7,0x39,
    0xc7,0x31,0xc7,0x39,0xa7,0x31,0xc7,0x39,0xc7,0x31,0xc7,0x39,0xa7,0x31,0xc7,0x39,0xc7,0x31,0xc7,0x39,0xa7,0x31,0xc7,0x39,
    0xc7,0x31,0xc7,0x39,0xa7,0x31,0xc7,0x39,0xc7,0x31,0xc7,0x39,0xa7,0x31,0xc7,0x39,0xc7,0x31,0xc7,0x39,0x25,0x21,0xe4,0x18,
    0xc3,0x18,0xe4,0x18,0xc3,0x18,0x82,0x10,0x00,0x00,0x6a,0x4a,0x34,0xa5,0x55,0xa5,0x34,0xa5,0x35,0xa5,0x14,0x9d,0x14,0x9d,
    0xf4,0x9c,0x14,0x9d,0xd3,0x94,0xd3,0x94,0xd3,0x94,0xd3,0x94,0xb2,0x8c,0xb2,0x94,0x92,0x8c,0x92,0x8c,0x71,0x84,0x72,0x8c,
    0xb2,0x8c,0x55,0xa5,0xaa,0x52,0x00,0x00,0x00,0x00,0x00,0x00,0x00,0x00,0x00,0x00,0x21,0x08,0x31,0x84,0x35,0xa5,0x71,0x8c,
    0x92,0x8c,0xb2,0x94,0xd3,0x94,0xf3,0x9c,0x14,0x9d,0x34,0xa5,0x55,0xad,0x75,0xad,0x96,0xad,0xb6,0xb5,0xd7,0xb5,0xd7,0xb5,
    0xf7,0xbd,0x17,0xbe,0x18,0xc6,0x38,0xbe,0xb6,0xb5,0x65,0x29,0x00,0x00,0x82,0x10,0xe4,0x18,0xe3,0x18,0xe4,0x18,0xe3,0x18,
    0xe4,0x18,0x25,0x21,0xc8,0x39,0xc7,0x39,0xc7,0x39,0xc7,0x31,0xc8,0x39,0xc7,0x39,0xc7,0x39,0xc7,0x31,0xc8,0x39,0xc7,0x39,
    0xc7,0x39,0xc7,0x31,0xc8,0x39,0xc7,0x39,0xc7,0x39,0xc7,0x31,0xc8,0x39,0xc7,0x39,0xc7,0x39,0xc7,0x31,0xc8,0x39,0xc7,0x39,
    0xc7,0x39,0xc7,0x31,0xc8,0x39,0xc7,0x39,0xc7,0x39,0xc7,0x31,0xc8,0x39,0xc7,0x39,0xc7,0x39,0xc7,0x31,0xc8,0x39,0xc7,0x39,
    0xc7,0x39,0xc7,0x31,0xc8,0x39,0xc7,0x39,0xc7,0x39,0xc7,0x31,0xc8,0x39,0xc7,0x39,0xc7,0x39,0xc7,0x31,0xc8,0x39,0xc7,0x39,
    0xc7,0x39,0xc7,0x31,0xc8,0x39,0xc7,0x39,0xc7,0x39,0xc7,0x31,0xc8,0x39,0xc7,0x39,0xc7,0x39,0xc7,0x31,0xc8,0x39,0xc7,0x39,
    0xc7,0x39,0xc7,0x31,0xc8,0x39,0xc7,0x39,0xc7,0x39,0xc7,0x31,0xc8,0x39,0xc7,0x39,0x45,0x29,0xe3,0x18,0xe4,0x18,0xe3,0x18,
    0xe4,0x18,0xe3,0x18,0xa3,0x10,0x00,0x00,0x45,0x29,0xd3,0x94,0x35,0xa5,0x34,0xa5,0x34,0xa5,0x14,0x9d,0x14,0x9d,0xf4,0x9c,
    0xf4,0x9c,0xd3,0x94,0xd3,0x94,0xd3,0x94,0xb3,0x94,0xb2,0x8c,0x92,0x94,0x92,0x8c,0x92,0x8c,0x71,0x84,0x72,0x8c,0x55,0xa5,
    0x51,0x8c,0x20,0x00,0x00,0x00,0x00,0x00,0x00,0x00,0x00,0x00,0x25,0x21,0xd3,0x9c,0xd3,0x94,0x71,0x8c,0x72,0x8c,0xb3,0x94,
    0xd2,0x94,0xf3,0x9c,0x14,0x9d,0x35,0xa5,0x54,0xa5,0x75,0xad,0x96,0xad,0xd7,0xb5,0xb6,0xb5,0xd7,0xb5,0xf7,0xb5,0x18,0xbe,
    0x17,0xbe,0xd7,0xb5,0xe3,0x18,0x00,0x00,0x82,0x10,0xc3,0x18,0xc3,0x18,0xe4,0x18,0xc3,0x10,0xc3,0x18,0xc3,0x18,0x25,0x21,
    0xa6,0x31,0xc7,0x31,0xa7,0x31,0xc7,0x39,0xa6,0x31,0xc7,0x31,0xa7,0x31,0xc7,0x39,0xa6,0x31,0xc7,0x31,0xa7,0x31,0xc7,0x39,
    0xa6,0x31,0xc7,0x31,0xa7,0x31,0xc7,0x39,0xa6,0x31,0xc7,0x31,0xa7,0x31,0xc7,0x39,0xa6,0x31,0xc7,0x31,0xa7,0x31,0xc7,0x39,
    0xa6,0x31,0xc7,0x31,0xa7,0x31,0xc7,0x39,0xa6,0x31,0xc7,0x31,0xa7,0x31,0xc7,0x39,0xa6,0x31,0xc7,0x31,0xa7,0x31,0xc7,0x39,
    0xa6,0x31,0xc7,0x31,0xa7,0x31,0xc7,0x39,0xa6,0x31,0xc7,0x31,0xa7,0x31,0xc7,0x39,0xa6,0x31,0xc7,0x31,0xa7,0x31,0xc7,0x39,
    0xa6,0x31,0xc7,0x31,0xa7,0x31,0xc7,0x39,0xa6,0x31,0xc7,0x31,0xa7,0x31,0xc7,0x39,0xa6,0x31,0xc7,0x31,0xa7,0x31,0xc7,0x39,
    0xa6,0x31,0xc7,0x31,0xa7,0x31,0xc7,0x39,0xa6,0x31,0xc7,0x31,0x04,0x21,0xe4,0x18,0xc3,0x10,0xc3,0x18,0xc3,0x18,0xe4,0x18,
    0xc3,0x10,0xa3,0x10,0x00,0x00,0xc3,0x18,0xf3,0x94,0x34,0xa5,0x14,0x9d,0x14,0x9d,0xf3,0x94,0xf4,0x9c,0xd3,0x94,0xf3,0x9c,
    0xd2,0x94,0xd3,0x94,0xb2,0x8c,0xb3,0x94,0x92,0x8c,0x92,0x8c,0x71,0x8c,0x72,0x8c,0x51,0x84,0xf3,0x9c,0xd3,0x94,0x45,0x29,
    0x00,0x00,0x00,0x00,0x00,0x00,0x00,0x00,0x8a,0x52,0x34,0xa5,0x92,0x8c,0x71,0x84,0x92,0x8c,0xb2,0x94,0xd3,0x94,0xf3,0x9c,
    0x14,0x9d,0x34,0xa5,0x55,0xa5,0x75,0xad,0x96,0xb5,0xb6,0xb5,0xd7,0xb5,0xd7,0xb5,0xf8,0xbd,0x17,0xbe,0x18,0xbe,0xa6,0x31,
    0x00,0x00,0xa3,0x10,0xc4,0x18,0xc3,0x18,0xe4,0x18,0xc3,0x18,0xc4,0x18,0xc3,0x18,0xe4,0x18,0xc3,0x18,0x66,0x31,0xa7,0x31,
    0xc7,0x39,0xa7,0x31,0xc7,0x39,0xa7,0x31,0xc7,0x39,0xa7,0x31,0xc7,0x39,0xa7,0x31,0xc7,0x39,0xa7,0x31,0xc7,0x39,0xa7,0x31,
    0xc7,0x39,0xa7,0x31,0xc7,0x39,0xa7,0x31,0xc7,0x39,0xa7,0x31,0xc7,0x39,0xa7,0x31,0xc7,0x39,0xa7,0x31,0xc7,0x39,0xa7,0x31,
    0xc7,0x39,0xa7,0x31,0xc7,0x39,0xa7,0x31,0xc7,0x39,0xa7,0x31,0xc7,0x39,0xa7,0x31,0xc7,0x39,0xa7,0x31,0xc7,0x39,0xa7,0x31,
    0xc7,0x39,0xa7,0x31,0xc7,0x39,0xa7,0x31,0xc7,0x39,0xa7,0x31,0xc7,0x39,0xa7,0x31,0xc7,0x39,0xa7,0x31,0xc7,0x39,0xa7,0x31,
    0xc7,0x39,0xa7,0x31,0xc7,0x39,0xa7,0x31,0xc7,0x39,0xa7,0x31,0xc7,0x39,0xa7,0x31,0xc7,0x39,0xa7,0x31,0xc7,0x39,0xa7,0x31,
    0xc7,0x39,0xa7,0x31,0xc7,0x39,0x66,0x29,0xe4,0x18,0xc3,0x18,0xc4,0x18,0xc3,0x18,0xe4,0x18,0xc3,0x18,0xc4,0x18,0xc3,0x18,
    0xa3,0x18,0x00,0x00,0x66,0x31,0x14,0x9d,0x34,0xa5,0x14,0x9d,0x14,0x9d,0xf3,0x9c,0xf4,0x9c,0xd3,0x94,0xd3,0x94,0xb3,0x94,
    0xb3,0x94,0xb2,0x8c,0x92,0x94,0x92,0x8c,0x72,0x8c,0x71,0x8c,0x72,0x8c,0x92,0x8c,0x55,0xad,0xaa,0x52,0x00,0x00,0x00,0x00,
    0x00,0x00,0x00,0x00,0xcf,0x73,0x55,0xa5,0x51,0x84,0x72,0x8c,0x72,0x8c,0xb2,0x94,0xd3,0x94,0xf4,0x9c,0x14,0x9d,0x35,0xa5,
    0x55,0xa5,0x76,0xad,0x96,0xad,0xb6,0xb5,0xb6,0xb5,0xf7,0xbd,0xf7,0xb5,0x18,0xbe,0xaa,0x52,0x00,0x00,0x82,0x10,0xc3,0x18,
    0xc3,0x18,0xc4,0x18,0xc3,0x10,0xc3,0x18,0xc3,0x18,0xc4,0x18,0xc3,0x10,0xc3,0x18,0xc3,0x18,0x25,0x21,0x45,0x29,0x66,0x29,
    0x66,0x29,0x66,0x31,0x65,0x29,0x66,0x29,0x66,0x29,0x66,0x31,0x65,0x29,0x66,0x29,0x66,0x29,0x66,0x31,0x65,0x29,0x66,0x29,
    0x66,0x29,0x66,0x31,0x65,0x29,0x66,0x29,0x66,0x29,0x66,0x31,0x65,0x29,0x66,0x29,0x66,0x29,0x66,0x31,0x65,0x29,0x66,0x29,
    0x66,0x29,0x66,0x31,0x65,0x29,0x66,0x29,0x66,0x29,0x66,0x31,0x65,0x29,0x66,0x29,0x66,0x29,0x66,0x31,0x65,0x29,0x66,0x29,
    0x66,0x29,0x66,0x31,0x65,0x29,0x66,0x29,0x66,0x29,0x66,0x31,0x65,0x29,0x66,0x29,0x66,0x29,0x66,0x31,0x65,0x29,0x66,0x29,
    0x66,0x29,0x66,0x31,0x65,0x29,0x66,0x29,0x66,0x29,0x66,0x31,0x65,0x29,0x66,0x29,0x66,0x29,0x66,0x31,0x65,0x29,0x66,0x29,
    0x04,0x21,0xc4,0x18,0xc3,0x10,0xc3,0x18,0xc3,0x18,0xc4,0x18,0xc3,0x10,0xc3,0x18,0xc3,0x18,0xc4,0x18,0xc3,0x10,0x82,0x10,
    0x00,0x00,0x69,0x4a,0x14,0x9d,0x14,0x9d,0xf4,0x9c,0xf4,0x9c,0xd3,0x94,0xd3,0x94,0xd3,0x94,0xd3,0x94,0xb2,0x8c,0xb2,0x94,
    0x92,0x8c,0x92,0x8c,0x71,0x84,0x72,0x8c,0x51,0x84,0x51,0x84,0x55,0xa5,0xf0,0x7b,0x00,0x00,0x00,0x00,0x00,0x00,0xe4,0x18,
    0xb2,0x94,0xf3,0x94,0x51,0x84,0x71,0x8c,0x92,0x8c,0xb2,0x94,0xd3,0x94,0xf3,0x9c,0x14,0x9d,0x34,0xa5,0x55,0xad,0x75,0xad,
    0x96,0xad,0xb6,0xb5,0xd7,0xb5,0xd7,0xb5,0xf7,0xbd,0xae,0x73,0x00,0x00,0x62,0x08,0xc4,0x18,0xc3,0x18,0xc4,0x18,0xc3,0x18,
    0xc4,0x18,0xc3,0x18,0xc4,0x18,0xc3,0x18,0xc4,0x18,0xc3,0x18,0xc4,0x18,0xc3,0x18,0xc4,0x18,0xc3,0x18,0xc4,0x18,0xc3,0x18,
    0xc4,0x18,0xc3,0x18,0xc4,0x18,0xc3,0x18,0xc4,0x18,0xc3,0x18,0xc4,0x18,0xc3,0x18,0xc4,0x18,0xc3,0x18,0xc4,0x18,0xc3,0x18,
    0xc4,0x18,0xc3,0x18,0xc4,0x18,0xc3,0x18,0xc4,0x18,0xc3,0x18,0xc4,0x18,0xc3,0x18,0xc4,0x18,0xc3,0x18,0xc4,0x18,0xc3,0x18,
    0xc4,0x18,0xc3,0x18,0xc4,0x18,0xc3,0x18,0xc4,0x18,0xc3,0x18,0xc4,0x18,0xc3,0x18,0xc4,0x18,0xc3,0x18,0xc4,0x18,0xc3,0x18,
    0xc4,0x18,0xc3,0x18,0xc4,0x18,0xc3,0x18,0xc4,0x18,0xc3,0x18,0xc4,0x18,0xc3,0x18,0xc4,0x18,0xc3,0x18,0xc4,0x18,0xc3,0x18,
    0xc4,0x18,0xc3,0x18,0xc4,0x18,0xc3,0x18,0xc4,0x18,0xc3,0x18,0xc4,0x18,0xc3,0x18,0xc4,0x18,0xc3,0x18,0xc4,0x18,0xc3,0x18,
    0xc4,0x18,0xc3,0x18,0xc4,0x18,0xc3,0x18,0xc4,0x18,0xc3,0x18,0xc4,0x18,0xc3,0x18,0xc4,0x18,0xc3,0x18,0x62,0x10,0x00,0x00,
    0x4d,0x6b,0x14,0x9d,0x14,0x9d,0xf4,0x9c,0xf4,0x9c,0xd3,0x94,0xd3,0x94,0xd3,0x94,0xb3,0x94,0xb2,0x8c,0x92,0x94,0x92,0x8c,
    0x92,0x8c,0x71,0x84,0x72,0x8c,0x51,0x84,0x14,0x9d,0xb3,0x94,0x04,0x21,0x00,0x00,0x00,0x00,0x29,0x42,0xf3,0x9c,0x92,0x8c,
    0x30,0x84,0x71,0x8c,0x72,0x8c,0xb3,0x94,0xd2,0x94,0xf3,0x9c,0x14,0x9d,0x35,0xa5,0x54,0xa5,0x75,0xad,0x96,0xad,0xb7,0xb5,
    0xb6,0xb5,0xd7,0xb5,0x34,0x9d,0x00,0x00,0x41,0x00,0xc3,0x18,0xa3,0x10,0xc3,0x18,0xa3,0x10,0xc3,0x18,0xa3,0x10,0xc3,0x18,
    0xa3,0x10,0xc3,0x18,0xa3,0x10,0xc3,0x18,0xa3,0x10,0xc3,0x18,0xa3,0x10,0xc3,0x18,0xa3,0x10,0xc3,0x18,0xa3,0x10,0xc3,0x18,
    0xa3,0x10,0xc3,0x18,0xa3,0x10,0xc3,0x18,0xa3,0x10,0xc3,0x18,0xa3,0x10,0xc3,0x18,0xa3,0x10,0xc3,0x18,0xa3,0x10,0xc3,0x18,
    0xa3,0x10,0xc3,0x18,0xa3,0x10,0xc3,0x18,0xa3,0x10,0xc3,0x18,0xa3,0x10,0xc3,0x18,0xa3,0x10,0xc3,0x18,0xa3,0x10,0xc3,0x18,
    0xa3,0x10,0xc3,0x18,0xa3,0x10,0xc3,0x18,0xa3,0x10,0xc3,0x18,0xa3,0x10,0xc3,0x18,0xa3,0x10,0xc3,0x18,0xa3,0x10,0xc3,0x18,
    0xa3,0x10,0xc3,0x18,0xa3,0x10,0xc3,0x18,0xa3,0x10,0xc3,0x18,0xa3,0x10,0xc3,0x18,0xa3,0x10,0xc3,0x18,0xa3,0x10,0xc3,0x18,
    0xa3,0x10,0xc3,0x18,0xa3,0x10,0xc3,0x18,0xa3,0x10,0xc3,0x18,0xa3,0x10,0xc3,0x18,0xa3,0x10,0xc3,0x18,0xa3,0x10,0xc3,0x18,
    0xa3,0x10,0xc3,0x18,0xa3,0x10,0xc3,0x18,0xa3,0x10,0xc3,0x18,0xa3,0x10,0xc3,0x18,0xa3,0x10,0x41,0x08,0x20,0x00,0x92,0x8c,
    0xf3,0x94,0xf4,0x9c,0xd3,0x94,0xf3,0x9c,0xd2,0x94,0xd3,0x94,0xb2,0x8c,0xb3,0x94,0x92,0x8c,0x92,0x8c,0x71,0x8c,0x72,0x8c,
    0x51,0x84,0x51,0x84,0x92,0x8c,0x34,0xa5,0x49,0x42,0x00,0x00,0x00,0x00,0x4d,0x63,0x75,0xad,0x30,0x7c,0x51,0x84,0x71,0x84,
    0x92,0x8c,0xb2,0x94,0xd3,0x94,0xf3,0x9c,0x14,0x9d,0x34,0xa5,0x55,0xa5,0x75,0xad,0x96,0xb5,0xb6,0xb5,0xd7,0xb5,0xd7,0xb5,
    0x08,0x42,0x00,0x00,0xa3,0x18,0xa3,0x10,0xc3,0x18,0xc3,0x10,0xc3,0x18,0xa3,0x10,0xc3,0x18,0xc3,0x18,0xc3,0x18,0xa3,0x10,
    0xc3,0x18,0xc3,0x10,0xc3,0x18,0xa3,0x10,0xc3,0x18,0xc3,0x18,0xc3,0x18,0xa3,0x10,0xc3,0x18,0xc3,0x10,0xc3,0x18,0xa3,0x10,
    0xc3,0x18,0xc3,0x18,0xc3,0x18,0xa3,0x10,0xc3,0x18,0xc3,0x10,0xc3,0x18,0xa3,0x10,0xc3,0x18,0xc3,0x18,0xc3,0x18,0xa3,0x10,
    0xc3,0x18,0xc3,0x10,0xc3,0x18,0xa3,0x10,0xc3,0x18,0xc3,0x18,0xc3,0x18,0xa3,0x10,0xc3,0x18,0xc3,0x10,0xc3,0x18,0xa3,0x10,
    0xc3,0x18,0xc3,0x18,0xc3,0x18,0xa3,0x10,0xc3,0x18,0xc3,0x10,0xc3,0x18,0xa3,0x10,0xc3,0x18,0xc3,0x18,0xc3,0x18,0xa3,0x10,
    0xc3,0x18,0xc3,0x10,0xc3,0x18,0xa3,0x10,0xc3,0x18,0xc3,0x18,0xc3,0x18,0xa3,0x10,0xc3,0x18,0xc3,0x10,0xc3,0x18,0xa3,0x10,
    0xc3,0x18,0xc3,0x18,0xc3,0x18,0xa3,0x10,0xc3,0x18,0xc3,0x10,0xc3,0x18,0xa3,0x10,0xc3,0x18,0xc3,0x18,0xc3,0x18,0xa3,0x10,
    0xc3,0x18,0xc3,0x10,0xc3,0x18,0xa3,0x10,0xc3,0x18,0xc3,0x18,0xc3,0x18,0xa3,0x10,0x00,0x00,0xc7,0x39,0x14,0x9d,0xf3,0x9c,
    0xf4,0x9c,0xd3,0x94,0xd3,0x94,0xb3,0x94,0xb3,0x94,0xb2,0x8c,0x92,0x94,0x92,0x8c,0x92,0x8c,0x71,0x8c,0x72,0x8c,0x51,0x84,
    0x51,0x84,0x76,0xad,0x6e,0x6b,0x00,0x00,0xa2,0x10,0x71,0x8c,0xd3,0x94,0x30,0x84,0x51,0x84,0x72,0x8c,0x72,0x8c,0xb2,0x94,
    0xd3,0x94,0xf4,0x9c,0x14,0x9d,0x35,0xa5,0x55,0xa5,0x76,0xad,0x96,0xad,0xb6,0xb5,0xb6,0xb5,0xd3,0x94,0x00,0x00,0x62,0x08,
    0xa3,0x10,0xc3,0x18,0xa3,0x10,0xc3,0x18,0xa3,0x10,0xc3,0x18,0xa3,0x10,0xc3,0x18,0xa3,0x10,0xc3,0x18,0xa3,0x10,0xc3,0x18,
    0xa3,0x10,0xc3,0x18,0xa3,0x10,0xc3,0x18,0xa3,0x10,0xc3,0x18,0xa3,0x10,0xc3,0x18,0xa3,0x10,0xc3,0x18,0xa3,0x10,0xc3,0x18,
    0xa3,0x10,0xc3,0x18,0xa3,0x10,0xc3,0x18,0xa3,0x10,0xc3,0x18,0xa3,0x10,0xc3,0x18,0xa3,0x10,0xc3,0x18,0xa3,0x10,0xc3,0x18,
    0xa3,0x10,0xc3,0x18,0xa3,0x10,0xc3,0x18,0xa3,0x10,0xc3,0x18,0xa3,0x10,0xc3,0x18,0xa3,0x10,0xc3,0x18,0xa3,0x10,0xc3,0x18,
    0xa3,0x10,0xc3,0x18,0xa3,0x10,0xc3,0x18,0xa3,0x10,0xc3,0x18,0xa3,0x10,0xc3,0x18,0xa3,0x10,0xc3,0x18,0xa3,0x10,0xc3,0x18,
    0xa3,0x10,0xc3,0x18,0xa3,0x10,0xc3,0x18,0xa3,0x10,0xc3,0x18,0xa3,0x10,0xc3,0x18,0xa3,0x10,0xc3,0x18,0xa3,0x10,0xc3,0x18,
    0xa3,0x10,0xc3,0x18,0xa3,0x10,0xc3,0x18,0xa3,0x10,0xc3,0x18,0xa3,0x10,0xc3,0x18,0xa3,0x10,0xc3,0x18,0xa3,0x10,0xc3,0x18,
    0xa3,0x10,0xc3,0x18,0xa3,0x10,0xc3,0x18,0xa3,0x10,0xc3,0x18,0x61,0x08,0x00,0x00,0x10,0x7c,0x14,0x9d,0xd3,0x94,0xd3,0x94,
    0xd3,0x94,0xd3,0x94,0xb2,0x8c,0xb2,0x94,0x92,0x8c,0x92,0x8c,0x71,0x84,0x72,0x8c,0x51,0x84,0x51,0x84,0x30,0x84,0x14,0x9d,
    0x92,0x8c,0x82,0x10,0x45,0x29,0xb2,0x8c,0xb3,0x94,0x30,0x7c,0x51,0x84,0x71,0x8c,0x92,0x8c,0xb2,0x94,0xd3,0x94,0xf3,0x9c,
    0x14,0x9d,0x34,0xa5,0x55,0xad,0x75,0xad,0x96,0xad,0xb6,0xb5,0xd7,0xb5,0x45,0x29,0x41,0x08,0xa3,0x10,0xc3,0x18,0xa3,0x10,
    0xc3,0x18,0xa3,0x10,0xc3,0x18,0xa3,0x10,0xc3,0x18,0xa3,0x10,0xc3,0x18,0xa3,0x10,0xc3,0x18,0xa3,0x10,0xc3,0x18,0xa3,0x10,
    0xc3,0x18,0xa3,0x10,0xc3,0x18,0xa3,0x10,0xc3,0x18,0xa3,0x10,0xc3,0x18,0xa3,0x10,0xc3,0x18,0xa3,0x10,0xc3,0x18,0xa3,0x10,
    0xc3,0x18,0xa3,0x10,0xc3,0x18,0xa3,0x10,0xc3,0x18,0xa3,0x10,0xc3,0x18,0xa3,0x10,0xc3,0x18,0xa3,0x10,0xc3,0x18,0xa3,0x10,
    0xc3,0x18,0xa3,0x10,0xc3,0x18,0xa3,0x10,0xc3,0x18,0xa3,0x10,0xc3,0x18,0xa3,0x10,0xc3,0x18,0xa3,0x10,0xc3,0x18,0xa3,0x10,
    0xc3,0x18,0xa3,0x10,0xc3,0x18,0xa3,0x10,0xc3,0x18,0xa3,0x10,0xc3,0x18,0xa3,0x10,0xc3,0x18,0xa3,0x10,0xc3,0x18,0xa3,0x10,
    0xc3,0x18,0xa3,0x10,0xc3,0x18,0xa3,0x10,0xc3,0x18,0xa3,0x10,0xc3,0x18,0xa3,0x10,0xc3,0x18,0xa3,0x10,0xc3,0x18,0xa3,0x10,
    0xc3,0x18,0xa3,0x10,0xc3,0x18,0xa3,0x10,0xc3,0x18,0xa3,0x10,0xc3,0x18,0xa3,0x10,0xc3,0x18,0xa3,0x10,0xc3,0x18,0xa3,0x10,
    0xc3,0x18,0xa3,0x10,0xc3,0x18,0xa3,0x10,0xa3,0x18,0x20,0x00,0x25,0x29,0xf4,0x9c,0xf4,0x9c,0xd3,0x94,0xd3,0x94,0xd3,0x94,
    0xb3,0x94,0xb2,0x8c,0x92,0x94,0x92,0x8c,0x92,0x8c,0x71,0x84,0x72,0x8c,0x51,0x84,0x51,0x84,0xd3,0x94,0xd3,0x9c,0x65,0x29,
    0x86,0x31,0xd3,0x94,0x72,0x8c,0x31,0x84,0x30,0x84,0x71,0x8c,0x72,0x8c,0xb3,0x94,0xd2,0x94,0xf3,0x9c,0x14,0x9d,0x35,0xa5,
    0x54,0xa5,0x75,0xad,0x96,0xad,0xd7,0xb5,0xcf,0x73,0x00,0x00,0x61,0x08,0xa3,0x10,0xa2,0x10,0xa3,0x10,0xa2,0x10,0xa3,0x10,
    0xa2,0x10,0xa3,0x10,0xa2,0x10,0xa3,0x10,0xa2,0x10,0xa3,0x10,0xa2,0x10,0xa3,0x10,0xa2,0x10,0xa3,0x10,0xa2,0x10,0xa3,0x10,
    0xa2,0x10,0xa3,0x10,0xa2,0x10,0xa3,0x10,0xa2,0x10,0xa3,0x10,0xa2,0x10,0xa3,0x10,0xa2,0x10,0xa3,0x10,0xa2,0x10,0xa3,0x10,
    0xa2,0x10,0xa3,0x10,0xa2,0x10,0xa3,0x10,0xa2,0x10,0xa3,0x10,0xa2,0x10,0xa3,0x10,0xa2,0x10,0xa3,0x10,0xa2,0x10,0xa3,0x10,
    0xa2,0x10,0xa3,0x10,0xa2,0x10,0xa3,0x10,0xa2,0x10,0xa3,0x10,0xa2,0x10,0xa3,0x10,0xa2,0x10,0xa3,0x10,0xa2,0x10,0xa3,0x10,
    0xa2,0x10,0xa3,0x10,0xa2,0x10,0xa3,0x10,0xa2,0x10,0xa3,0x10,0xa2,0x10,0xa3,0x10,0xa2,0x10,0xa3,0x10,0xa2,0x10,0xa3,0x10,
    0xa2,0x10,0xa3,0x10,0xa2,0x10,0xa3,0x10,0xa2,0x10,0xa3,0x10,0xa2,0x10,0xa3,0x10,0xa2,0x10,0xa3,0x10,0xa2,0x10,0xa3,0x10,
    0xa2,0x10,0xa3,0x10,0xa2,0x10,0xa3,0x10,0xa2,0x10,0xa3,0x10,0xa2,0x10,0xa3,0x10,0xa2,0x10,0xa3,0x10,0xa2,0x10,0xa3,0x10,
    0xa2,0x10,0xa3,0x10,0xa2,0x10,0x62,0x10,0x00,0x00,0x4d,0x6b,0xd3,0x94,0xf3,0x9c,0xd2,0x94,0xd3,0x94,0xb2,0x8c,0xb3,0x94,
    0x92,0x8c,0x92,0x8c,0x71,0x8c,0x72,0x8c,0x51,0x84,0x51,0x84,0x31,0x84,0xb3,0x94,0xf3,0x94,0xc7,0x39,0x08,0x42,0xf3,0x94,
    0x72,0x8c,0x30,0x7c,0x51,0x84,0x71,0x84,0x92,0x8c,0xb2,0x94,0xd3,0x94,0xf3,0x9c,0x14,0x9d,0x34,0xa5,0x55,0xa5,0x75,0xad,
    0x96,0xb5,0xb6,0xb5,0x45,0x29,0x41,0x08,0xa3,0x18,0xa3,0x10,0xa3,0x10,0xa2,0x10,0xa3,0x18,0xa3,0x10,0xa3,0x10,0xa2,0x10,
    0xa3,0x18,0xa3,0x10,0xa3,0x10,0xa2,0x10,0xa3,0x18,0xa3,0x10,0xa3,0x10,0xa2,0x10,0xa3,0x18,0xa3,0x10,0xa3,0x10,0xa2,0x10,
    0xa3,0x18,0xa3,0x10,0xa3,0x10,0xa2,0x10,0xa3,0x18,0xa3,0x10,0xa3,0x10,0xa2,0x10,0xa3,0x18,0xa3,0x10,0xa3,0x10,0xa2,0x10,
    0xa3,0x18,0xa3,0x10,0xa3,0x10,0xa2,0x10,0xa3,0x18,0xa3,0x10,0xa3,0x10,0xa2,0x10,0xa3,0x18,0xa3,0x10,0xa3,0x10,0xa2,0x10,
    0xa3,0x18,0xa3,0x10,0xa3,0x10,0xa2,0x10,0xa3,0x18,0xa3,0x10,0xa3,0x10,0xa2,0x10,0xa3,0x18,0xa3,0x10,0xa3,0x10,0xa2,0x10,
    0xa3,0x18,0xa3,0x10,0xa3,0x10,0xa2,0x10,0xa3,0x18,0xa3,0x10,0xa3,0x10,0xa2,0x10,0xa3,0x18,0xa3,0x10,0xa3,0x10,0xa2,0x10,
    0xa3,0x18,0xa3,0x10,0xa3,0x10,0xa2,0x10,0xa3,0x18,0xa3,0x10,0xa3,0x10,0xa2,0x10,0xa3,0x18,0xa3,0x10,0xa3,0x10,0xa2,0x10,
    0xa3,0x18,0xa3,0x10,0xa3,0x10,0xa2,0x10,0xa3,0x18,0xa3,0x10,0xa3,0x10,0xa2,0x10,0xa3,0x18,0xa3,0x10,0xa3,0x10,0xa2,0x10,
    0xa3,0x18,0xa3,0x10,0x41,0x08,0x25,0x21,0xf4,0x9c,0xd3,0x94,0xd3,0x94,0xb3,0x94,0xb3,0x94,0xb2,0x8c,0x92,0x94,0x92,0x8c,
    0x72,0x8c,0x71,0x8c,0x72,0x8c,0x51,0x84,0x51,0x84,0x92,0x8c,0x14,0xa5,0x28,0x42,0x49,0x42,0x14,0x9d,0x30,0x84,0x30,0x84,
    0x51,0x84,0x72,0x8c,0x72,0x8c,0xb2,0x94,0xd3,0x94,0xf4,0x9c,0x14,0x9d,0x35,0xa5,0x55,0xa5,0x76,0xad,0x96,0xad,0x55,0xa5,
    0x00,0x00,0x62,0x10,0x82,0x10,0xa3,0x10,0x82,0x10,0xa3,0x10,0x82,0x10,0xa3,0x10,0x82,0x10,0xa3,0x10,0x82,0x10,0xa3,0x10,
    0x82,0x10,0xa3,0x10,0x82,0x10,0xa3,0x10,0x82,0x10,0xa3,0x10,0x82,0x10,0xa3,0x10,0x82,0x10,0xa3,0x10,0x82,0x10,0xa3,0x10,
    0x82,0x10,0xa3,0x10,0x82,0x10,0xa3,0x10,0x82,0x10,0xa3,0x10,0x82,0x10,0xa3,0x10,0x82,0x10,0xa3,0x10,0x82,0x10,0xa3,0x10,
    0x82,0x10,0xa3,0x10,0x82,0x10,0xa3,0x10,0x82,0x10,0xa3,0x10,0x82,0x10,0xa3,0x10,0x82,0x10,0xa3,0x10,0x82,0x10,0xa3,0x10,
    0x82,0x10,0xa3,0x10,0x82,0x10,0xa3,0x10,0x82,0x10,0xa3,0x10,0x82,0x10,0xa3,0x10,0x82,0x10,0xa3,0x10,0x82,0x10,0xa3,0x10,
    0x82,0x10,0xa3,0x10,0x82,0x10,0xa3,0x10,0x82,0x10,0xa3,0x10,0x82,0x10,0xa3,0x10,0x82,0x10,0xa3,0x10,0x82,0x10,0xa3,0x10,
    0x82,0x10,0xa3,0x10,0x82,0x10,0xa3,0x10,0x82,0x10,0xa3,0x10,0x82,0x10,0xa3,0x10,0x82,0x10,0xa3,0x10,0x82,0x10,0xa3,0x10,
    0x82,0x10,0xa3,0x10,0x82,0x10,0xa3,0x10,0x82,0x10,0xa3,0x10,0x82,0x10,0xa3,0x10,0x82,0x10,0xa3,0x10,0x82,0x10,0xa3,0x10,
    0x41,0x08,0x00,0x00,0x92,0x8c,0xd3,0x94,0xd3,0x94,0xd3,0x94,0xb2,0x8c,0xb2,0x94,0x92,0x8c,0x92,0x8c,0x71,0x84,0x72,0x8c,
    0x51,0x84,0x51,0x84,0x30,0x84,0x72,0x8c,0x34,0xa5,0x8a,0x52,0xab,0x52,0x34,0xa5,0x31,0x84,0x30,0x7c,0x51,0x84,0x71,0x8c,
    0x92,0x8c,0xb2,0x94,0xd3,0x94,0xf3,0x9c,0x14,0x9d,0x34,0xa5,0x55,0xad,0x75,0xad,0x96,0xad,0x8e,0x6b,0x00,0x00,0x82,0x10,
    0xa3,0x10,0xa2,0x10,0xa3,0x18,0xa3,0x10,0xa3,0x10,0xa2,0x10,0xa3,0x18,0xa3,0x10,0xa3,0x10,0xa2,0x10,0xa3,0x18,0xa3,0x18,
    0xc5,0x49,0xa7,0x72,0x28,0x8b,0x66,0x6a,0x85,0x41,0xa3,0x18,0xa3,0x18,0xa3,0x10,0xa3,0x10,0xa2,0x10,0xa3,0x18,0xa3,0x10,
    0xa3,0x10,0xa2,0x10,0xa3,0x18,0xa3,0x10,0xa3,0x10,0xa2,0x10,0xa3,0x18,0xa3,0x10,0xa3,0x10,0xa2,0x10,0xa3,0x18,0xa3,0x10,
    0xa3,0x10,0xa2,0x10,0xa3,0x18,0xa3,0x10,0xa3,0x10,0xa2,0x10,0xa3,0x18,0xa3,0x10,0xa3,0x10,0xa2,0x10,0xa3,0x18,0xa3,0x10,
    0xa3,0x10,0xa2,0x10,0xa3,0x18,0xa3,0x10,0xa3,0x10,0xa2,0x10,0xa3,0x18,0xa3,0x10,0xa3,0x10,0xa2,0x10,0xa3,0x18,0xa3,0x10,
    0xa3,0x10,0xa2,0x10,0xa3,0x18,0xa3,0x10,0xa3,0x10,0xa2,0x10,0xa3,0x18,0xa3,0x10,0xa3,0x10,0xa2,0x10,0xa3,0x18,0xa3,0x10,
    0xa3,0x10,0xa2,0x10,0xa3,0x18,0xa3,0x10,0xa3,0x10,0xa2,0x10,0xa3,0x18,0xa3,0x10,0xa3,0x10,0xa2,0x10,0xa3,0x18,0xa3,0x10,
    0xa3,0x10,0xa2,0x10,0xa3,0x18,0xa3,0x10,0xa3,0x10,0xa2,0x10,0xa3,0x18,0xa3,0x10,0xa3,0x10,0xa2,0x10,0x83,0x10,0x00,0x00,
    0x2d,0x63,0xd3,0x94,0xd3,0x94,0xd3,0x94,0xb3,0x94,0xb2,0x8c,0x92,0x94,0x92,0x8c,0x92,0x8c,0x71,0x84,0x72,0x8c,0x51,0x84,
    0x51,0x84,0x51,0x84,0x76,0xad,0xec,0x5a,0xeb,0x5a,0x55,0xa5,0xf0,0x7b,0x31,0x84,0x30,0x84,0x71,0x8c,0x72,0x8c,0xb3,0x94,
    0xd2,0x94,0xf3,0x9c,0x14,0x9d,0x35,0xa5,0x54,0xa5,0x75,0xad,0x96,0xad,0xc7,0x39,0x41,0x08,0x82,0x10,0x82,0x10,0xa3,0x10,
    0x82,0x10,0x82,0x10,0x82,0x10,0xa3,0x10,0x82,0x10,0x82,0x10,0x82,0x10,0xa3,0x10,0x84,0x39,0x2a,0xb4,0xcc,0xcc,0xcc,0xcc,
    0x8b,0xc4,0x4a,0xbc,0xc9,0xab,0x07,0x8b,0x23,0x31,0x82,0x10,0x82,0x10,0xa3,0x10,0x82,0x10,0x82,0x10,0x82,0x10,0xa3,0x10,
    0x82,0x10,0x82,0x10,0x82,0x10,0xa3,0x10,0x82,0x10,0x82,0x10,0x82,0x10,0xa3,0x10,0x82,0x10,0x82,0x10,0x82,0x10,0xa3,0x10,
    0x82,0x10,0x82,0x10,0x82,0x10,0xa3,0x10,0x82,0x10,0x82,0x10,0x82,0x10,0xa3,0x10,0x82,0x10,0x82,0x10,0x82,0x10,0xa3,0x10,
    0x82,0x10,0x82,0x10,0x82,0x10,0xa3,0x10,0x82,0x10,0x82,0x10,0x82,0x10,0xa3,0x10,0x82,0x10,0x82,0x10,0x82,0x10,0xa3,0x10,
    0x82,0x10,0x82,0x10,0x82,0x10,0xa3,0x10,0x82,0x10,0x82,0x10,0x82,0x10,0xa3,0x10,0x82,0x10,0x82,0x10,0x82,0x10,0xa3,0x10,
    0x82,0x10,0x82,0x10,0x82,0x10,0xa3,0x10,0x82,0x10,0x82,0x10,0x82,0x10,0xa3,0x10,0x82,0x10,0x82,0x10,0x82,0x10,0xa3,0x10,
    0x82,0x10,0x82,0x10,0x82,0x10,0xa3,0x10,0x82,0x10,0x82,0x10,0x82,0x10,0xa3,0x10,0x82,0x10,0x41,0x08,0xa6,0x31,0xf3,0x9c,
    0xd2,0x94,0xd3,0x94,0xb2,0x8c,0xb3,0x94,0x92,0x8c,0x92,0x8c,0x71,0x8c,0x72,0x8c,0x51,0x84,0x51,0x84,0x31,0x84,0x31,0x84,
    0x75,0xa5,0x4d,0x63,0x8e,0x6b,0x34,0x9d,0x10,0x7c,0x30,0x7c,0x51,0x84,0x71,0x84,0x92,0x8c,0xb2,0x94,0xd3,0x94,0xf3,0x9c,
    0x14,0x9d,0x34,0xa5,0x55,0xa5,0x75,0xad,0x76,0xad,0x21,0x08,0x41,0x08,0x82,0x10,0xa3,0x10,0x82,0x10,0x83,0x10,0x82,0x10,
    0xa3,0x10,0x82,0x10,0x83,0x10,0x82,0x10,0xa3,0x10,0xa5,0x41,0xcc,0xcc,0x2d,0xd5,0xb1,0xe5,0xd1,0xdd,0x0d,0xd5,0x8b,0xc4,
    0x2a,0xbc,0xa8,0xa3,0x27,0x9b,0x03,0x29,0xa3,0x10,0x82,0x10,0x83,0x10,0x82,0x10,0xa3,0x10,0x82,0x10,0x83,0x10,0x82,0x10,
    0xa3,0x10,0x82,0x10,0x83,0x10,0x82,0x10,0xa3,0x10,0x82,0x10,0x83,0x10,0x82,0x10,0xa3,0x10,0x82,0x10,0x83,0x10,0x82,0x10,
    0xa3,0x10,0x82,0x10,0x83,0x10,0x82,0x10,0xa3,0x10,0x82,0x10,0x83,0x10,0x82,0x10,0xa3,0x10,0x82,0x10,0x83,0x10,0x82,0x10,
    0xa3,0x10,0x82,0x10,0x83,0x10,0x82,0x10,0xa3,0x10,0x82,0x10,0x83,0x10,0x82,0x10,0xa3,0x10,0x82,0x10,0x83,0x10,0x82,0x10,
    0xa3,0x10,0x82,0x10,0x83,0x10,0x82,0x10,0xa3,0x10,0x82,0x10,0x83,0x10,0x82,0x10,0xa3,0x10,0x82,0x10,0x83,0x10,0x82,0x10,
    0xa3,0x10,0x82,0x10,0x83,0x10,0x82,0x10,0xa3,0x10,0x82,0x10,0x83,0x10,0x82,0x10,0xa3,0x10,0x82,0x10,0x83,0x10,0x82,0x10,
    0xa3,0x10,0x82,0x10,0x83,0x10,0x82,0x10,0xa3,0x10,0x82,0x10,0x83,0x10,0x41,0x08,0x41,0x08,0xb3,0x94,0xd3,0x94,0xb3,0x94,
    0xb3,0x94,0xb2,0x8c,0x92,0x94,0x92,0x8c,0x92,0x8c,0x71,0x8c,0x72,0x8c,0x51,0x84,0x51,0x84,0x31,0x84,0x55,0xad,0xae,0x73,
    0xef,0x7b,0x14,0x9d,0xf0,0x7b,0x30,0x84,0x51,0x84,0x72,0x8c,0x72,0x8c,0xb2,0x94,0xd3,0x94,0xf4,0x9c,0x14,0x9d,0x35,0xa5,
    0x55,0xa5,0x76,0xad,0x71,0x8c,0x00,0x00,0x61,0x08,0x82,0x10,0x82,0x10,0x82,0x10,0x82,0x10,0x82,0x10,0x82,0x10,0x82,0x10,
    0x82,0x10,0x82,0x10,0xc2,0x18,0x0a,0xb4,0xed,0xcc,0x75,0xee,0xf8,0xee,0xf8,0xf6,0x6f,0xd5,0xcc,0xcc,0x2a,0xb4,0xa9,0xab,
    0x27,0x93,0x86,0x7a,0xa2,0x10,0x82,0x10,0x82,0x10,0x82,0x10,0x82,0x10,0x82,0x10,0x82,0x10,0x82,0x10,0x82,0x10,0x82,0x10,
    0x82,0x10,0x82,0x10,0x82,0x10,0x82,0x10,0x82,0x10,0x82,0x10,0x82,0x10,0x82,0x10,0x82,0x10,0x82,0x10,0x82,0x10,0x82,0x10,
    0x82,0x10,0x82,0x10,0x82,0x10,0x82,0x10,0x82,0x10,0x82,0x10,0x82,0x10,0x82,0x10,0x82,0x10,0x82,0x10,0x82,0x10,0x82,0x10,
    0x82,0x10,0x82,0x10,0x82,0x10,0x82,0x10,0x82,0x10,0x82,0x10,0x82,0x10,0x82,0x10,0x82,0x10,0x82,0x10,0x82,0x10,0x82,0x10,
    0x82,0x10,0x82,0x10,0x82,0x10,0x82,0x10,0x82,0x10,0x82,0x10,0x82,0x10,0x82,0x10,0x82,0x10,0x82,0x10,0x82,0x10,0x82,0x10,
    0x82,0x10,0x82,0x10,0x82,0x10,0x82,0x10,0x82,0x10,0x82,0x10,0x82,0x10,0x82,0x10,0x82,0x10,0x82,0x10,0x82,0x10,0x82,0x10,
    0x82,0x10,0x82,0x10,0x82,0x10,0x82,0x10,0x82,0x10,0x62,0x10,0x00,0x00,0xf0,0x7b,0xd3,0x94,0xd3,0x94,0xb2,0x8c,0xb2,0x94,
    0x92,0x8c,0x92,0x8c,0x71,0x84,0x72,0x8c,0x51,0x84,0x51,0x84,0x30,0x84,0x31,0x84,0x34,0xa5,0x31,0x84,0x31,0x84,0xf3,0x9c,
    0x10,0x7c,0x30,0x7c,0x51,0x84,0x71,0x8c,0x92,0x8c,0xb2,0x94,0xd3,0x94,0xf3,0x9c,0x14,0x9d,0x34,0xa5,0x55,0xad,0x75,0xad,
    0xf0,0x7b,0x00,0x00,0x82,0x10,0x82,0x10,0x82,0x10,0x82,0x10,0x83,0x10,0x82,0x10,0x83,0x10,0x82,0x10,0x83,0x10,0x82,0x10,
    0xe5,0x51,0x6b,0xc4,0x70,0xdd,0xd8,0xee,0x19,0xf7,0xb7,0xee,0x4f,0xdd,0xac,0xcc,0x4a,0xbc,0xa9,0xab,0x48,0x9b,0xc6,0x8a,
    0x44,0x39,0x82,0x10,0x83,0x10,0x82,0x10,0x82,0x10,0x82,0x10,0x83,0x10,0xa3,0x10,0x25,0x21,0x45,0x29,0x66,0x31,0x65,0x29,
    0x66,0x29,0x45,0x29,0x66,0x31,0x65,0x29,0x66,0x29,0x45,0x29,0x66,0x31,0x65,0x29,0x66,0x29,0x45,0x29,0x66,0x31,0x65,0x29,
    0x66,0x29,0x45,0x29,0x66,0x31,0x65,0x29,0x66,0x29,0x45,0x29,0x66,0x31,0x65,0x29,0x66,0x29,0x45,0x29,0x66,0x31,0x65,0x29,
    0x66,0x29,0x45,0x29,0x66,0x31,0x65,0x29,0x66,0x29,0x45,0x29,0x66,0x31,0x65,0x29,0x66,0x29,0x45,0x29,0x66,0x31,0x65,0x29,
    0x66,0x29,0x45,0x29,0x66,0x31,0x65,0x29,0x66,0x29,0x45,0x29,0x66,0x31,0x65,0x29,0x66,0x29,0x45,0x29,0x66,0x31,0x65,0x29,
    0x66,0x29,0x45,0x29,0x66,0x31,0x65,0x29,0x66,0x29,0x24,0x21,0xa3,0x18,0x82,0x10,0x82,0x10,0x82,0x10,0x83,0x10,0x82,0x10,
    0x83,0x10,0x82,0x10,0x83,0x10,0x62,0x10,0x00,0x00,0x8e,0x6b,0xd3,0x94,0xd3,0x94,0xb3,0x94,0xb2,0x8c,0x92,0x94,0x92,0x8c,
    0x92,0x8c,0x71,0x84,0x72,0x8c,0x51,0x84,0x51,0x84,0x30,0x84,0x35,0xa5,0x71,0x8c,0x10,0x7c,0xf3,0x9c,0xf0,0x7b,0x31,0x84,
    0x30,0x84,0x71,0x8c,0x72,0x8c,0xb3,0x94,0xd2,0x94,0xf3,0x9c,0x14,0x9d,0x35,0xa5,0x54,0xa5,0x75,0xad,0x4d,0x63,0x00,0x00,
    0x61,0x08,0x82,0x10,0x62,0x08,0x82,0x10,0x62,0x08,0x82,0x10,0x82,0x08,0x82,0x10,0x62,0x08,0x82,0x10,0x66,0x6a,0x4a,0xbc,
    0xcc,0xcc,0x54,0xe6,0xf2,0xdd,0x6f,0xdd,0xec,0xcc,0x8b,0xc4,0x09,0xb4,0xa9,0xa3,0x07,0x93,0xc6,0x82,0x83,0x41,0x82,0x10,
    0x62,0x08,0x82,0x10,0x62,0x08,0x82,0x10,0x62,0x08,0x25,0x21,0x45,0x29,0x66,0x29,0x45,0x29,0x66,0x29,0x45,0x29,0x66,0x29,
    0x45,0x29,0x66,0x29,0x45,0x29,0x66,0x29,0x45,0x29,0x66,0x29,0x45,0x29,0x66,0x29,0x45,0x29,0x66,0x29,0x45,0x29,0x66,0x29,
    0x45,0x29,0x66,0x29,0x45,0x29,0x66,0x29,0x45,0x29,0x66,0x29,0x45,0x29,0x66,0x29,0x45,0x29,0x66,0x29,0x45,0x29,0x66,0x29,
    0x45,0x29,0x66,0x29,0x45,0x29,0x66,0x29,0x45,0x29,0x66,0x29,0x45,0x29,0x66,0x29,0x45,0x29,0x66,0x29,0x45,0x29,0x66,0x29,
    0x45,0x29,0x66,0x29,0x45,0x29,0x66,0x29,0x45,0x29,0x66,0x29,0x45,0x29,0x66,0x29,0x45,0x29,0x66,0x29,0x45,0x29,0x66,0x29,
    0x45,0x29,0x66,0x29,0x45,0x29,0x66,0x29,0x04,0x21,0x82,0x10,0x62,0x08,0x82,0x10,0x62,0x08,0x82,0x10,0x82,0x08,0x82,0x10,
    0x62,0x08,0x62,0x10,0x00,0x00,0x0c,0x5b,0xd2,0x94,0xd3,0x94,0xb2,0x8c,0xb3,0x94,0x92,0x8c,0x92,0x8c,0x71,0x8c,0x72,0x8c,
    0x51,0x84,0x51,0x84,0x31,0x84,0x31,0x84,0x14,0x9d,0x71,0x8c,0x10,0x84,0xf3,0x9c,0x10,0x7c,0x30,0x7c,0x51,0x84,0x71,0x84,
    0x92,0x8c,0xb2,0x94,0xd3,0x94,0xf3,0x9c,0x14,0x9d,0x34,0xa5,0x55,0xa5,0x75,0xad,0xcb,0x5a,0x20,0x00,0x82,0x10,0x62,0x08,
    0x82,0x10,0x82,0x10,0x82,0x10,0x62,0x08,0x82,0x10,0x82,0x10,0x82,0x10,0x62,0x08,0x07,0x8b,0x0a,0xb4,0x6b,0xc4,0xac,0xcc,
    0xed,0xcc,0xcc,0xcc,0x8b,0xc4,0x2a,0xbc,0xe9,0xb3,0x68,0x9b,0x07,0x93,0xa5,0x82,0xe5,0x59,0x82,0x10,0x82,0x10,0x62,0x08,
    0x82,0x10,0x82,0x10,0x82,0x10,0x45,0x29,0x66,0x31,0x66,0x72,0x86,0x7a,0x86,0x72,0x86,0x7a,0x86,0x72,0x86,0x7a,0x86,0x72,
    0x86,0x7a,0x86,0x72,0x86,0x7a,0x86,0x72,0x86,0x7a,0x86,0x72,0x86,0x7a,0x86,0x72,0x86,0x7a,0x86,0x72,0x86,0x7a,0x86,0x72,
    0x86,0x7a,0x86,0x72,0x86,0x7a,0x86,0x72,0x86,0x7a,0x86,0x72,0x86,0x7a,0x86,0x72,0x86,0x7a,0x86,0x72,0x86,0x7a,0x86,0x72,
    0x86,0x7a,0x86,0x72,0x86,0x7a,0x86,0x72,0x86,0x7a,0x86,0x72,0x86,0x7a,0x86,0x72,0x86,0x7a,0x86,0x72,0x86,0x7a,0x86,0x72,
    0x86,0x7a,0x86,0x72,0x86,0x7a,0x86,0x72,0x86,0x7a,0x86,0x72,0x86,0x7a,0x86,0x72,0x86,0x7a,0x86,0x72,0x86,0x7a,0x86,0x72,
    0x86,0x72,0x65,0x29,0x66,0x29,0x62,0x08,0x82,0x10,0x82,0x10,0x82,0x10,0x62,0x08,0x82,0x10,0x82,0x10,0x82,0x10,0x62,0x08,
    0x00,0x00,0x8a,0x4a,0xd3,0x94,0xb3,0x94,0xb3,0x94,0xb2,0x8c,0x92,0x94,0x92,0x8c,0x72,0x8c,0x71,0x8c,0x72,0x8c,0x51,0x84,
    0x51,0x84,0x31,0x84,0x34,0xa5,0x71,0x8c,0x10,0x7c,0xf4,0x9c,0xf0,0x7b,0x30,0x84,0x51,0x84,0x72,0x8c,0x72,0x8c,0xb2,0x94,
    0xd3,0x94,0xf4,0x9c,0x14,0x9d,0x35,0xa5,0x55,0xa5,0x76,0xad,0x28,0x42,0x21,0x08,0x62,0x08,0x82,0x10,0x62,0x08,0x82,0x10,
    0x62,0x08,0x82,0x10,0x62,0x08,0x82,0x10,0x62,0x08,0x82,0x10,0xe5,0x59,0xa9,0xab,0x09,0xb4,0x4a,0xbc,0x4a,0xbc,0x4a,0xbc,
    0x2a,0xb4,0xe9,0xb3,0x88,0xa3,0x27,0x93,0xc6,0x82,0x86,0x7a,0x63,0x41,0x82,0x10,0x62,0x08,0x82,0x10,0x62,0x08,0x82,0x10,
    0x62,0x08,0x25,0x21,0x45,0x29,0x86,0x39,0xa5,0x39,0xa6,0x41,0x85,0x39,0xa6,0x41,0xa5,0x39,0xa6,0x41,0x85,0x39,0xa6,0x41,
    0xa5,0x39,0xa6,0x41,0x85,0x39,0xa6,0x41,0xa5,0x39,0xa6,0x41,0x85,0x39,0xa6,0x41,0xa5,0x39,0xa6,0x41,0x85,0x39,0xa6,0x41,
    0xa5,0x39,0xa6,0x41,0x85,0x39,0xa6,0x41,0xa5,0x39,0xa6,0x41,0x85,0x39,0xa6,0x41,0xa5,0x39,0xa6,0x41,0x85,0x39,0xa6,0x41,
    0xa5,0x39,0xa6,0x41,0x85,0x39,0xa6,0x41,0xa5,0x39,0xa6,0x41,0x85,0x39,0xa6,0x41,0xa5,0x39,0xa6,0x41,0x85,0x39,0xa6,0x41,
    0xa5,0x39,0xa6,0x41,0x85,0x39,0xa6,0x41,0xa5,0x39,0xa6,0x41,0x85,0x39,0xa6,0x41,0xa5,0x39,0xa6,0x41,0x85,0x31,0x66,0x29,
    0x24,0x21,0x82,0x10,0x62,0x08,0x82,0x10,0x62,0x08,0x82,0x10,0x62,0x08,0x82,0x10,0x62,0x08,0x82,0x10,0x20,0x00,0x08,0x42,
    0xd3,0x94,0xd3,0x94,0xb2,0x8c,0xb2,0x94,0x92,0x8c,0x92,0x8c,0x71,0x84,0x72,0x8c,0x51,0x84,0x51,0x84,0x30,0x84,0x31,0x84,
    0x14,0x9d,0x72,0x8c,0x31,0x84,0xf3,0x9c,0x10,0x7c,0x30,0x7c,0x51,0x84,0x71,0x8c,0x92,0x8c,0xb2,0x94,0xd3,0x94,0xf3,0x9c,
    0x14,0x9d,0x34,0xa5,0x55,0xad,0x75,0xad,0xa7,0x39,0x20,0x00,0x82,0x10,0x62,0x10,0x82,0x10,0x62,0x08,0x82,0x10,0x62,0x10,
    0x82,0x10,0x62,0x08,0x82,0x10,0x62,0x10,0x64,0x39,0x68,0x9b,0xa9,0xab,0xc9,0xab,0xe9,0xb3,0xc9,0xab,0xc9,0xab,0x88,0xa3,
    0x48,0x9b,0xe6,0x8a,0xa6,0x82,0x65,0x72,0x03,0x31,0x62,0x08,0x82,0x10,0x62,0x10,0x82,0x10,0x62,0x08,0x82,0x10,0xa3,0x10,
    0x25,0x21,0x45,0x29,0x66,0x31,0x65,0x29,0x66,0x29,0x45,0x29,0x66,0x31,0x65,0x29,0x66,0x29,0x45,0x29,0x66,0x31,0x65,0x29,
    0x66,0x29,0x45,0x29,0x66,0x31,0x65,0x29,0x66,0x29,0x45,0x29,0x66,0x31,0x65,0x29,0x66,0x29,0x45,0x29,0x66,0x31,0x65,0x29,
    0x66,0x29,0x45,0x29,0x66,0x31,0x65,0x29,0x66,0x29,0x45,0x29,0x66,0x31,0x65,0x29,0x66,0x29,0x45,0x29,0x66,0x31,0x65,0x29,
    0x66,0x29,0x45,0x29,0x66,0x31,0x65,0x29,0x66,0x29,0x45,0x29,0x66,0x31,0x65,0x29,0x66,0x29,0x45,0x29,0x66,0x31,0x65,0x29,
    0x66,0x29,0x45,0x29,0x66,0x31,0x65,0x29,0x66,0x29,0x45,0x29,0x66,0x31,0x65,0x29,0x66,0x29,0x24,0x21,0xa3,0x18,0x62,0x10,
    0x82,0x10,0x62,0x08,0x82,0x10,0x62,0x10,0x82,0x10,0x62,0x08,0x82,0x10,0x62,0x10,0x21,0x08,0x86,0x31,0xd3,0x94,0xd3,0x94,
    0xb3,0x94,0xb2,0x8c,0x92,0x94,0x92,0x8c,0x92,0x8c,0x71,0x84,0x72,0x8c,0x51,0x84,0x51,0x84,0x30,0x84,0x35,0xa5,0x71,0x8c,
    0x10,0x7c,0xf3,0x9c,0xf0,0x7b,0x31,0x84,0x30,0x84,0x71,0x8c,0x72,0x8c,0xb3,0x94,0xd2,0x94,0xf3,0x9c,0x14,0x9d,0x35,0xa5,
    0x54,0xa5,0x75,0xad,0x65,0x29,0x00,0x00,0x61,0x08,0x62,0x08,0x61,0x08,0x62,0x10,0x61,0x08,0x62,0x08,0x61,0x08,0x62,0x10,
    0x61,0x08,0x62,0x08,0x82,0x10,0xa6,0x82,0x07,0x93,0x47,0x9b,0x47,0x9b,0x68,0x9b,0x27,0x93,0x07,0x93,0xc6,0x82,0xa6,0x82,
    0x65,0x72,0xe4,0x61,0x61,0x10,0x62,0x10,0x61,0x08,0x62,0x08,0x61,0x08,0x62,0x10,0x61,0x08,0x62,0x08,0x61,0x08,0x62,0x10,
    0x61,0x08,0x62,0x08,0x61,0x08,0x62,0x10,0x61,0x08,0x62,0x08,0x61,0x08,0x62,0x10,0x61,0x08,0x62,0x08,0x61,0x08,0x62,0x10,
    0x61,0x08,0x62,0x08,0x61,0x08,0x62,0x10,0x61,0x08,0x62,0x08,0x61,0x08,0x62,0x10,0x61,0x08,0x62,0x08,0x61,0x08,0x62,0x10,
    0x61,0x08,0x62,0x08,0x61,0x08,0x62,0x10,0x61,0x08,0x62,0x08,0x61,0x08,0x62,0x10,0x61,0x08,0x62,0x08,0x61,0x08,0x62,0x10,
    0x61,0x08,0x62,0x08,0x61,0x08,0x62,0x10,0x61,0x08,0x62,0x08,0x61,0x08,0x62,0x10,0x61,0x08,0x62,0x08,0x61,0x08,0x62,0x10,
    0x61,0x08,0x62,0x08,0x61,0x08,0x62,0x10,0x61,0x08,0x62,0x08,0x61,0x08,0x62,0x10,0x61,0x08,0x62,0x08,0x61,0x08,0x62,0x10,
    0x61,0x08,0x62,0x08,0x61,0x08,0x62,0x10,0x61,0x08,0x62,0x08,0x00,0x00,0x45,0x29,0xd2,0x94,0xd3,0x94,0xb2,0x8c,0xb3,0x94,
    0x92,0x8c,0x92,0x8c,0x71,0x8c,0x72,0x8c,0x51,0x84,0x51,0x84,0x31,0x84,0x31,0x84,0x14,0x9d,0x71,0x8c,0x10,0x84,0xf3,0x9c,
    0x10,0x7c,0x30,0x7c,0x51,0x84,0x71,0x84,0x92,0x8c,0xb2,0x94,0xd3,0x94,0xf3,0x9c,0x14,0x9d,0x34,0xa5,0x55,0xa5,0x75,0xad,
    0x66,0x31,0x00,0x00,0x62,0x10,0x61,0x08,0x62,0x10,0x62,0x08,0x62,0x10,0x61,0x08,0x62,0x10,0x62,0x08,0x62,0x10,0x61,0x08,
    0x62,0x10,0x03,0x29,0xc6,0x8a,0xc6,0x8a,0xe7,0x8a,0xe6,0x8a,0xc6,0x8a,0xa6,0x82,0xa6,0x82,0x65,0x72,0x45,0x72,0xc2,0x20,
    0x62,0x10,0x62,0x08,0x62,0x10,0x61,0x08,0x62,0x10,0x62,0x08,0x62,0x10,0x61,0x08,0x62,0x10,0x62,0x08,0x62,0x10,0x61,0x08,
    0x62,0x10,0x62,0x08,0x62,0x10,0x61,0x08,0x62,0x10,0x62,0x08,0x62,0x10,0x61,0x08,0x62,0x10,0x62,0x08,0x62,0x10,0x61,0x08,
    0x62,0x10,0x62,0x08,0x62,0x10,0x61,0x08,0x62,0x10,0x62,0x08,0x62,0x10,0x61,0x08,0x62,0x10,0x62,0x08,0x62,0x10,0x61,0x08,
    0x62,0x10,0x62,0x08,0x62,0x10,0x61,0x08,0x62,0x10,0x62,0x08,0x62,0x10,0x61,0x08,0x62,0x10,0x62,0x08,0x62,0x10,0x61,0x08,
    0x62,0x10,0x62,0x08,0x62,0x10,0x61,0x08,0x62,0x10,0x62,0x08,0x62,0x10,0x61,0x08,0x62,0x10,0x62,0x08,0x62,0x10,0x61,0x08,
    0x62,0x10,0x62,0x08,0x62,0x10,0x61,0x08,0x62,0x10,0x62,0x08,0x62,0x10,0x61,0x08,0x62,0x10,0x62,0x08,0x62,0x10,0x61,0x08,
    0x62,0x10,0x62,0x08,0x62,0x10,0x61,0x08,0x00,0x00,0x45,0x21,0xd3,0x94,0xb3,0x94,0xb3,0x94,0xb2,0x8c,0x92,0x94,0x92,0x8c,
    0x92,0x8c,0x71,0x8c,0x72,0x8c,0x51,0x84,0x51,0x84,0x31,0x84,0x34,0xa5,0x71,0x8c,0x10,0x7c,0xf4,0x9c,0xf0,0x7b,0x30,0x84,
    0x51,0x84,0x72,0x8c,0x72,0x8c,0xb2,0x94,0xd3,0x94,0xf4,0x9c,0x14,0x9d,0x35,0xa5,0x55,0xa5,0x76,0xad,0x45,0x29,0x00,0x00,
    0x61,0x08,0x62,0x10,0x41,0x08,0x62,0x08,0x61,0x08,0x62,0x10,0x41,0x08,0x62,0x08,0x61,0x08,0x62,0x10,0x41,0x08,0x62,0x08,
    0xe2,0x28,0x45,0x6a,0x85,0x7a,0x86,0x7a,0x65,0x7a,0x65,0x7a,0x44,0x6a,0xe4,0x61,0xc2,0x20,0x62,0x10,0x41,0x08,0x62,0x08,
    0x61,0x08,0x62,0x10,0x41,0x08,0x62,0x08,0x61,0x08,0x62,0x10,0x41,0x08,0x62,0x08,0x61,0x08,0x62,0x10,0x41,0x08,0x62,0x08,
    0x61,0x08,0x62,0x10,0x41,0x08,0x62,0x08,0x61,0x08,0x62,0x10,0x41,0x08,0x62,0x08,0x61,0x08,0x62,0x10,0x41,0x08,0x62,0x08,
    0x61,0x08,0x62,0x10,0x41,0x08,0x62,0x08,0x61,0x08,0x62,0x10,0x41,0x08,0x62,0x08,0x61,0x08,0x62,0x10,0x41,0x08,0x62,0x08,
    0x61,0x08,0x62,0x10,0x41,0x08,0x62,0x08,0x61,0x08,0x62,0x10,0x41,0x08,0x62,0x08,0x61,0x08,0x62,0x10,0x41,0x08,0x62,0x08,
    0x61,0x08,0x62,0x10,0x41,0x08,0x62,0x08,0x61,0x08,0x62,0x10,0x41,0x08,0x62,0x08,0x61,0x08,0x62,0x10,0x41,0x08,0x62,0x08,
    0x61,0x08,0x62,0x10,0x41,0x08,0x62,0x08,0x61,0x08,0x62,0x10,0x41,0x08,0x62,0x08,0x61,0x08,0x62,0x10,0x41,0x08,0x62,0x08,
    0x61,0x08,0x62,0x10,0x00,0x00,0x25,0x29,0xd3,0x94,0xd3,0x94,0xb2,0x8c,0xb2,0x94,0x92,0x8c,0x92,0x8c,0x71,0x84,0x72,0x8c,
    0x51,0x84,0x51,0x84,0x30,0x84,0x31,0x84,0x14,0x9d,0x72,0x8c,0x31,0x84,0xf3,0x9c,0x10,0x7c,0x30,0x7c,0x51,0x84,0x71,0x8c,
    0x92,0x8c,0xb2,0x94,0xd3,0x94,0xf3,0x9c,0x14,0x9d,0x34,0xa5,0x55,0xad,0x75,0xad,0x66,0x31,0x00,0x00,0x62,0x10,0x61,0x08,
    0x62,0x10,0x61,0x08,0x62,0x10,0x61,0x08,0x62,0x10,0x61,0x08,0x62,0x10,0x61,0x08,0x62,0x10,0x61,0x08,0x62,0x10,0x62,0x10,
    0x03,0x31,0x63,0x41,0xa4,0x51,0x43,0x41,0xe3,0x28,0x62,0x08,0x62,0x10,0x61,0x08,0x62,0x10,0x61,0x08,0x62,0x10,0x61,0x08,
    0x62,0x10,0x61,0x08,0x62,0x10,0x61,0x08,0x62,0x10,0x61,0x08,0x62,0x10,0x61,0x08,0x62,0x10,0x61,0x08,0x62,0x10,0x61,0x08,
    0x62,0x10,0x61,0x08,0x62,0x10,0x61,0x08,0x62,0x10,0x61,0x08,0x62,0x10,0x61,0x08,0x62,0x10,0x61,0x08,0x62,0x10,0x61,0x08,
    0x62,0x10,0x61,0x08,0x62,0x10,0x61,0x08,0x62,0x10,0x61,0x08,0x62,0x10,0x61,0x08,0x62,0x10,0x61,0x08,0x62,0x10,0x61,0x08,
    0x62,0x10,0x61,0x08,0x62,0x10,0x61,0x08,0x62,0x10,0x61,0x08,0x62,0x10,0x61,0x08,0x62,0x10,0x61,0x08,0x62,0x10,0x61,0x08,
    0x62,0x10,0x61,0x08,0x62,0x10,0x61,0x08,0x62,0x10,0x61,0x08,0x62,0x10,0x61,0x08,0x62,0x10,0x61,0x08,0x62,0x10,0x61,0x08,
    0x62,0x10,0x61,0x08,0x62,0x10,0x61,0x08,0x62,0x10,0x61,0x08,0x62,0x10,0x61,0x08,0x62,0x10,0x61,0x08,0x62,0x10,0x61,0x08,
    0x00,0x00,0x25,0x21,0xd3,0x94,0xd3,0x94,0xb3,0x94,0xb2,0x8c,0x92,0x94,0x92,0x8c,0x92,0x8c,0x71,0x84,0x72,0x8c,0x51,0x84,
    0x51,0x84,0x30,0x84,0x35,0xa5,0x71,0x8c,0x10,0x7c,0xf3,0x9c,0xf0,0x7b,0x31,0x84,0x30,0x84,0x71,0x8c,0x72,0x8c,0xb3,0x94,
    0xd2,0x94,0xf3,0x9c,0x14,0x9d,0x35,0xa5,0x54,0xa5,0x75,0xad,0x65,0x29,0x00,0x00,0x41,0x08,0x61,0x08,0x41,0x08,0x61,0x08,
    0x41,0x08,0x61,0x08,0x41,0x08,0x61,0x08,0x41,0x08,0x61,0x08,0x41,0x08,0x61,0x08,0x41,0x08,0x61,0x08,0x41,0x08,0x61,0x08,
    0x41,0x08,0x61,0x08,0x41,0x08,0x61,0x08,0x41,0x08,0x61,0x08,0x41,0x08,0x61,0x08,0x41,0x08,0x61,0x08,0x41,0x08,0x61,0x08,
    0x41,0x08,0x61,0x08,0x41,0x08,0x61,0x08,0x41,0x08,0x61,0x08,0x41,0x08,0x61,0x08,0x41,0x08,0x61,0x08,0x41,0x08,0x61,0x08,
    0x41,0x08,0x61,0x08,0x41,0x08,0x61,0x08,0x41,0x08,0x61,0x08,0x41,0x08,0x61,0x08,0x41,0x08,0x61,0x08,0x41,0x08,0x61,0x08,
    0x41,0x08,0x61,0x08,0x41,0x08,0x61,0x08,0x41,0x08,0x61,0x08,0x41,0x08,0x61,0x08,0x41,0x08,0x61,0x08,0x41,0x08,0x61,0x08,
    0x41,0x08,0x61,0x08,0x41,0x08,0x61,0x08,0x41,0x08,0x61,0x08,0x41,0x08,0x61,0x08,0x41,0x08,0x61,0x08,0x41,0x08,0x61,0x08,
    0x41,0x08,0x61,0x08,0x41,0x08,0x61,0x08,0x41,0x08,0x61,0x08,0x41,0x08,0x61,0x08,0x41,0x08,0x61,0x08,0x41,0x08,0x61,0x08,
    0x41,0x08,0x61,0x08,0x41,0x08,0x61,0x08,0x41,0x08,0x61,0x08,0x41,0x08,0x61,0x08,0x41,0x08,0x61,0x08,0x00,0x00,0x45,0x29,
    0xd2,0x94,0xd3,0x94,0xb2,0x8c,0xb3,0x94,0x92,0x8c,0x92,0x8c,0x71,0x8c,0x72,0x8c,0x51,0x84,0x51,0x84,0x31,0x84,0x31,0x84,
    0x14,0x9d,0x71,0x8c,0x10,0x84,0xf3,0x9c,0x10,0x7c,0x30,0x7c,0x51,0x84,0x71,0x84,0x92,0x8c,0xb2,0x94,0xd3,0x94,0xf3,0x9c,
    0x14,0x9d,0x34,0xa5,0x55,0xa5,0x75,0xad,0x66,0x31,0x00,0x00,0x61,0x08,0x41,0x08,0x62,0x10,0x41,0x08,0x61,0x08,0x41,0x08,
    0x62,0x10,0x41,0x08,0x61,0x08,0x41,0x08,0x62,0x10,0x41,0x08,0x61,0x08,0x41,0x08,0x62,0x10,0x41,0x08,0x61,0x08,0x41,0x08,
    0x62,0x10,0x41,0x08,0x61,0x08,0x41,0x08,0x62,0x10,0x41,0x08,0x61,0x08,0x41,0x08,0x62,0x10,0x41,0x08,0x61,0x08,0x41,0x08,
    0x62,0x10,0x41,0x08,0x61,0x08,0x41,0x08,0x62,0x10,0x41,0x08,0x61,0x08,0x41,0x08,0x62,0x10,0x41,0x08,0x61,0x08,0x41,0x08,
    0x62,0x10,0x41,0x08,0x61,0x08,0x41,0x08,0x62,0x10,0x41,0x08,0x61,0x08,0x41,0x08,0x62,0x10,0x41,0x08,0x61,0x08,0x41,0x08,
    0x62,0x10,0x41,0x08,0x61,0x08,0x41,0x08,0x62,0x10,0x41,0x08,0x61,0x08,0x41,0x08,0x62,0x10,0x41,0x08,0x61,0x08,0x41,0x08,
    0x62,0x10,0x41,0x08,0x61,0x08,0x41,0x08,0x62,0x10,0x41,0x08,0x61,0x08,0x41,0x08,0x62,0x10,0x41,0x08,0x61,0x08,0x41,0x08,
    0x62,0x10,0x41,0x08,0x61,0x08,0x41,0x08,0x62,0x10,0x41,0x08,0x61,0x08,0x41,0x08,0x62,0x10,0x41,0x08,0x61,0x08,0x41,0x08,
    0x62,0x10,0x41,0x08,0x61,0x08,0x41,0x08,0x62,0x10,0x41,0x08,0x61,0x08,0x41,0x08,0x00,0x00,0x45,0x21,0xd3,0x94,0xb3,0x94,
    0xb3,0x94,0xb2,0x8c,0x92,0x94,0x92,0x8c,0x72,0x8c,0x71,0x8c,0x72,0x8c,0x51,0x84,0x51,0x84,0x31,0x84,0x34,0xa5,0x71,0x8c,
    0x10,0x7c,0xf4,0x9c,0xf0,0x7b,0x30,0x84,0x51,0x84,0x72,0x8c,0x72,0x8c,0xb2,0x94,0xd3,0x94,0xf4,0x9c,0x14,0x9d,0x35,0xa5,
    0x55,0xa5,0x76,0xad,0x45,0x29,0x00,0x00,0x41,0x08,0x41,0x08,0x41,0x08,0x41,0x08,0x41,0x08,0x41,0x08,0x41,0x08,0x41,0x08,
    0x41,0x08,0x41,0x08,0x41,0x08,0x41,0x08,0x41,0x08,0x41,0x08,0x41,0x08,0x41,0x08,0x41,0x08,0x41,0x08,0x41,0x08,0x41,0x08,
    0x41,0x08,0x41,0x08,0x41,0x08,0x41,0x08,0x41,0x08,0x41,0x08,0x41,0x08,0x41,0x08,0x41,0x08,0x41,0x08,0x41,0x08,0x41,0x08,
    0x41,0x08,0x41,0x08,0x41,0x08,0x41,0x08,0x41,0x08,0x41,0x08,0x41,0x08,0x41,0x08,0x41,0x08,0x41,0x08,0x41,0x08,0x41,0x08,
    0x41,0x08,0x41,0x08,0x41,0x08,0x41,0x08,0x41,0x08,0x41,0x08,0x41,0x08,0x41,0x08,0x41,0x08,0x41,0x08,0x41,0x08,0x41,0x08,
    0x41,0x08,0x41,0x08,0x41,0x08,0x41,0x08,0x41,0x08,0x41,0x08,0x41,0x08,0x41,0x08,0x41,0x08,0x41,0x08,0x41,0x08,0x41,0x08,
    0x41,0x08,0x41,0x08,0x41,0x08,0x41,0x08,0x41,0x08,0x41,0x08,0x41,0x08,0x41,0x08,0x41,0x08,0x41,0x08,0x41,0x08,0x41,0x08,
    0x41,0x08,0x41,0x08,0x41,0x08,0x41,0x08,0x41,0x08,0x41,0x08,0x41,0x08,0x41,0x08,0x41,0x08,0x41,0x08,0x41,0x08,0x41,0x08,
    0x41,0x08,0x41,0x08,0x41,0x08,0x41,0x08,0x41,0x08,0x41,0x08,0x00,0x00,0x25,0x29,0xd3,0x94,0xd3,0x94,0xb2,0x8c,0xb2,0x94,
    0x92,0x8c,0x92,0x8c,0x71,0x84,0x72,0x8c,0x51,0x84,0x51,0x84,0x30,0x84,0x31,0x84,0x14,0x9d,0x72,0x8c,0x31,0x84,0xf3,0x9c,
    0x10,0x7c,0x30,0x7c,0x51,0x84,0x71,0x8c,0x92,0x8c,0xb2,0x94,0xd3,0x94,0xf3,0x9c,0x14,0x9d,0x34,0xa5,0x55,0xad,0x75,0xad,
    0x66,0x31,0x00,0x00,0x42,0x08,0x41,0x08,0x41,0x08,0x41,0x08,0x42,0x08,0x41,0x08,0x41,0x08,0x41,0x08,0x42,0x08,0x41,0x08,
    0x41,0x08,0x41,0x08,0x42,0x08,0x41,0x08,0x41,0x08,0x41,0x08,0x42,0x08,0x41,0x08,0x41,0x08,0x41,0x08,0x42,0x08,0x41,0x08,
    0x41,0x08,0x41,0x08,0x42,0x08,0x41,0x08,0x41,0x08,0x41,0x08,0x42,0x08,0x41,0x08,0x41,0x08,0x41,0x08,0x42,0x08,0x41,0x08,
    0x41,0x08,0x41,0x08,0x42,0x08,0x41,0x08,0x41,0x08,0x41,0x08,0x42,0x08,0x41,0x08,0x41,0x08,0x41,0x08,0x42,0x08,0x41,0x08,
    0x41,0x08,0x41,0x08,0x42,0x08,0x41,0x08,0x41,0x08,0x41,0x08,0x42,0x08,0x41,0x08,0x41,0x08,0x41,0x08,0x42,0x08,0x41,0x08,
    0x41,0x08,0x41,0x08,0x42,0x08,0x41,0x08,0x41,0x08,0x41,0x08,0x42,0x08,0x41,0x08,0x41,0x08,0x41,0x08,0x42,0x08,0x41,0x08,
    0x41,0x08,0x41,0x08,0x42,0x08,0x41,0x08,0x41,0x08,0x41,0x08,0x42,0x08,0x41,0x08,0x41,0x08,0x41,0x08,0x42,0x08,0x41,0x08,
    0x41,0x08,0x41,0x08,0x42,0x08,0x41,0x08,0x41,0x08,0x41,0x08,0x42,0x08,0x41,0x08,0x41,0x08,0x41,0x08,0x42,0x08,0x41,0x08,
    0x41,0x08,0x41,0x08,0x42,0x08,0x41,0x08,0x00,0x00,0x25,0x21,0xd3,0x94,0xd3,0x94,0xb3,0x94,0xb2,0x8c,0x92,0x94,0x92,0x8c,
    0x92,0x8c,0x71,0x84,0x72,0x8c,0x51,0x84,0x51,0x84,0x30,0x84,0x35,0xa5,0x71,0x8c,0x10,0x7c,0xf3,0x9c,0xf0,0x7b,0x31,0x84,
    0x30,0x84,0x71,0x8c,0x72,0x8c,0xb3,0x94,0xd2,0x94,0xf3,0x9c,0x14,0x9d,0x35,0xa5,0x54,0xa5,0x75,0xad,0x65,0x29,0x00,0x00,
    0x21,0x00,0x41,0x08,0x41,0x08,0x41,0x08,0x21,0x00,0x41,0x08,0x41,0x08,0x41,0x08,0x21,0x00,0x41,0x08,0x41,0x08,0x41,0x08,
    0x21,0x00,0x41,0x08,0x41,0x08,0x41,0x08,0x21,0x00,0x41,0x08,0x41,0x08,0x41,0x08,0x21,0x00,0x41,0x08,0x41,0x08,0x41,0x08,
    0x21,0x00,0x41,0x08,0x41,0x08,0x41,0x08,0x21,0x00,0x41,0x08,0x41,0x08,0x41,0x08,0x21,0x00,0x41,0x08,0x41,0x08,0x41,0x08,
    0x21,0x00,0x41,0x08,0x41,0x08,0x41,0x08,0x21,0x00,0x41,0x08,0x41,0x08,0x41,0x08,0x21,0x00,0x41,0x08,0x41,0x08,0x41,0x08,
    0x21,0x00,0x41,0x08,0x41,0x08,0x41,0x08,0x21,0x00,0x41,0x08,0x41,0x08,0x41,0x08,0x21,0x00,0x41,0x08,0x41,0x08,0x41,0x08,
    0x21,0x00,0x41,0x08,0x41,0x08,0x41,0x08,0x21,0x00,0x41,0x08,0x41,0x08,0x41,0x08,0x21,0x00,0x41,0x08,0x41,0x08,0x41,0x08,
    0x21,0x00,0x41,0x08,0x41,0x08,0x41,0x08,0x21,0x00,0x41,0x08,0x41,0x08,0x41,0x08,0x21,0x00,0x41,0x08,0x41,0x08,0x41,0x08,
    0x21,0x00,0x41,0x08,0x41,0x08,0x41,0x08,0x21,0x00,0x41,0x08,0x41,0x08,0x41,0x08,0x21,0x00,0x41,0x08,0x41,0x08,0x41,0x08,
    0x21,0x00,0x41,0x08,0x00,0x00,0x45,0x29,0xd2,0x94,0xd3,0x94,0xb2,0x8c,0xb3,0x94,0x92,0x8c,0x92,0x8c,0x71,0x8c,0x72,0x8c,
    0x51,0x84,0x51,0x84,0x31,0x84,0x31,0x84,0x14,0x9d,0x71,0x8c,0x10,0x84,0xf3,0x9c,0x10,0x7c,0x30,0x7c,0x51,0x84,0x71,0x84,
    0x92,0x8c,0xb2,0x94,0xd3,0x94,0xf3,0x9c,0x14,0x9d,0x34,0xa5,0x55,0xa5,0x75,0xad,0x66,0x31,0x00,0x00,0x41,0x08,0x41,0x08,
    0x41,0x08,0x41,0x08,0x41,0x08,0x41,0x08,0x41,0x08,0x41,0x08,0x41,0x08,0x41,0x08,0x41,0x08,0x41,0x08,0x41,0x08,0x41,0x08,
    0x41,0x08,0x41,0x08,0x41,0x08,0x41,0x08,0x41,0x08,0x41,0x08,0x41,0x08,0x41,0x08,0x41,0x08,0x41,0x08,0x41,0x08,0x41,0x08,
    0x41,0x08,0x41,0x08,0x41,0x08,0x41,0x08,0x41,0x08,0x41,0x08,0x41,0x08,0x41,0x08,0x41,0x08,0x41,0x08,0x41,0x08,0x41,0x08,
    0x41,0x08,0x41,0x08,0x41,0x08,0x41,0x08,0x41,0x08,0x41,0x08,0x41,0x08,0x41,0x08,0x41,0x08,0x41,0x08,0x41,0x08,0x41,0x08,
    0x41,0x08,0x41,0x08,0x41,0x08,0x41,0x08,0x41,0x08,0x41,0x08,0x41,0x08,0x41,0x08,0x41,0x08,0x41,0x08,0x41,0x08,0x41,0x08,
    0x41,0x08,0x41,0x08,0x41,0x08,0x41,0x08,0x41,0x08,0x41,0x08,0x41,0x08,0x41,0x08,0x41,0x08,0x41,0x08,0x41,0x08,0x41,0x08,
    0x41,0x08,0x41,0x08,0x41,0x08,0x41,0x08,0x41,0x08,0x41,0x08,0x41,0x08,0x41,0x08,0x41,0x08,0x41,0x08,0x41,0x08,0x41,0x08,
    0x41,0x08,0x41,0x08,0x41,0x08,0x41,0x08,0x41,0x08,0x41,0x08,0x41,0x08,0x41,0x08,0x41,0x08,0x41,0x08,0x41,0x08,0x41,0x08,
    0x00,0x00,0x45,0x21,0xd3,0x94,0xb3,0x94,0xb3,0x94,0xb2,0x8c,0x92,0x94,0x92,0x8c,0x92,0x8c,0x71,0x8c,0x72,0x8c,0x51,0x84,
    0x51,0x84,0x31,0x84,0x34,0xa5,0x71,0x8c,0x10,0x7c,0xf4,0x9c,0xf0,0x7b,0x30,0x84,0x51,0x84,0x72,0x8c,0x72,0x8c,0xb2,0x94,
    0xd3,0x94,0xf4,0x9c,0x14,0x9d,0x35,0xa5,0x55,0xa5,0x76,0xad,0x45,0x29,0x00,0x00,0x21,0x00,0x41,0x08,0x20,0x00,0x41,0x08,
    0x21,0x00,0x41,0x08,0x20,0x00,0x41,0x08,0x21,0x00,0x41,0x08,0x20,0x00,0x41,0x08,0x21,0x00,0x41,0x08,0x20,0x00,0x41,0x08,
    0x21,0x00,0x41,0x08,0x20,0x00,0x41,0x08,0x21,0x00,0x41,0x08,0x20,0x00,0x41,0x08,0x21,0x00,0x41,0x08,0x20,0x00,0x41,0x08,
    0x21,0x00,0x41,0x08,0x20,0x00,0x41,0x08,0x21,0x00,0x41,0x08,0x20,0x00,0x41,0x08,0x21,0x00,0x41,0x08,0x20,0x00,0x41,0x08,
    0x21,0x00,0x41,0x08,0x20,0x00,0x41,0x08,0x21,0x00,0x41,0x08,0x20,0x00,0x41,0x08,0x21,0x00,0x41,0x08,0x20,0x00,0x41,0x08,
    0x21,0x00,0x41,0x08,0x20,0x00,0x41,0x08,0x21,0x00,0x41,0x08,0x20,0x00,0x41,0x08,0x21,0x00,0x41,0x08,0x20,0x00,0x41,0x08,
    0x21,0x00,0x41,0x08,0x20,0x00,0x41,0x08,0x21,0x00,0x41,0x08,0x20,0x00,0x41,0x08,0x21,0x00,0x41,0x08,0x20,0x00,0x41,0x08,
    0x21,0x00,0x41,0x08,0x20,0x00,0x41,0x08,0x21,0x00,0x41,0x08,0x20,0x00,0x41,0x08,0x21,0x00,0x41,0x08,0x20,0x00,0x41,0x08,
    0x21,0x00,0x41,0x08,0x20,0x00,0x41,0x08,0x21,0x00,0x41,0x08,0x20,0x00,0x41,0x08,0x21,0x00,0x41,0x08,0x00,0x00,0x25,0x29,
    0xd3,0x94,0xd3,0x94,0xb2,0x8c,0xb2,0x94,0x92,0x8c,0x92,0x8c,0x71,0x84,0x72,0x8c,0x51,0x84,0x51,0x84,0x30,0x84,0x31,0x84,
    0x14,0x9d,0x72,0x8c,0x31,0x84,0xf3,0x9c,0x10,0x7c,0x30,0x7c,0x51,0x84,0x71,0x8c,0x92,0x8c,0xb2,0x94,0xd3,0x94,0xf3,0x9c,
    0x14,0x9d,0x34,0xa5,0x55,0xad,0x75,0xad,0x66,0x31,0x00,0x00,0x41,0x08,0x21,0x08,0x41,0x08,0x21,0x08,0x41,0x08,0x21,0x08,
    0x41,0x08,0x21,0x08,0x41,0x08,0x21,0x08,0x41,0x08,0x21,0x08,0x41,0x08,0x21,0x08,0x41,0x08,0x21,0x08,0x41,0x08,0x21,0x08,
    0x41,0x08,0x21,0x08,0x41,0x08,0x21,0x08,0x41,0x08,0x21,0x08,0x41,0x08,0x21,0x08,0x41,0x08,0x21,0x08,0x41,0x08,0x21,0x08,
    0x41,0x08,0x21,0x08,0x41,0x08,0x21,0x08,0x41,0x08,0x21,0x08,0x41,0x08,0x21,0x08,0x41,0x08,0x21,0x08,0x41,0x08,0x21,0x08,
    0x41,0x08,0x21,0x08,0x41,0x08,0x21,0x08,0x41,0x08,0x21,0x08,0x41,0x08,0x21,0x08,0x41,0x08,0x21,0x08,0x41,0x08,0x21,0x08,
    0x41,0x08,0x21,0x08,0x41,0x08,0x21,0x08,0x41,0x08,0x21,0x08,0x41,0x08,0x21,0x08,0x41,0x08,0x21,0x08,0x41,0x08,0x21,0x08,
    0x41,0x08,0x21,0x08,0x41,0x08,0x21,0x08,0x41,0x08,0x21,0x08,0x41,0x08,0x21,0x08,0x41,0x08,0x21,0x08,0x41,0x08,0x21,0x08,
    0x41,0x08,0x21,0x08,0x41,0x08,0x21,0x08,0x41,0x08,0x21,0x08,0x41,0x08,0x21,0x08,0x41,0x08,0x21,0x08,0x41,0x08,0x21,0x08,
    0x41,0x08,0x21,0x08,0x41,0x08,0x21,0x08,0x41,0x08,0x21,0x08,0x41,0x08,0x21,0x08,0x00,0x00,0x25,0x21,0xd3,0x94,0xd3,0x94,
    0xb3,0x94,0xb2,0x8c,0x92,0x94,0x92,0x8c,0x92,0x8c,0x71,0x84,0x72,0x8c,0x51,0x84,0x51,0x84,0x30,0x84,0x35,0xa5,0x71,0x8c,
    0x10,0x7c,0xf3,0x9c,0xf0,0x7b,0x31,0x84,0x30,0x84,0x71,0x8c,0x72,0x8c,0xb3,0x94,0xd2,0x94,0xf3,0x9c,0x14,0x9d,0x35,0xa5,
    0x54,0xa5,0x75,0xad,0x65,0x29,0x00,0x00,0x20,0x00,0x21,0x08,0x20,0x00,0x21,0x08,0x20,0x00,0x21,0x08,0x20,0x00,0x21,0x08,
    0x20,0x00,0x21,0x08,0x20,0x00,0x21,0x08,0x20,0x00,0x21,0x08,0x20,0x00,0x21,0x08,0x20,0x00,0x21,0x08,0x20,0x00,0x21,0x08,
    0x20,0x00,0x21,0x08,0x20,0x00,0x21,0x08,0x20,0x00,0x21,0x08,0x20,0x00,0x21,0x08,0x20,0x00,0x21,0x08,0x20,0x00,0x21,0x08,
    0x20,0x00,0x21,0x08,0x20,0x00,0x21,0x08,0x20,0x00,0x21,0x08,0x20,0x00,0x21,0x08,0x20,0x00,0x21,0x08,0x20,0x00,0x21,0x08,
    0x20,0x00,0x21,0x08,0x20,0x00,0x21,0x08,0x20,0x00,0x21,0x08,0x20,0x00,0x21,0x08,0x20,0x00,0x21,0x08,0x20,0x00,0x21,0x08,
    0x20,0x00,0x21,0x08,0x20,0x00,0x21,0x08,0x20,0x00,0x21,0x08,0x20,0x00,0x21,0x08,0x20,0x00,0x21,0x08,0x20,0x00,0x21,0x08,
    0x20,0x00,0x21,0x08,0x20,0x00,0x21,0x08,0x20,0x00,0x21,0x08,0x20,0x00,0x21,0x08,0x20,0x00,0x21,0x08,0x20,0x00,0x21,0x08,
    0x20,0x00,0x21,0x08,0x20,0x00,0x21,0x08,0x20,0x00,0x21,0x08,0x20,0x00,0x21,0x08,0x20,0x00,0x21,0x08,0x20,0x00,0x21,0x08,
    0x20,0x00,0x21,0x08,0x20,0x00,0x21,0x08,0x20,0x00,0x21,0x08,0x00,0x00,0x45,0x29,0xd2,0x94,0xd3,0x94,0xb2,0x8c,0xb3,0x94,
    0x92,0x8c,0x92,0x8c,0x71,0x8c,0x72,0x8c,0x51,0x84,0x51,0x84,0x31,0x84,0x31,0x84,0x14,0x9d,0x71,0x8c,0x10,0x84,0xf3,0x9c,
    0x10,0x7c,0x30,0x7c,0x51,0x84,0x71,0x84,0x92,0x8c,0xb2,0x94,0xd3,0x94,0xf3,0x9c,0x14,0x9d,0x34,0xa5,0x55,0xa5,0x75,0xad,
    0x66,0x31,0x00,0x00,0x41,0x08,0x21,0x00,0x21,0x08,0x21,0x08,0x41,0x08,0x21,0x00,0x41,0x08,0x21,0x08,0x41,0x08,0x21,0x00,
    0x21,0x08,0x21,0x08,0x41,0x08,0x21,0x00,0x41,0x08,0x21,0x08,0x41,0x08,0x21,0x00,0x21,0x08,0x21,0x08,0x41,0x08,0x21,0x00,
    0x41,0x08,0x21,0x08,0x41,0x08,0x21,0x00,0x21,0x08,0x21,0x08,0x41,0x08,0x21,0x00,0x41,0x08,0x21,0x08,0x41,0x08,0x21,0x00,
    0x21,0x08,0x21,0x08,0x41,0x08,0x21,0x00,0x41,0x08,0x21,0x08,0x41,0x08,0x21,0x00,0x21,0x08,0x21,0x08,0x41,0x08,0x21,0x00,
    0x41,0x08,0x21,0x08,0x41,0x08,0x21,0x00,0x21,0x08,0x21,0x08,0x41,0x08,0x21,0x00,0x41,0x08,0x21,0x08,0x41,0x08,0x21,0x00,
    0x21,0x08,0x21,0x08,0x41,0x08,0x21,0x00,0x41,0x08,0x21,0x08,0x41,0x08,0x21,0x00,0x21,0x08,0x21,0x08,0x41,0x08,0x21,0x00,
    0x41,0x08,0x21,0x08,0x41,0x08,0x21,0x00,0x21,0x08,0x21,0x08,0x41,0x08,0x21,0x00,0x41,0x08,0x21,0x08,0x41,0x08,0x21,0x00,
    0x21,0x08,0x21,0x08,0x41,0x08,0x21,0x00,0x41,0x08,0x21,0x08,0x41,0x08,0x21,0x00,0x21,0x08,0x21,0x08,0x41,0x08,0x21,0x00,
    0x41,0x08,0x21,0x08,0x41,0x08,0x21,0x00,0x00,0x00,0x45,0x21,0xd3,0x94,0xb3,0x94,0xb3,0x94,0xb2,0x8c,0x92,0x94,0x92,0x8c,
    0x72,0x8c,0x71,0x8c,0x72,0x8c,0x51,0x84,0x51,0x84,0x31,0x84,0x34,0xa5,0x71,0x8c,0x10,0x7c,0xf4,0x9c,0xf0,0x7b,0x30,0x84,
    0x51,0x84,0x72,0x8c,0x72,0x8c,0xb2,0x94,0xd3,0x94,0xf4,0x9c,0x14,0x9d,0x35,0xa5,0x55,0xa5,0x76,0xad,0x45,0x29,0x00,0x00,
    0x20,0x00,0x21,0x08,0x20,0x00,0x21,0x08,0x20,0x00,0x21,0x08,0x20,0x00,0x21,0x08,0x20,0x00,0x21,0x08,0x20,0x00,0x21,0x08,
    0x20,0x00,0x21,0x08,0x20,0x00,0x21,0x08,0x20,0x00,0x21,0x08,0x20,0x00,0x21,0x08,0x20,0x00,0x21,0x08,0x20,0x00,0x21,0x08,
    0x20,0x00,0x21,0x08,0x20,0x00,0x21,0x08,0x20,0x00,0x21,0x08,0x20,0x00,0x21,0x08,0x20,0x00,0x21,0x08,0x20,0x00,0x21,0x08,
    0x20,0x00,0x21,0x08,0x20,0x00,0x21,0x08,0x20,0x00,0x21,0x08,0x20,0x00,0x21,0x08,0x20,0x00,0x21,0x08,0x20,0x00,0x21,0x08,
    0x20,0x00,0x21,0x08,0x20,0x00,0x21,0x08,0x20,0x00,0x21,0x08,0x20,0x00,0x21,0x08,0x20,0x00,0x21,0x08,0x20,0x00,0x21,0x08,
    0x20,0x00,0x21,0x08,0x20,0x00,0x21,0x08,0x20,0x00,0x21,0x08,0x20,0x00,0x21,0x08,0x20,0x00,0x21,0x08,0x20,0x00,0x21,0x08,
    0x20,0x00,0x21,0x08,0x20,0x00,0x21,0x08,0x20,0x00,0x21,0x08,0x20,0x00,0x21,0x08,0x20,0x00,0x21,0x08,0x20,0x00,0x21,0x08,
    0x20,0x00,0x21,0x08,0x20,0x00,0x21,0x08,0x20,0x00,0x21,0x08,0x20,0x00,0x21,0x08,0x20,0x00,0x21,0x08,0x20,0x00,0x21,0x08,
    0x20,0x00,0x21,0x08,0x00,0x00,0x25,0x29,0xd3,0x94,0xd3,0x94,0xb2,0x8c,0xb2,0x94,0x92,0x8c,0x92,0x8c,0x71,0x84,0x72,0x8c,
    0x51,0x84,0x51,0x84,0x30,0x84,0x31,0x84,0x14,0x9d,0x72,0x8c,0x31,0x84,0xf3,0x9c,0x10,0x7c,0x30,0x7c,0x51,0x84,0x71,0x8c,
    0x92,0x8c,0xb2,0x94,0xd3,0x94,0xf3,0x9c,0x14,0x9d,0x34,0xa5,0x55,0xad,0x75,0xad,0x66,0x31,0x00,0x00,0x21,0x08,0x21,0x08,
    0x21,0x08,0x21,0x00,0x21,0x08,0x21,0x08,0x21,0x08,0x21,0x00,0x21,0x08,0x21,0x08,0x21,0x08,0x21,0x00,0x21,0x08,0x21,0x08,
    0x21,0x08,0x21,0x00,0x21,0x08,0x21,0x08,0x21,0x08,0x21,0x00,0x21,0x08,0x21,0x08,0x21,0x08,0x21,0x00,0x21,0x08,0x21,0x08,
    0x21,0x08,0x21,0x00,0x21,0x08,0x21,0x08,0x21,0x08,0x21,0x00,0x21,0x08,0x21,0x08,0x21,0x08,0x21,0x00,0x21,0x08,0x21,0x08,
    0x21,0x08,0x21,0x00,0x21,0x08,0x21,0x08,0x21,0x08,0x21,0x00,0x21,0x08,0x21,0x08,0x21,0x08,0x21,0x00,0x21,0x08,0x21,0x08,
    0x21,0x08,0x21,0x00,0x21,0x08,0x21,0x08,0x21,0x08,0x21,0x00,0x21,0x08,0x21,0x08,0x21,0x08,0x21,0x00,0x21,0x08,0x21,0x08,
    0x21,0x08,0x21,0x00,0x21,0x08,0x21,0x08,0x21,0x08,0x21,0x00,0x21,0x08,0x21,0x08,0x21,0x08,0x21,0x00,0x21,0x08,0x21,0x08,
    0x21,0x08,0x21,0x00,0x21,0x08,0x21,0x08,0x21,0x08,0x21,0x00,0x21,0x08,0x21,0x08,0x21,0x08,0x21,0x00,0x21,0x08,0x21,0x08,
    0x21,0x08,0x21,0x00,0x21,0x08,0x21,0x08,0x21,0x08,0x21,0x00,0x21,0x08,0x21,0x08,0x21,0x08,0x21,0x00,0x21,0x08,0x21,0x08,
    0x00,0x00,0x25,0x21,0xd3,0x94,0xd3,0x94,0xb3,0x94,0xb2,0x8c,0x92,0x94,0x92,0x8c,0x92,0x8c,0x71,0x84,0x72,0x8c,0x51,0x84,
    0x51,0x84,0x30,0x84,0x35,0xa5,0x71,0x8c,0x10,0x7c,0xf3,0x9c,0xf0,0x7b,0x31,0x84,0x30,0x84,0x71,0x8c,0x72,0x8c,0xb3,0x94,
    0xd2,0x94,0xf3,0x9c,0x14,0x9d,0x35,0xa5,0x54,0xa5,0x75,0xad,0x65,0x29,0x00,0x00,0x20,0x00,0x21,0x08,0x20,0x00,0x21,0x08,
    0x20,0x00,0x21,0x08,0x20,0x00,0x21,0x08,0x20,0x00,0x21,0x08,0x20,0x00,0x21,0x08,0x20,0x00,0x21,0x08,0x20,0x00,0x21,0x08,
    0x20,0x00,0x21,0x08,0x20,0x00,0x21,0x08,0x20,0x00,0x21,0x08,0x20,0x00,0x21,0x08,0x20,0x00,0x21,0x08,0x20,0x00,0x21,0x08,
    0x20,0x00,0x21,0x08,0x20,0x00,0x21,0x08,0x20,0x00,0x21,0x08,0x20,0x00,0x21,0x08,0x20,0x00,0x21,0x08,0x20,0x00,0x21,0x08,
    0x20,0x00,0x21,0x08,0x20,0x00,0x21,0x08,0x20,0x00,0x21,0x08,0x20,0x00,0x21,0x08,0x20,0x00,0x21,0x08,0x20,0x00,0x21,0x08,
    0x20,0x00,0x21,0x08,0x20,0x00,0x21,0x08,0x20,0x00,0x21,0x08,0x20,0x00,0x21,0x08,0x20,0x00,0x21,0x08,0x20,0x00,0x21,0x08,
    0x20,0x00,0x21,0x08,0x20,0x00,0x21,0x08,0x20,0x00,0x21,0x08,0x20,0x00,0x21,0x08,0x20,0x00,0x21,0x08,0x20,0x00,0x21,0x08,
    0x20,0x00,0x21,0x08,0x20,0x00,0x21,0x08,0x20,0x00,0x21,0x08,0x20,0x00,0x21,0x08,0x20,0x00,0x21,0x08,0x20,0x00,0x21,0x08,
    0x20,0x00,0x21,0x08,0x20,0x00,0x21,0x08,0x20,0x00,0x21,0x08,0x20,0x00,0x21,0x08,0x20,0x00,0x21,0x08,0x00,0x00,0x45,0x29,
    0xd2,0x94,0xd3,0x94,0xb2,0x8c,0xb3,0x94,0x92,0x8c,0x92,0x8c,0x71,0x8c,0x72,0x8c,0x51,0x84,0x51,0x84,0x31,0x84,0x31,0x84,
    0x14,0x9d,0x71,0x8c,0x10,0x84,0xf3,0x9c,0x10,0x7c,0x30,0x7c,0x51,0x84,0x71,0x84,0x92,0x8c,0xb2,0x94,0xd3,0x94,0xf3,0x9c,
    0x14,0x9d,0x34,0xa5,0x55,0xa5,0x75,0xad,0x66,0x31,0x00,0x00,0x21,0x08,0x21,0x00,0x21,0x08,0x21,0x08,0x21,0x08,0x21,0x00,
    0x21,0x08,0x21,0x08,0x21,0x08,0x21,0x00,0x21,0x08,0x21,0x08,0x21,0x08,0x21,0x00,0x21,0x08,0x21,0x08,0x21,0x08,0x21,0x00,
    0x21,0x08,0x21,0x08,0x21,0x08,0x21,0x00,0x21,0x08,0x21,0x08,0x21,0x08,0x21,0x00,0x21,0x08,0x21,0x08,0x21,0x08,0x21,0x00,
    0x21,0x08,0x21,0x08,0x21,0x08,0x21,0x00,0x21,0x08,0x21,0x08,0x21,0x08,0x21,0x00,0x21,0x08,0x21,0x08,0x21,0x08,0x21,0x00,
    0x21,0x08,0x21,0x08,0x21,0x08,0x21,0x00,0x21,0x08,0x21,0x08,0x21,0x08,0x21,0x00,0x21,0x08,0x21,0x08,0x21,0x08,0x21,0x00,
    0x21,0x08,0x21,0x08,0x21,0x08,0x21,0x00,0x21,0x08,0x21,0x08,0x21,0x08,0x21,0x00,0x21,0x08,0x21,0x08,0x21,0x08,0x21,0x00,
    0x21,0x08,0x21,0x08,0x21,0x08,0x21,0x00,0x21,0x08,0x21,0x08,0x21,0x08,0x21,0x00,0x21,0x08,0x21,0x08,0x21,0x08,0x21,0x00,
    0x21,0x08,0x21,0x08,0x21,0x08,0x21,0x00,0x21,0x08,0x21,0x08,0x21,0x08,0x21,0x00,0x21,0x08,0x21,0x08,0x21,0x08,0x21,0x00,
    0x21,0x08,0x21,0x08,0x21,0x08,0x21,0x00,0x21,0x08,0x21,0x08,0x21,0x08,0x21,0x00,0x00,0x00,0x45,0x21,0xd3,0x94,0xb3,0x94,
    0xb3,0x94,0xb2,0x8c,0x92,0x94,0x92,0x8c,0x92,0x8c,0x71,0x8c,0x72,0x8c,0x51,0x84,0x51,0x84,0x31,0x84,0x34,0xa5,0x71,0x8c,
    0x10,0x7c,0xf4,0x9c,0xf0,0x7b,0x30,0x84,0x51,0x84,0x72,0x8c,0x72,0x8c,0xb2,0x94,0xd3,0x94,0xf4,0x9c,0x14,0x9d,0x35,0xa5,
    0x55,0xa5,0x76,0xad,0x45,0x29,0x00,0x00,0x20,0x00,0x21,0x08,0x20,0x00,0x21,0x08,0x20,0x00,0x21,0x08,0x20,0x00,0x21,0x08,
    0x20,0x00,0x21,0x08,0x20,0x00,0x21,0x08,0x20,0x00,0x21,0x08,0x20,0x00,0x41,0x10,0xe2,0x28,0x41,0x10,0x20,0x00,0x21,0x08,
    0x20,0x00,0x21,0x08,0x20,0x00,0x21,0x08,0x20,0x00,0x21,0x08,0x20,0x00,0x21,0x08,0x20,0x00,0x21,0x08,0x20,0x00,0x21,0x08,
    0x20,0x00,0x21,0x08,0x20,0x00,0x21,0x08,0x20,0x00,0x21,0x08,0x20,0x00,0x21,0x08,0x20,0x00,0x21,0x08,0x20,0x00,0x21,0x08,
    0x20,0x00,0x21,0x08,0x20,0x00,0x21,0x08,0x20,0x00,0x21,0x08,0x20,0x00,0x21,0x08,0x20,0x00,0x21,0x08,0x20,0x00,0x21,0x08,
    0x20,0x00,0x21,0x08,0x20,0x00,0x21,0x08,0x20,0x00,0x21,0x08,0x20,0x00,0x21,0x08,0x20,0x00,0x21,0x08,0x20,0x00,0x21,0x08,
    0x20,0x00,0x21,0x08,0x20,0x00,0x21,0x08,0x20,0x00,0x21,0x08,0x20,0x00,0x21,0x08,0x20,0x00,0x21,0x08,0x20,0x00,0x21,0x08,
    0x20,0x00,0x21,0x08,0x20,0x00,0x21,0x08,0x20,0x00,0x21,0x08,0x20,0x00,0x21,0x08,0x20,0x00,0x21,0x08,0x20,0x00,0x21,0x08,
    0x20,0x00,0x21,0x08,0x20,0x00,0x21,0x08,0x20,0x00,0x21,0x08,0x00,0x00,0x25,0x29,0xd3,0x94,0xd3,0x94,0xb2,0x8c,0xb2,0x94,
    0x92,0x8c,0x92,0x8c,0x71,0x84,0x72,0x8c,0x51,0x84,0x51,0x84,0x30,0x84,0x31,0x84,0x14,0x9d,0x72,0x8c,0x31,0x84,0xf3,0x9c,
    0x10,0x7c,0x30,0x7c,0x51,0x84,0x71,0x8c,0x92,0x8c,0xb2,0x94,0xd3,0x94,0xf3,0x9c,0x14,0x9d,0x34,0xa5,0x55,0xad,0x75,0xad,
    0x66,0x31,0x00,0x00,0x21,0x08,0x21,0x08,0x21,0x08,0x21,0x00,0x21,0x08,0x21,0x08,0x21,0x08,0x21,0x00,0x21,0x08,0x21,0x08,
    0x21,0x08,0x21,0x00,0x41,0x08,0xc4,0x49,0xca,0xa3,0x8b,0xc4,0x6b,0xc4,0x0a,0xb4,0x28,0x8b,0x43,0x39,0x21,0x08,0x21,0x08,
    0x21,0x08,0x21,0x00,0x21,0x08,0x21,0x08,0x21,0x08,0x21,0x00,0x21,0x08,0x21,0x08,0x21,0x08,0x21,0x00,0x21,0x08,0x21,0x08,
    0x21,0x08,0x21,0x00,0x21,0x08,0x21,0x08,0x21,0x08,0x21,0x00,0x21,0x08,0x21,0x08,0x21,0x08,0x21,0x00,0x21,0x08,0x21,0x08,
    0x21,0x08,0x21,0x00,0x21,0x08,0x21,0x08,0x21,0x08,0x21,0x00,0x21,0x08,0x21,0x08,0x21,0x08,0x21,0x00,0x21,0x08,0x21,0x08,
    0x21,0x08,0x21,0x00,0x21,0x08,0x21,0x08,0x21,0x08,0x21,0x00,0x21,0x08,0x21,0x08,0x21,0x08,0x21,0x00,0x21,0x08,0x21,0x08,
    0x21,0x08,0x21,0x00,0x21,0x08,0x21,0x08,0x21,0x08,0x21,0x00,0x21,0x08,0x21,0x08,0x21,0x08,0x21,0x00,0x21,0x08,0x21,0x08,
    0x21,0x08,0x21,0x00,0x21,0x08,0x21,0x08,0x21,0x08,0x21,0x00,0x21,0x08,0x21,0x08,0x21,0x08,0x21,0x00,0x21,0x08,0x21,0x08,
    0x21,0x08,0x21,0x00,0x21,0x08,0x21,0x08,0x00,0x00,0x25,0x21,0xd3,0x94,0xd3,0x94,0xb3,0x94,0xb2,0x8c,0x92,0x94,0x92,0x8c,
    0x92,0x8c,0x71,0x84,0x72,0x8c,0x51,0x84,0x51,0x84,0x30,0x84,0x35,0xa5,0x71,0x8c,0x10,0x7c,0xf3,0x9c,0xf0,0x7b,0x31,0x84,
    0x30,0x84,0x71,0x8c,0x72,0x8c,0xb3,0x94,0xd2,0x94,0xf3,0x9c,0x14,0x9d,0x35,0xa5,0x54,0xa5,0x75,0xad,0x65,0x29,0x00,0x00,
    0x20,0x00,0x21,0x08,0x20,0x00,0x21,0x08,0x20,0x00,0x21,0x08,0x20,0x00,0x21,0x08,0x20,0x00,0x21,0x08,0x20,0x00,0xc2,0x20,
    0x88,0x93,0xed,0xcc,0x0d,0xd5,0x0d,0xd5,0xac,0xc4,0x6b,0xc4,0xe9,0xb3,0x88,0xa3,0x65,0x72,0x81,0x18,0x20,0x00,0x21,0x08,
    0x20,0x00,0x21,0x08,0x20,0x00,0x21,0x08,0x20,0x00,0x21,0x08,0x20,0x00,0x21,0x08,0x20,0x00,0x21,0x08,0x20,0x00,0x21,0x08,
    0x20,0x00,0x21,0x08,0x20,0x00,0x21,0x08,0x20,0x00,0x21,0x08,0x20,0x00,0x21,0x08,0x20,0x00,0x21,0x08,0x20,0x00,0x21,0x08,
    0x20,0x00,0x21,0x08,0x20,0x00,0x21,0x08,0x20,0x00,0x21,0x08,0x20,0x00,0x21,0x08,0x20,0x00,0x21,0x08,0x20,0x00,0x21,0x08,
    0x20,0x00,0x21,0x08,0x20,0x00,0x21,0x08,0x20,0x00,0x21,0x08,0x20,0x00,0x21,0x08,0x20,0x00,0x21,0x08,0x20,0x00,0x21,0x08,
    0x20,0x00,0x21,0x08,0x20,0x00,0x21,0x08,0x20,0x00,0x21,0x08,0x20,0x00,0x21,0x08,0x20,0x00,0x21,0x08,0x20,0x00,0x21,0x08,
    0x20,0x00,0x21,0x08,0x20,0x00,0x21,0x08,0x20,0x00,0x21,0x08,0x20,0x00,0x21,0x08,0x20,0x00,0x21,0x08,0x20,0x00,0x21,0x08,
    0x20,0x00,0x21,0x08,0x00,0x00,0x45,0x29,0xd2,0x94,0xd3,0x94,0xb2,0x8c,0xb3,0x94,0x92,0x8c,0x92,0x8c,0x71,0x8c,0x72,0x8c,
    0x51,0x84,0x51,0x84,0x31,0x84,0x31,0x84,0x14,0x9d,0x71,0x8c,0x10,0x84,0xf3,0x9c,0x10,0x7c,0x30,0x7c,0x51,0x84,0x71,0x84,
    0x92,0x8c,0xb2,0x94,0xd3,0x94,0xf3,0x9c,0x14,0x9d,0x34,0xa5,0x55,0xa5,0x75,0xad,0x66,0x31,0x00,0x00,0x21,0x08,0x21,0x00,
    0x21,0x08,0x21,0x08,0x21,0x08,0x21,0x00,0x21,0x08,0x21,0x08,0x21,0x08,0x21,0x00,0x21,0x08,0xa6,0x72,0xed,0xcc,0x90,0xdd,
    0x96,0xee,0xb6,0xee,0x4e,0xd5,0xab,0xc4,0x2a,0xbc,0xa9,0xab,0x47,0x9b,0xa4,0x51,0x21,0x08,0x21,0x08,0x21,0x08,0x21,0x00,
    0x21,0x08,0x21,0x08,0x21,0x08,0x21,0x00,0x21,0x08,0x21,0x08,0x21,0x08,0x21,0x00,0x21,0x08,0x21,0x08,0x21,0x08,0x21,0x00,
    0x21,0x08,0x21,0x08,0x21,0x08,0x21,0x00,0x21,0x08,0x21,0x08,0x21,0x08,0x21,0x00,0x21,0x08,0x21,0x08,0x21,0x08,0x21,0x00,
    0x21,0x08,0x21,0x08,0x21,0x08,0x21,0x00,0x21,0x08,0x21,0x08,0x21,0x08,0x21,0x00,0x21,0x08,0x21,0x08,0x21,0x08,0x21,0x00,
    0x21,0x08,0x21,0x08,0x21,0x08,0x21,0x00,0x21,0x08,0x21,0x08,0x21,0x08,0x21,0x00,0x21,0x08,0x21,0x08,0x21,0x08,0x21,0x00,
    0x21,0x08,0x21,0x08,0x21,0x08,0x21,0x00,0x21,0x08,0x21,0x08,0x21,0x08,0x21,0x00,0x21,0x08,0x21,0x08,0x21,0x08,0x21,0x00,
    0x21,0x08,0x21,0x08,0x21,0x08,0x21,0x00,0x21,0x08,0x21,0x08,0x21,0x08,0x21,0x00,0x21,0x08,0x21,0x08,0x21,0x08,0x21,0x00,
    0x00,0x00,0x45,0x21,0xd3,0x94,0xb3,0x94,0xb3,0x94,0xb2,0x8c,0x92,0x94,0x92,0x8c,0x72,0x8c,0x71,0x8c,0x72,0x8c,0x51,0x84,
    0x51,0x84,0x31,0x84,0x34,0xa5,0x71,0x8c,0x10,0x7c,0xf4,0x9c,0xf0,0x7b,0x30,0x84,0x51,0x84,0x72,0x8c,0x72,0x8c,0xb2,0x94,
    0xd3,0x94,0xf4,0x9c,0x14,0x9d,0x35,0xa5,0x55,0xa5,0x76,0xad,0x45,0x29,0x00,0x00,0x20,0x00,0x21,0x08,0x20,0x00,0x21,0x08,
    0x20,0x00,0x21,0x08,0x20,0x00,0x21,0x08,0x20,0x00,0x21,0x08,0x23,0x31,0x6b,0xc4,0x2e,0xd5,0xd8,0xee,0x18,0xf7,0xf8,0xf6,
    0x90,0xdd,0xcc,0xcc,0x2a,0xbc,0xc9,0xab,0x27,0x93,0xc6,0x8a,0xc2,0x20,0x21,0x08,0x20,0x00,0x21,0x08,0x20,0x00,0x21,0x08,
    0x20,0x00,0x21,0x08,0x61,0x08,0xc3,0x18,0xa3,0x18,0xc3,0x18,0xa3,0x10,0xc3,0x18,0xa3,0x18,0xc3,0x18,0xa3,0x10,0xc3,0x18,
    0xa3,0x18,0xc3,0x18,0xa3,0x10,0xc3,0x18,0xa3,0x18,0xc3,0x18,0xa3,0x10,0xc3,0x18,0xa3,0x18,0xc3,0x18,0xa3,0x10,0xc3,0x18,
    0xa3,0x18,0xc3,0x18,0xa3,0x10,0xc3,0x18,0xa3,0x18,0xc3,0x18,0xa3,0x10,0xc3,0x18,0xa3,0x18,0xc3,0x18,0xa3,0x10,0xc3,0x18,
    0xa3,0x18,0xc3,0x18,0xa3,0x10,0xc3,0x18,0xa3,0x18,0xc3,0x18,0xa3,0x10,0xc3,0x18,0xa3,0x18,0xc3,0x18,0xa3,0x10,0xc3,0x18,
    0xa3,0x10,0x62,0x10,0x20,0x00,0x21,0x08,0x20,0x00,0x21,0x08,0x20,0x00,0x21,0x08,0x20,0x00,0x21,0x08,0x20,0x00,0x21,0x08,
    0x20,0x00,0x21,0x08,0x20,0x00,0x21,0x08,0x20,0x00,0x21,0x08,0x20,0x00,0x21,0x08,0x20,0x00,0x21,0x08,0x00,0x00,0x25,0x29,
    0xd3,0x94,0xd3,0x94,0xb2,0x8c,0xb2,0x94,0x92,0x8c,0x92,0x8c,0x71,0x84,0x72,0x8c,0x51,0x84,0x51,0x84,0x30,0x84,0x31,0x84,
    0x14,0x9d,0x72,0x8c,0x31,0x84,0xf3,0x9c,0x10,0x7c,0x30,0x7c,0x51,0x84,0x71,0x8c,0x92,0x8c,0xb2,0x94,0xd3,0x94,0xf3,0x9c,
    0x14,0x9d,0x34,0xa5,0x55,0xad,0x75,0xad,0x66,0x31,0x00,0x00,0x21,0x08,0x21,0x00,0x21,0x08,0x20,0x00,0x21,0x08,0x21,0x00,
    0x21,0x08,0x20,0x00,0x21,0x08,0x21,0x00,0xa7,0x7a,0x6b,0xc4,0x4f,0xd5,0xd7,0xee,0xd8,0xf6,0x12,0xe6,0x2e,0xd5,0xac,0xcc,
    0x2a,0xbc,0xa8,0xab,0x48,0x9b,0xc6,0x8a,0xa4,0x51,0x20,0x00,0x21,0x08,0x21,0x00,0x21,0x08,0x20,0x00,0x21,0x08,0xc3,0x18,
    0x66,0x29,0x45,0x29,0x66,0x31,0x65,0x29,0x66,0x29,0x45,0x29,0x66,0x31,0x65,0x29,0x66,0x29,0x45,0x29,0x66,0x31,0x65,0x29,
    0x66,0x29,0x45,0x29,0x66,0x31,0x65,0x29,0x66,0x29,0x45,0x29,0x66,0x31,0x65,0x29,0x66,0x29,0x45,0x29,0x66,0x31,0x65,0x29,
    0x66,0x29,0x45,0x29,0x66,0x31,0x65,0x29,0x66,0x29,0x45,0x29,0x66,0x31,0x65,0x29,0x66,0x29,0x45,0x29,0x66,0x31,0x65,0x29,
    0x66,0x29,0x45,0x29,0x66,0x31,0x65,0x29,0x66,0x29,0x45,0x29,0x66,0x31,0x65,0x29,0x66,0x29,0x45,0x29,0x66,0x31,0x65,0x29,
    0xc3,0x18,0x20,0x00,0x21,0x08,0x21,0x00,0x21,0x08,0x20,0x00,0x21,0x08,0x21,0x00,0x21,0x08,0x20,0x00,0x21,0x08,0x21,0x00,
    0x21,0x08,0x20,0x00,0x21,0x08,0x21,0x00,0x21,0x08,0x20,0x00,0x21,0x08,0x21,0x00,0x00,0x00,0x25,0x21,0xd3,0x94,0xd3,0x94,
    0xb3,0x94,0xb2,0x8c,0x92,0x94,0x92,0x8c,0x92,0x8c,0x71,0x84,0x72,0x8c,0x51,0x84,0x51,0x84,0x30,0x84,0x35,0xa5,0x71,0x8c,
    0x10,0x7c,0xf3,0x9c,0xf0,0x7b,0x31,0x84,0x30,0x84,0x71,0x8c,0x72,0x8c,0xb3,0x94,0xd2,0x94,0xf3,0x9c,0x14,0x9d,0x35,0xa5,
    0x54,0xa5,0x75,0xad,0x65,0x29,0x00,0x00,0x20,0x00,0x21,0x08,0x20,0x00,0x21,0x08,0x20,0x00,0x21,0x08,0x20,0x00,0x21,0x08,
    0x20,0x00,0x21,0x08,0xa6,0x7a,0x2a,0xbc,0x8b,0xc4,0x4f,0xd5,0x0d,0xd5,0x0d,0xd5,0xac,0xc4,0x6b,0xc4,0xe9,0xb3,0x88,0xa3,
    0x06,0x93,0xa6,0x82,0xc4,0x51,0x21,0x08,0x20,0x00,0x21,0x08,0x20,0x00,0x21,0x08,0x20,0x00,0x45,0x29,0x45,0x29,0xe6,0x49,
    0xe5,0x49,0xe6,0x51,0xe5,0x49,0xe6,0x51,0xe5,0x49,0xe6,0x51,0xe5,0x49,0xe6,0x51,0xe5,0x49,0xe6,0x51,0xe5,0x49,0xe6,0x51,
    0xe5,0x49,0xe6,0x51,0xe5,0x49,0xe6,0x51,0xe5,0x49,0xe6,0x51,0xe5,0x49,0xe6,0x51,0xe5,0x49,0xe6,0x51,0xe5,0x49,0xe6,0x51,
    0xe5,0x49,0xe6,0x51,0xe5,0x49,0xe6,0x51,0xe5,0x49,0xe6,0x51,0xe5,0x49,0xe6,0x51,0xe5,0x49,0xe6,0x51,0xe5,0x49,0xe6,0x51,
    0xe5,0x49,0xe6,0x51,0xe5,0x49,0xe6,0x51,0xe5,0x49,0xe6,0x51,0xe5,0x49,0xe6,0x51,0xc5,0x49,0x66,0x29,0x45,0x21,0x21,0x08,
    0x20,0x00,0x21,0x08,0x20,0x00,0x21,0x08,0x20,0x00,0x21,0x08,0x20,0x00,0x21,0x08,0x20,0x00,0x21,0x08,0x20,0x00,0x21,0x08,
    0x20,0x00,0x21,0x08,0x20,0x00,0x21,0x08,0x20,0x00,0x21,0x08,0x00,0x00,0x45,0x29,0xd2,0x94,0xd3,0x94,0xb2,0x8c,0xb3,0x94,
    0x92,0x8c,0x92,0x8c,0x71,0x8c,0x72,0x8c,0x51,0x84,0x51,0x84,0x31,0x84,0x31,0x84,0x14,0x9d,0x71,0x8c,0x10,0x84,0xf3,0x9c,
    0x10,0x7c,0x30,0x7c,0x51,0x84,0x71,0x84,0x92,0x8c,0xb2,0x94,0xd3,0x94,0xf3,0x9c,0x14,0x9d,0x34,0xa5,0x55,0xa5,0x75,0xad,
    0x66,0x31,0x00,0x00,0x21,0x08,0x20,0x00,0x21,0x08,0x21,0x00,0x21,0x08,0x20,0x00,0x21,0x08,0x21,0x00,0x21,0x08,0x20,0x00,
    0x66,0x72,0xe9,0xab,0x4a,0xbc,0x6b,0xc4,0xac,0xcc,0x8b,0xc4,0x6b,0xc4,0x0a,0xb4,0xc9,0xab,0x47,0x9b,0xe7,0x8a,0x85,0x7a,
    0xa4,0x51,0x21,0x00,0x21,0x08,0x20,0x00,0x21,0x08,0x21,0x00,0x21,0x08,0x25,0x21,0x66,0x31,0x25,0x5a,0x46,0x62,0x25,0x62,
    0x46,0x6a,0x26,0x62,0x46,0x62,0x25,0x62,0x46,0x6a,0x26,0x62,0x46,0x62,0x25,0x62,0x46,0x6a,0x26,0x62,0x46,0x62,0x25,0x62,
    0x46,0x6a,0x26,0x62,0x46,0x62,0x25,0x62,0x46,0x6a,0x26,0x62,0x46,0x62,0x25,0x62,0x46,0x6a,0x26,0x62,0x46,0x62,0x25,0x62,
    0x46,0x6a,0x26,0x62,0x46,0x62,0x25,0x62,0x46,0x6a,0x26,0x62,0x46,0x62,0x25,0x62,0x46,0x6a,0x26,0x62,0x46,0x62,0x25,0x62,
    0x46,0x6a,0x26,0x62,0x46,0x62,0x25,0x62,0x46,0x6a,0x26,0x62,0x26,0x62,0x65,0x29,0x46,0x29,0x21,0x00,0x21,0x08,0x20,0x00,
    0x21,0x08,0x21,0x00,0x21,0x08,0x20,0x00,0x21,0x08,0x21,0x00,0x21,0x08,0x20,0x00,0x21,0x08,0x21,0x00,0x21,0x08,0x20,0x00,
    0x21,0x08,0x21,0x00,0x21,0x08,0x20,0x00,0x00,0x00,0x45,0x21,0xd3,0x94,0xb3,0x94,0xb3,0x94,0xb2,0x8c,0x92,0x94,0x92,0x8c,
    0x92,0x8c,0x71,0x8c,0x72,0x8c,0x51,0x84,0x51,0x84,0x31,0x84,0x34,0xa5,0x71,0x8c,0x10,0x7c,0xf4,0x9c,0xf0,0x7b,0x30,0x84,
    0x51,0x84,0x72,0x8c,0x72,0x8c,0xb2,0x94,0xd3,0x94,0xf4,0x9c,0x14,0x9d,0x35,0xa5,0x55,0xa5,0x76,0xad,0x45,0x29,0x00,0x00,
    0x20,0x00,0x21,0x08,0x20,0x00,0x21,0x08,0x20,0x00,0x21,0x08,0x20,0x00,0x21,0x08,0x20,0x00,0x21,0x08,0x83,0x49,0x88,0xa3,
    0xc9,0xab,0x0a,0xb4,0x09,0xb4,0x0a,0xb4,0xe9,0xab,0xa9,0xab,0x67,0x9b,0x07,0x93,0xa6,0x82,0x85,0x7a,0x02,0x31,0x21,0x08,
    0x20,0x00,0x21,0x08,0x20,0x00,0x21,0x08,0x20,0x00,0xe4,0x18,0x45,0x29,0x66,0x29,0x45,0x29,0x66,0x29,0x45,0x29,0x66,0x29,
    0x45,0x29,0x66,0x29,0x45,0x29,0x66,0x29,0x45,0x29,0x66,0x29,0x45,0x29,0x66,0x29,0x45,0x29,0x66,0x29,0x45,0x29,0x66,0x29,
    0x45,0x29,0x66,0x29,0x45,0x29,0x66,0x29,0x45,0x29,0x66,0x29,0x45,0x29,0x66,0x29,0x45,0x29,0x66,0x29,0x45,0x29,0x66,0x29,
    0x45,0x29,0x66,0x29,0x45,0x29,0x66,0x29,0x45,0x29,0x66,0x29,0x45,0x29,0x66,0x29,0x45,0x29,0x66,0x29,0x45,0x29,0x66,0x29,
    0x45,0x29,0x66,0x29,0x45,0x29,0x66,0x29,0x45,0x29,0x66,0x29,0xe3,0x18,0x21,0x08,0x20,0x00,0x21,0x08,0x20,0x00,0x21,0x08,
    0x20,0x00,0x21,0x08,0x20,0x00,0x21,0x08,0x20,0x00,0x21,0x08,0x20,0x00,0x21,0x08,0x20,0x00,0x21,0x08,0x20,0x00,0x21,0x08,
    0x20,0x00,0x21,0x08,0x00,0x00,0x25,0x29,0xd3,0x94,0xd3,0x94,0xb2,0x8c,0xb2,0x94,0x92,0x8c,0x92,0x8c,0x71,0x84,0x72,0x8c,
    0x51,0x84,0x51,0x84,0x30,0x84,0x31,0x84,0x14,0x9d,0x72,0x8c,0x31,0x84,0xf3,0x9c,0x10,0x7c,0x30,0x7c,0x51,0x84,0x71,0x8c,
    0x92,0x8c,0xb2,0x94,0xd3,0x94,0xf3,0x9c,0x14,0x9d,0x34,0xa5,0x55,0xad,0x75,0xad,0x66,0x31,0x00,0x00,0x21,0x08,0x21,0x00,
    0x21,0x08,0x20,0x00,0x21,0x08,0x21,0x00,0x21,0x08,0x20,0x00,0x21,0x08,0x21,0x00,0x82,0x18,0x07,0x93,0x68,0xa3,0x88,0xa3,
    0xa9,0xab,0xa8,0xa3,0x88,0xa3,0x47,0x9b,0x07,0x93,0xc6,0x82,0x86,0x82,0x45,0x6a,0x61,0x10,0x20,0x00,0x21,0x08,0x21,0x00,
    0x21,0x08,0x20,0x00,0x21,0x08,0x21,0x00,0x82,0x10,0xa3,0x18,0xc3,0x18,0xc3,0x18,0xc3,0x18,0xc3,0x18,0xc3,0x18,0xc3,0x18,
    0xc3,0x18,0xc3,0x18,0xc3,0x18,0xc3,0x18,0xc3,0x18,0xc3,0x18,0xc3,0x18,0xc3,0x18,0xc3,0x18,0xc3,0x18,0xc3,0x18,0xc3,0x18,
    0xc3,0x18,0xc3,0x18,0xc3,0x18,0xc3,0x18,0xc3,0x18,0xc3,0x18,0xc3,0x18,0xc3,0x18,0xc3,0x18,0xc3,0x18,0xc3,0x18,0xc3,0x18,
    0xc3,0x18,0xc3,0x18,0xc3,0x18,0xc3,0x18,0xc3,0x18,0xc3,0x18,0xc3,0x18,0xc3,0x18,0xc3,0x18,0xc3,0x18,0xc3,0x18,0xc3,0x18,
    0xc3,0x18,0xc3,0x18,0xc3,0x18,0x62,0x10,0x21,0x08,0x20,0x00,0x21,0x08,0x21,0x00,0x21,0x08,0x20,0x00,0x21,0x08,0x21,0x00,
    0x21,0x08,0x20,0x00,0x21,0x08,0x21,0x00,0x21,0x08,0x20,0x00,0x21,0x08,0x21,0x00,0x21,0x08,0x20,0x00,0x21,0x08,0x21,0x00,
    0x00,0x00,0x25,0x21,0xd3,0x94,0xd3,0x94,0xb3,0x94,0xb2,0x8c,0x92,0x94,0x92,0x8c,0x92,0x8c,0x71,0x84,0x72,0x8c,0x51,0x84,
    0x51,0x84,0x30,0x84,0x35,0xa5,0x71,0x8c,0x10,0x7c,0xf3,0x9c,0xf0,0x7b,0x31,0x84,0x30,0x84,0x71,0x8c,0x72,0x8c,0xb3,0x94,
    0xd2,0x94,0xf3,0x9c,0x14,0x9d,0x35,0xa5,0x54,0xa5,0x75,0xad,0x65,0x29,0x00,0x00,0x20,0x00,0x21,0x08,0x20,0x00,0x21,0x08,
    0x20,0x00,0x21,0x08,0x20,0x00,0x21,0x08,0x20,0x00,0x21,0x08,0x20,0x00,0x84,0x49,0xe6,0x8a,0x07,0x93,0x27,0x93,0x27,0x93,
    0xe6,0x8a,0xe6,0x8a,0xa5,0x82,0x86,0x7a,0x45,0x72,0x22,0x39,0x20,0x00,0x21,0x08,0x20,0x00,0x21,0x08,0x20,0x00,0x21,0x08,
    0x20,0x00,0x21,0x08,0x20,0x00,0x21,0x08,0x20,0x00,0x21,0x08,0x20,0x00,0x21,0x08,0x20,0x00,0x21,0x08,0x20,0x00,0x21,0x08,
    0x20,0x00,0x21,0x08,0x20,0x00,0x21,0x08,0x20,0x00,0x21,0x08,0x20,0x00,0x21,0x08,0x20,0x00,0x21,0x08,0x20,0x00,0x21,0x08,
    0x20,0x00,0x21,0x08,0x20,0x00,0x21,0x08,0x20,0x00,0x21,0x08,0x20,0x00,0x21,0x08,0x20,0x00,0x21,0x08,0x20,0x00,0x21,0x08,
    0x20,0x00,0x21,0x08,0x20,0x00,0x21,0x08,0x20,0x00,0x21,0x08,0x20,0x00,0x21,0x08,0x20,0x00,0x21,0x08,0x20,0x00,0x21,0x08,
    0x20,0x00,0x21,0x08,0x20,0x00,0x21,0x08,0x20,0x00,0x21,0x08,0x20,0x00,0x21,0x08,0x20,0x00,0x21,0x08,0x20,0x00,0x21,0x08,
    0x20,0x00,0x21,0x08,0x20,0x00,0x21,0x08,0x20,0x00,0x21,0x08,0x20,0x00,0x21,0x08,0x20,0x00,0x21,0x08,0x00,0x00,0x45,0x29,
    0xd2,0x94,0xd3,0x94,0xb2,0x8c,0xb3,0x94,0x92,0x8c,0x92,0x8c,0x71,0x8c,0x72,0x8c,0x51,0x84,0x51,0x84,0x31,0x84,0x31,0x84,
    0x14,0x9d,0x71,0x8c,0x10,0x84,0xf3,0x9c,0x10,0x7c,0x30,0x7c,0x51,0x84,0x71,0x84,0x92,0x8c,0xb2,0x94,0xd3,0x94,0xf3,0x9c,
    0x14,0x9d,0x34,0xa5,0x55,0xa5,0x75,0xad,0x66,0x31,0x00,0x00,0x21,0x08,0x20,0x00,0x21,0x08,0x21,0x00,0x21,0x08,0x20,0x00,
    0x21,0x08,0x21,0x00,0x21,0x08,0x20,0x00,0x21,0x08,0x41,0x08,0x05,0x62,0xa6,0x82,0xc6,0x8a,0xa6,0x82,0xa6,0x82,0x85,0x7a,
    0x66,0x7a,0x45,0x72,0xa4,0x51,0x21,0x08,0x21,0x08,0x21,0x00,0x21,0x08,0x20,0x00,0x21,0x08,0x21,0x00,0x21,0x08,0x20,0x00,
    0x21,0x08,0x21,0x00,0x21,0x08,0x20,0x00,0x21,0x08,0x21,0x00,0x21,0x08,0x20,0x00,0x21,0x08,0x21,0x00,0x21,0x08,0x20,0x00,
    0x21,0x08,0x21,0x00,0x21,0x08,0x20,0x00,0x21,0x08,0x21,0x00,0x21,0x08,0x20,0x00,0x21,0x08,0x21,0x00,0x21,0x08,0x20,0x00,
    0x21,0x08,0x21,0x00,0x21,0x08,0x20,0x00,0x21,0x08,0x21,0x00,0x21,0x08,0x20,0x00,0x21,0x08,0x21,0x00,0x21,0x08,0x20,0x00,
    0x21,0x08,0x21,0x00,0x21,0x08,0x20,0x00,0x21,0x08,0x21,0x00,0x21,0x08,0x20,0x00,0x21,0x08,0x21,0x00,0x21,0x08,0x20,0x00,
    0x21,0x08,0x21,0x00,0x21,0x08,0x20,0x00,0x21,0x08,0x21,0x00,0x21,0x08,0x20,0x00,0x21,0x08,0x21,0x00,0x21,0x08,0x20,0x00,
    0x21,0x08,0x21,0x00,0x21,0x08,0x20,0x00,0x21,0x08,0x21,0x00,0x21,0x08,0x20,0x00,0x00,0x00,0x45,0x21,0xd3,0x94,0xb3,0x94,
    0xb3,0x94,0xb2,0x8c,0x92,0x94,0x92,0x8c,0x72,0x8c,0x71,0x8c,0x72,0x8c,0x51,0x84,0x51,0x84,0x31,0x84,0x34,0xa5,0x71,0x8c,
    0x10,0x7c,0xf4,0x9c,0xf0,0x7b,0x30,0x84,0x51,0x84,0x72,0x8c,0x72,0x8c,0xb2,0x94,0xd3,0x94,0xf4,0x9c,0x14,0x9d,0x35,0xa5,
    0x55,0xa5,0x76,0xad,0x45,0x29,0x00,0x00,0x20,0x00,0x21,0x08,0x20,0x00,0x21,0x00,0x20,0x00,0x21,0x08,0x20,0x00,0x21,0x00,
    0x20,0x00,0x21,0x08,0x20,0x00,0x21,0x00,0x20,0x00,0x03,0x31,0xe4,0x61,0x65,0x72,0x45,0x72,0x45,0x72,0xc3,0x51,0xc2,0x28,
    0x20,0x00,0x21,0x08,0x20,0x00,0x21,0x00,0x20,0x00,0x21,0x08,0x20,0x00,0x21,0x00,0x20,0x00,0x21,0x08,0x20,0x00,0x21,0x00,
    0x20,0x00,0x21,0x08,0x20,0x00,0x21,0x00,0x20,0x00,0x21,0x08,0x20,0x00,0x21,0x00,0x20,0x00,0x21,0x08,0x20,0x00,0x21,0x00,
    0x20,0x00,0x21,0x08,0x20,0x00,0x21,0x00,0x20,0x00,0x21,0x08,0x20,0x00,0x21,0x00,0x20,0x00,0x21,0x08,0x20,0x00,0x21,0x00,
    0x20,0x00,0x21,0x08,0x20,0x00,0x21,0x00,0x20,0x00,0x21,0x08,0x20,0x00,0x21,0x00,0x20,0x00,0x21,0x08,0x20,0x00,0x21,0x00,
    0x20,0x00,0x21,0x08,0x20,0x00,0x21,0x00,0x20,0x00,0x21,0x08,0x20,0x00,0x21,0x00,0x20,0x00,0x21,0x08,0x20,0x00,0x21,0x00,
    0x20,0x00,0x21,0x08,0x20,0x00,0x21,0x00,0x20,0x00,0x21,0x08,0x20,0x00,0x21,0x00,0x20,0x00,0x21,0x08,0x20,0x00,0x21,0x00,
    0x20,0x00,0x21,0x08,0x20,0x00,0x21,0x00,0x20,0x00,0x21,0x08,0x00,0x00,0x25,0x29,0xd3,0x94,0xd3,0x94,0xb2,0x8c,0xb2,0x94,
    0x92,0x8c,0x92,0x8c,0x71,0x84,0x72,0x8c,0x51,0x84,0x51,0x84,0x30,0x84,0x31,0x84,0x14,0x9d,0x72,0x8c,0x31,0x84,0xf3,0x9c,
    0x10,0x7c,0x30,0x7c,0x51,0x84,0x71,0x8c,0x92,0x8c,0xb2,0x94,0xd3,0x94,0xf3,0x9c,0x14,0x9d,0x34,0xa5,0x55,0xad,0x75,0xad,
    0x66,0x31,0x00,0x00,0x21,0x08,0x21,0x00,0x21,0x08,0x20,0x00,0x21,0x08,0x21,0x00,0x21,0x08,0x20,0x00,0x21,0x08,0x21,0x00,
    0x21,0x08,0x20,0x00,0x21,0x08,0x21,0x00,0x21,0x08,0x41,0x08,0x82,0x18,0x41,0x08,0x21,0x08,0x20,0x00,0x21,0x08,0x21,0x00,
    0x21,0x08,0x20,0x00,0x21,0x08,0x21,0x00,0x21,0x08,0x20,0x00,0x21,0x08,0x21,0x00,0x21,0x08,0x20,0x00,0x21,0x08,0x21,0x00,
    0x21,0x08,0x20,0x00,0x21,0x08,0x21,0x00,0x21,0x08,0x20,0x00,0x21,0x08,0x21,0x00,0x21,0x08,0x20,0x00,0x21,0x08,0x21,0x00,
    0x21,0x08,0x20,0x00,0x21,0x08,0x21,0x00,0x21,0x08,0x20,0x00,0x21,0x08,0x21,0x00,0x21,0x08,0x20,0x00,0x21,0x08,0x21,0x00,
    0x21,0x08,0x20,0x00,0x21,0x08,0x21,0x00,0x21,0x08,0x20,0x00,0x21,0x08,0x21,0x00,0x21,0x08,0x20,0x00,0x21,0x08,0x21,0x00,
    0x21,0x08,0x20,0x00,0x21,0x08,0x21,0x00,0x21,0x08,0x20,0x00,0x21,0x08,0x21,0x00,0x21,0x08,0x20,0x00,0x21,0x08,0x21,0x00,
    0x21,0x08,0x20,0x00,0x21,0x08,0x21,0x00,0x21,0x08,0x20,0x00,0x21,0x08,0x21,0x00,0x21,0x08,0x20,0x00,0x21,0x08,0x21,0x00,
    0x21,0x08,0x20,0x00,0x21,0x08,0x21,0x00,0x00,0x00,0x25,0x21,0xd3,0x94,0xd3,0x94,0xb3,0x94,0xb2,0x8c,0x92,0x94,0x92,0x8c,
    0x92,0x8c,0x71,0x84,0x72,0x8c,0x51,0x84,0x51,0x84,0x30,0x84,0x35,0xa5,0x71,0x8c,0x10,0x7c,0xf3,0x9c,0xf0,0x7b,0x31,0x84,
    0x30,0x84,0x71,0x8c,0x72,0x8c,0xb3,0x94,0xd2,0x94,0xf3,0x9c,0x14,0x9d,0x35,0xa5,0x54,0xa5,0x75,0xad,0x65,0x29,0x00,0x00,
    0x20,0x00,0x21,0x00,0x20,0x00,0x21,0x08,0x00,0x00,0x21,0x00,0x20,0x00,0x21,0x08,0x20,0x00,0x21,0x00,0x20,0x00,0x21,0x08,
    0x00,0x00,0x21,0x00,0x20,0x00,0x21,0x08,0x20,0x00,0x21,0x00,0x20,0x00,0x21,0x08,0x00,0x00,0x21,0x00,0x20,0x00,0x21,0x08,
    0x20,0x00,0x21,0x00,0x20,0x00,0x21,0x08,0x00,0x00,0x21,0x00,0x20,0x00,0x21,0x08,0x20,0x00,0x21,0x00,0x20,0x00,0x21,0x08,
    0x00,0x00,0x21,0x00,0x20,0x00,0x21,0x08,0x20,0x00,0x21,0x00,0x20,0x00,0x21,0x08,0x00,0x00,0x21,0x00,0x20,0x00,0x21,0x08,
    0x20,0x00,0x21,0x00,0x20,0x00,0x21,0x08,0x00,0x00,0x21,0x00,0x20,0x00,0x21,0x08,0x20,0x00,0x21,0x00,0x20,0x00,0x21,0x08,
    0x00,0x00,0x21,0x00,0x20,0x00,0x21,0x08,0x20,0x00,0x21,0x00,0x20,0x00,0x21,0x08,0x00,0x00,0x21,0x00,0x20,0x00,0x21,0x08,
    0x20,0x00,0x21,0x00,0x20,0x00,0x21,0x08,0x00,0x00,0x21,0x00,0x20,0x00,0x21,0x08,0x20,0x00,0x21,0x00,0x20,0x00,0x21,0x08,
    0x00,0x00,0x21,0x00,0x20,0x00,0x21,0x08,0x20,0x00,0x21,0x00,0x20,0x00,0x21,0x08,0x00,0x00,0x21,0x00,0x20,0x00,0x21,0x08,
    0x20,0x00,0x21,0x00,0x00,0x00,0x45,0x29,0xd2,0x94,0xd3,0x94,0xb2,0x8c,0xb3,0x94,0x92,0x8c,0x92,0x8c,0x71,0x8c,0x72,0x8c,
    0x51,0x84,0x51,0x84,0x31,0x84,0x31,0x84,0x14,0x9d,0x71,0x8c,0x10,0x84,0xf3,0x9c,0x10,0x7c,0x30,0x7c,0x51,0x84,0x71,0x84,
    0x92,0x8c,0xb2,0x94,0xd3,0x94,0xf3,0x9c,0x14,0x9d,0x34,0xa5,0x55,0xa5,0x75,0xad,0x66,0x31,0x00,0x00,0x21,0x08,0x20,0x00,
    0x21,0x08,0x20,0x00,0x21,0x08,0x20,0x00,0x21,0x08,0x20,0x00,0x21,0x08,0x20,0x00,0x21,0x08,0x20,0x00,0x21,0x08,0x20,0x00,
    0x21,0x08,0x20,0x00,0x21,0x08,0x20,0x00,0x21,0x08,0x20,0x00,0x21,0x08,0x20,0x00,0x21,0x08,0x20,0x00,0x21,0x08,0x20,0x00,
    0x21,0x08,0x20,0x00,0x21,0x08,0x20,0x00,0x21,0x08,0x20,0x00,0x21,0x08,0x20,0x00,0x21,0x08,0x20,0x00,0x21,0x08,0x20,0x00,
    0x21,0x08,0x20,0x00,0x21,0x08,0x20,0x00,0x21,0x08,0x20,0x00,0x21,0x08,0x20,0x00,0x21,0x08,0x20,0x00,0x21,0x08,0x20,0x00,
    0x21,0x08,0x20,0x00,0x21,0x08,0x20,0x00,0x21,0x08,0x20,0x00,0x21,0x08,0x20,0x00,0x21,0x08,0x20,0x00,0x21,0x08,0x20,0x00,
    0x21,0x08,0x20,0x00,0x21,0x08,0x20,0x00,0x21,0x08,0x20,0x00,0x21,0x08,0x20,0x00,0x21,0x08,0x20,0x00,0x21,0x08,0x20,0x00,
    0x21,0x08,0x20,0x00,0x21,0x08,0x20,0x00,0x21,0x08,0x20,0x00,0x21,0x08,0x20,0x00,0x21,0x08,0x20,0x00,0x21,0x08,0x20,0x00,
    0x21,0x08,0x20,0x00,0x21,0x08,0x20,0x00,0x21,0x08,0x20,0x00,0x21,0x08,0x20,0x00,0x21,0x08,0x20,0x00,0x21,0x08,0x20,0x00,
    0x00,0x00,0x45,0x21,0xd3,0x94,0xb3,0x94,0xb3,0x94,0xb2,0x8c,0x92,0x94,0x92,0x8c,0x92,0x8c,0x71,0x8c,0x72,0x8c,0x51,0x84,
    0x51,0x84,0x31,0x84,0x34,0xa5,0x71,0x8c,0x10,0x7c,0xf4,0x9c,0xf0,0x7b,0x30,0x84,0x51,0x84,0x72,0x8c,0x72,0x8c,0xb2,0x94,
    0xd3,0x94,0xf4,0x9c,0x14,0x9d,0x35,0xa5,0x55,0xa5,0x76,0xad,0x45,0x29,0x00,0x00,0x00,0x00,0x21,0x08,0x00,0x00,0x21,0x00,
    0x00,0x00,0x21,0x08,0x00,0x00,0x21,0x00,0x00,0x00,0x21,0x08,0x00,0x00,0x21,0x00,0x00,0x00,0x21,0x08,0x00,0x00,0x21,0x00,
    0x00,0x00,0x21,0x08,0x00,0x00,0x21,0x00,0x00,0x00,0x21,0x08,0x00,0x00,0x21,0x00,0x00,0x00,0x21,0x08,0x00,0x00,0x21,0x00,
    0x00,0x00,0x21,0x08,0x00,0x00,0x21,0x00,0x00,0x00,0x21,0x08,0x00,0x00,0x21,0x00,0x00,0x00,0x21,0x08,0x00,0x00,0x21,0x00,
    0x00,0x00,0x21,0x08,0x00,0x00,0x21,0x00,0x00,0x00,0x21,0x08,0x00,0x00,0x21,0x00,0x00,0x00,0x21,0x08,0x00,0x00,0x21,0x00,
    0x00,0x00,0x21,0x08,0x00,0x00,0x21,0x00,0x00,0x00,0x21,0x08,0x00,0x00,0x21,0x00,0x00,0x00,0x21,0x08,0x00,0x00,0x21,0x00,
    0x00,0x00,0x21,0x08,0x00,0x00,0x21,0x00,0x00,0x00,0x21,0x08,0x00,0x00,0x21,0x00,0x00,0x00,0x21,0x08,0x00,0x00,0x21,0x00,
    0x00,0x00,0x21,0x08,0x00,0x00,0x21,0x00,0x00,0x00,0x21,0x08,0x00,0x00,0x21,0x00,0x00,0x00,0x21,0x08,0x00,0x00,0x21,0x00,
    0x00,0x00,0x21,0x08,0x00,0x00,0x21,0x00,0x00,0x00,0x21,0x08,0x00,0x00,0x21,0x00,0x00,0x00,0x21,0x08,0x00,0x00,0x25,0x29,
    0xd3,0x94,0xd3,0x94,0xb2,0x8c,0xb2,0x94,0x92,0x8c,0x92,0x8c,0x71,0x84,0x72,0x8c,0x51,0x84,0x51,0x84,0x30,0x84,0x31,0x84,
    0x14,0x9d,0x72,0x8c,0x31,0x84,0xf3,0x9c,0x10,0x7c,0x30,0x7c,0x51,0x84,0x71,0x8c,0x92,0x8c,0xb2,0x94,0xd3,0x94,0xf3,0x9c,
    0x14,0x9d,0x34,0xa5,0x55,0xad,0x75,0xad,0x66,0x31,0x00,0x00,0x00,0x00,0x20,0x00,0x21,0x08,0x20,0x00,0x00,0x00,0x20,0x00,
    0x21,0x08,0x20,0x00,0x00,0x00,0x20,0x00,0x21,0x08,0x20,0x00,0x00,0x00,0x20,0x00,0x21,0x08,0x20,0x00,0x00,0x00,0x20,0x00,
    0x21,0x08,0x20,0x00,0x00,0x00,0x20,0x00,0x21,0x08,0x20,0x00,0x00,0x00,0x20,0x00,0x21,0x08,0x20,0x00,0x00,0x00,0x20,0x00,
    0x21,0x08,0x20,0x00,0x00,0x00,0x20,0x00,0x21,0x08,0x20,0x00,0x00,0x00,0x20,0x00,0x21,0x08,0x20,0x00,0x00,0x00,0x20,0x00,
    0x21,0x08,0x20,0x00,0x00,0x00,0x20,0x00,0x21,0x08,0x20,0x00,0x00,0x00,0x20,0x00,0x21,0x08,0x20,0x00,0x00,0x00,0x20,0x00,
    0x21,0x08,0x20,0x00,0x00,0x00,0x20,0x00,0x21,0x08,0x20,0x00,0x00,0x00,0x20,0x00,0x21,0x08,0x20,0x00,0x00,0x00,0x20,0x00,
    0x21,0x08,0x20,0x00,0x00,0x00,0x20,0x00,0x21,0x08,0x20,0x00,0x00,0x00,0x20,0x00,0x21,0x08,0x20,0x00,0x00,0x00,0x20,0x00,
    0x21,0x08,0x20,0x00,0x00,0x00,0x20,0x00,0x21,0x08,0x20,0x00,0x00,0x00,0x20,0x00,0x21,0x08,0x20,0x00,0x00,0x00,0x20,0x00,
    0x21,0x08,0x20,0x00,0x00,0x00,0x20,0x00,0x21,0x08,0x20,0x00,0x00,0x00,0x20,0x00,0x00,0x00,0x25,0x21,0xd3,0x94,0xd3,0x94,
    0xb3,0x94,0xb2,0x8c,0x92,0x94,0x92,0x8c,0x92,0x8c,0x71,0x84,0x72,0x8c,0x51,0x84,0x51,0x84,0x30,0x84,0x35,0xa5,0x71,0x8c,
    0x10,0x7c,0xf3,0x9c,0xf0,0x7b,0x31,0x84,0x30,0x84,0x71,0x8c,0x72,0x8c,0xb3,0x94,0xd2,0x94,0xf3,0x9c,0x14,0x9d,0x35,0xa5,
    0x54,0xa5,0x75,0xad,0x65,0x29,0x00,0x00,0x00,0x00,0x21,0x00,0x00,0x00,0x21,0x08,0x00,0x00,0x21,0x00,0x00,0x00,0x21,0x08,
    0x00,0x00,0x21,0x00,0x00,0x00,0x21,0x08,0x00,0x00,0x21,0x00,0x00,0x00,0x21,0x08,0x00,0x00,0x21,0x00,0x00,0x00,0x21,0x08,
    0x00,0x00,0x21,0x00,0x00,0x00,0x21,0x08,0x00,0x00,0x21,0x00,0x00,0x00,0x21,0x08,0x00,0x00,0x21,0x00,0x00,0x00,0x21,0x08,
    0x00,0x00,0x21,0x00,0x00,0x00,0x21,0x08,0x00,0x00,0x21,0x00,0x00,0x00,0x21,0x08,0x00,0x00,0x21,0x00,0x00,0x00,0x21,0x08,
    0x00,0x00,0x21,0x00,0x00,0x00,0x21,0x08,0x00,0x00,0x21,0x00,0x00,0x00,0x21,0x08,0x00,0x00,0x21,0x00,0x00,0x00,0x21,0x08,
    0x00,0x00,0x21,0x00,0x00,0x00,0x21,0x08,0x00,0x00,0x21,0x00,0x00,0x00,0x21,0x08,0x00,0x00,0x21,0x00,0x00,0x00,0x21,0x08,
    0x00,0x00,0x21,0x00,0x00,0x00,0x21,0x08,0x00,0x00,0x21,0x00,0x00,0x00,0x21,0x08,0x00,0x00,0x21,0x00,0x00,0x00,0x21,0x08,
    0x00,0x00,0x21,0x00,0x00,0x00,0x21,0x08,0x00,0x00,0x21,0x00,0x00,0x00,0x21,0x08,0x00,0x00,0x21,0x00,0x00,0x00,0x21,0x08,
    0x00,0x00,0x21,0x00,0x00,0x00,0x21,0x08,0x00,0x00,0x21,0x00,0x00,0x00,0x45,0x29,0xd2,0x94,0xd3,0x94,0xb2,0x8c,0xb3,0x94,
    0x92,0x8c,0x92,0x8c,0x71,0x8c,0x72,0x8c,0x51,0x84,0x51,0x84,0x31,0x84,0x31,0x84,0x14,0x9d,0x71,0x8c,0x10,0x84,0xf3,0x9c,
    0x10,0x7c,0x30,0x7c,0x51,0x84,0x71,0x84,0x92,0x8c,0xb2,0x94,0xd3,0x94,0xf3,0x9c,0x14,0x9d,0x34,0xa5,0x55,0xa5,0x75,0xad,
    0x66,0x31,0x00,0x00,0x00,0x00,0x20,0x00,0x00,0x00,0x20,0x00,0x00,0x00,0x20,0x00,0x00,0x00,0x20,0x00,0x00,0x00,0x20,0x00,
    0x00,0x00,0x20,0x00,0x00,0x00,0x20,0x00,0x00,0x00,0x20,0x00,0x00,0x00,0x20,0x00,0x00,0x00,0x20,0x00,0x00,0x00,0x20,0x00,
    0x00,0x00,0x20,0x00,0x00,0x00,0x20,0x00,0x00,0x00,0x20,0x00,0x00,0x00,0x20,0x00,0x00,0x00,0x20,0x00,0x00,0x00,0x20,0x00,
    0x00,0x00,0x20,0x00,0x00,0x00,0x20,0x00,0x00,0x00,0x20,0x00,0x00,0x00,0x20,0x00,0x00,0x00,0x20,0x00,0x00,0x00,0x20,0x00,
    0x00,0x00,0x20,0x00,0x00,0x00,0x20,0x00,0x00,0x00,0x20,0x00,0x00,0x00,0x20,0x00,0x00,0x00,0x20,0x00,0x00,0x00,0x20,0x00,
    0x00,0x00,0x20,0x00,0x00,0x00,0x20,0x00,0x00,0x00,0x20,0x00,0x00,0x00,0x20,0x00,0x00,0x00,0x20,0x00,0x00,0x00,0x20,0x00,
    0x00,0x00,0x20,0x00,0x00,0x00,0x20,0x00,0x00,0x00,0x20,0x00,0x00,0x00,0x20,0x00,0x00,0x00,0x20,0x00,0x00,0x00,0x20,0x00,
    0x00,0x00,0x20,0x00,0x00,0x00,0x20,0x00,0x00,0x00,0x20,0x00,0x00,0x00,0x20,0x00,0x00,0x00,0x20,0x00,0x00,0x00,0x20,0x00,
    0x00,0x00,0x20,0x00,0x00,0x00,0x20,0x00,0x00,0x00,0x45,0x21,0xd3,0x94,0xb3,0x94,0xb3,0x94,0xb2,0x8c,0x92,0x94,0x92,0x8c,
    0x72,0x8c,0x71,0x8c,0x72,0x8c,0x51,0x84,0x51,0x84,0x31,0x84,0x34,0xa5,0x71,0x8c,0x10,0x7c,0xf4,0x9c,0xf0,0x7b,0x30,0x84,
    0x51,0x84,0x72,0x8c,0x72,0x8c,0xb2,0x94,0xd3,0x94,0xf4,0x9c,0x14,0x9d,0x35,0xa5,0x55,0xa5,0x76,0xad,0x45,0x29,0x00,0x00,
    0x00,0x00,0x21,0x08,0x00,0x00,0x00,0x00,0x00,0x00,0x21,0x08,0x00,0x00,0x00,0x00,0x00,0x00,0x21,0x08,0x00,0x00,0x00,0x00,
    0x00,0x00,0x21,0x08,0x00,0x00,0x00,0x00,0x00,0x00,0x21,0x08,0x00,0x00,0x00,0x00,0x00,0x00,0x21,0x08,0x00,0x00,0x00,0x00,
    0x00,0x00,0x21,0x08,0x00,0x00,0x00,0x00,0x00,0x00,0x21,0x08,0x00,0x00,0x00,0x00,0x00,0x00,0x21,0x08,0x00,0x00,0x00,0x00,
    0x00,0x00,0x21,0x08,0x00,0x00,0x00,0x00,0x00,0x00,0x21,0x08,0x00,0x00,0x00,0x00,0x00,0x00,0x21,0x08,0x00,0x00,0x00,0x00,
    0x00,0x00,0x21,0x08,0x00,0x00,0x00,0x00,0x00,0x00,0x21,0x08,0x00,0x00,0x00,0x00,0x00,0x00,0x21,0x08,0x00,0x00,0x00,0x00,
    0x00,0x00,0x21,0x08,0x00,0x00,0x00,0x00,0x00,0x00,0x21,0x08,0x00,0x00,0x00,0x00,0x00,0x00,0x21,0x08,0x00,0x00,0x00,0x00,
    0x00,0x00,0x21,0x08,0x00,0x00,0x00,0x00,0x00,0x00,0x21,0x08,0x00,0x00,0x00,0x00,0x00,0x00,0x21,0x08,0x00,0x00,0x00,0x00,
    0x00,0x00,0x21,0x08,0x00,0x00,0x00,0x00,0x00,0x00,0x21,0x08,0x00,0x00,0x00,0x00,0x00,0x00,0x21,0x08,0x00,0x00,0x00,0x00,
    0x00,0x00,0x21,0x08,0x00,0x00,0x25,0x29,0xd3,0x94,0xd3,0x94,0xb2,0x8c,0xb2,0x94,0x92,0x8c,0x92,0x8c,0x71,0x84,0x72,0x8c,
    0x51,0x84,0x51,0x84,0x30,0x84,0x31,0x84,0x14,0x9d,0x72,0x8c,0x31,0x84,0xf3,0x9c,0x10,0x7c,0x30,0x7c,0x51,0x84,0x71,0x8c,
    0x92,0x8c,0xb2,0x94,0xd3,0x94,0xf3,0x9c,0x14,0x9d,0x34,0xa5,0x55,0xad,0x75,0xad,0x66,0x31,0x00,0x00,0x00,0x00,0x20,0x00,
    0x00,0x00,0x20,0x00,0x00,0x00,0x20,0x00,0x00,0x00,0x20,0x00,0x00,0x00,0x20,0x00,0x00,0x00,0x20,0x00,0x00,0x00,0x20,0x00,
    0x00,0x00,0x20,0x00,0x00,0x00,0x20,0x00,0x00,0x00,0x20,0x00,0x00,0x00,0x20,0x00,0x00,0x00,0x20,0x00,0x00,0x00,0x20,0x00,
    0x00,0x00,0x20,0x00,0x00,0x00,0x20,0x00,0x00,0x00,0x20,0x00,0x00,0x00,0x20,0x00,0x00,0x00,0x20,0x00,0x00,0x00,0x20,0x00,
    0x00,0x00,0x20,0x00,0x00,0x00,0x20,0x00,0x00,0x00,0x20,0x00,0x00,0x00,0x20,0x00,0x00,0x00,0x20,0x00,0x00,0x00,0x20,0x00,
    0x00,0x00,0x20,0x00,0x00,0x00,0x20,0x00,0x00,0x00,0x20,0x00,0x00,0x00,0x20,0x00,0x00,0x00,0x20,0x00,0x00,0x00,0x20,0x00,
    0x00,0x00,0x20,0x00,0x00,0x00,0x20,0x00,0x00,0x00,0x20,0x00,0x00,0x00,0x20,0x00,0x00,0x00,0x20,0x00,0x00,0x00,0x20,0x00,
    0x00,0x00,0x20,0x00,0x00,0x00,0x20,0x00,0x00,0x00,0x20,0x00,0x00,0x00,0x20,0x00,0x00,0x00,0x20,0x00,0x00,0x00,0x20,0x00,
    0x00,0x00,0x20,0x00,0x00,0x00,0x20,0x00,0x00,0x00,0x20,0x00,0x00,0x00,0x20,0x00,0x00,0x00,0x20,0x00,0x00,0x00,0x20,0x00,
    0x00,0x00,0x25,0x21,0xd3,0x94,0xd3,0x94,0xb3,0x94,0xb2,0x8c,0x92,0x94,0x92,0x8c,0x92,0x8c,0x71,0x84,0x72,0x8c,0x51,0x84,
    0x51,0x84,0x30,0x84,0x35,0xa5,0x71,0x8c,0x10,0x7c,0xf3,0x9c,0xf0,0x7b,0x31,0x84,0x30,0x84,0x71,0x8c,0x72,0x8c,0xb3,0x94,
    0xd2,0x94,0xf3,0x9c,0x14,0x9d,0x35,0xa5,0x54,0xa5,0x75,0xad,0x65,0x29,0x00,0x00,0x00,0x00,0x00,0x00,0x00,0x00,0x00,0x00,
    0x00,0x00,0x00,0x00,0x00,0x00,0x00,0x00,0x00,0x00,0x00,0x00,0x00,0x00,0x00,0x00,0x00,0x00,0x00,0x00,0x00,0x00,0x00,0x00,
    0x00,0x00,0x00,0x00,0x00,0x00,0x00,0x00,0x00,0x00,0x00,0x00,0x00,0x00,0x00,0x00,0x00,0x00,0x00,0x00,0x00,0x00,0x00,0x00,
    0x00,0x00,0x00,0x00,0x00,0x00,0x00,0x00,0x00,0x00,0x00,0x00,0x00,0x00,0x00,0x00,0x00,0x00,0x00,0x00,0x00,0x00,0x00,0x00,
    0x00,0x00,0x00,0x00,0x00,0x00,0x00,0x00,0x00,0x00,0x00,0x00,0x00,0x00,0x00,0x00,0x00,0x00,0x00,0x00,0x00,0x00,0x00,0x00,
    0x00,0x00,0x00,0x00,0x00,0x00,0x00,0x00,0x00,0x00,0x00,0x00,0x00,0x00,0x00,0x00,0x00,0x00,0x00,0x00,0x00,0x00,0x00,0x00,
    0x00,0x00,0x00,0x00,0x00,0x00,0x00,0x00,0x00,0x00,0x00,0x00,0x00,0x00,0x00,0x00,0x00,0x00,0x00,0x00,0x00,0x00,0x00,0x00,
    0x00,0x00,0x00,0x00,0x00,0x00,0x00,0x00,0x00,0x00,0x00,0x00,0x00,0x00,0x00,0x00,0x00,0x00,0x00,0x00,0x00,0x00,0x00,0x00,
    0x00,0x00,0x00,0x00,0x00,0x00,0x00,0x00,0x00,0x00,0x00,0x00,0x00,0x00,0x00,0x00,0x00,0x00,0x00,0x00,0x00,0x00,0x45,0x29,
    0xd2,0x94,0xd3,0x94,0xb2,0x8c,0xb3,0x94,0x92,0x8c,0x92,0x8c,0x71,0x8c,0x72,0x8c,0x51,0x84,0x51,0x84,0x31,0x84,0x31,0x84,
    0x14,0x9d,0x71,0x8c,0x10,0x84,0xf3,0x9c,0x10,0x7c,0x30,0x7c,0x51,0x84,0x71,0x84,0x92,0x8c,0xb2,0x94,0xd3,0x94,0xf3,0x9c,
    0x14,0x9d,0x34,0xa5,0x55,0xa5,0x75,0xad,0x66,0x31,0x00,0x00,0x00,0x00,0x20,0x00,0x00,0x00,0x20,0x00,0x00,0x00,0x20,0x00,
    0x00,0x00,0x20,0x00,0x00,0x00,0x20,0x00,0x00,0x00,0x20,0x00,0x00,0x00,0x20,0x00,0x00,0x00,0x20,0x00,0x00,0x00,0x20,0x00,
    0x00,0x00,0x20,0x00,0x00,0x00,0x20,0x00,0x00,0x00,0x20,0x00,0x00,0x00,0x20,0x00,0x00,0x00,0x20,0x00,0x00,0x00,0x20,0x00,
    0x00,0x00,0x20,0x00,0x00,0x00,0x20,0x00,0x00,0x00,0x20,0x00,0x00,0x00,0x20,0x00,0x00,0x00,0x20,0x00,0x00,0x00,0x20,0x00,
    0x00,0x00,0x20,0x00,0x00,0x00,0x20,0x00,0x00,0x00,0x20,0x00,0x00,0x00,0x20,0x00,0x00,0x00,0x20,0x00,0x00,0x00,0x20,0x00,
    0x00,0x00,0x20,0x00,0x00,0x00,0x20,0x00,0x00,0x00,0x20,0x00,0x00,0x00,0x20,0x00,0x00,0x00,0x20,0x00,0x00,0x00,0x20,0x00,
    0x00,0x00,0x20,0x00,0x00,0x00,0x20,0x00,0x00,0x00,0x20,0x00,0x00,0x00,0x20,0x00,0x00,0x00,0x20,0x00,0x00,0x00,0x20,0x00,
    0x00,0x00,0x20,0x00,0x00,0x00,0x20,0x00,0x00,0x00,0x20,0x00,0x00,0x00,0x20,0x00,0x00,0x00,0x20,0x00,0x00,0x00,0x20,0x00,
    0x00,0x00,0x20,0x00,0x00,0x00,0x20,0x00,0x00,0x00,0x20,0x00,0x00,0x00,0x20,0x00,0x00,0x00,0x45,0x21,0xd3,0x94,0xb3,0x94,
    0xb3,0x94,0xb2,0x8c,0x92,0x94,0x92,0x8c,0x92,0x8c,0x71,0x8c,0x72,0x8c,0x51,0x84,0x51,0x84,0x31,0x84,0x34,0xa5,0x71,0x8c,
    0x10,0x7c,0xf4,0x9c,0xf0,0x7b,0x30,0x84,0x51,0x84,0x72,0x8c,0x72,0x8c,0xb2,0x94,0xd3,0x94,0xf4,0x9c,0x14,0x9d,0x35,0xa5,
    0x55,0xa5,0x76,0xad,0x45,0x29,0x00,0x00,0x00,0x00,0x00,0x00,0x00,0x00,0x00,0x00,0x00,0x00,0x00,0x00,0x00,0x00,0x00,0x00,
    0x00,0x00,0x00,0x00,0x00,0x00,0x00,0x00,0x00,0x00,0x00,0x00,0x00,0x00,0x00,0x00,0x00,0x00,0x00,0x00,0x00,0x00,0x00,0x00,
    0x00,0x00,0x00,0x00,0x00,0x00,0x00,0x00,0x00,0x00,0x00,0x00,0x00,0x00,0x00,0x00,0x00,0x00,0x00,0x00,0x00,0x00,0x00,0x00,
    0x00,0x00,0x00,0x00,0x00,0x00,0x00,0x00,0x00,0x00,0x00,0x00,0x00,0x00,0x00,0x00,0x00,0x00,0x00,0x00,0x00,0x00,0x00,0x00,
    0x00,0x00,0x00,0x00,0x00,0x00,0x00,0x00,0x00,0x00,0x00,0x00,0x00,0x00,0x00,0x00,0x00,0x00,0x00,0x00,0x00,0x00,0x00,0x00,
    0x00,0x00,0x00,0x00,0x00,0x00,0x00,0x00,0x00,0x00,0x00,0x00,0x00,0x00,0x00,0x00,0x00,0x00,0x00,0x00,0x00,0x00,0x00,0x00,
    0x00,0x00,0x00,0x00,0x00,0x00,0x00,0x00,0x00,0x00,0x00,0x00,0x00,0x00,0x00,0x00,0x00,0x00,0x00,0x00,0x00,0x00,0x00,0x00,
    0x00,0x00,0x00,0x00,0x00,0x00,0x00,0x00,0x00,0x00,0x00,0x00,0x00,0x00,0x00,0x00,0x00,0x00,0x00,0x00,0x00,0x00,0x00,0x00,
    0x00,0x00,0x00,0x00,0x00,0x00,0x00,0x00,0x00,0x00,0x00,0x00,0x00,0x00,0x25,0x29,0xd3,0x94,0xd3,0x94,0xb2,0x8c,0xb2,0x94,
    0x92,0x8c,0x92,0x8c,0x71,0x84,0x72,0x8c,0x51,0x84,0x51,0x84,0x30,0x84,0x31,0x84,0x14,0x9d,0x72,0x8c,0x31,0x84,0xf3,0x9c,
    0x10,0x7c,0x30,0x7c,0x51,0x84,0x71,0x8c,0x92,0x8c,0xb2,0x94,0xd3,0x94,0xf3,0x9c,0x14,0x9d,0x34,0xa5,0x55,0xad,0x75,0xad,
    0x66,0x31,0x00,0x00,0x00,0x00,0x00,0x00,0x00,0x00,0x20,0x00,0x00,0x00,0x00,0x00,0x00,0x00,0x20,0x00,0x00,0x00,0x00,0x00,
    0x00,0x00,0x20,0x00,0x00,0x00,0x00,0x00,0x00,0x00,0x20,0x00,0x00,0x00,0x00,0x00,0x00,0x00,0x20,0x00,0x00,0x00,0x00,0x00,
    0x00,0x00,0x20,0x00,0x00,0x00,0x00,0x00,0x00,0x00,0x20,0x00,0x00,0x00,0x00,0x00,0x00,0x00,0x20,0x00,0x00,0x00,0x00,0x00,
    0x00,0x00,0x20,0x00,0x00,0x00,0x00,0x00,0x00,0x00,0x20,0x00,0x00,0x00,0x00,0x00,0x00,0x00,0x20,0x00,0x00,0x00,0x00,0x00,
    0x00,0x00,0x20,0x00,0x00,0x00,0x00,0x00,0x00,0x00,0x20,0x00,0x00,0x00,0x00,0x00,0x00,0x00,0x20,0x00,0x00,0x00,0x00,0x00,
    0x00,0x00,0x20,0x00,0x00,0x00,0x00,0x00,0x00,0x00,0x20,0x00,0x00,0x00,0x00,0x00,0x00,0x00,0x20,0x00,0x00,0x00,0x00,0x00,
    0x00,0x00,0x20,0x00,0x00,0x00,0x00,0x00,0x00,0x00,0x20,0x00,0x00,0x00,0x00,0x00,0x00,0x00,0x20,0x00,0x00,0x00,0x00,0x00,
    0x00,0x00,0x20,0x00,0x00,0x00,0x00,0x00,0x00,0x00,0x20,0x00,0x00,0x00,0x00,0x00,0x00,0x00,0x20,0x00,0x00,0x00,0x00,0x00,
    0x00,0x00,0x20,0x00,0x00,0x00,0x00,0x00,0x00,0x00,0x25,0x21,0xd3,0x94,0xd3,0x94,0xb3,0x94,0xb2,0x8c,0x92,0x94,0x92,0x8c,
    0x92,0x8c,0x71,0x84,0x72,0x8c,0x51,0x84,0x51,0x84,0x30,0x84,0x35,0xa5,0x71,0x8c,0x10,0x7c,0xf3,0x9c,0xf0,0x7b,0x31,0x84,
    0x30,0x84,0x71,0x8c,0x72,0x8c,0xb3,0x94,0xd2,0x94,0xf3,0x9c,0x14,0x9d,0x35,0xa5,0x54,0xa5,0x75,0xad,0x65,0x29,0x00,0x00,
    0x00,0x00,0x00,0x00,0x00,0x00,0x00,0x00,0x00,0x00,0x00,0x00,0x00,0x00,0x00,0x00,0x00,0x00,0x00,0x00,0x00,0x00,0x00,0x00,
    0x00,0x00,0x00,0x00,0x00,0x00,0x00,0x00,0x00,0x00,0x00,0x00,0x00,0x00,0x00,0x00,0x00,0x00,0x00,0x00,0x00,0x00,0x00,0x00,
    0x00,0x00,0x00,0x00,0x00,0x00,0x00,0x00,0x00,0x00,0x00,0x00,0x00,0x00,0x00,0x00,0x00,0x00,0x00,0x00,0x00,0x00,0x00,0x00,
    0x00,0x00,0x00,0x00,0x00,0x00,0x00,0x00,0x00,0x00,0x00,0x00,0x00,0x00,0x00,0x00,0x00,0x00,0x00,0x00,0x00,0x00,0x00,0x00,
    0x00,0x00,0x00,0x00,0x00,0x00,0x00,0x00,0x00,0x00,0x00,0x00,0x00,0x00,0x00,0x00,0x00,0x00,0x00,0x00,0x00,0x00,0x00,0x00,
    0x00,0x00,0x00,0x00,0x00,0x00,0x00,0x00,0x00,0x00,0x00,0x00,0x00,0x00,0x00,0x00,0x00,0x00,0x00,0x00,0x00,0x00,0x00,0x00,
    0x00,0x00,0x00,0x00,0x00,0x00,0x00,0x00,0x00,0x00,0x00,0x00,0x00,0x00,0x00,0x00,0x00,0x00,0x00,0x00,0x00,0x00,0x00,0x00,
    0x00,0x00,0x00,0x00,0x00,0x00,0x00,0x00,0x00,0x00,0x00,0x00,0x00,0x00,0x00,0x00,0x00,0x00,0x00,0x00,0x00,0x00,0x00,0x00,
    0x00,0x00,0x00,0x00,0x00,0x00,0x45,0x29,0xd2,0x94,0xd3,0x94,0xb2,0x8c,0xb3,0x94,0x92,0x8c,0x92,0x8c,0x71,0x8c,0x72,0x8c,
    0x51,0x84,0x51,0x84,0x31,0x84,0x31,0x84,0x14,0x9d,0x71,0x8c,0x10,0x84,0xf3,0x9c,0x10,0x7c,0x30,0x7c,0x51,0x84,0x71,0x84,
    0x92,0x8c,0xb2,0x94,0xd3,0x94,0xf3,0x9c,0x14,0x9d,0x34,0xa5,0x55,0xa5,0x75,0xa5,0x66,0x31,0x00,0x00,0x00,0x00,0x00,0x00,
    0x00,0x00,0x00,0x00,0x00,0x00,0x00,0x00,0x00,0x00,0x00,0x00,0x00,0x00,0x00,0x00,0x00,0x00,0x00,0x00,0x00,0x00,0x00,0x00,
    0x00,0x00,0x00,0x00,0x00,0x00,0x00,0x00,0x00,0x00,0x00,0x00,0x00,0x00,0x00,0x00,0x00,0x00,0x00,0x00,0x00,0x00,0x00,0x00,
    0x00,0x00,0x00,0x00,0x00,0x00,0x00,0x00,0x00,0x00,0x00,0x00,0x00,0x00,0x00,0x00,0x00,0x00,0x00,0x00,0x00,0x00,0x00,0x00,
    0x00,0x00,0x00,0x00,0x00,0x00,0x00,0x00,0x00,0x00,0x00,0x00,0x00,0x00,0x00,0x00,0x00,0x00,0x00,0x00,0x00,0x00,0x00,0x00,
    0x00,0x00,0x00,0x00,0x00,0x00,0x00,0x00,0x00,0x00,0x00,0x00,0x00,0x00,0x00,0x00,0x00,0x00,0x00,0x00,0x00,0x00,0x00,0x00,
    0x00,0x00,0x00,0x00,0x00,0x00,0x00,0x00,0x00,0x00,0x00,0x00,0x00,0x00,0x00,0x00,0x00,0x00,0x00,0x00,0x00,0x00,0x00,0x00,
    0x00,0x00,0x00,0x00,0x00,0x00,0x00,0x00,0x00,0x00,0x00,0x00,0x00,0x00,0x00,0x00,0x00,0x00,0x00,0x00,0x00,0x00,0x00,0x00,
    0x00,0x00,0x00,0x00,0x00,0x00,0x00,0x00,0x00,0x00,0x00,0x00,0x00,0x00,0x00,0x00,0x00,0x00,0x00,0x00,0x00,0x00,0x00,0x00,
    0x00,0x00,0x25,0x21,0xd3,0x94,0xb3,0x94,0xb3,0x94,0x92,0x8c,0x92,0x8c,0x92,0x8c,0x72,0x8c,0x71,0x8c,0x71,0x8c,0x51,0x84,
    0x51,0x84,0x31,0x84,0x34,0xa5,0x71,0x84,0x10,0x7c,0xf4,0x9c,0xef,0x7b,0x30,0x84,0x31,0x84,0x71,0x8c,0x71,0x8c,0xb2,0x94,
    0xd3,0x94,0xf4,0x9c,0x14,0x9d,0x34,0xa5,0x55,0xa5,0x76,0xad,0x45,0x29,0x00,0x00,0x00,0x00,0x00,0x00,0x00,0x00,0x00,0x00,
    0x00,0x00,0x00,0x00,0x00,0x00,0x00,0x00,0x00,0x00,0x00,0x00,0x00,0x00,0x00,0x00,0x00,0x00,0x41,0x08,0x08,0x3a,0x8e,0x6b,
    0x71,0x8c,0x6d,0x6b,0xe7,0x39,0x41,0x08,0x00,0x00,0x00,0x00,0x00,0x00,0x00,0x00,0x00,0x00,0x00,0x00,0x00,0x00,0x00,0x00,
    0x00,0x00,0x00,0x00,0x00,0x00,0x00,0x00,0x00,0x00,0x00,0x00,0x00,0x00,0x00,0x00,0x00,0x00,0x00,0x00,0x00,0x00,0x00,0x00,
    0x00,0x00,0x00,0x00,0x00,0x00,0x00,0x00,0x00,0x00,0x00,0x00,0x00,0x00,0x00,0x00,0x00,0x00,0x00,0x00,0x00,0x00,0x00,0x00,
    0x00,0x00,0x00,0x00,0x00,0x00,0x00,0x00,0x00,0x00,0x00,0x00,0x00,0x00,0x00,0x00,0x00,0x00,0x00,0x00,0x00,0x00,0x00,0x00,
    0x00,0x00,0x00,0x00,0x00,0x00,0x00,0x00,0x00,0x00,0x00,0x00,0x00,0x00,0x00,0x00,0x00,0x00,0x00,0x00,0x00,0x00,0x00,0x00,
    0x00,0x00,0x00,0x00,0x00,0x00,0x00,0x00,0x00,0x00,0x00,0x00,0x00,0x00,0x00,0x00,0x00,0x00,0x00,0x00,0x00,0x00,0x00,0x00,
    0x00,0x00,0x00,0x00,0x00,0x00,0x00,0x00,0x00,0x00,0x00,0x00,0x00,0x00,0x00,0x00,0x00,0x00,0x00,0x00,0x00,0x00,0x25,0x29,
    0xd3,0x94,0xd3,0x94,0x92,0x8c,0x92,0x8c,0x92,0x8c,0x92,0x8c,0x71,0x84,0x71,0x8c,0x51,0x84,0x51,0x84,0x30,0x84,0x31,0x84,
    0x14,0x9d,0x72,0x8c,0x10,0x84,0xf3,0x9c,0x10,0x7c,0x10,0x7c,0x51,0x84,0x71,0x8c,0x92,0x8c,0xb2,0x8c,0xd3,0x94,0xf3,0x9c,
    0x14,0x9d,0x34,0xa5,0x55,0xa5,0x75,0xad,0x66,0x31,0x00,0x00,0x00,0x00,0x00,0x00,0x00,0x00,0x00,0x00,0x00,0x00,0x00,0x00,
    0x00,0x00,0x00,0x00,0x00,0x00,0x00,0x00,0x00,0x00,0x00,0x00,0xc7,0x39,0xb6,0xb5,0xba,0xd6,0x99,0xce,0x9a,0xce,0x58,0xc6,
    0x18,0xbe,0x14,0x9d,0x86,0x31,0x00,0x00,0x00,0x00,0x00,0x00,0x00,0x00,0x00,0x00,0x00,0x00,0x00,0x00,0x00,0x00,0x00,0x00,
    0x00,0x00,0x00,0x00,0x00,0x00,0x00,0x00,0x00,0x00,0x00,0x00,0x00,0x00,0x00,0x00,0x00,0x00,0x00,0x00,0x00,0x00,0x00,0x00,
    0x00,0x00,0x00,0x00,0x00,0x00,0x00,0x00,0x00,0x00,0x00,0x00,0x00,0x00,0x00,0x00,0x00,0x00,0x00,0x00,0x00,0x00,0x00,0x00,
    0x00,0x00,0x00,0x00,0x00,0x00,0x00,0x00,0x00,0x00,0x00,0x00,0x00,0x00,0x00,0x00,0x00,0x00,0x00,0x00,0x00,0x00,0x00,0x00,
    0x00,0x00,0x00,0x00,0x00,0x00,0x00,0x00,0x00,0x00,0x00,0x00,0x00,0x00,0x00,0x00,0x00,0x00,0x00,0x00,0x00,0x00,0x00,0x00,
    0x00,0x00,0x00,0x00,0x00,0x00,0x00,0x00,0x00,0x00,0x00,0x00,0x00,0x00,0x00,0x00,0x00,0x00,0x00,0x00,0x00,0x00,0x00,0x00,
    0x00,0x00,0x00,0x00,0x00,0x00,0x00,0x00,0x00,0x00,0x00,0x00,0x00,0x00,0x00,0x00,0x00,0x00,0x25,0x21,0xd3,0x94,0xb3,0x94,
    0xb3,0x94,0x92,0x8c,0x92,0x8c,0x92,0x8c,0x72,0x8c,0x71,0x84,0x51,0x8c,0x51,0x84,0x51,0x84,0x30,0x84,0x35,0xa5,0x71,0x8c,
    0xf0,0x7b,0xf3,0x9c,0xef,0x7b,0x30,0x84,0x30,0x7c,0x51,0x84,0x71,0x8c,0xb2,0x94,0xb2,0x94,0xf3,0x94,0xf3,0x9c,0x34,0xa5,
    0x34,0xa5,0x75,0xad,0x65,0x29,0x00,0x00,0x00,0x00,0x00,0x00,0x00,0x00,0x00,0x00,0x00,0x00,0x00,0x00,0x00,0x00,0x00,0x00,
    0x00,0x00,0x00,0x00,0x00,0x00,0xc7,0x39,0x99,0xce,0xdb,0xde,0x1b,0xdf,0x3c,0xe7,0xba,0xd6,0x79,0xce,0x38,0xbe,0xf7,0xbd,
    0x96,0xad,0x45,0x29,0x00,0x00,0x00,0x00,0x00,0x00,0x00,0x00,0x00,0x00,0x00,0x00,0x00,0x00,0x00,0x00,0x00,0x00,0x00,0x00,
    0x00,0x00,0x00,0x00,0x00,0x00,0x00,0x00,0x00,0x00,0x00,0x00,0x00,0x00,0x00,0x00,0x00,0x00,0x00,0x00,0x00,0x00,0x00,0x00,
    0x00,0x00,0x00,0x00,0x00,0x00,0x00,0x00,0x00,0x00,0x00,0x00,0x00,0x00,0x00,0x00,0x00,0x00,0x00,0x00,0x00,0x00,0x00,0x00,
    0x00,0x00,0x00,0x00,0x00,0x00,0x00,0x00,0x00,0x00,0x00,0x00,0x00,0x00,0x00,0x00,0x00,0x00,0x00,0x00,0x00,0x00,0x00,0x00,
    0x00,0x00,0x00,0x00,0x00,0x00,0x00,0x00,0x00,0x00,0x00,0x00,0x00,0x00,0x00,0x00,0x00,0x00,0x00,0x00,0x00,0x00,0x00,0x00,
    0x00,0x00,0x00,0x00,0x00,0x00,0x00,0x00,0x00,0x00,0x00,0x00,0x00,0x00,0x00,0x00,0x00,0x00,0x00,0x00,0x00,0x00,0x00,0x00,
    0x00,0x00,0x00,0x00,0x00,0x00,0x00,0x00,0x00,0x00,0x00,0x00,0x00,0x00,0x45,0x29,0xb2,0x94,0xb3,0x94,0x92,0x8c,0x92,0x8c,
    0x72,0x8c,0x72,0x8c,0x71,0x84,0x72,0x8c,0x51,0x84,0x51,0x84,0x30,0x7c,0x31,0x84,0x14,0x9d,0x51,0x8c,0x10,0x7c,0xf3,0x9c,
    0x10,0x7c,0x10,0x7c,0x31,0x84,0x51,0x84,0x92,0x8c,0x92,0x8c,0xd3,0x94,0xf3,0x94,0x14,0x9d,0x34,0x9d,0x55,0xa5,0x75,0xa5,
    0x66,0x31,0x00,0x00,0x00,0x00,0x00,0x00,0x00,0x00,0x00,0x00,0x00,0x00,0x00,0x00,0x00,0x00,0x00,0x00,0x00,0x00,0x00,0x00,
    0x82,0x10,0xd6,0xb5,0xda,0xd6,0x7c,0xef,0xbe,0xf7,0xbe,0xf7,0x1b,0xe7,0x99,0xce,0x59,0xc6,0xf7,0xbd,0xb7,0xb5,0xb2,0x8c,
    0x41,0x08,0x00,0x00,0x00,0x00,0x00,0x00,0x00,0x00,0x00,0x00,0x00,0x00,0x00,0x00,0x00,0x00,0x00,0x00,0x00,0x00,0x00,0x00,
    0x00,0x00,0x00,0x00,0x00,0x00,0x00,0x00,0x00,0x00,0x00,0x00,0x00,0x00,0x00,0x00,0x00,0x00,0x00,0x00,0x00,0x00,0x00,0x00,
    0x00,0x00,0x00,0x00,0x00,0x00,0x00,0x00,0x00,0x00,0x00,0x00,0x00,0x00,0x00,0x00,0x00,0x00,0x00,0x00,0x00,0x00,0x00,0x00,
    0x00,0x00,0x00,0x00,0x00,0x00,0x00,0x00,0x00,0x00,0x00,0x00,0x00,0x00,0x00,0x00,0x00,0x00,0x00,0x00,0x00,0x00,0x00,0x00,
    0x00,0x00,0x00,0x00,0x00,0x00,0x00,0x00,0x00,0x00,0x00,0x00,0x00,0x00,0x00,0x00,0x00,0x00,0x00,0x00,0x00,0x00,0x00,0x00,
    0x00,0x00,0x00,0x00,0x00,0x00,0x00,0x00,0x00,0x00,0x00,0x00,0x00,0x00,0x00,0x00,0x00,0x00,0x00,0x00,0x00,0x00,0x00,0x00,
    0x00,0x00,0x00,0x00,0x00,0x00,0x00,0x00,0x00,0x00,0x25,0x21,0xd3,0x94,0xb2,0x94,0xb3,0x94,0x92,0x8c,0x92,0x8c,0x72,0x8c,
    0x72,0x8c,0x51,0x84,0x51,0x84,0x31,0x84,0x51,0x84,0x30,0x7c,0x14,0xa5,0x51,0x84,0x10,0x7c,0xf3,0x9c,0xef,0x73,0x10,0x7c,
    0x30,0x84,0x51,0x8c,0x71,0x84,0x92,0x8c,0xb2,0x94,0xf3,0x9c,0xf3,0x9c,0x34,0x9d,0x34,0xa5,0x75,0xad,0x45,0x29,0x00,0x00,
    0x00,0x00,0x00,0x00,0x00,0x00,0x00,0x00,0x00,0x00,0x00,0x00,0x00,0x00,0x00,0x00,0x00,0x00,0x00,0x00,0x49,0x4a,0x59,0xce,
    0xda,0xd6,0x9e,0xf7,0xbd,0xf7,0x9d,0xf7,0xfb,0xde,0x9a,0xd6,0x38,0xc6,0xf7,0xbd,0xb6,0xad,0x75,0xad,0xa6,0x31,0x00,0x00,
    0x00,0x00,0x00,0x00,0x00,0x00,0x00,0x00,0x00,0x00,0x00,0x00,0x00,0x00,0x00,0x00,0x00,0x00,0x00,0x00,0x00,0x00,0x00,0x00,
    0x00,0x00,0x00,0x00,0x00,0x00,0x00,0x00,0x00,0x00,0x00,0x00,0x00,0x00,0x00,0x00,0x00,0x00,0x00,0x00,0x00,0x00,0x00,0x00,
    0x00,0x00,0x00,0x00,0x00,0x00,0x00,0x00,0x00,0x00,0x00,0x00,0x00,0x00,0x00,0x00,0x00,0x00,0x00,0x00,0x00,0x00,0x00,0x00,
    0x00,0x00,0x00,0x00,0x00,0x00,0x00,0x00,0x00,0x00,0x00,0x00,0x00,0x00,0x00,0x00,0x00,0x00,0x00,0x00,0x00,0x00,0x00,0x00,
    0x00,0x00,0x00,0x00,0x00,0x00,0x00,0x00,0x00,0x00,0x00,0x00,0x00,0x00,0x00,0x00,0x00,0x00,0x00,0x00,0x00,0x00,0x00,0x00,
    0x00,0x00,0x00,0x00,0x00,0x00,0x00,0x00,0x00,0x00,0x00,0x00,0x00,0x00,0x00,0x00,0x00,0x00,0x00,0x00,0x00,0x00,0x00,0x00,
    0x00,0x00,0x00,0x00,0x00,0x00,0x25,0x29,0xb2,0x94,0xb3,0x94,0x92,0x8c,0x92,0x8c,0x92,0x8c,0x92,0x8c,0x51,0x84,0x51,0x8c,
    0x51,0x84,0x51,0x84,0x30,0x7c,0x31,0x84,0x14,0x9d,0x71,0x8c,0x10,0x84,0xf3,0x9c,0xf0,0x7b,0x10,0x7c,0x31,0x84,0x51,0x84,
    0x72,0x8c,0x92,0x8c,0xd3,0x94,0xf3,0x94,0x14,0x9d,0x34,0x9d,0x55,0xa5,0x75,0xa5,0x66,0x29,0x00,0x00,0x00,0x00,0x00,0x00,
    0x00,0x00,0x00,0x00,0x00,0x00,0x00,0x00,0x00,0x00,0x00,0x00,0x00,0x00,0x00,0x00,0xae,0x73,0x58,0xc6,0xba,0xd6,0x5c,0xe7,
    0x5c,0xe7,0xfb,0xde,0xda,0xd6,0x79,0xce,0x38,0xc6,0xf7,0xb5,0xb6,0xb5,0x55,0xa5,0x8a,0x52,0x00,0x00,0x00,0x00,0x00,0x00,
    0x00,0x00,0x00,0x00,0x00,0x00,0x00,0x00,0xc3,0x18,0x6b,0x73,0xcd,0x83,0xac,0x83,0xad,0x83,0xac,0x83,0xcd,0x83,0xac,0x83,
    0xad,0x83,0xac,0x83,0xcd,0x83,0xac,0x83,0xad,0x83,0xac,0x83,0xcd,0x83,0xac,0x83,0xad,0x83,0xac,0x83,0xcd,0x83,0xac,0x83,
    0xad,0x83,0xac,0x83,0xcd,0x83,0xac,0x83,0xad,0x83,0xac,0x83,0xcd,0x83,0xac,0x83,0xad,0x83,0xac,0x83,0xcd,0x83,0xac,0x83,
    0xad,0x83,0xac,0x83,0xcd,0x83,0xac,0x83,0xad,0x83,0xac,0x83,0xcd,0x83,0xac,0x83,0xad,0x83,0xac,0x83,0xcd,0x83,0xac,0x83,
    0xad,0x83,0xac,0x83,0xcd,0x83,0xac,0x83,0xad,0x83,0xac,0x83,0xcd,0x83,0xac,0x83,0xad,0x83,0xac,0x83,0xcd,0x83,0xac,0x83,
    0xad,0x83,0xac,0x83,0xcd,0x83,0x27,0x4a,0x00,0x00,0x00,0x00,0x00,0x00,0x00,0x00,0x00,0x00,0x00,0x00,0x00,0x00,0x00,0x00,
    0x00,0x00,0x25,0x21,0xd3,0x94,0xb2,0x94,0xb3,0x94,0x92,0x8c,0x92,0x8c,0x72,0x8c,0x72,0x8c,0x51,0x84,0x51,0x84,0x51,0x84,
    0x31,0x84,0x10,0x7c,0x14,0xa5,0x51,0x84,0xef,0x7b,0xf3,0x9c,0xef,0x73,0x10,0x7c,0x30,0x7c,0x51,0x84,0x71,0x84,0x92,0x8c,
    0xb2,0x8c,0xd3,0x94,0xf3,0x94,0x14,0x9d,0x34,0x9d,0x75,0xa5,0x65,0x29,0x00,0x00,0x00,0x00,0x00,0x00,0x00,0x00,0x00,0x00,
    0x00,0x00,0x00,0x00,0x00,0x00,0x00,0x00,0x00,0x00,0x00,0x00,0x92,0x8c,0x38,0xc6,0x58,0xc6,0x99,0xce,0xb9,0xce,0xba,0xd6,
    0x79,0xc6,0x38,0xc6,0x17,0xbe,0xd7,0xb5,0x95,0xad,0x14,0x9d,0x2c,0x63,0x00,0x00,0x00,0x00,0x00,0x00,0x00,0x00,0x00,0x00,
    0x00,0x00,0x00,0x00,0x2a,0x6b,0x58,0xff,0x38,0xff,0x58,0xff,0x38,0xff,0x58,0xff,0x38,0xff,0x58,0xff,0x38,0xff,0x58,0xff,
    0x38,0xff,0x58,0xff,0x38,0xff,0x58,0xff,0x38,0xff,0x58,0xff,0x38,0xff,0x58,0xff,0x38,0xff,0x58,0xff,0x38,0xff,0x58,0xff,
    0x38,0xff,0x58,0xff,0x38,0xff,0x58,0xff,0x38,0xff,0x58,0xff,0x38,0xff,0x58,0xff,0x38,0xff,0x58,0xff,0x38,0xff,0x58,0xff,
    0x38,0xff,0x58,0xff,0x38,0xff,0x58,0xff,0x38,0xff,0x58,0xff,0x38,0xff,0x58,0xff,0x38,0xff,0x58,0xff,0x38,0xff,0x58,0xff,
    0x38,0xff,0x58,0xff,0x38,0xff,0x58,0xff,0x38,0xff,0x58,0xff,0x38,0xff,0x58,0xff,0x38,0xff,0x58,0xff,0x38,0xff,0x58,0xff,
    0x38,0xff,0x96,0xe6,0x00,0x00,0x00,0x00,0x00,0x00,0x00,0x00,0x00,0x00,0x00,0x00,0x00,0x00,0x00,0x00,0x00,0x00,0x45,0x29,
    0xb2,0x8c,0xb3,0x94,0x92,0x8c,0x92,0x8c,0x71,0x84,0x72,0x8c,0x51,0x84,0x51,0x84,0x30,0x84,0x31,0x84,0x30,0x7c,0x30,0x84,
    0x13,0x9d,0x51,0x84,0x10,0x7c,0xf3,0x94,0xf0,0x7b,0x10,0x7c,0x31,0x84,0x51,0x84,0x72,0x8c,0x92,0x8c,0xb3,0x94,0xd3,0x94,
    0xf4,0x9c,0x14,0x9d,0x55,0xa5,0x55,0xa5,0x66,0x31,0x00,0x00,0x00,0x00,0x00,0x00,0x00,0x00,0x00,0x00,0x00,0x00,0x00,0x00,
    0x00,0x00,0x00,0x00,0x00,0x00,0x00,0x00,0x2d,0x63,0xf7,0xbd,0x38,0xc6,0x38,0xc6,0x59,0xce,0x58,0xc6,0x38,0xc6,0x17,0xbe,
    0xf7,0xbd,0xb6,0xad,0x75,0xad,0xd3,0x94,0x49,0x4a,0x00,0x00,0x00,0x00,0x00,0x00,0x00,0x00,0x00,0x00,0x00,0x00,0x00,0x00,
    0xc3,0x18,0x6b,0x73,0xad,0x83,0xac,0x7b,0xad,0x83,0xac,0x83,0xad,0x83,0xac,0x7b,0xcd,0x83,0xac,0x83,0xad,0x83,0xac,0x7b,
    0xad,0x83,0xac,0x83,0xad,0x83,0xac,0x7b,0xcd,0x83,0xac,0x83,0xad,0x83,0xac,0x7b,0xad,0x83,0xac,0x83,0xad,0x83,0xac,0x7b,
    0xcd,0x83,0xac,0x83,0xad,0x83,0xac,0x7b,0xad,0x83,0xac,0x83,0xad,0x83,0xac,0x7b,0xcd,0x83,0xac,0x83,0xad,0x83,0xac,0x7b,
    0xad,0x83,0xac,0x83,0xad,0x83,0xac,0x7b,0xcd,0x83,0xac,0x83,0xad,0x83,0xac,0x7b,0xad,0x83,0xac,0x83,0xad,0x83,0xac,0x7b,
    0xcd,0x83,0xac,0x83,0xad,0x83,0xac,0x7b,0xad,0x83,0xac,0x83,0xad,0x83,0xac,0x7b,0xcd,0x83,0xac,0x83,0xad,0x83,0x27,0x4a,
    0x00,0x00,0x00,0x00,0x00,0x00,0x00,0x00,0x00,0x00,0x00,0x00,0x00,0x00,0x00,0x00,0x00,0x00,0x25,0x21,0xb3,0x94,0xb2,0x8c,
    0x92,0x94,0x92,0x8c,0x92,0x8c,0x71,0x8c,0x72,0x8c,0x51,0x84,0x51,0x84,0x31,0x84,0x31,0x84,0x30,0x7c,0x14,0x9d,0x51,0x84,
    0xf0,0x7b,0xf3,0x9c,0xcf,0x73,0x10,0x7c,0x30,0x7c,0x51,0x84,0x71,0x84,0x92,0x8c,0xb2,0x8c,0xd3,0x94,0xf3,0x94,0x14,0x9d,
    0x34,0xa5,0x55,0xad,0x45,0x29,0x00,0x00,0x00,0x00,0x00,0x00,0x00,0x00,0x00,0x00,0x00,0x00,0x00,0x00,0x00,0x00,0x00,0x00,
    0x00,0x00,0x00,0x00,0xe7,0x39,0xd7,0xb5,0xd7,0xb5,0x18,0xbe,0x17,0xbe,0x18,0xbe,0xf7,0xb5,0xd7,0xb5,0x96,0xad,0x76,0xad,
    0xf3,0x9c,0x72,0x8c,0x45,0x29,0x00,0x00,0x00,0x00,0x00,0x00,0x00,0x00,0x00,0x00,0x00,0x00,0x00,0x00,0x00,0x00,0x00,0x00,
    0x00,0x00,0x00,0x00,0x00,0x00,0x00,0x00,0x00,0x00,0x00,0x00,0x00,0x00,0x00,0x00,0x00,0x00,0x00,0x00,0x00,0x00,0x00,0x00,
    0x00,0x00,0x00,0x00,0x00,0x00,0x00,0x00,0x00,0x00,0x00,0x00,0x00,0x00,0x00,0x00,0x00,0x00,0x00,0x00,0x00,0x00,0x00,0x00,
    0x00,0x00,0x00,0x00,0x00,0x00,0x00,0x00,0x00,0x00,0x00,0x00,0x00,0x00,0x00,0x00,0x00,0x00,0x00,0x00,0x00,0x00,0x00,0x00,
    0x00,0x00,0x00,0x00,0x00,0x00,0x00,0x00,0x00,0x00,0x00,0x00,0x00,0x00,0x00,0x00,0x00,0x00,0x00,0x00,0x00,0x00,0x00,0x00,
    0x00,0x00,0x00,0x00,0x00,0x00,0x00,0x00,0x00,0x00,0x00,0x00,0x00,0x00,0x00,0x00,0x00,0x00,0x00,0x00,0x00,0x00,0x00,0x00,
    0x00,0x00,0x00,0x00,0x00,0x00,0x00,0x00,0x00,0x00,0x00,0x00,0x00,0x00,0x25,0x21,0xb2,0x8c,0xb3,0x94,0x92,0x8c,0x92,0x8c,
    0x71,0x8c,0x72,0x8c,0x51,0x84,0x51,0x84,0x31,0x84,0x31,0x84,0x10,0x7c,0x10,0x7c,0xf4,0x9c,0x51,0x8c,0x10,0x7c,0xf3,0x9c,
    0xf0,0x7b,0x10,0x7c,0x31,0x84,0x51,0x84,0x72,0x8c,0x92,0x8c,0xb3,0x94,0xd3,0x94,0xf4,0x9c,0x14,0x9d,0x35,0xa5,0x55,0xa5,
    0x66,0x29,0x00,0x00,0x00,0x00,0x00,0x00,0x00,0x00,0x00,0x00,0x00,0x00,0x00,0x00,0x00,0x00,0x00,0x00,0x00,0x00,0x00,0x00,
    0x41,0x08,0xf3,0x9c,0xb6,0xb5,0xb6,0xb5,0xd7,0xb5,0xd6,0xb5,0xb7,0xb5,0x96,0xad,0x76,0xad,0x14,0x9d,0x92,0x8c,0x6e,0x6b,
    0x41,0x08,0x00,0x00,0x00,0x00,0x00,0x00,0x00,0x00,0x00,0x00,0x00,0x00,0x00,0x00,0x00,0x00,0x00,0x00,0x00,0x00,0x00,0x00,
    0x00,0x00,0x00,0x00,0x00,0x00,0x00,0x00,0x00,0x00,0x00,0x00,0x00,0x00,0x00,0x00,0x00,0x00,0x00,0x00,0x00,0x00,0x00,0x00,
    0x00,0x00,0x00,0x00,0x00,0x00,0x00,0x00,0x00,0x00,0x00,0x00,0x00,0x00,0x00,0x00,0x00,0x00,0x00,0x00,0x00,0x00,0x00,0x00,
    0x00,0x00,0x00,0x00,0x00,0x00,0x00,0x00,0x00,0x00,0x00,0x00,0x00,0x00,0x00,0x00,0x00,0x00,0x00,0x00,0x00,0x00,0x00,0x00,
    0x00,0x00,0x00,0x00,0x00,0x00,0x00,0x00,0x00,0x00,0x00,0x00,0x00,0x00,0x00,0x00,0x00,0x00,0x00,0x00,0x00,0x00,0x00,0x00,
    0x00,0x00,0x00,0x00,0x00,0x00,0x00,0x00,0x00,0x00,0x00,0x00,0x00,0x00,0x00,0x00,0x00,0x00,0x00,0x00,0x00,0x00,0x00,0x00,
    0x00,0x00,0x00,0x00,0x00,0x00,0x00,0x00,0x00,0x00,0x24,0x21,0xb3,0x94,0xb2,0x8c,0x92,0x94,0x92,0x8c,0x72,0x8c,0x71,0x8c,
    0x72,0x8c,0x51,0x84,0x51,0x84,0x31,0x84,0x31,0x84,0x10,0x7c,0x14,0xa5,0x51,0x84,0xef,0x73,0xd3,0x94,0xcf,0x73,0x10,0x7c,
    0x10,0x7c,0x51,0x84,0x51,0x84,0x92,0x8c,0xb2,0x8c,0xd3,0x94,0xf3,0x94,0x14,0x9d,0x34,0x9d,0x55,0xa5,0x45,0x29,0x00,0x00,
    0x00,0x00,0x00,0x00,0x00,0x00,0x00,0x00,0x00,0x00,0x00,0x00,0x00,0x00,0x00,0x00,0x00,0x00,0x00,0x00,0x00,0x00,0x86,0x31,
    0x34,0x9d,0x75,0xad,0x75,0xa5,0x76,0xad,0x55,0xa5,0x34,0x9d,0xd3,0x94,0x72,0x8c,0xef,0x7b,0xc3,0x18,0x00,0x00,0x00,0x00,
    0x00,0x00,0x00,0x00,0x00,0x00,0x00,0x00,0x00,0x00,0x00,0x00,0x00,0x00,0x00,0x00,0x00,0x00,0x00,0x00,0x00,0x00,0x00,0x00,
    0x00,0x00,0x00,0x00,0x00,0x00,0x00,0x00,0x00,0x00,0x00,0x00,0x00,0x00,0x00,0x00,0x00,0x00,0x00,0x00,0x00,0x00,0x00,0x00,
    0x00,0x00,0x00,0x00,0x00,0x00,0x00,0x00,0x00,0x00,0x00,0x00,0x00,0x00,0x00,0x00,0x00,0x00,0x00,0x00,0x00,0x00,0x00,0x00,
    0x00,0x00,0x00,0x00,0x00,0x00,0x00,0x00,0x00,0x00,0x00,0x00,0x00,0x00,0x00,0x00,0x00,0x00,0x00,0x00,0x00,0x00,0x00,0x00,
    0x00,0x00,0x00,0x00,0x00,0x00,0x00,0x00,0x00,0x00,0x00,0x00,0x00,0x00,0x00,0x00,0x00,0x00,0x00,0x00,0x00,0x00,0x00,0x00,
    0x00,0x00,0x00,0x00,0x00,0x00,0x00,0x00,0x00,0x00,0x00,0x00,0x00,0x00,0x00,0x00,0x00,0x00,0x00,0x00,0x00,0x00,0x00,0x00,
    0x00,0x00,0x00,0x00,0x00,0x00,0x25,0x29,0xb2,0x8c,0xb2,0x8c,0x92,0x8c,0x92,0x8c,0x71,0x84,0x71,0x8c,0x51,0x84,0x51,0x84,
    0x30,0x7c,0x31,0x84,0x10,0x7c,0x10,0x7c,0xf3,0x9c,0x51,0x84,0x10,0x7c,0xd3,0x94,0xf0,0x7b,0x10,0x7c,0x31,0x84,0x51,0x84,
    0x72,0x8c,0x92,0x8c,0xb3,0x94,0xd3,0x94,0xf4,0x9c,0x14,0x9d,0x35,0xa5,0x55,0xa5,0x66,0x31,0x00,0x00,0x00,0x00,0x00,0x00,
    0x00,0x00,0x00,0x00,0x00,0x00,0x00,0x00,0x00,0x00,0x00,0x00,0x00,0x00,0x00,0x00,0x00,0x00,0x00,0x00,0x45,0x29,0x30,0x7c,
    0xf3,0x9c,0xd3,0x94,0xb3,0x94,0x92,0x8c,0x51,0x84,0x6d,0x63,0xe4,0x20,0x00,0x00,0x00,0x00,0x00,0x00,0x00,0x00,0x00,0x00,
    0x00,0x00,0x00,0x00,0x00,0x00,0x00,0x00,0x00,0x00,0x00,0x00,0x00,0x00,0x00,0x00,0x00,0x00,0x00,0x00,0x00,0x00,0x00,0x00,
    0x00,0x00,0x00,0x00,0x00,0x00,0x00,0x00,0x00,0x00,0x00,0x00,0x00,0x00,0x00,0x00,0x00,0x00,0x00,0x00,0x00,0x00,0x00,0x00,
    0x00,0x00,0x00,0x00,0x00,0x00,0x00,0x00,0x00,0x00,0x00,0x00,0x00,0x00,0x00,0x00,0x00,0x00,0x00,0x00,0x00,0x00,0x00,0x00,
    0x00,0x00,0x00,0x00,0x00,0x00,0x00,0x00,0x00,0x00,0x00,0x00,0x00,0x00,0x00,0x00,0x00,0x00,0x00,0x00,0x00,0x00,0x00,0x00,
    0x00,0x00,0x00,0x00,0x00,0x00,0x00,0x00,0x00,0x00,0x00,0x00,0x00,0x00,0x00,0x00,0x00,0x00,0x00,0x00,0x00,0x00,0x00,0x00,
    0x00,0x00,0x00,0x00,0x00,0x00,0x00,0x00,0x00,0x00,0x00,0x00,0x00,0x00,0x00,0x00,0x00,0x00,0x00,0x00,0x00,0x00,0x00,0x00,
    0x00,0x00,0x25,0x21,0xb3,0x94,0x92,0x8c,0x92,0x8c,0x72,0x8c,0x72,0x8c,0x71,0x84,0x72,0x8c,0x51,0x84,0x51,0x84,0x30,0x7c,
    0x31,0x84,0x10,0x7c,0x14,0x9d,0x51,0x84,0xef,0x7b,0xd3,0x9c,0xcf,0x73,0x10,0x7c,0x10,0x7c,0x51,0x84,0x51,0x84,0x92,0x8c,
    0xb2,0x8c,0xd3,0x94,0xf3,0x94,0x14,0x9d,0x34,0x9d,0x55,0xa5,0x45,0x29,0x00,0x00,0x00,0x00,0x00,0x00,0x00,0x00,0x00,0x00,
    0x00,0x00,0x00,0x00,0x00,0x00,0x00,0x00,0x00,0x00,0x00,0x00,0x00,0x00,0x00,0x00,0x00,0x00,0x21,0x08,0x45,0x29,0x49,0x4a,
    0xcb,0x52,0x29,0x42,0x24,0x21,0x21,0x08,0x00,0x00,0x00,0x00,0x00,0x00,0x00,0x00,0x00,0x00,0x00,0x00,0x00,0x00,0x00,0x00,
    0x00,0x00,0x00,0x00,0x00,0x00,0x00,0x00,0x00,0x00,0x00,0x00,0x00,0x00,0x00,0x00,0x00,0x00,0x00,0x00,0x00,0x00,0x00,0x00,
    0x00,0x00,0x00,0x00,0x00,0x00,0x00,0x00,0x00,0x00,0x00,0x00,0x00,0x00,0x00,0x00,0x00,0x00,0x00,0x00,0x00,0x00,0x00,0x00,
    0x00,0x00,0x00,0x00,0x00,0x00,0x00,0x00,0x00,0x00,0x00,0x00,0x00,0x00,0x00,0x00,0x00,0x00,0x00,0x00,0x00,0x00,0x00,0x00,
    0x00,0x00,0x00,0x00,0x00,0x00,0x00,0x00,0x00,0x00,0x00,0x00,0x00,0x00,0x00,0x00,0x00,0x00,0x00,0x00,0x00,0x00,0x00,0x00,
    0x00,0x00,0x00,0x00,0x00,0x00,0x00,0x00,0x00,0x00,0x00,0x00,0x00,0x00,0x00,0x00,0x00,0x00,0x00,0x00,0x00,0x00,0x00,0x00,
    0x00,0x00,0x00,0x00,0x00,0x00,0x00,0x00,0x00,0x00,0x00,0x00,0x00,0x00,0x00,0x00,0x00,0x00,0x00,0x00,0x00,0x00,0x25,0x21,
    0xb2,0x8c,0xb2,0x94,0x72,0x8c,0x72,0x8c,0x71,0x84,0x72,0x8c,0x51,0x84,0x51,0x84,0x30,0x84,0x31,0x84,0x10,0x7c,0x10,0x7c,
    0xf4,0x9c,0x51,0x84,0x10,0x7c,0xd3,0x94,0xf0,0x7b,0xf0,0x7b,0x31,0x84,0x51,0x84,0x72,0x8c,0x92,0x8c,0xb3,0x94,0xd3,0x94,
    0xf4,0x9c,0x14,0x9d,0x35,0xa5,0x55,0xa5,0x66,0x29,0x00,0x00,0x00,0x00,0x00,0x00,0x00,0x00,0x00,0x00,0x00,0x00,0x00,0x00,
    0x00,0x00,0x00,0x00,0x00,0x00,0x00,0x00,0x00,0x00,0x00,0x00,0x00,0x00,0x00,0x00,0x00,0x00,0x00,0x00,0x00,0x00,0x00,0x00,
    0x00,0x00,0x00,0x00,0x00,0x00,0x00,0x00,0x00,0x00,0x00,0x00,0x00,0x00,0x00,0x00,0x00,0x00,0x00,0x00,0x00,0x00,0x00,0x00,
    0x00,0x00,0x00,0x00,0x00,0x00,0x00,0x00,0x00,0x00,0x00,0x00,0x00,0x00,0x00,0x00,0x00,0x00,0x00,0x00,0x00,0x00,0x00,0x00,
    0x00,0x00,0x00,0x00,0x00,0x00,0x00,0x00,0x00,0x00,0x00,0x00,0x00,0x00,0x00,0x00,0x00,0x00,0x00,0x00,0x00,0x00,0x00,0x00,
    0x00,0x00,0x00,0x00,0x00,0x00,0x00,0x00,0x00,0x00,0x00,0x00,0x00,0x00,0x00,0x00,0x00,0x00,0x00,0x00,0x00,0x00,0x00,0x00,
    0x00,0x00,0x00,0x00,0x00,0x00,0x00,0x00,0x00,0x00,0x00,0x00,0x00,0x00,0x00,0x00,0x00,0x00,0x00,0x00,0x00,0x00,0x00,0x00,
    0x00,0x00,0x00,0x00,0x00,0x00,0x00,0x00,0x00,0x00,0x00,0x00,0x00,0x00,0x00,0x00,0x00,0x00,0x00,0x00,0x00,0x00,0x00,0x00,
    0x00,0x00,0x00,0x00,0x00,0x00,0x00,0x00,0x00,0x00,0x00,0x00,0x00,0x00,0x00,0x00,0x00,0x00,0x24,0x21,0xb3,0x94,0x92,0x8c,
    0x92,0x8c,0x72,0x8c,0x72,0x8c,0x71,0x8c,0x51,0x8c,0x51,0x84,0x31,0x84,0x31,0x84,0x31,0x84,0x10,0x7c,0x14,0x9d,0x51,0x84,
    0xef,0x73,0xd3,0x94,0xcf,0x73,0x10,0x7c,0x10,0x7c,0x31,0x84,0x51,0x84,0x92,0x8c,0x92,0x8c,0xb3,0x94,0xd3,0x94,0x14,0x9d,
    0x14,0x9d,0x55,0xa5,0x45,0x29,0x00,0x00,0x00,0x00,0x00,0x00,0x00,0x00,0x00,0x00,0x00,0x00,0x00,0x00,0x00,0x00,0x00,0x00,
    0x00,0x00,0x00,0x00,0x00,0x00,0x00,0x00,0x00,0x00,0x00,0x00,0x00,0x00,0x00,0x00,0x00,0x00,0x00,0x00,0x00,0x00,0x00,0x00,
    0x00,0x00,0x00,0x00,0x00,0x00,0x00,0x00,0x00,0x00,0x00,0x00,0x00,0x00,0x00,0x00,0x00,0x00,0x00,0x00,0x00,0x00,0x00,0x00,
    0x00,0x00,0x00,0x00,0x00,0x00,0x00,0x00,0x00,0x00,0x00,0x00,0x00,0x00,0x00,0x00,0x00,0x00,0x00,0x00,0x00,0x00,0x00,0x00,
    0x00,0x00,0x00,0x00,0x00,0x00,0x00,0x00,0x00,0x00,0x00,0x00,0x00,0x00,0x00,0x00,0x00,0x00,0x00,0x00,0x00,0x00,0x00,0x00,
    0x00,0x00,0x00,0x00,0x00,0x00,0x00,0x00,0x00,0x00,0x00,0x00,0x00,0x00,0x00,0x00,0x00,0x00,0x00,0x00,0x00,0x00,0x00,0x00,
    0x00,0x00,0x00,0x00,0x00,0x00,0x00,0x00,0x00,0x00,0x00,0x00,0x00,0x00,0x00,0x00,0x00,0x00,0x00,0x00,0x00,0x00,0x00,0x00,
    0x00,0x00,0x00,0x00,0x00,0x00,0x00,0x00,0x00,0x00,0x00,0x00,0x00,0x00,0x00,0x00,0x00,0x00,0x00,0x00,0x00,0x00,0x00,0x00,
    0x00,0x00,0x00,0x00,0x00,0x00,0x00,0x00,0x00,0x00,0x00,0x00,0x00,0x00,0x25,0x29,0x92,0x8c,0x92,0x8c,0x72,0x8c,0x72,0x8c,
    0x51,0x84,0x51,0x84,0x51,0x84,0x51,0x84,0x30,0x7c,0x30,0x84,0x10,0x7c,0x10,0x7c,0xf3,0x9c,0x51,0x84,0xf0,0x7b,0xd3,0x94,
    0xef,0x7b,0xf0,0x7b,0x10,0x84,0x31,0x84,0x71,0x8c,0x72,0x8c,0xb2,0x94,0xd3,0x94,0xf3,0x9c,0x14,0x9d,0x34,0xa5,0x55,0xa5,
    0x66,0x31,0x00,0x00,0x00,0x00,0x00,0x00,0x00,0x00,0x00,0x00,0x00,0x00,0x00,0x00,0x00,0x00,0x00,0x00,0x00,0x00,0x00,0x00,
    0x00,0x00,0x00,0x00,0x00,0x00,0x00,0x00,0x00,0x00,0x00,0x00,0x00,0x00,0x00,0x00,0x00,0x00,0x00,0x00,0x00,0x00,0x00,0x00,
    0x00,0x00,0x00,0x00,0x00,0x00,0x00,0x00,0x00,0x00,0x00,0x00,0x00,0x00,0x00,0x00,0x00,0x00,0x00,0x00,0x00,0x00,0x00,0x00,
    0x00,0x00,0x00,0x00,0x00,0x00,0x00,0x00,0x00,0x00,0x00,0x00,0x00,0x00,0x00,0x00,0x00,0x00,0x00,0x00,0x00,0x00,0x00,0x00,
    0x00,0x00,0x00,0x00,0x00,0x00,0x00,0x00,0x00,0x00,0x00,0x00,0x00,0x00,0x00,0x00,0x00,0x00,0x00,0x00,0x00,0x00,0x00,0x00,
    0x00,0x00,0x00,0x00,0x00,0x00,0x00,0x00,0x00,0x00,0x00,0x00,0x00,0x00,0x00,0x00,0x00,0x00,0x00,0x00,0x00,0x00,0x00,0x00,
    0x00,0x00,0x00,0x00,0x00,0x00,0x00,0x00,0x00,0x00,0x00,0x00,0x00,0x00,0x00,0x00,0x00,0x00,0x00,0x00,0x00,0x00,0x00,0x00,
    0x00,0x00,0x00,0x00,0x00,0x00,0x00,0x00,0x00,0x00,0x00,0x00,0x00,0x00,0x00,0x00,0x00,0x00,0x00,0x00,0x00,0x00,0x00,0x00,
    0x00,0x00,0x00,0x00,0x00,0x00,0x00,0x00,0x00,0x00,0x25,0x21,0xb3,0x94,0x92,0x8c,0x92,0x8c,0x72,0x8c,0x72,0x8c,0x51,0x84,
    0x51,0x84,0x51,0x84,0x31,0x84,0x10,0x7c,0x31,0x84,0x10,0x7c,0x14,0x9d,0x31,0x84,0xef,0x7b,0xd3,0x94,0xcf,0x73,0xf0,0x7b,
    0x10,0x7c,0x31,0x84,0x51,0x84,0x72,0x8c,0x92,0x8c,0xd3,0x94,0xd3,0x94,0x14,0x9d,0x14,0x9d,0x55,0xa5,0x45,0x29,0x00,0x00,
    0x00,0x00,0x00,0x00,0x00,0x00,0x00,0x00,0x00,0x00,0x00,0x00,0x00,0x00,0x00,0x00,0x00,0x00,0x00,0x00,0x00,0x00,0x00,0x00,
    0x00,0x00,0x00,0x00,0x00,0x00,0x00,0x00,0x00,0x00,0x00,0x00,0x00,0x00,0x00,0x00,0x00,0x00,0x00,0x00,0x00,0x00,0x00,0x00,
    0x00,0x00,0x00,0x00,0x00,0x00,0x00,0x00,0x00,0x00,0x00,0x00,0x00,0x00,0x00,0x00,0x00,0x00,0x00,0x00,0x00,0x00,0x00,0x00,
    0x00,0x00,0x00,0x00,0x00,0x00,0x00,0x00,0x00,0x00,0x00,0x00,0x00,0x00,0x00,0x00,0x00,0x00,0x00,0x00,0x00,0x00,0x00,0x00,
    0x00,0x00,0x00,0x00,0x00,0x00,0x00,0x00,0x00,0x00,0x00,0x00,0x00,0x00,0x00,0x00,0x00,0x00,0x00,0x00,0x00,0x00,0x00,0x00,
    0x00,0x00,0x00,0x00,0x00,0x00,0x00,0x00,0x00,0x00,0x00,0x00,0x00,0x00,0x00,0x00,0x00,0x00,0x00,0x00,0x00,0x00,0x00,0x00,
    0x00,0x00,0x00,0x00,0x00,0x00,0x00,0x00,0x00,0x00,0x00,0x00,0x00,0x00,0x00,0x00,0x00,0x00,0x00,0x00,0x00,0x00,0x00,0x00,
    0x00,0x00,0x00,0x00,0x00,0x00,0x00,0x00,0x00,0x00,0x00,0x00,0x00,0x00,0x00,0x00,0x00,0x00,0x00,0x00,0x00,0x00,0x00,0x00,
    0x00,0x00,0x00,0x00,0x00,0x00,0x25,0x21,0x92,0x8c,0x92,0x8c,0x71,0x8c,0x72,0x8c,0x71,0x84,0x71,0x8c,0x31,0x84,0x31,0x84,
    0x30,0x7c,0x31,0x84,0x10,0x7c,0x10,0x7c,0xf3,0x9c,0x51,0x84,0xf0,0x7b,0xd3,0x94,0xcf,0x7b,0xf0,0x7b,0x11,0x84,0x31,0x84,
    0x51,0x8c,0x72,0x8c,0xb2,0x94,0xd3,0x94,0xf3,0x9c,0x14,0x9d,0x35,0xa5,0x55,0xa5,0x66,0x29,0x00,0x00,0x00,0x00,0x00,0x00,
    0x00,0x00,0x00,0x00,0x00,0x00,0x00,0x00,0x00,0x00,0x00,0x00,0x00,0x00,0x00,0x00,0x00,0x00,0x00,0x00,0x00,0x00,0x00,0x00,
    0x00,0x00,0x00,0x00,0x00,0x00,0x00,0x00,0x00,0x00,0x00,0x00,0x00,0x00,0x00,0x00,0x00,0x00,0x00,0x00,0x00,0x00,0x00,0x00,
    0x00,0x00,0x00,0x00,0x00,0x00,0x00,0x00,0x00,0x00,0x00,0x00,0x00,0x00,0x00,0x00,0x00,0x00,0x00,0x00,0x00,0x00,0x00,0x00,
    0x00,0x00,0x00,0x00,0x00,0x00,0x00,0x00,0x00,0x00,0x00,0x00,0x00,0x00,0x00,0x00,0x00,0x00,0x00,0x00,0x00,0x00,0x00,0x00,
    0x00,0x00,0x00,0x00,0x00,0x00,0x00,0x00,0x00,0x00,0x00,0x00,0x00,0x00,0x00,0x00,0x00,0x00,0x00,0x00,0x00,0x00,0x00,0x00,
    0x00,0x00,0x00,0x00,0x00,0x00,0x00,0x00,0x00,0x00,0x00,0x00,0x00,0x00,0x00,0x00,0x00,0x00,0x00,0x00,0x00,0x00,0x00,0x00,
    0x00,0x00,0x00,0x00,0x00,0x00,0x00,0x00,0x00,0x00,0x00,0x00,0x00,0x00,0x00,0x00,0x00,0x00,0x00,0x00,0x00,0x00,0x00,0x00,
    0x00,0x00,0x00,0x00,0x00,0x00,0x00,0x00,0x00,0x00,0x00,0x00,0x00,0x00,0x00,0x00,0x00,0x00,0x00,0x00,0x00,0x00,0x00,0x00,
    0x00,0x00,0x24,0x21,0xb2,0x94,0x92,0x8c,0x92,0x8c,0x71,0x8c,0x72,0x8c,0x51,0x84,0x51,0x84,0x31,0x84,0x31,0x84,0x30,0x7c,
    0x10,0x84,0xf0,0x7b,0x14,0x9d,0x51,0x84,0xcf,0x73,0xd3,0x94,0xcf,0x73,0xf0,0x7b,0x10,0x7c,0x31,0x84,0x51,0x84,0x72,0x8c,
    0x92,0x8c,0xb3,0x94,0xd3,0x94,0xf4,0x9c,0x14,0x9d,0x55,0xa5,0x45,0x29,0x00,0x00,0x00,0x00,0x00,0x00,0x00,0x00,0x00,0x00,
    0x00,0x00,0x00,0x00,0x00,0x00,0x00,0x00,0x00,0x00,0x00,0x00,0x00,0x00,0x00,0x00,0x00,0x00,0x00,0x00,0x00,0x00,0x00,0x00,
    0x00,0x00,0x00,0x00,0x00,0x00,0x00,0x00,0x00,0x00,0x00,0x00,0x00,0x00,0x00,0x00,0x00,0x00,0x00,0x00,0x00,0x00,0x00,0x00,
    0x00,0x00,0x00,0x00,0x00,0x00,0x00,0x00,0x00,0x00,0x00,0x00,0x00,0x00,0x00,0x00,0x00,0x00,0x00,0x00,0x00,0x00,0x00,0x00,
    0x00,0x00,0x00,0x00,0x00,0x00,0x00,0x00,0x00,0x00,0x00,0x00,0x00,0x00,0x00,0x00,0x00,0x00,0x00,0x00,0x00,0x00,0x00,0x00,
    0x00,0x00,0x00,0x00,0x00,0x00,0x00,0x00,0x00,0x00,0x00,0x00,0x00,0x00,0x00,0x00,0x00,0x00,0x00,0x00,0x00,0x00,0x00,0x00,
    0x00,0x00,0x00,0x00,0x00,0x00,0x00,0x00,0x00,0x00,0x00,0x00,0x00,0x00,0x00,0x00,0x00,0x00,0x00,0x00,0x00,0x00,0x00,0x00,
    0x00,0x00,0x00,0x00,0x00,0x00,0x00,0x00,0x00,0x00,0x00,0x00,0x00,0x00,0x00,0x00,0x00,0x00,0x00,0x00,0x00,0x00,0x00,0x00,
    0x00,0x00,0x00,0x00,0x00,0x00,0x00,0x00,0x00,0x00,0x00,0x00,0x00,0x00,0x00,0x00,0x00,0x00,0x00,0x00,0x00,0x00,0x25,0x29,
    0x92,0x8c,0x92,0x8c,0x71,0x8c,0x72,0x8c,0x51,0x84,0x51,0x84,0x51,0x84,0x31,0x84,0x10,0x7c,0x10,0x7c,0x10,0x7c,0x10,0x7c,
    0xf3,0x94,0x31,0x84,0xf0,0x7b,0xd3,0x94,0xcf,0x7b,0xef,0x7b,0x10,0x7c,0x30,0x84,0x51,0x8c,0x72,0x8c,0x92,0x94,0xb2,0x94,
    0xd3,0x9c,0xf4,0x9c,0x34,0x9d,0x34,0xa5,0x66,0x29,0x00,0x00,0x00,0x00,0x00,0x00,0x00,0x00,0x00,0x00,0x00,0x00,0x00,0x00,
    0x00,0x00,0x00,0x00,0x00,0x00,0x00,0x00,0x00,0x00,0x00,0x00,0x00,0x00,0x00,0x00,0x00,0x00,0x00,0x00,0x00,0x00,0x00,0x00,
    0x00,0x00,0x00,0x00,0x00,0x00,0x00,0x00,0x00,0x00,0x00,0x00,0x00,0x00,0x00,0x00,0x00,0x00,0x00,0x00,0x00,0x00,0x00,0x00,
    0x00,0x00,0x00,0x00,0x00,0x00,0x00,0x00,0x00,0x00,0x00,0x00,0x00,0x00,0x00,0x00,0x00,0x00,0x00,0x00,0x00,0x00,0x00,0x00,
    0x00,0x00,0x00,0x00,0x00,0x00,0x00,0x00,0x00,0x00,0x00,0x00,0x00,0x00,0x00,0x00,0x00,0x00,0x00,0x00,0x00,0x00,0x00,0x00,
    0x00,0x00,0x00,0x00,0x00,0x00,0x00,0x00,0x00,0x00,0x00,0x00,0x00,0x00,0x00,0x00,0x00,0x00,0x00,0x00,0x00,0x00,0x00,0x00,
    0x00,0x00,0x00,0x00,0x00,0x00,0x00,0x00,0x00,0x00,0x00,0x00,0x00,0x00,0x00,0x00,0x00,0x00,0x00,0x00,0x00,0x00,0x00,0x00,
    0x00,0x00,0x00,0x00,0x00,0x00,0x00,0x00,0x00,0x00,0x00,0x00,0x00,0x00,0x00,0x00,0x00,0x00,0x00,0x00,0x00,0x00,0x00,0x00,
    0x00,0x00,0x00,0x00,0x00,0x00,0x00,0x00,0x00,0x00,0x00,0x00,0x00,0x00,0x00,0x00,0x00,0x00,0x24,0x21,0x92,0x8c,0x92,0x8c,
    0x72,0x8c,0x71,0x8c,0x72,0x8c,0x51,0x84,0x51,0x84,0x31,0x84,0x31,0x84,0x10,0x7c,0x10,0x7c,0xf0,0x7b,0xf4,0x9c,0x31,0x84,
    0xef,0x73,0xd3,0x94,0xaf,0x73,0xf0,0x7b,0x10,0x7c,0x31,0x84,0x31,0x84,0x71,0x8c,0x92,0x8c,0xb3,0x94,0xd3,0x94,0xf4,0x9c,
    0x14,0x9d,0x35,0xa5,0x45,0x29,0x00,0x00,0x00,0x00,0x00,0x00,0x00,0x00,0x00,0x00,0x00,0x00,0x00,0x00,0x00,0x00,0x00,0x00,
    0x00,0x00,0x00,0x00,0x00,0x00,0x00,0x00,0x00,0x00,0x00,0x00,0x00,0x00,0x00,0x00,0x00,0x00,0x00,0x00,0x00,0x00,0x00,0x00,
    0x00,0x00,0x00,0x00,0x00,0x00,0x00,0x00,0x00,0x00,0x00,0x00,0x00,0x00,0x00,0x00,0x00,0x00,0x00,0x00,0x00,0x00,0x00,0x00,
    0x00,0x00,0x00,0x00,0x00,0x00,0x00,0x00,0x00,0x00,0x00,0x00,0x00,0x00,0x00,0x00,0x00,0x00,0x00,0x00,0x00,0x00,0x00,0x00,
    0x00,0x00,0x00,0x00,0x00,0x00,0x00,0x00,0x00,0x00,0x00,0x00,0x00,0x00,0x00,0x00,0x00,0x00,0x00,0x00,0x00,0x00,0x00,0x00,
    0x00,0x00,0x00,0x00,0x00,0x00,0x00,0x00,0x00,0x00,0x00,0x00,0x00,0x00,0x00,0x00,0x00,0x00,0x00,0x00,0x00,0x00,0x00,0x00,
    0x00,0x00,0x00,0x00,0x00,0x00,0x00,0x00,0x00,0x00,0x00,0x00,0x00,0x00,0x00,0x00,0x00,0x00,0x00,0x00,0x00,0x00,0x00,0x00,
    0x00,0x00,0x00,0x00,0x00,0x00,0x00,0x00,0x00,0x00,0x00,0x00,0x00,0x00,0x00,0x00,0x00,0x00,0x00,0x00,0x00,0x00,0x00,0x00,
    0x00,0x00,0x00,0x00,0x00,0x00,0x00,0x00,0x00,0x00,0x00,0x00,0x00,0x00,0x25,0x21,0x92,0x8c,0x92,0x8c,0x71,0x84,0x71,0x8c,
    0x51,0x84,0x51,0x84,0x30,0x84,0x31,0x84,0x10,0x7c,0x10,0x84,0xf0,0x7b,0xf0,0x7b,0xf3,0x9c,0x31,0x84,0xf0,0x7b,0xd3,0x94,
    0xcf,0x73,0xef,0x7b,0x10,0x7c,0x31,0x84,0x51,0x84,0x71,0x8c,0x92,0x8c,0xb2,0x94,0xd3,0x94,0xf3,0x9c,0x14,0xa5,0x35,0xa5,
    0x66,0x29,0x00,0x00,0x00,0x00,0x00,0x00,0x00,0x00,0x00,0x00,0x00,0x00,0x00,0x00,0x00,0x00,0x00,0x00,0x00,0x00,0x00,0x00,
    0x00,0x00,0x00,0x00,0x00,0x00,0x00,0x00,0x00,0x00,0x00,0x00,0x00,0x00,0x00,0x00,0x00,0x00,0x00,0x00,0x00,0x00,0x00,0x00,
    0x00,0x00,0x00,0x00,0x00,0x00,0x00,0x00,0x00,0x00,0x00,0x00,0x00,0x00,0x00,0x00,0x00,0x00,0x00,0x00,0x00,0x00,0x00,0x00,
    0x00,0x00,0x00,0x00,0x00,0x00,0x00,0x00,0x00,0x00,0x00,0x00,0x00,0x00,0x00,0x00,0x00,0x00,0x00,0x00,0x00,0x00,0x00,0x00,
    0x00,0x00,0x00,0x00,0x00,0x00,0x00,0x00,0x00,0x00,0x00,0x00,0x00,0x00,0x00,0x00,0x00,0x00,0x00,0x00,0x00,0x00,0x00,0x00,
    0x00,0x00,0x00,0x00,0x00,0x00,0x00,0x00,0x00,0x00,0x00,0x00,0x00,0x00,0x00,0x00,0x00,0x00,0x00,0x00,0x00,0x00,0x00,0x00,
    0x00,0x00,0x00,0x00,0x00,0x00,0x00,0x00,0x00,0x00,0x00,0x00,0x00,0x00,0x00,0x00,0x00,0x00,0x00,0x00,0x00,0x00,0x00,0x00,
    0x00,0x00,0x00,0x00,0x00,0x00,0x00,0x00,0x00,0x00,0x00,0x00,0x00,0x00,0x00,0x00,0x00,0x00,0x00,0x00,0x00,0x00,0x00,0x00,
    0x00,0x00,0x00,0x00,0x00,0x00,0x00,0x00,0x00,0x00,0x24,0x21,0x92,0x8c,0x92,0x8c,0x72,0x8c,0x71,0x84,0x51,0x8c,0x51,0x84,
    0x51,0x84,0x30,0x84,0x31,0x84,0x10,0x7c,0x10,0x7c,0xf0,0x7b,0xf4,0x9c,0x31,0x84,0xcf,0x73,0xb3,0x94,0xaf,0x73,0xf0,0x7b,
    0xef,0x7b,0x30,0x84,0x51,0x84,0x72,0x8c,0x91,0x8c,0xb2,0x94,0xd3,0x94,0xf4,0x9c,0x13,0x9d,0x34,0xa5,0x45,0x29,0x00,0x00,
    0x00,0x00,0x00,0x00,0x00,0x00,0x00,0x00,0x00,0x00,0x00,0x00,0x00,0x00,0x00,0x00,0x00,0x00,0x00,0x00,0x00,0x00,0x00,0x00,
    0x00,0x00,0x00,0x00,0x00,0x00,0x00,0x00,0x00,0x00,0x00,0x00,0x00,0x00,0x00,0x00,0x00,0x00,0x00,0x00,0x00,0x00,0x00,0x00,
    0x00,0x00,0x00,0x00,0x00,0x00,0x00,0x00,0x00,0x00,0x00,0x00,0x00,0x00,0x00,0x00,0x00,0x00,0x00,0x00,0x00,0x00,0x00,0x00,
    0x00,0x00,0x00,0x00,0x00,0x00,0x00,0x00,0x00,0x00,0x00,0x00,0x00,0x00,0x00,0x00,0x00,0x00,0x00,0x00,0x00,0x00,0x00,0x00,
    0x00,0x00,0x00,0x00,0x00,0x00,0x00,0x00,0x00,0x00,0x00,0x00,0x00,0x00,0x00,0x00,0x00,0x00,0x00,0x00,0x00,0x00,0x00,0x00,
    0x00,0x00,0x00,0x00,0x00,0x00,0x00,0x00,0x00,0x00,0x00,0x00,0x00,0x00,0x00,0x00,0x00,0x00,0x00,0x00,0x00,0x00,0x00,0x00,
    0x00,0x00,0x00,0x00,0x00,0x00,0x00,0x00,0x00,0x00,0x00,0x00,0x00,0x00,0x00,0x00,0x00,0x00,0x00,0x00,0x00,0x00,0x00,0x00,
    0x00,0x00,0x00,0x00,0x00,0x00,0x00,0x00,0x00,0x00,0x00,0x00,0x00,0x00,0x00,0x00,0x00,0x00,0x00,0x00,0x00,0x00,0x00,0x00,
    0x00,0x00,0x00,0x00,0x00,0x00,0x25,0x21,0x92,0x8c,0x92,0x8c,0x71,0x84,0x72,0x8c,0x51,0x84,0x51,0x84,0x30,0x84,0x31,0x84,
    0x10,0x7c,0x10,0x7c,0xf0,0x7b,0xf0,0x7b,0xf3,0x94,0x31,0x84,0xcf,0x7b,0xd3,0x94,0xcf,0x73,0xef,0x73,0x10,0x7c,0x30,0x7c,
    0x51,0x84,0x71,0x8c,0x92,0x8c,0xb2,0x94,0xd3,0x94,0xf3,0x9c,0x14,0x9d,0x34,0x9d,0x66,0x29,0x00,0x00,0x00,0x00,0x00,0x00,
    0x00,0x00,0x00,0x00,0x00,0x00,0x00,0x00,0x00,0x00,0x00,0x00,0x00,0x00,0x00,0x00,0x00,0x00,0x00,0x00,0x00,0x00,0x00,0x00,
    0x00,0x00,0x00,0x00,0x00,0x00,0x00,0x00,0x00,0x00,0x00,0x00,0x00,0x00,0x00,0x00,0x00,0x00,0x00,0x00,0x00,0x00,0x00,0x00,
    0x00,0x00,0x00,0x00,0x00,0x00,0x00,0x00,0x00,0x00,0x00,0x00,0x00,0x00,0x00,0x00,0x00,0x00,0x00,0x00,0x00,0x00,0x00,0x00,
    0x00,0x00,0x00,0x00,0x00,0x00,0x00,0x00,0x00,0x00,0x00,0x00,0x00,0x00,0x00,0x00,0x00,0x00,0x00,0x00,0x00,0x00,0x00,0x00,
    0x00,0x00,0x00,0x00,0x00,0x00,0x00,0x00,0x00,0x00,0x00,0x00,0x00,0x00,0x00,0x00,0x00,0x00,0x00,0x00,0x00,0x00,0x00,0x00,
    0x00,0x00,0x00,0x00,0x00,0x00,0x00,0x00,0x00,0x00,0x00,0x00,0x00,0x00,0x00,0x00,0x00,0x00,0x00,0x00,0x00,0x00,0x00,0x00,
    0x00,0x00,0x00,0x00,0x00,0x00,0x00,0x00,0x00,0x00,0x00,0x00,0x00,0x00,0x00,0x00,0x00,0x00,0x00,0x00,0x00,0x00,0x00,0x00,
    0x00,0x00,0x00,0x00,0x00,0x00,0x00,0x00,0x00,0x00,0x00,0x00,0x00,0x00,0x00,0x00,0x00,0x00,0x00,0x00,0x00,0x00,0x00,0x00,
    0x00,0x00,0x24,0x21,0x92,0x8c,0x72,0x8c,0x72,0x8c,0x51,0x84,0x51,0x84,0x51,0x84,0x31,0x84,0x30,0x84,0x30,0x84,0x10,0x7c,
    0x10,0x7c,0xf0,0x7b,0xf4,0x9c,0x30,0x7c,0xcf,0x73,0xd3,0x94,0xae,0x73,0xef,0x7b,0xf0,0x7b,0x31,0x84,0x30,0x84,0x71,0x8c,
    0x92,0x8c,0xb3,0x94,0xd2,0x94,0xf3,0x9c,0x14,0x9d,0x35,0xa5,0x45,0x29,0x00,0x00,0x00,0x00,0x00,0x00,0x00,0x00,0x00,0x00,
    0x00,0x00,0x00,0x00,0x00,0x00,0x00,0x00,0x00,0x00,0x00,0x00,0x00,0x00,0x00,0x00,0x00,0x00,0x00,0x00,0x00,0x00,0x00,0x00,
    0x00,0x00,0x00,0x00,0x00,0x00,0x00,0x00,0x00,0x00,0x00,0x00,0x00,0x00,0x00,0x00,0x00,0x00,0x00,0x00,0x00,0x00,0x00,0x00,
    0x00,0x00,0x00,0x00,0x00,0x00,0x00,0x00,0x00,0x00,0x00,0x00,0x00,0x00,0x00,0x00,0x00,0x00,0x00,0x00,0x00,0x00,0x00,0x00,
    0x00,0x00,0x00,0x00,0x00,0x00,0x00,0x00,0x00,0x00,0x00,0x00,0x00,0x00,0x00,0x00,0x00,0x00,0x00,0x00,0x00,0x00,0x00,0x00,
    0x00,0x00,0x00,0x00,0x00,0x00,0x00,0x00,0x00,0x00,0x00,0x00,0x00,0x00,0x00,0x00,0x00,0x00,0x00,0x00,0x00,0x00,0x00,0x00,
    0x00,0x00,0x00,0x00,0x00,0x00,0x00,0x00,0x00,0x00,0x00,0x00,0x00,0x00,0x00,0x00,0x00,0x00,0x00,0x00,0x00,0x00,0x00,0x00,
    0x00,0x00,0x00,0x00,0x00,0x00,0x00,0x00,0x00,0x00,0x00,0x00,0x00,0x00,0x00,0x00,0x00,0x00,0x00,0x00,0x00,0x00,0x00,0x00,
    0x00,0x00,0x00,0x00,0x00,0x00,0x00,0x00,0x00,0x00,0x00,0x00,0x00,0x00,0x00,0x00,0x00,0x00,0x00,0x00,0x00,0x00,0x25,0x21,
    0x92,0x8c,0x92,0x8c,0x51,0x84,0x51,0x8c,0x51,0x84,0x51,0x84,0x30,0x7c,0x31,0x84,0x10,0x7c,0x10,0x7c,0xef,0x7b,0xf0,0x7b,
    0xf3,0x94,0x31,0x84,0xf0,0x7b,0xd3,0x94,0xcf,0x73,0xcf,0x73,0x10,0x7c,0x30,0x84,0x51,0x84,0x71,0x84,0x92,0x8c,0xb2,0x94,
    0xd3,0x94,0xf3,0x9c,0x14,0x9d,0x34,0xa5,0x65,0x29,0x00,0x00,0x00,0x00,0x00,0x00,0x00,0x00,0x00,0x00,0x00,0x00,0x00,0x00,
    0x00,0x00,0x00,0x00,0x00,0x00,0x00,0x00,0x00,0x00,0x00,0x00,0x00,0x00,0x00,0x00,0x00,0x00,0x00,0x00,0x00,0x00,0x00,0x00,
    0x00,0x00,0x00,0x00,0x00,0x00,0x00,0x00,0x00,0x00,0x00,0x00,0x00,0x00,0x00,0x00,0x00,0x00,0x00,0x00,0x00,0x00,0x00,0x00,
    0x00,0x00,0x00,0x00,0x00,0x00,0x00,0x00,0x00,0x00,0x00,0x00,0x00,0x00,0x00,0x00,0x00,0x00,0x00,0x00,0x00,0x00,0x00,0x00,
    0x00,0x00,0x00,0x00,0x00,0x00,0x00,0x00,0x00,0x00,0x00,0x00,0x00,0x00,0x00,0x00,0x00,0x00,0x00,0x00,0x00,0x00,0x00,0x00,
    0x00,0x00,0x00,0x00,0x00,0x00,0x00,0x00,0x00,0x00,0x00,0x00,0x00,0x00,0x00,0x00,0x00,0x00,0x00,0x00,0x00,0x00,0x00,0x00,
    0x00,0x00,0x00,0x00,0x00,0x00,0x00,0x00,0x00,0x00,0x00,0x00,0x00,0x00,0x00,0x00,0x00,0x00,0x00,0x00,0x00,0x00,0x00,0x00,
    0x00,0x00,0x00,0x00,0x00,0x00,0x00,0x00,0x00,0x00,0x00,0x00,0x00,0x00,0x00,0x00,0x00,0x00,0x00,0x00,0x00,0x00,0x00,0x00,
    0x00,0x00,0x00,0x00,0x00,0x00,0x00,0x00,0x00,0x00,0x00,0x00,0x00,0x00,0x00,0x00,0x00,0x00,0x24,0x21,0x92,0x8c,0x72,0x8c,
    0x72,0x8c,0x51,0x84,0x51,0x8c,0x51,0x84,0x31,0x84,0x30,0x7c,0x11,0x84,0x10,0x7c,0x10,0x7c,0xef,0x7b,0xf4,0x9c,0x31,0x84,
    0xcf,0x73,0xb3,0x94,0xae,0x73,0xef,0x7b,0xef,0x73,0x10,0x7c,0x30,0x84,0x71,0x8c,0x71,0x8c,0x92,0x8c,0xb2,0x94,0xf3,0x9c,
    0xf3,0x9c,0x34,0xa5,0x45,0x29,0x00,0x00,0x00,0x00,0x00,0x00,0x00,0x00,0x00,0x00,0x00,0x00,0x00,0x00,0x00,0x00,0x00,0x00,
    0x00,0x00,0x00,0x00,0x00,0x00,0x00,0x00,0x00,0x00,0x00,0x00,0x00,0x00,0x00,0x00,0x00,0x00,0x00,0x00,0x00,0x00,0x00,0x00,
    0x00,0x00,0x00,0x00,0x00,0x00,0x00,0x00,0x00,0x00,0x00,0x00,0x00,0x00,0x00,0x00,0x00,0x00,0x00,0x00,0x00,0x00,0x00,0x00,
    0x00,0x00,0x00,0x00,0x00,0x00,0x00,0x00,0x00,0x00,0x00,0x00,0x00,0x00,0x00,0x00,0x00,0x00,0x00,0x00,0x00,0x00,0x00,0x00,
    0x00,0x00,0x00,0x00,0x00,0x00,0x00,0x00,0x00,0x00,0x00,0x00,0x00,0x00,0x00,0x00,0x00,0x00,0x00,0x00,0x00,0x00,0x00,0x00,
    0x00,0x00,0x00,0x00,0x00,0x00,0x00,0x00,0x00,0x00,0x00,0x00,0x00,0x00,0x00,0x00,0x00,0x00,0x00,0x00,0x00,0x00,0x00,0x00,
    0x00,0x00,0x00,0x00,0x00,0x00,0x00,0x00,0x00,0x00,0x00,0x00,0x00,0x00,0x00,0x00,0x00,0x00,0x00,0x00,0x00,0x00,0x00,0x00,
    0x00,0x00,0x00,0x00,0x00,0x00,0x00,0x00,0x00,0x00,0x00,0x00,0x00,0x00,0x00,0x00,0x00,0x00,0x00,0x00,0x00,0x00,0x00,0x00,
    0x00,0x00,0x00,0x00,0x00,0x00,0x00,0x00,0x00,0x00,0x00,0x00,0x00,0x00,0x25,0x21,0x71,0x8c,0x72,0x8c,0x51,0x84,0x51,0x84,
    0x31,0x84,0x31,0x84,0x30,0x7c,0x30,0x84,0x10,0x7c,0x10,0x7c,0xef,0x73,0xf0,0x7b,0xd3,0x94,0x30,0x84,0xcf,0x7b,0xb3,0x94,
    0xcf,0x73,0xcf,0x73,0xf0,0x7b,0x10,0x7c,0x51,0x84,0x51,0x84,0x92,0x8c,0xb2,0x8c,0xd3,0x94,0xf3,0x9c,0x14,0x9d,0x34,0x9d,
    0x66,0x29,0x00,0x00,0x00,0x00,0x00,0x00,0x00,0x00,0x00,0x00,0x00,0x00,0x00,0x00,0x00,0x00,0x00,0x00,0x00,0x00,0x00,0x00,
    0x00,0x00,0x00,0x00,0x00,0x00,0x00,0x00,0x00,0x00,0x41,0x08,0x45,0x29,0x41,0x08,0x00,0x00,0x00,0x00,0x00,0x00,0x00,0x00,
    0x00,0x00,0x00,0x00,0x00,0x00,0x00,0x00,0x00,0x00,0x00,0x00,0x00,0x00,0x00,0x00,0x00,0x00,0x00,0x00,0x00,0x00,0x00,0x00,
    0x00,0x00,0x00,0x00,0x00,0x00,0x00,0x00,0x00,0x00,0x00,0x00,0x00,0x00,0x00,0x00,0x00,0x00,0x00,0x00,0x00,0x00,0x00,0x00,
    0x00,0x00,0x00,0x00,0x00,0x00,0x00,0x00,0x00,0x00,0x00,0x00,0x00,0x00,0x00,0x00,0x00,0x00,0x00,0x00,0x00,0x00,0x00,0x00,
    0x00,0x00,0x00,0x00,0x00,0x00,0x00,0x00,0x00,0x00,0x00,0x00,0x00,0x00,0x00,0x00,0x00,0x00,0x00,0x00,0x00,0x00,0x00,0x00,
    0x00,0x00,0x00,0x00,0x00,0x00,0x00,0x00,0x00,0x00,0x00,0x00,0x00,0x00,0x00,0x00,0x00,0x00,0x00,0x00,0x00,0x00,0x00,0x00,
    0x00,0x00,0x00,0x00,0x00,0x00,0x00,0x00,0x00,0x00,0x00,0x00,0x00,0x00,0x00,0x00,0x00,0x00,0x00,0x00,0x00,0x00,0x00,0x00,
    0x00,0x00,0x00,0x00,0x00,0x00,0x00,0x00,0x00,0x00,0x24,0x21,0x92,0x8c,0x71,0x8c,0x72,0x8c,0x51,0x84,0x51,0x84,0x31,0x84,
    0x31,0x84,0x30,0x7c,0x10,0x7c,0xf0,0x7b,0x10,0x7c,0xef,0x73,0xf3,0x9c,0x10,0x7c,0xcf,0x73,0xb3,0x94,0xae,0x6b,0xcf,0x73,
    0xef,0x7b,0x10,0x84,0x30,0x7c,0x51,0x8c,0x71,0x8c,0xb2,0x94,0xb2,0x94,0xf3,0x94,0xf3,0x9c,0x34,0xa5,0x45,0x29,0x00,0x00,
    0x00,0x00,0x00,0x00,0x00,0x00,0x00,0x00,0x00,0x00,0x00,0x00,0x00,0x00,0x00,0x00,0x00,0x00,0x00,0x00,0x00,0x00,0x00,0x00,
    0x00,0x00,0x69,0x4a,0x54,0xa5,0x79,0xce,0x58,0xc6,0x38,0xc6,0xd3,0x94,0x08,0x42,0x00,0x00,0x00,0x00,0x00,0x00,0x00,0x00,
    0x00,0x00,0x00,0x00,0x00,0x00,0x00,0x00,0x00,0x00,0x00,0x00,0x00,0x00,0x00,0x00,0x00,0x00,0x00,0x00,0x00,0x00,0x00,0x00,
    0x00,0x00,0x00,0x00,0x00,0x00,0x00,0x00,0x00,0x00,0x00,0x00,0x00,0x00,0x00,0x00,0x00,0x00,0x00,0x00,0x00,0x00,0x00,0x00,
    0x00,0x00,0x00,0x00,0x00,0x00,0x00,0x00,0x00,0x00,0x00,0x00,0x00,0x00,0x00,0x00,0x00,0x00,0x00,0x00,0x00,0x00,0x00,0x00,
    0x00,0x00,0x00,0x00,0x00,0x00,0x00,0x00,0x00,0x00,0x00,0x00,0x00,0x00,0x00,0x00,0x00,0x00,0x00,0x00,0x00,0x00,0x00,0x00,
    0x00,0x00,0x00,0x00,0x00,0x00,0x00,0x00,0x00,0x00,0x00,0x00,0x00,0x00,0x00,0x00,0x00,0x00,0x00,0x00,0x00,0x00,0x00,0x00,
    0x00,0x00,0x00,0x00,0x00,0x00,0x00,0x00,0x00,0x00,0x00,0x00,0x00,0x00,0x00,0x00,0x00,0x00,0x00,0x00,0x00,0x00,0x00,0x00,
    0x00,0x00,0x00,0x00,0x00,0x00,0x25,0x21,0x71,0x8c,0x72,0x8c,0x51,0x84,0x51,0x84,0x51,0x84,0x51,0x84,0x10,0x7c,0x10,0x84,
    0x10,0x7c,0x10,0x7c,0xef,0x73,0xf0,0x7b,0xf3,0x94,0x31,0x84,0xcf,0x7b,0xb2,0x94,0xaf,0x73,0xcf,0x73,0xf0,0x7b,0x10,0x7c,
    0x31,0x84,0x51,0x84,0x92,0x8c,0xb2,0x8c,0xd3,0x94,0xf3,0x94,0x14,0x9d,0x34,0x9d,0x65,0x29,0x00,0x00,0x00,0x00,0x00,0x00,
    0x00,0x00,0x00,0x00,0x00,0x00,0x00,0x00,0x00,0x00,0x00,0x00,0x00,0x00,0x00,0x00,0x00,0x00,0x04,0x21,0x14,0xa5,0xba,0xd6,
    0xfb,0xde,0xda,0xd6,0xba,0xd6,0x59,0xc6,0x38,0xc6,0xd7,0xb5,0x71,0x8c,0xe3,0x18,0x00,0x00,0x00,0x00,0x00,0x00,0x00,0x00,
    0x00,0x00,0x00,0x00,0x00,0x00,0x00,0x00,0x00,0x00,0x00,0x00,0x00,0x00,0x00,0x00,0x00,0x00,0x00,0x00,0x00,0x00,0x00,0x00,
    0x00,0x00,0x00,0x00,0x00,0x00,0x00,0x00,0x00,0x00,0x00,0x00,0x00,0x00,0x00,0x00,0x00,0x00,0x00,0x00,0x00,0x00,0x00,0x00,
    0x00,0x00,0x00,0x00,0x00,0x00,0x00,0x00,0x00,0x00,0x00,0x00,0x00,0x00,0x00,0x00,0x00,0x00,0x00,0x00,0x00,0x00,0x00,0x00,
    0x00,0x00,0x00,0x00,0x00,0x00,0x00,0x00,0x00,0x00,0x00,0x00,0x00,0x00,0x00,0x00,0x00,0x00,0x00,0x00,0x00,0x00,0x00,0x00,
    0x00,0x00,0x00,0x00,0x00,0x00,0x00,0x00,0x00,0x00,0x00,0x00,0x00,0x00,0x00,0x00,0x00,0x00,0x00,0x00,0x00,0x00,0x00,0x00,
    0x00,0x00,0x00,0x00,0x00,0x00,0x00,0x00,0x00,0x00,0x00,0x00,0x00,0x00,0x00,0x00,0x00,0x00,0x00,0x00,0x00,0x00,0x00,0x00,
    0x00,0x00,0x24,0x21,0x92,0x8c,0x71,0x8c,0x72,0x8c,0x51,0x84,0x51,0x84,0x31,0x84,0x31,0x84,0x10,0x7c,0x10,0x7c,0x10,0x7c,
    0xf0,0x7b,0xcf,0x73,0xf4,0x9c,0x30,0x84,0xae,0x73,0xb2,0x94,0xae,0x6b,0xcf,0x73,0xef,0x73,0x10,0x7c,0x30,0x7c,0x51,0x84,
    0x71,0x84,0x92,0x8c,0xb2,0x94,0xd3,0x9c,0xf3,0x94,0x34,0x9d,0x45,0x29,0x00,0x00,0x00,0x00,0x00,0x00,0x00,0x00,0x00,0x00,
    0x00,0x00,0x00,0x00,0x00,0x00,0x00,0x00,0x00,0x00,0x00,0x00,0x00,0x00,0xcf,0x7b,0xb9,0xce,0x1b,0xe7,0x7d,0xef,0x9d,0xef,
    0xda,0xd6,0x99,0xce,0x38,0xbe,0xf7,0xbd,0x96,0xad,0x2d,0x63,0x00,0x00,0x00,0x00,0x00,0x00,0x00,0x00,0x00,0x00,0x00,0x00,
    0x00,0x00,0x00,0x00,0x00,0x00,0x00,0x00,0x00,0x00,0x00,0x00,0x00,0x00,0x00,0x00,0x00,0x00,0x00,0x00,0x00,0x00,0x00,0x00,
    0x00,0x00,0x00,0x00,0x00,0x00,0x00,0x00,0x00,0x00,0x00,0x00,0x00,0x00,0x00,0x00,0x00,0x00,0x00,0x00,0x00,0x00,0x00,0x00,
    0x00,0x00,0x00,0x00,0x00,0x00,0x00,0x00,0x00,0x00,0x00,0x00,0x00,0x00,0x00,0x00,0x00,0x00,0x00,0x00,0x00,0x00,0x00,0x00,
    0x00,0x00,0x00,0x00,0x00,0x00,0x00,0x00,0x00,0x00,0x00,0x00,0x00,0x00,0x00,0x00,0x00,0x00,0x00,0x00,0x00,0x00,0x00,0x00,
    0x00,0x00,0x00,0x00,0x00,0x00,0x00,0x00,0x00,0x00,0x00,0x00,0x00,0x00,0x00,0x00,0x00,0x00,0x00,0x00,0x00,0x00,0x00,0x00,
    0x00,0x00,0x00,0x00,0x00,0x00,0x00,0x00,0x00,0x00,0x00,0x00,0x00,0x00,0x00,0x00,0x00,0x00,0x00,0x00,0x00,0x00,0x25,0x21,
    0x71,0x84,0x72,0x8c,0x51,0x84,0x51,0x84,0x30,0x7c,0x31,0x84,0x10,0x7c,0x10,0x7c,0xef,0x7b,0xf0,0x7b,0xef,0x73,0xef,0x7b,
    0xd3,0x94,0x10,0x7c,0xcf,0x73,0xb2,0x94,0xaf,0x73,0xcf,0x73,0xf0,0x7b,0x10,0x7c,0x31,0x84,0x51,0x84,0x72,0x8c,0x92,0x8c,
    0xb3,0x94,0xd3,0x94,0x14,0x9d,0x14,0x9d,0x66,0x31,0x00,0x00,0x00,0x00,0x00,0x00,0x00,0x00,0x00,0x00,0x00,0x00,0x00,0x00,
    0x00,0x00,0x00,0x00,0x00,0x00,0x00,0x00,0xc7,0x39,0x79,0xc6,0xfb,0xde,0x9d,0xef,0xde,0xff,0xbe,0xf7,0x1c,0xe7,0x99,0xce,
    0x59,0xc6,0xf7,0xbd,0xb7,0xb5,0x75,0xa5,0x66,0x29,0x00,0x00,0x00,0x00,0x00,0x00,0x00,0x00,0x00,0x00,0x00,0x00,0x00,0x00,
    0x00,0x00,0x00,0x00,0x00,0x00,0x00,0x00,0x00,0x00,0x00,0x00,0x00,0x00,0x00,0x00,0x00,0x00,0x00,0x00,0x00,0x00,0x00,0x00,
    0x00,0x00,0x00,0x00,0x00,0x00,0x00,0x00,0x00,0x00,0x00,0x00,0x00,0x00,0x00,0x00,0x00,0x00,0x00,0x00,0x00,0x00,0x00,0x00,
    0x00,0x00,0x00,0x00,0x00,0x00,0x00,0x00,0x00,0x00,0x00,0x00,0x00,0x00,0x00,0x00,0x00,0x00,0x00,0x00,0x00,0x00,0x00,0x00,
    0x00,0x00,0x00,0x00,0x00,0x00,0x00,0x00,0x00,0x00,0x00,0x00,0x00,0x00,0x00,0x00,0x00,0x00,0x00,0x00,0x00,0x00,0x00,0x00,
    0x00,0x00,0x00,0x00,0x00,0x00,0x00,0x00,0x00,0x00,0x00,0x00,0x00,0x00,0x00,0x00,0x00,0x00,0x00,0x00,0x00,0x00,0x00,0x00,
    0x00,0x00,0x00,0x00,0x00,0x00,0x00,0x00,0x00,0x00,0x00,0x00,0x00,0x00,0x00,0x00,0x00,0x00,0x25,0x21,0x72,0x8c,0x71,0x84,
    0x71,0x8c,0x51,0x84,0x51,0x84,0x30,0x84,0x31,0x84,0x10,0x7c,0x10,0x7c,0xf0,0x7b,0xf0,0x7b,0xcf,0x73,0xf3,0x9c,0x10,0x7c,
    0xcf,0x73,0xb3,0x94,0x8e,0x6b,0xcf,0x73,0xef,0x73,0x10,0x7c,0x10,0x7c,0x51,0x84,0x71,0x84,0x92,0x8c,0xb2,0x8c,0xd3,0x94,
    0xf3,0x9c,0x14,0xa5,0xc7,0x31,0x00,0x00,0x00,0x00,0x00,0x00,0x00,0x00,0x00,0x00,0x00,0x00,0x00,0x00,0x00,0x00,0x00,0x00,
    0x00,0x00,0x00,0x00,0xef,0x7b,0x59,0xc6,0xda,0xd6,0x9d,0xf7,0x9d,0xef,0x5c,0xef,0xda,0xd6,0x99,0xce,0x38,0xbe,0xf7,0xbd,
    0xb6,0xad,0x55,0xa5,0x0c,0x5b,0x00,0x00,0x00,0x00,0x00,0x00,0x00,0x00,0x00,0x00,0x00,0x00,0x00,0x00,0x00,0x00,0x00,0x00,
    0x00,0x00,0x00,0x00,0x00,0x00,0x00,0x00,0x00,0x00,0x00,0x00,0x00,0x00,0x00,0x00,0x00,0x00,0x00,0x00,0x00,0x00,0x00,0x00,
    0x00,0x00,0x00,0x00,0x00,0x00,0x00,0x00,0x00,0x00,0x00,0x00,0x00,0x00,0x00,0x00,0x00,0x00,0x00,0x00,0x00,0x00,0x00,0x00,
    0x00,0x00,0x00,0x00,0x00,0x00,0x00,0x00,0x00,0x00,0x00,0x00,0x00,0x00,0x00,0x00,0x00,0x00,0x00,0x00,0x00,0x00,0x00,0x00,
    0x00,0x00,0x00,0x00,0x00,0x00,0x00,0x00,0x00,0x00,0x00,0x00,0x00,0x00,0x00,0x00,0x00,0x00,0x00,0x00,0x00,0x00,0x00,0x00,
    0x00,0x00,0x00,0x00,0x00,0x00,0x00,0x00,0x00,0x00,0x00,0x00,0x00,0x00,0x00,0x00,0x00,0x00,0x00,0x00,0x00,0x00,0x00,0x00,
    0x00,0x00,0x00,0x00,0x00,0x00,0x00,0x00,0x00,0x00,0x00,0x00,0x00,0x00,0x86,0x31,0x71,0x84,0x72,0x8c,0x51,0x84,0x51,0x84,
    0x30,0x84,0x31,0x84,0x10,0x7c,0x10,0x7c,0xf0,0x7b,0xf0,0x7b,0xcf,0x73,0xcf,0x73,0xd3,0x94,0x10,0x84,0xcf,0x7b,0xb2,0x94,
    0xaf,0x73,0xcf,0x73,0xf0,0x7b,0x10,0x7c,0x31,0x84,0x51,0x84,0x72,0x8c,0x92,0x8c,0xb3,0x94,0xd3,0x94,0x14,0x9d,0x14,0x9d,
    0x49,0x4a,0x00,0x00,0x00,0x00,0x00,0x00,0x00,0x00,0x00,0x00,0x00,0x00,0x00,0x00,0x00,0x00,0x00,0x00,0x00,0x00,0x00,0x00,
    0x51,0x8c,0x38,0xc6,0x9a,0xce,0xfb,0xde,0xfb,0xde,0xda,0xd6,0xba,0xd6,0x59,0xc6,0x38,0xc6,0xd7,0xb5,0xb6,0xb5,0x34,0xa5,
    0x4d,0x6b,0x00,0x00,0x00,0x00,0x00,0x00,0x00,0x00,0x00,0x00,0x00,0x00,0x00,0x00,0x27,0x4a,0xf7,0xf6,0x59,0xff,0x58,0xff,
    0x59,0xff,0x38,0xff,0x59,0xff,0x58,0xff,0x59,0xff,0x38,0xff,0x59,0xff,0x58,0xff,0x59,0xff,0x38,0xff,0x59,0xff,0x58,0xff,
    0x59,0xff,0x38,0xff,0x59,0xff,0x58,0xff,0x59,0xff,0x38,0xff,0x59,0xff,0x58,0xff,0x59,0xff,0x38,0xff,0x59,0xff,0x58,0xff,
    0x59,0xff,0x38,0xff,0x59,0xff,0x58,0xff,0x59,0xff,0x38,0xff,0x59,0xff,0x58,0xff,0x59,0xff,0x38,0xff,0x59,0xff,0x72,0xbd,
    0x00,0x00,0x00,0x00,0x00,0x00,0x00,0x00,0x00,0x00,0x00,0x00,0x00,0x00,0x00,0x00,0x00,0x00,0x00,0x00,0x00,0x00,0x00,0x00,
    0x00,0x00,0x00,0x00,0x00,0x00,0x00,0x00,0x00,0x00,0x00,0x00,0x00,0x00,0x00,0x00,0x00,0x00,0x00,0x00,0x00,0x00,0x00,0x00,
    0x00,0x00,0x00,0x00,0x00,0x00,0x00,0x00,0x00,0x00,0xe8,0x39,0x72,0x8c,0x71,0x8c,0x51,0x8c,0x51,0x84,0x31,0x84,0x31,0x84,
    0x31,0x84,0x10,0x7c,0x10,0x7c,0xf0,0x7b,0xf0,0x7b,0xcf,0x73,0xf4,0x9c,0x10,0x7c,0xae,0x73,0xb2,0x94,0x8e,0x6b,0xcf,0x73,
    0xcf,0x73,0x10,0x7c,0x30,0x7c,0x51,0x84,0x71,0x84,0x92,0x8c,0xb2,0x8c,0xd3,0x94,0xf3,0x94,0x14,0x9d,0xaa,0x52,0x00,0x00,
    0x00,0x00,0x00,0x00,0x00,0x00,0x00,0x00,0x00,0x00,0x00,0x00,0x00,0x00,0x00,0x00,0x00,0x00,0x00,0x00,0xcf,0x73,0x18,0xbe,
    0x38,0xbe,0x79,0xce,0x79,0xce,0x79,0xce,0x58,0xc6,0x38,0xc6,0xf7,0xb5,0xb7,0xb5,0x75,0xa5,0xf3,0x9c,0xcb,0x52,0x00,0x00,
    0x00,0x00,0x00,0x00,0x00,0x00,0x00,0x00,0x00,0x00,0x00,0x00,0x07,0x4a,0xf7,0xf6,0x38,0xff,0x58,0xff,0x38,0xff,0x58,0xff,
    0x38,0xff,0x58,0xff,0x38,0xff,0x58,0xff,0x38,0xff,0x58,0xff,0x38,0xff,0x58,0xff,0x38,0xff,0x58,0xff,0x38,0xff,0x58,0xff,
    0x38,0xff,0x58,0xff,0x38,0xff,0x58,0xff,0x38,0xff,0x58,0xff,0x38,0xff,0x58,0xff,0x38,0xff,0x58,0xff,0x38,0xff,0x58,0xff,
    0x38,0xff,0x58,0xff,0x38,0xff,0x58,0xff,0x38,0xff,0x58,0xff,0x38,0xff,0x58,0xff,0x38,0xff,0x72,0xbd,0x00,0x00,0x00,0x00,
    0x00,0x00,0x00,0x00,0x00,0x00,0x00,0x00,0x00,0x00,0x00,0x00,0x00,0x00,0x00,0x00,0x00,0x00,0x00,0x00,0x00,0x00,0x00,0x00,
    0x00,0x00,0x00,0x00,0x00,0x00,0x00,0x00,0x00,0x00,0x00,0x00,0x00,0x00,0x00,0x00,0x00,0x00,0x00,0x00,0x00,0x00,0x00,0x00,
    0x00,0x00,0x00,0x00,0x00,0x00,0x6a,0x4a,0x51,0x84,0x51,0x84,0x51,0x84,0x51,0x84,0x30,0x7c,0x30,0x84,0x10,0x7c,0x10,0x7c,
    0xef,0x73,0xf0,0x7b,0xcf,0x73,0xcf,0x7b,0xd3,0x94,0x10,0x7c,0xaf,0x73,0xb2,0x94,0xaf,0x73,0xcf,0x73,0xf0,0x7b,0x10,0x7c,
    0x31,0x84,0x51,0x84,0x72,0x8c,0x92,0x8c,0xb3,0x94,0xd3,0x94,0xf4,0x9c,0x14,0x9d,0x2d,0x63,0x00,0x00,0x00,0x00,0x00,0x00,
    0x00,0x00,0x00,0x00,0x00,0x00,0x00,0x00,0x00,0x00,0x00,0x00,0x00,0x00,0x00,0x00,0xcb,0x5a,0xd7,0xb5,0x18,0xbe,0x18,0xbe,
    0x38,0xc6,0x38,0xbe,0x18,0xc6,0xf7,0xbd,0xd7,0xb5,0x96,0xad,0x35,0xa5,0x92,0x8c,0xe8,0x39,0x00,0x00,0x00,0x00,0x00,0x00,
    0x00,0x00,0x00,0x00,0x00,0x00,0x00,0x00,0x00,0x00,0x00,0x00,0x00,0x00,0x00,0x00,0x00,0x00,0x00,0x00,0x00,0x00,0x00,0x00,
    0x00,0x00,0x00,0x00,0x00,0x00,0x00,0x00,0x00,0x00,0x00,0x00,0x00,0x00,0x00,0x00,0x00,0x00,0x00,0x00,0x00,0x00,0x00,0x00,
    0x00,0x00,0x00,0x00,0x00,0x00,0x00,0x00,0x00,0x00,0x00,0x00,0x00,0x00,0x00,0x00,0x00,0x00,0x00,0x00,0x00,0x00,0x00,0x00,
    0x00,0x00,0x00,0x00,0x00,0x00,0x00,0x00,0x00,0x00,0x00,0x00,0x00,0x00,0x00,0x00,0x00,0x00,0x00,0x00,0x00,0x00,0x00,0x00,
    0x00,0x00,0x00,0x00,0x00,0x00,0x00,0x00,0x00,0x00,0x00,0x00,0x00,0x00,0x00,0x00,0x00,0x00,0x00,0x00,0x00,0x00,0x00,0x00,
    0x00,0x00,0x00,0x00,0x00,0x00,0x00,0x00,0x00,0x00,0x00,0x00,0x00,0x00,0x00,0x00,0x00,0x00,0x00,0x00,0x00,0x00,0x00,0x00,
    0x00,0x00,0xcb,0x52,0x72,0x8c,0x51,0x84,0x51,0x84,0x51,0x84,0x31,0x84,0x30,0x7c,0x31,0x84,0x10,0x7c,0x10,0x7c,0xef,0x73,
    0xf0,0x7b,0xcf,0x73,0xf3,0x9c,0x10,0x7c,0xaf,0x73,0xb2,0x94,0x8e,0x6b,0xcf,0x73,0xcf,0x73,0x10,0x7c,0x10,0x7c,0x51,0x84,
    0x71,0x84,0x92,0x8c,0xb2,0x8c,0xd3,0x94,0xf3,0x94,0x14,0x9d,0xae,0x73,0x00,0x00,0x00,0x00,0x00,0x00,0x00,0x00,0x00,0x00,
    0x00,0x00,0x00,0x00,0x00,0x00,0x00,0x00,0x00,0x00,0x00,0x00,0xa2,0x10,0x76,0xad,0xb6,0xb5,0xf7,0xb5,0xd7,0xb5,0xf7,0xb5,
    0xd6,0xb5,0xb7,0xb5,0x95,0xad,0x55,0xa5,0xd3,0x94,0x31,0x84,0x61,0x08,0x00,0x00,0x00,0x00,0x00,0x00,0x00,0x00,0x00,0x00,
    0x00,0x00,0x00,0x00,0x00,0x00,0x00,0x00,0x00,0x00,0x00,0x00,0x00,0x00,0x00,0x00,0x00,0x00,0x00,0x00,0x00,0x00,0x00,0x00,
    0x00,0x00,0x00,0x00,0x00,0x00,0x00,0x00,0x00,0x00,0x00,0x00,0x00,0x00,0x00,0x00,0x00,0x00,0x00,0x00,0x00,0x00,0x00,0x00,
    0x00,0x00,0x00,0x00,0x00,0x00,0x00,0x00,0x00,0x00,0x00,0x00,0x00,0x00,0x00,0x00,0x00,0x00,0x00,0x00,0x00,0x00,0x00,0x00,
    0x00,0x00,0x00,0x00,0x00,0x00,0x00,0x00,0x00,0x00,0x00,0x00,0x00,0x00,0x00,0x00,0x00,0x00,0x00,0x00,0x00,0x00,0x00,0x00,
    0x00,0x00,0x00,0x00,0x00,0x00,0x00,0x00,0x00,0x00,0x00,0x00,0x00,0x00,0x00,0x00,0x00,0x00,0x00,0x00,0x00,0x00,0x00,0x00,
    0x00,0x00,0x00,0x00,0x00,0x00,0x00,0x00,0x00,0x00,0x00,0x00,0x00,0x00,0x00,0x00,0x00,0x00,0x00,0x00,0x00,0x00,0x2d,0x63,
    0x71,0x84,0x71,0x8c,0x31,0x84,0x31,0x84,0x30,0x84,0x31,0x84,0x10,0x7c,0x10,0x7c,0xf0,0x7b,0xf0,0x7b,0xcf,0x73,0xcf,0x73,
    0xd3,0x94,0x10,0x7c,0xcf,0x73,0xb2,0x94,0xaf,0x73,0xaf,0x73,0xf0,0x7b,0x10,0x7c,0x31,0x84,0x51,0x84,0x72,0x8c,0x92,0x8c,
    0xb3,0x94,0xd3,0x94,0xf4,0x9c,0x14,0x9d,0xd3,0x94,0x00,0x00,0x00,0x00,0x00,0x00,0x00,0x00,0x00,0x00,0x00,0x00,0x00,0x00,
    0x00,0x00,0x00,0x00,0x00,0x00,0x00,0x00,0x00,0x00,0xeb,0x5a,0x96,0xad,0x96,0xad,0xb6,0xb5,0x96,0xad,0x96,0xb5,0x75,0xad,
    0x35,0xa5,0xb3,0x94,0x51,0x8c,0xe8,0x39,0x00,0x00,0x00,0x00,0x00,0x00,0x00,0x00,0x00,0x00,0x00,0x00,0x00,0x00,0x00,0x00,
    0x00,0x00,0x00,0x00,0x00,0x00,0x00,0x00,0x00,0x00,0x00,0x00,0x00,0x00,0x00,0x00,0x00,0x00,0x00,0x00,0x00,0x00,0x00,0x00,
    0x00,0x00,0x00,0x00,0x00,0x00,0x00,0x00,0x00,0x00,0x00,0x00,0x00,0x00,0x00,0x00,0x00,0x00,0x00,0x00,0x00,0x00,0x00,0x00,
    0x00,0x00,0x00,0x00,0x00,0x00,0x00,0x00,0x00,0x00,0x00,0x00,0x00,0x00,0x00,0x00,0x00,0x00,0x00,0x00,0x00,0x00,0x00,0x00,
    0x00,0x00,0x00,0x00,0x00,0x00,0x00,0x00,0x00,0x00,0x00,0x00,0x00,0x00,0x00,0x00,0x00,0x00,0x00,0x00,0x00,0x00,0x00,0x00,
    0x00,0x00,0x00,0x00,0x00,0x00,0x00,0x00,0x00,0x00,0x00,0x00,0x00,0x00,0x00,0x00,0x00,0x00,0x00,0x00,0x00,0x00,0x00,0x00,
    0x00,0x00,0x00,0x00,0x00,0x00,0x00,0x00,0x00,0x00,0x00,0x00,0x00,0x00,0x00,0x00,0x00,0x00,0x10,0x7c,0x72,0x8c,0x51,0x84,
    0x51,0x84,0x31,0x84,0x31,0x84,0x30,0x84,0x10,0x84,0x10,0x7c,0xf0,0x7b,0xf0,0x7b,0xf0,0x7b,0xcf,0x73,0xd3,0x9c,0x10,0x7c,
    0xae,0x6b,0xb2,0x94,0x8e,0x6b,0xcf,0x73,0xcf,0x73,0xf0,0x7b,0x10,0x7c,0x51,0x84,0x51,0x84,0x72,0x8c,0x92,0x8c,0xd3,0x94,
    0xd3,0x94,0x14,0x9d,0x34,0x9d,0x04,0x21,0x00,0x00,0x00,0x00,0x00,0x00,0x00,0x00,0x00,0x00,0x00,0x00,0x00,0x00,0x00,0x00,
    0x00,0x00,0x00,0x00,0x00,0x00,0x61,0x08,0xcf,0x73,0x34,0x9d,0x34,0x9d,0x35,0xa5,0x13,0x9d,0xd3,0x94,0x92,0x8c,0x31,0x84,
    0xeb,0x52,0x41,0x08,0x00,0x00,0x00,0x00,0x00,0x00,0x00,0x00,0x00,0x00,0x00,0x00,0x00,0x00,0x00,0x00,0x00,0x00,0x00,0x00,
    0x00,0x00,0x00,0x00,0x00,0x00,0x00,0x00,0x00,0x00,0x00,0x00,0x00,0x00,0x00,0x00,0x00,0x00,0x00,0x00,0x00,0x00,0x00,0x00,
    0x00,0x00,0x00,0x00,0x00,0x00,0x00,0x00,0x00,0x00,0x00,0x00,0x00,0x00,0x00,0x00,0x00,0x00,0x00,0x00,0x00,0x00,0x00,0x00,
    0x00,0x00,0x00,0x00,0x00,0x00,0x00,0x00,0x00,0x00,0x00,0x00,0x00,0x00,0x00,0x00,0x00,0x00,0x00,0x00,0x00,0x00,0x00,0x00,
    0x00,0x00,0x00,0x00,0x00,0x00,0x00,0x00,0x00,0x00,0x00,0x00,0x00,0x00,0x00,0x00,0x00,0x00,0x00,0x00,0x00,0x00,0x00,0x00,
    0x00,0x00,0x00,0x00,0x00,0x00,0x00,0x00,0x00,0x00,0x00,0x00,0x00,0x00,0x00,0x00,0x00,0x00,0x00,0x00,0x00,0x00,0x00,0x00,
    0x00,0x00,0x00,0x00,0x00,0x00,0x00,0x00,0x00,0x00,0x00,0x00,0xe3,0x18,0x72,0x8c,0x51,0x84,0x51,0x84,0x51,0x84,0x51,0x84,
    0x10,0x7c,0x10,0x7c,0x10,0x7c,0x10,0x7c,0xef,0x73,0xef,0x7b,0xcf,0x73,0xcf,0x73,0xd2,0x94,0x10,0x7c,0xaf,0x73,0x92,0x8c,
    0xaf,0x73,0xaf,0x73,0xcf,0x7b,0xf0,0x7b,0x30,0x84,0x51,0x84,0x71,0x8c,0x92,0x8c,0xb3,0x94,0xd3,0x94,0xf3,0x9c,0x14,0x9d,
    0x35,0xa5,0x8a,0x52,0x00,0x00,0x00,0x00,0x00,0x00,0x20,0x00,0x00,0x00,0x20,0x00,0x00,0x00,0x20,0x00,0x00,0x00,0x20,0x00,
    0x00,0x00,0x20,0x00,0x21,0x08,0xc7,0x39,0xcf,0x73,0x72,0x8c,0x72,0x8c,0x30,0x7c,0x4d,0x63,0x65,0x29,0x00,0x00,0x20,0x00,
    0x00,0x00,0x20,0x00,0x00,0x00,0x20,0x00,0x00,0x00,0x20,0x00,0x00,0x00,0x20,0x00,0x00,0x00,0x20,0x00,0x00,0x00,0x20,0x00,
    0x00,0x00,0x20,0x00,0x00,0x00,0x20,0x00,0x00,0x00,0x20,0x00,0x00,0x00,0x20,0x00,0x00,0x00,0x20,0x00,0x00,0x00,0x20,0x00,
    0x00,0x00,0x20,0x00,0x00,0x00,0x20,0x00,0x00,0x00,0x20,0x00,0x00,0x00,0x20,0x00,0x00,0x00,0x20,0x00,0x00,0x00,0x20,0x00,
    0x00,0x00,0x20,0x00,0x00,0x00,0x20,0x00,0x00,0x00,0x20,0x00,0x00,0x00,0x20,0x00,0x00,0x00,0x20,0x00,0x00,0x00,0x20,0x00,
    0x00,0x00,0x20,0x00,0x00,0x00,0x20,0x00,0x00,0x00,0x20,0x00,0x00,0x00,0x20,0x00,0x00,0x00,0x20,0x00,0x00,0x00,0x20,0x00,
    0x00,0x00,0x20,0x00,0x00,0x00,0x20,0x00,0x00,0x00,0x20,0x00,0x00,0x00,0x20,0x00,0x00,0x00,0x20,0x00,0x00,0x00,0x20,0x00,
    0x00,0x00,0x20,0x00,0x00,0x00,0x00,0x00,0x49,0x4a,0x72,0x8c,0x72,0x8c,0x51,0x84,0x51,0x84,0x31,0x84,0x31,0x84,0x10,0x7c,
    0x10,0x7c,0x10,0x7c,0xf0,0x7b,0xcf,0x73,0xef,0x7b,0xcf,0x73,0xd3,0x9c,0xf0,0x7b,0xae,0x73,0xb2,0x94,0x8e,0x6b,0xaf,0x73,
    0xcf,0x73,0xf0,0x7b,0x10,0x7c,0x31,0x84,0x51,0x84,0x92,0x8c,0x92,0x8c,0xd3,0x94,0xd3,0x94,0x14,0x9d,0x14,0x9d,0x10,0x84,
    0x00,0x00,0x00,0x00,0x20,0x00,0x21,0x00,0x20,0x00,0x21,0x08,0x20,0x00,0x21,0x00,0x20,0x00,0x21,0x08,0x20,0x00,0x21,0x00,
    0x20,0x00,0x21,0x08,0x20,0x00,0x41,0x08,0xc3,0x18,0x41,0x08,0x20,0x00,0x21,0x00,0x20,0x00,0x21,0x08,0x20,0x00,0x21,0x00,
    0x20,0x00,0x21,0x08,0x20,0x00,0x21,0x00,0x20,0x00,0x21,0x08,0x20,0x00,0x21,0x00,0x20,0x00,0x21,0x08,0x20,0x00,0x21,0x00,
    0x20,0x00,0x21,0x08,0x20,0x00,0x21,0x00,0x20,0x00,0x21,0x08,0x20,0x00,0x21,0x00,0x20,0x00,0x21,0x08,0x20,0x00,0x21,0x00,
    0x20,0x00,0x21,0x08,0x20,0x00,0x21,0x00,0x20,0x00,0x21,0x08,0x20,0x00,0x21,0x00,0x20,0x00,0x21,0x08,0x20,0x00,0x21,0x00,
    0x20,0x00,0x21,0x08,0x20,0x00,0x21,0x00,0x20,0x00,0x21,0x08,0x20,0x00,0x21,0x00,0x20,0x00,0x21,0x08,0x20,0x00,0x21,0x00,
    0x20,0x00,0x21,0x08,0x20,0x00,0x21,0x00,0x20,0x00,0x21,0x08,0x20,0x00,0x21,0x00,0x20,0x00,0x21,0x08,0x20,0x00,0x21,0x00,
    0x20,0x00,0x21,0x08,0x20,0x00,0x21,0x00,0x20,0x00,0x21,0x08,0x20,0x00,0x21,0x00,0x20,0x00,0x21,0x08,0x20,0x00,0x21,0x00,
    0x00,0x00,0x00,0x00,0x8e,0x6b,0x72,0x8c,0x51,0x84,0x51,0x84,0x30,0x84,0x31,0x84,0x30,0x7c,0x30,0x84,0xf0,0x7b,0xf0,0x7b,
    0xef,0x73,0xf0,0x7b,0xcf,0x73,0xcf,0x73,0xd3,0x94,0x10,0x7c,0xaf,0x73,0xb2,0x94,0x8e,0x73,0xaf,0x73,0xd0,0x7b,0xf0,0x7b,
    0x11,0x84,0x31,0x84,0x71,0x8c,0x92,0x8c,0xb2,0x94,0xd3,0x94,0xf4,0x9c,0x14,0x9d,0x34,0xa5,0x55,0xa5,0x82,0x10,0x00,0x00,
    0x21,0x08,0x20,0x00,0x21,0x08,0x21,0x00,0x21,0x08,0x20,0x00,0x21,0x08,0x21,0x00,0x21,0x08,0x20,0x00,0x21,0x08,0x21,0x00,
    0x21,0x08,0x20,0x00,0x21,0x08,0x21,0x00,0x21,0x08,0x20,0x00,0x21,0x08,0x21,0x00,0x21,0x08,0x20,0x00,0x21,0x08,0x21,0x00,
    0x21,0x08,0x20,0x00,0x21,0x08,0x21,0x00,0x21,0x08,0x20,0x00,0x21,0x08,0x21,0x00,0x21,0x08,0x20,0x00,0x21,0x08,0x21,0x00,
    0x21,0x08,0x20,0x00,0x21,0x08,0x21,0x00,0x21,0x08,0x20,0x00,0x21,0x08,0x21,0x00,0x21,0x08,0x20,0x00,0x21,0x08,0x21,0x00,
    0x21,0x08,0x20,0x00,0x21,0x08,0x21,0x00,0x21,0x08,0x20,0x00,0x21,0x08,0x21,0x00,0x21,0x08,0x20,0x00,0x21,0x08,0x21,0x00,
    0x21,0x08,0x20,0x00,0x21,0x08,0x21,0x00,0x21,0x08,0x20,0x00,0x21,0x08,0x21,0x00,0x21,0x08,0x20,0x00,0x21,0x08,0x21,0x00,
    0x21,0x08,0x20,0x00,0x21,0x08,0x21,0x00,0x21,0x08,0x20,0x00,0x21,0x08,0x21,0x00,0x21,0x08,0x20,0x00,0x21,0x08,0x21,0x00,
    0x21,0x08,0x20,0x00,0x21,0x08,0x21,0x00,0x21,0x08,0x20,0x00,0x21,0x08,0x21,0x00,0x21,0x08,0x20,0x00,0x00,0x00,0x61,0x08,
    0x72,0x8c,0x71,0x84,0x71,0x8c,0x51,0x84,0x51,0x84,0x30,0x84,0x31,0x84,0x10,0x7c,0x10,0x7c,0xf0,0x7b,0xf0,0x7b,0xef,0x73,
    0xcf,0x7b,0xaf,0x73,0xd3,0x9c,0x10,0x7c,0x8e,0x6b,0x92,0x8c,0x8e,0x6b,0xaf,0x73,0xcf,0x73,0xf0,0x7b,0x10,0x7c,0x31,0x84,
    0x51,0x84,0x72,0x8c,0x92,0x8c,0xb3,0x94,0xd3,0x94,0x14,0x9d,0x14,0x9d,0x55,0xa5,0x8a,0x4a,0x00,0x00,0x20,0x00,0x21,0x08,
    0x20,0x00,0x21,0x08,0x20,0x00,0x21,0x08,0x20,0x00,0x21,0x08,0x20,0x00,0x21,0x08,0x20,0x00,0x21,0x08,0x20,0x00,0x21,0x08,
    0x20,0x00,0x21,0x08,0x20,0x00,0x21,0x08,0x20,0x00,0x21,0x08,0x20,0x00,0x21,0x08,0x20,0x00,0x21,0x08,0x20,0x00,0x21,0x08,
    0x20,0x00,0x21,0x08,0x20,0x00,0x21,0x08,0x20,0x00,0x21,0x08,0x20,0x00,0x21,0x08,0x20,0x00,0x21,0x08,0x20,0x00,0x21,0x08,
    0x20,0x00,0x21,0x08,0x20,0x00,0x21,0x08,0x20,0x00,0x21,0x08,0x20,0x00,0x21,0x08,0x20,0x00,0x21,0x08,0x20,0x00,0x21,0x08,
    0x20,0x00,0x21,0x08,0x20,0x00,0x21,0x08,0x20,0x00,0x21,0x08,0x20,0x00,0x21,0x08,0x20,0x00,0x21,0x08,0x20,0x00,0x21,0x08,
    0x20,0x00,0x21,0x08,0x20,0x00,0x21,0x08,0x20,0x00,0x21,0x08,0x20,0x00,0x21,0x08,0x20,0x00,0x21,0x08,0x20,0x00,0x21,0x08,
    0x20,0x00,0x21,0x08,0x20,0x00,0x21,0x08,0x20,0x00,0x21,0x08,0x20,0x00,0x21,0x08,0x20,0x00,0x21,0x08,0x20,0x00,0x21,0x08,
    0x20,0x00,0x21,0x08,0x20,0x00,0x21,0x08,0x20,0x00,0x21,0x08,0x20,0x00,0x21,0x08,0x00,0x00,0x49,0x42,0x71,0x84,0x72,0x8c,
    0x51,0x84,0x51,0x84,0x30,0x84,0x31,0x84,0x10,0x7c,0x10,0x7c,0xf0,0x7b,0xf0,0x7b,0xcf,0x73,0xcf,0x73,0xcf,0x73,0xcf,0x73,
    0xb2,0x94,0x10,0x7c,0xaf,0x73,0x92,0x8c,0x8e,0x73,0xae,0x73,0xcf,0x73,0xef,0x7b,0x10,0x84,0x31,0x84,0x51,0x8c,0x71,0x8c,
    0x92,0x94,0xb3,0x94,0xf3,0x9c,0xf3,0x9c,0x34,0xa5,0x55,0xa5,0x14,0x9d,0x41,0x08,0x00,0x00,0x21,0x08,0x41,0x08,0x21,0x00,
    0x41,0x08,0x21,0x08,0x41,0x08,0x21,0x00,0x41,0x08,0x21,0x08,0x41,0x08,0x21,0x00,0x41,0x08,0x21,0x08,0x41,0x08,0x21,0x00,
    0x41,0x08,0x21,0x08,0x41,0x08,0x21,0x00,0x41,0x08,0x21,0x08,0x41,0x08,0x21,0x00,0x41,0x08,0x21,0x08,0x41,0x08,0x21,0x00,
    0x41,0x08,0x21,0x08,0x41,0x08,0x21,0x00,0x41,0x08,0x21,0x08,0x41,0x08,0x21,0x00,0x41,0x08,0x21,0x08,0x41,0x08,0x21,0x00,
    0x41,0x08,0x21,0x08,0x41,0x08,0x21,0x00,0x41,0x08,0x21,0x08,0x41,0x08,0x21,0x00,0x41,0x08,0x21,0x08,0x41,0x08,0x21,0x00,
    0x41,0x08,0x21,0x08,0x41,0x08,0x21,0x00,0x41,0x08,0x21,0x08,0x41,0x08,0x21,0x00,0x41,0x08,0x21,0x08,0x41,0x08,0x21,0x00,
    0x41,0x08,0x21,0x08,0x41,0x08,0x21,0x00,0x41,0x08,0x21,0x08,0x41,0x08,0x21,0x00,0x41,0x08,0x21,0x08,0x41,0x08,0x21,0x00,
    0x41,0x08,0x21,0x08,0x41,0x08,0x21,0x00,0x41,0x08,0x21,0x08,0x41,0x08,0x21,0x00,0x41,0x08,0x21,0x08,0x41,0x08,0x21,0x00,
    0x41,0x08,0x21,0x08,0x41,0x08,0x21,0x00,0x41,0x08,0x20,0x00,0x61,0x08,0x51,0x84,0x72,0x8c,0x71,0x84,0x51,0x84,0x51,0x84,
    0x51,0x84,0x30,0x84,0x31,0x84,0x10,0x7c,0x10,0x7c,0xf0,0x7b,0xf0,0x7b,0xcf,0x73,0xcf,0x7b,0xaf,0x73,0xd3,0x94,0xf0,0x7b,
    0xae,0x6b,0x92,0x94,0x8e,0x6b,0xaf,0x73,0xcf,0x73,0xf0,0x7b,0xf0,0x7b,0x31,0x84,0x51,0x84,0x72,0x8c,0x92,0x8c,0xb3,0x94,
    0xd3,0x94,0x14,0x9d,0x14,0x9d,0x35,0xa5,0x55,0xa5,0xeb,0x5a,0x00,0x00,0x21,0x08,0x20,0x00,0x41,0x08,0x20,0x00,0x41,0x08,
    0x21,0x00,0x41,0x08,0x20,0x00,0x41,0x08,0x20,0x00,0x41,0x08,0x20,0x00,0x41,0x08,0x21,0x00,0x41,0x08,0x20,0x00,0x41,0x08,
    0x20,0x00,0x41,0x08,0x20,0x00,0x41,0x08,0x21,0x00,0x41,0x08,0x20,0x00,0x41,0x08,0x20,0x00,0x41,0x08,0x20,0x00,0x41,0x08,
    0x21,0x00,0x41,0x08,0x20,0x00,0x41,0x08,0x20,0x00,0x41,0x08,0x20,0x00,0x41,0x08,0x21,0x00,0x41,0x08,0x20,0x00,0x41,0x08,
    0x20,0x00,0x41,0x08,0x20,0x00,0x41,0x08,0x21,0x00,0x41,0x08,0x20,0x00,0x41,0x08,0x20,0x00,0x41,0x08,0x20,0x00,0x41,0x08,
    0x21,0x00,0x41,0x08,0x20,0x00,0x41,0x08,0x20,0x00,0x41,0x08,0x20,0x00,0x41,0x08,0x21,0x00,0x41,0x08,0x20,0x00,0x41,0x08,
    0x20,0x00,0x41,0x08,0x20,0x00,0x41,0x08,0x21,0x00,0x41,0x08,0x20,0x00,0x41,0x08,0x20,0x00,0x41,0x08,0x20,0x00,0x41,0x08,
    0x21,0x00,0x41,0x08,0x20,0x00,0x41,0x08,0x20,0x00,0x41,0x08,0x20,0x00,0x41,0x08,0x21,0x00,0x41,0x08,0x20,0x00,0x41,0x08,
    0x20,0x00,0x41,0x08,0x20,0x00,0x00,0x00,0x69,0x4a,0x92,0x8c,0x71,0x84,0x71,0x8c,0x51,0x84,0x51,0x84,0x30,0x7c,0x31,0x84,
    0x10,0x7c,0x10,0x7c,0xef,0x7b,0xf0,0x7b,0xcf,0x73,0xcf,0x7b,0xaf,0x73,0xaf,0x73,0xb3,0x94,0x10,0x7c,0xaf,0x73,0x92,0x8c,
    0x8e,0x6b,0xae,0x73,0xcf,0x73,0xf0,0x7b,0x10,0x7c,0x30,0x84,0x51,0x8c,0x71,0x8c,0x92,0x8c,0xb2,0x94,0xf3,0x9c,0xf4,0x9c,
    0x14,0xa5,0x35,0xa5,0x55,0xad,0x34,0xa5,0x62,0x10,0x20,0x00,0x41,0x08,0x41,0x08,0x41,0x08,0x41,0x08,0x41,0x08,0x41,0x08,
    0x41,0x08,0x41,0x08,0x41,0x08,0x41,0x08,0x41,0x08,0x41,0x08,0x41,0x08,0x41,0x08,0x41,0x08,0x41,0x08,0x41,0x08,0x41,0x08,
    0x41,0x08,0x41,0x08,0x41,0x08,0x41,0x08,0x41,0x08,0x41,0x08,0x41,0x08,0x41,0x08,0x41,0x08,0x41,0x08,0x41,0x08,0x41,0x08,
    0x41,0x08,0x41,0x08,0x41,0x08,0x41,0x08,0x41,0x08,0x41,0x08,0x41,0x08,0x41,0x08,0x41,0x08,0x41,0x08,0x41,0x08,0x41,0x08,
    0x41,0x08,0x41,0x08,0x41,0x08,0x41,0x08,0x41,0x08,0x41,0x08,0x41,0x08,0x41,0x08,0x41,0x08,0x41,0x08,0x41,0x08,0x41,0x08,
    0x41,0x08,0x41,0x08,0x41,0x08,0x41,0x08,0x41,0x08,0x41,0x08,0x41,0x08,0x41,0x08,0x41,0x08,0x41,0x08,0x41,0x08,0x41,0x08,
    0x41,0x08,0x41,0x08,0x41,0x08,0x41,0x08,0x41,0x08,0x41,0x08,0x41,0x08,0x41,0x08,0x41,0x08,0x41,0x08,0x41,0x08,0x41,0x08,
    0x41,0x08,0x41,0x08,0x41,0x08,0x41,0x08,0x41,0x08,0x41,0x08,0x41,0x08,0x41,0x08,0x41,0x08,0x41,0x08,0x41,0x08,0x41,0x08,
    0x00,0x00,0x61,0x08,0x72,0x8c,0x72,0x8c,0x72,0x8c,0x51,0x84,0x51,0x8c,0x51,0x84,0x31,0x84,0x30,0x84,0x11,0x84,0x10,0x7c,
    0x10,0x7c,0xf0,0x7b,0xf0,0x7b,0xcf,0x73,0xcf,0x73,0xaf,0x73,0xd3,0x94,0xf0,0x7b,0x8e,0x6b,0x72,0x8c,0x6e,0x6b,0xaf,0x73,
    0xae,0x73,0xef,0x7b,0x10,0x7c,0x31,0x84,0x30,0x84,0x71,0x8c,0x92,0x8c,0xb3,0x94,0xd2,0x94,0xf3,0x9c,0x14,0x9d,0x35,0xa5,
    0x34,0xa5,0x75,0xa5,0x0c,0x5b,0x00,0x00,0x20,0x00,0x41,0x08,0x21,0x08,0x41,0x08,0x20,0x00,0x41,0x08,0x21,0x08,0x41,0x08,
    0x20,0x00,0x41,0x08,0x21,0x08,0x41,0x08,0x20,0x00,0x41,0x08,0x21,0x08,0x41,0x08,0x20,0x00,0x41,0x08,0x21,0x08,0x41,0x08,
    0x20,0x00,0x41,0x08,0x21,0x08,0x41,0x08,0x20,0x00,0x41,0x08,0x21,0x08,0x41,0x08,0x20,0x00,0x41,0x08,0x21,0x08,0x41,0x08,
    0x20,0x00,0x41,0x08,0x21,0x08,0x41,0x08,0x20,0x00,0x41,0x08,0x21,0x08,0x41,0x08,0x20,0x00,0x41,0x08,0x21,0x08,0x41,0x08,
    0x20,0x00,0x41,0x08,0x21,0x08,0x41,0x08,0x20,0x00,0x41,0x08,0x21,0x08,0x41,0x08,0x20,0x00,0x41,0x08,0x21,0x08,0x41,0x08,
    0x20,0x00,0x41,0x08,0x21,0x08,0x41,0x08,0x20,0x00,0x41,0x08,0x21,0x08,0x41,0x08,0x20,0x00,0x41,0x08,0x21,0x08,0x41,0x08,
    0x20,0x00,0x41,0x08,0x21,0x08,0x41,0x08,0x20,0x00,0x41,0x08,0x21,0x08,0x41,0x08,0x20,0x00,0x41,0x08,0x21,0x08,0x41,0x08,
    0x20,0x00,0x41,0x08,0x21,0x08,0x41,0x08,0x20,0x00,0x41,0x08,0x21,0x08,0x41,0x08,0x20,0x00,0x21,0x00,0x00,0x00,0xab,0x52,
    0x71,0x84,0x72,0x8c,0x51,0x84,0x51,0x8c,0x51,0x84,0x31,0x84,0x30,0x7c,0x31,0x84,0x10,0x7c,0x10,0x7c,0xef,0x7b,0xf0,0x7b,
    0xcf,0x73,0xcf,0x73,0xaf,0x73,0xaf,0x73,0xb2,0x8c,0xf0,0x7b,0x4d,0x63,0xb2,0x94,0x8e,0x6b,0xae,0x73,0xcf,0x73,0xef,0x73,
    0x10,0x7c,0x30,0x84,0x51,0x84,0x71,0x84,0x92,0x8c,0xb2,0x94,0xd3,0x94,0xf3,0x9c,0x14,0x9d,0x34,0xa5,0x55,0xa5,0x55,0xa5,
    0x55,0xad,0x45,0x29,0x00,0x00,0x21,0x00,0x41,0x08,0x41,0x08,0x41,0x08,0x41,0x08,0x41,0x08,0x41,0x08,0x41,0x08,0x41,0x08,
    0x41,0x08,0x41,0x08,0x41,0x08,0x41,0x08,0x41,0x08,0x41,0x08,0x41,0x08,0x41,0x08,0x41,0x08,0x41,0x08,0x41,0x08,0x41,0x08,
    0x41,0x08,0x41,0x08,0x41,0x08,0x41,0x08,0x41,0x08,0x41,0x08,0x41,0x08,0x41,0x08,0x41,0x08,0x41,0x08,0x41,0x08,0x41,0x08,
    0x41,0x08,0x41,0x08,0x41,0x08,0x41,0x08,0x41,0x08,0x41,0x08,0x41,0x08,0x41,0x08,0x41,0x08,0x41,0x08,0x41,0x08,0x41,0x08,
    0x41,0x08,0x41,0x08,0x41,0x08,0x41,0x08,0x41,0x08,0x41,0x08,0x41,0x08,0x41,0x08,0x41,0x08,0x41,0x08,0x41,0x08,0x41,0x08,
    0x41,0x08,0x41,0x08,0x41,0x08,0x41,0x08,0x41,0x08,0x41,0x08,0x41,0x08,0x41,0x08,0x41,0x08,0x41,0x08,0x41,0x08,0x41,0x08,
    0x41,0x08,0x41,0x08,0x41,0x08,0x41,0x08,0x41,0x08,0x41,0x08,0x41,0x08,0x41,0x08,0x41,0x08,0x41,0x08,0x41,0x08,0x41,0x08,
    0x41,0x08,0x41,0x08,0x41,0x08,0x41,0x08,0x41,0x08,0x41,0x08,0x41,0x08,0x00,0x00,0x25,0x29,0x72,0x8c,0x92,0x8c,0x71,0x8c,
    0x72,0x8c,0x51,0x84,0x51,0x84,0x31,0x84,0x31,0x84,0x30,0x7c,0x10,0x7c,0x10,0x7c,0xf0,0x7b,0xef,0x7b,0xef,0x7b,0xcf,0x73,
    0xcf,0x73,0xaf,0x73,0xf3,0x9c,0x8e,0x6b,0xcb,0x52,0xf3,0x9c,0x6d,0x6b,0xae,0x73,0xaf,0x73,0xf0,0x7b,0xf0,0x7b,0x30,0x84,
    0x51,0x84,0x72,0x8c,0x91,0x8c,0xb2,0x94,0xd3,0x94,0xf4,0x9c,0x14,0x9d,0x34,0xa5,0x34,0xa5,0x55,0xad,0x75,0xa5,0x14,0x9d,
    0xa2,0x10,0x00,0x00,0x21,0x00,0x41,0x08,0x41,0x08,0x41,0x08,0x41,0x00,0x41,0x08,0x41,0x08,0x41,0x08,0x41,0x00,0x41,0x08,
    0x41,0x08,0x41,0x08,0x41,0x00,0x41,0x08,0x41,0x08,0x41,0x08,0x41,0x00,0x41,0x08,0x41,0x08,0x41,0x08,0x41,0x00,0x41,0x08,
    0x41,0x08,0x41,0x08,0x41,0x00,0x41,0x08,0x41,0x08,0x41,0x08,0x41,0x00,0x41,0x08,0x41,0x08,0x41,0x08,0x41,0x00,0x41,0x08,
    0x41,0x08,0x41,0x08,0x41,0x00,0x41,0x08,0x41,0x08,0x41,0x08,0x41,0x00,0x41,0x08,0x41,0x08,0x41,0x08,0x41,0x00,0x41,0x08,
    0x41,0x08,0x41,0x08,0x41,0x00,0x41,0x08,0x41,0x08,0x41,0x08,0x41,0x00,0x41,0x08,0x41,0x08,0x41,0x08,0x41,0x00,0x41,0x08,
    0x41,0x08,0x41,0x08,0x41,0x00,0x41,0x08,0x41,0x08,0x41,0x08,0x41,0x00,0x41,0x08,0x41,0x08,0x41,0x08,0x41,0x00,0x41,0x08,
    0x41,0x08,0x41,0x08,0x41,0x00,0x41,0x08,0x41,0x08,0x41,0x08,0x41,0x00,0x41,0x08,0x41,0x08,0x41,0x08,0x41,0x00,0x41,0x08,
    0x41,0x08,0x41,0x08,0x41,0x00,0x41,0x08,0x00,0x00,0x82,0x10,0x51,0x84,0x92,0x8c,0x71,0x8c,0x72,0x8c,0x51,0x84,0x51,0x84,
    0x51,0x84,0x51,0x84,0x10,0x7c,0x10,0x84,0x10,0x7c,0x10,0x7c,0xef,0x73,0xf0,0x7b,0xcf,0x73,0xcf,0x73,0xae,0x73,0xaf,0x73,
    0x14,0x9d,0x0c,0x63,0x6a,0x4a,0xf3,0x9c,0x8e,0x6b,0xae,0x6b,0xcf,0x73,0xef,0x7b,0x10,0x7c,0x30,0x84,0x51,0x84,0x71,0x8c,
    0x92,0x8c,0xb2,0x94,0xd3,0x94,0xf3,0x9c,0x14,0x9d,0x34,0xa5,0x55,0xa5,0x55,0xa5,0x75,0xad,0x75,0xad,0xb3,0x94,0x41,0x08,
    0x00,0x00,0x41,0x08,0x42,0x08,0x41,0x08,0x41,0x08,0x41,0x08,0x42,0x08,0x41,0x08,0x41,0x08,0x41,0x08,0x42,0x08,0x41,0x08,
    0x41,0x08,0x41,0x08,0x42,0x08,0x41,0x08,0x41,0x08,0x41,0x08,0x42,0x08,0x41,0x08,0x41,0x08,0x41,0x08,0x42,0x08,0x41,0x08,
    0x41,0x08,0x41,0x08,0x42,0x08,0x41,0x08,0x41,0x08,0x41,0x08,0x42,0x08,0x41,0x08,0x41,0x08,0x41,0x08,0x42,0x08,0x41,0x08,
    0x41,0x08,0x41,0x08,0x42,0x08,0x41,0x08,0x41,0x08,0x41,0x08,0x42,0x08,0x41,0x08,0x41,0x08,0x41,0x08,0x42,0x08,0x41,0x08,
    0x41,0x08,0x41,0x08,0x42,0x08,0x41,0x08,0x41,0x08,0x41,0x08,0x42,0x08,0x41,0x08,0x41,0x08,0x41,0x08,0x42,0x08,0x41,0x08,
    0x41,0x08,0x41,0x08,0x42,0x08,0x41,0x08,0x41,0x08,0x41,0x08,0x42,0x08,0x41,0x08,0x41,0x08,0x41,0x08,0x42,0x08,0x41,0x08,
    0x41,0x08,0x41,0x08,0x42,0x08,0x41,0x08,0x41,0x08,0x41,0x08,0x42,0x08,0x41,0x08,0x41,0x08,0x41,0x08,0x42,0x08,0x41,0x08,
    0x41,0x08,0x00,0x00,0x41,0x08,0xef,0x7b,0x92,0x8c,0x92,0x8c,0x92,0x8c,0x72,0x8c,0x72,0x8c,0x51,0x84,0x51,0x84,0x31,0x84,
    0x31,0x84,0x10,0x7c,0x10,0x84,0x10,0x7c,0xf0,0x7b,0xef,0x73,0xd0,0x7b,0xcf,0x73,0xcf,0x73,0xaf,0x73,0x14,0xa5,0xab,0x52,
    0x08,0x3a,0xb3,0x94,0xae,0x6b,0xaf,0x73,0xae,0x73,0xcf,0x73,0xef,0x7b,0x30,0x84,0x30,0x84,0x51,0x84,0x72,0x8c,0xb3,0x94,
    0xb2,0x94,0xf3,0x9c,0x14,0x9d,0x34,0xa5,0x34,0x9d,0x55,0xa5,0x55,0xa5,0x76,0xad,0x75,0xad,0xef,0x7b,0x00,0x00,0x00,0x00,
    0x41,0x08,0x41,0x08,0x41,0x08,0x41,0x08,0x41,0x08,0x41,0x08,0x41,0x08,0x41,0x08,0x41,0x08,0x41,0x08,0x41,0x08,0x41,0x08,
    0x41,0x08,0x41,0x08,0x41,0x08,0x41,0x08,0x41,0x08,0x41,0x08,0x41,0x08,0x41,0x08,0x41,0x08,0x41,0x08,0x41,0x08,0x41,0x08,
    0x41,0x08,0x41,0x08,0x41,0x08,0x41,0x08,0x41,0x08,0x41,0x08,0x41,0x08,0x41,0x08,0x41,0x08,0x41,0x08,0x41,0x08,0x41,0x08,
    0x41,0x08,0x41,0x08,0x41,0x08,0x41,0x08,0x41,0x08,0x41,0x08,0x41,0x08,0x41,0x08,0x41,0x08,0x41,0x08,0x41,0x08,0x41,0x08,
    0x41,0x08,0x41,0x08,0x41,0x08,0x41,0x08,0x41,0x08,0x41,0x08,0x41,0x08,0x41,0x08,0x41,0x08,0x41,0x08,0x41,0x08,0x41,0x08,
    0x41,0x08,0x41,0x08,0x41,0x08,0x41,0x08,0x41,0x08,0x41,0x08,0x41,0x08,0x41,0x08,0x41,0x08,0x41,0x08,0x41,0x08,0x41,0x08,
    0x41,0x08,0x41,0x08,0x41,0x08,0x41,0x08,0x41,0x08,0x41,0x08,0x41,0x08,0x41,0x08,0x41,0x08,0x41,0x08,0x00,0x00,0x00,0x00,
    0x2d,0x63,0x92,0x8c,0x92,0x8c,0x92,0x8c,0x71,0x84,0x71,0x8c,0x51,0x84,0x51,0x84,0x30,0x84,0x31,0x84,0x30,0x7c,0x30,0x7c,
    0xf0,0x7b,0xf0,0x7b,0xef,0x73,0xef,0x7b,0xcf,0x73,0xcf,0x73,0xae,0x73,0xef,0x7b,0xd3,0x94,0x49,0x4a,0xc7,0x39,0x92,0x8c,
    0xef,0x7b,0x8e,0x6b,0xaf,0x73,0xcf,0x73,0x10,0x7c,0x30,0x7c,0x51,0x84,0x71,0x84,0x92,0x8c,0xb2,0x94,0xd3,0x94,0xf3,0x94,
    0x14,0x9d,0x34,0xa5,0x55,0xa5,0x55,0xa5,0x75,0xad,0x75,0xad,0x96,0xad,0x96,0xad,0x4d,0x6b,0x00,0x00,0x00,0x00,0x41,0x08,
    0x62,0x08,0x41,0x08,0x61,0x08,0x41,0x08,0x62,0x08,0x41,0x08,0x61,0x08,0x41,0x08,0x62,0x08,0x41,0x08,0x61,0x08,0x41,0x08,
    0x62,0x08,0x41,0x08,0x61,0x08,0x41,0x08,0x62,0x08,0x41,0x08,0x61,0x08,0x41,0x08,0x62,0x08,0x41,0x08,0x61,0x08,0x41,0x08,
    0x62,0x08,0x41,0x08,0x61,0x08,0x41,0x08,0x62,0x08,0x41,0x08,0x61,0x08,0x41,0x08,0x62,0x08,0x41,0x08,0x61,0x08,0x41,0x08,
    0x62,0x08,0x41,0x08,0x61,0x08,0x41,0x08,0x62,0x08,0x41,0x08,0x61,0x08,0x41,0x08,0x62,0x08,0x41,0x08,0x61,0x08,0x41,0x08,
    0x62,0x08,0x41,0x08,0x61,0x08,0x41,0x08,0x62,0x08,0x41,0x08,0x61,0x08,0x41,0x08,0x62,0x08,0x41,0x08,0x61,0x08,0x41,0x08,
    0x62,0x08,0x41,0x08,0x61,0x08,0x41,0x08,0x62,0x08,0x41,0x08,0x61,0x08,0x41,0x08,0x62,0x08,0x41,0x08,0x61,0x08,0x41,0x08,
    0x62,0x08,0x41,0x08,0x61,0x08,0x41,0x08,0x62,0x08,0x41,0x08,0x41,0x08,0x00,0x00,0x00,0x00,0xab,0x52,0xb3,0x94,0x92,0x8c,
    0x92,0x94,0x72,0x8c,0x72,0x8c,0x71,0x84,0x72,0x8c,0x51,0x84,0x51,0x84,0x30,0x84,0x31,0x84,0x10,0x7c,0x10,0x7c,0xf0,0x7b,
    0xf0,0x7b,0xef,0x73,0xcf,0x7b,0xaf,0x73,0xcf,0x73,0x10,0x7c,0xd3,0x94,0xe7,0x39,0x86,0x29,0x71,0x8c,0xef,0x7b,0x8e,0x6b,
    0xae,0x73,0xcf,0x7b,0xef,0x73,0x10,0x7c,0x30,0x84,0x71,0x8c,0x71,0x8c,0xb2,0x8c,0xb2,0x94,0xf3,0x9c,0xf3,0x9c,0x34,0xa5,
    0x34,0xa5,0x55,0xa5,0x55,0xa5,0x75,0xad,0x75,0xad,0x96,0xad,0x96,0xad,0x10,0x84,0x20,0x00,0x21,0x08,0x41,0x00,0x61,0x08,
    0x41,0x08,0x61,0x08,0x41,0x08,0x61,0x08,0x41,0x08,0x61,0x08,0x41,0x08,0x61,0x08,0x41,0x08,0x61,0x08,0x41,0x08,0x61,0x08,
    0x41,0x08,0x61,0x08,0x41,0x08,0x61,0x08,0x41,0x08,0x61,0x08,0x41,0x08,0x61,0x08,0x41,0x08,0x61,0x08,0x41,0x08,0x61,0x08,
    0x41,0x08,0x61,0x08,0x41,0x08,0x61,0x08,0x41,0x08,0x61,0x08,0x41,0x08,0x61,0x08,0x41,0x08,0x61,0x08,0x41,0x08,0x61,0x08,
    0x41,0x08,0x61,0x08,0x41,0x08,0x61,0x08,0x41,0x08,0x61,0x08,0x41,0x08,0x61,0x08,0x41,0x08,0x61,0x08,0x41,0x08,0x61,0x08,
    0x41,0x08,0x61,0x08,0x41,0x08,0x61,0x08,0x41,0x08,0x61,0x08,0x41,0x08,0x61,0x08,0x41,0x08,0x61,0x08,0x41,0x08,0x61,0x08,
    0x41,0x08,0x61,0x08,0x41,0x08,0x61,0x08,0x41,0x08,0x61,0x08,0x41,0x08,0x61,0x08,0x41,0x08,0x61,0x08,0x41,0x08,0x61,0x08,
    0x41,0x08,0x61,0x08,0x41,0x08,0x41,0x08,0x00,0x00,0x21,0x08,0x4d,0x63,0xb2,0x94,0xb2,0x8c,0xb2,0x8c,0x72,0x8c,0x72,0x8c,
    0x71,0x84,0x71,0x8c,0x51,0x84,0x51,0x84,0x30,0x84,0x31,0x84,0x10,0x7c,0x10,0x7c,0x10,0x7c,0x10,0x7c,0xcf,0x73,0xcf,0x7b,
    0xcf,0x73,0xcf,0x73,0xae,0x6b,0x31,0x84,0x92,0x8c,0x86,0x31,0x25,0x21,0x31,0x84,0x31,0x84,0x8e,0x6b,0xaf,0x73,0xcf,0x73,
    0xf0,0x7b,0x10,0x7c,0x51,0x84,0x71,0x84,0x92,0x8c,0xb2,0x8c,0xd3,0x94,0xf3,0x94,0x14,0x9d,0x34,0x9d,0x35,0xa5,0x55,0xa5,
    0x75,0xad,0x75,0xad,0x96,0xad,0x96,0xad,0xb6,0xb5,0xb6,0xb5,0xd3,0x9c,0xa2,0x10,0x00,0x00,0x41,0x08,0x62,0x10,0x61,0x08,
    0x62,0x08,0x61,0x08,0x62,0x10,0x61,0x08,0x62,0x08,0x61,0x08,0x62,0x10,0x61,0x08,0x62,0x08,0x61,0x08,0x62,0x10,0x61,0x08,
    0x62,0x08,0x61,0x08,0x62,0x10,0x61,0x08,0x62,0x08,0x61,0x08,0x62,0x10,0x61,0x08,0x62,0x08,0x61,0x08,0x62,0x10,0x61,0x08,
    0x62,0x08,0x61,0x08,0x62,0x10,0x61,0x08,0x62,0x08,0x61,0x08,0x62,0x10,0x61,0x08,0x62,0x08,0x61,0x08,0x62,0x10,0x61,0x08,
    0x62,0x08,0x61,0x08,0x62,0x10,0x61,0x08,0x62,0x08,0x61,0x08,0x62,0x10,0x61,0x08,0x62,0x08,0x61,0x08,0x62,0x10,0x61,0x08,
    0x62,0x08,0x61,0x08,0x62,0x10,0x61,0x08,0x62,0x08,0x61,0x08,0x62,0x10,0x61,0x08,0x62,0x08,0x61,0x08,0x62,0x10,0x61,0x08,
    0x62,0x08,0x61,0x08,0x62,0x10,0x61,0x08,0x62,0x08,0x61,0x08,0x62,0x10,0x61,0x08,0x62,0x08,0x61,0x08,0x62,0x10,0x61,0x08,
    0x41,0x08,0x00,0x00,0x82,0x10,0xf0,0x7b,0xd3,0x94,0xb2,0x94,0xb3,0x94,0x92,0x8c,0x92,0x8c,0x72,0x8c,0x72,0x8c,0x71,0x8c,
    0x51,0x8c,0x51,0x84,0x51,0x84,0x31,0x84,0x31,0x84,0x10,0x7c,0x10,0x7c,0xf0,0x7b,0xf0,0x7b,0xcf,0x73,0xcf,0x73,0xcf,0x73,
    0xaf,0x73,0x51,0x84,0x72,0x8c,0x25,0x21,0xa3,0x10,0x10,0x7c,0x30,0x84,0x8e,0x6b,0xae,0x6b,0xcf,0x73,0xef,0x73,0x10,0x7c,
    0x30,0x7c,0x51,0x84,0x71,0x8c,0x92,0x94,0xb2,0x8c,0xf3,0x94,0xf3,0x9c,0x34,0xa5,0x34,0x9d,0x55,0xa5,0x55,0xa5,0x75,0xad,
    0x75,0xa5,0x96,0xad,0x96,0xad,0xb6,0xb5,0xb6,0xb5,0x75,0xad,0x24,0x21,0x00,0x00,0x21,0x00,0x41,0x08,0x41,0x08,0x62,0x08,
    0x41,0x08,0x61,0x08,0x41,0x08,0x62,0x08,0x41,0x08,0x61,0x08,0x41,0x08,0x62,0x08,0x41,0x08,0x61,0x08,0x41,0x08,0x62,0x08,
    0x41,0x08,0x61,0x08,0x41,0x08,0x62,0x08,0x41,0x08,0x61,0x08,0x41,0x08,0x62,0x08,0x41,0x08,0x61,0x08,0x41,0x08,0x62,0x08,
    0x41,0x08,0x61,0x08,0x41,0x08,0x62,0x08,0x41,0x08,0x61,0x08,0x41,0x08,0x62,0x08,0x41,0x08,0x61,0x08,0x41,0x08,0x62,0x08,
    0x41,0x08,0x61,0x08,0x41,0x08,0x62,0x08,0x41,0x08,0x61,0x08,0x41,0x08,0x62,0x08,0x41,0x08,0x61,0x08,0x41,0x08,0x62,0x08,
    0x41,0x08,0x61,0x08,0x41,0x08,0x62,0x08,0x41,0x08,0x61,0x08,0x41,0x08,0x62,0x08,0x41,0x08,0x61,0x08,0x41,0x08,0x62,0x08,
    0x41,0x08,0x61,0x08,0x41,0x08,0x62,0x08,0x41,0x08,0x61,0x08,0x41,0x08,0x62,0x08,0x41,0x08,0x41,0x08,0x00,0x00,0x24,0x21,
    0x71,0x84,0xd3,0x94,0xb2,0x94,0xb3,0x94,0x92,0x8c,0x92,0x8c,0x72,0x8c,0x72,0x8c,0x51,0x84,0x51,0x84,0x51,0x84,0x51,0x84,
    0x30,0x7c,0x30,0x84,0x10,0x7c,0x10,0x7c,0xef,0x73,0xf0,0x7b,0xcf,0x73,0xcf,0x7b,0xae,0x73,0xaf,0x73,0xae,0x6b,0x51,0x8c,
    0x30,0x7c,0xe3,0x18,0x41,0x08,0x6e,0x6b,0xb3,0x94,0x8e,0x6b,0xaf,0x73,0xcf,0x73,0xf0,0x7b,0x10,0x7c,0x31,0x84,0x51,0x84,
    0x72,0x8c,0x92,0x8c,0xd3,0x94,0xd3,0x94,0x14,0x9d,0x34,0x9d,0x35,0xa5,0x55,0xa5,0x55,0xad,0x75,0xad,0x96,0xad,0x96,0xad,
    0xb6,0xb5,0xb6,0xb5,0xb7,0xb5,0xd7,0xb5,0xd7,0xbd,0x6d,0x6b,0x82,0x10,0x00,0x00,0x41,0x08,0x61,0x08,0x62,0x08,0x61,0x08,
    0x62,0x10,0x61,0x08,0x62,0x08,0x61,0x08,0x62,0x10,0x61,0x08,0x62,0x08,0x61,0x08,0x62,0x10,0x61,0x08,0x62,0x08,0x61,0x08,
    0x62,0x10,0x61,0x08,0x62,0x08,0x61,0x08,0x62,0x10,0x61,0x08,0x62,0x08,0x61,0x08,0x62,0x10,0x61,0x08,0x62,0x08,0x61,0x08,
    0x62,0x10,0x61,0x08,0x62,0x08,0x61,0x08,0x62,0x10,0x61,0x08,0x62,0x08,0x61,0x08,0x62,0x10,0x61,0x08,0x62,0x08,0x61,0x08,
    0x62,0x10,0x61,0x08,0x62,0x08,0x61,0x08,0x62,0x10,0x61,0x08,0x62,0x08,0x61,0x08,0x62,0x10,0x61,0x08,0x62,0x08,0x61,0x08,
    0x62,0x10,0x61,0x08,0x62,0x08,0x61,0x08,0x62,0x10,0x61,0x08,0x62,0x08,0x61,0x08,0x62,0x10,0x61,0x08,0x62,0x08,0x61,0x08,
    0x62,0x10,0x61,0x08,0x62,0x08,0x61,0x08,0x62,0x10,0x21,0x08,0x00,0x00,0x61,0x08,0xeb,0x5a,0xd3,0x94,0xd3,0x94,0xb3,0x94,
    0xb3,0x94,0xb2,0x94,0x92,0x94,0x92,0x8c,0x92,0x8c,0x72,0x8c,0x72,0x8c,0x51,0x84,0x51,0x84,0x51,0x84,0x31,0x84,0x30,0x7c,
    0x30,0x84,0x10,0x7c,0x10,0x7c,0xef,0x7b,0xf0,0x7b,0xcf,0x73,0xcf,0x73,0xaf,0x73,0xaf,0x73,0xd3,0x9c,0xaf,0x73,0x41,0x08,
    0x00,0x00,0x6a,0x4a,0xd2,0x94,0xaf,0x73,0xae,0x6b,0xcf,0x73,0xcf,0x73,0x10,0x7c,0x30,0x84,0x51,0x8c,0x71,0x84,0x92,0x8c,
    0xb2,0x94,0xf3,0x9c,0xf3,0x94,0x14,0x9d,0x34,0x9d,0x55,0xa5,0x55,0xa5,0x75,0xad,0x75,0xad,0x96,0xad,0x95,0xad,0xb6,0xb5,
    0xb6,0xb5,0xd7,0xb5,0xd6,0xb5,0xf7,0xbd,0xb6,0xb5,0xec,0x5a,0x20,0x00,0x00,0x00,0x00,0x00,0x41,0x08,0x41,0x08,0x62,0x08,
    0x61,0x08,0x62,0x10,0x61,0x08,0x62,0x08,0x61,0x08,0x62,0x10,0x61,0x08,0x62,0x08,0x61,0x08,0x62,0x10,0x61,0x08,0x62,0x08,
    0x61,0x08,0x62,0x10,0x61,0x08,0x62,0x08,0x61,0x08,0x62,0x10,0x61,0x08,0x62,0x08,0x61,0x08,0x62,0x10,0x61,0x08,0x62,0x08,
    0x61,0x08,0x62,0x10,0x61,0x08,0x62,0x08,0x61,0x08,0x62,0x10,0x61,0x08,0x62,0x08,0x61,0x08,0x62,0x10,0x61,0x08,0x62,0x08,
    0x61,0x08,0x62,0x10,0x61,0x08,0x62,0x08,0x61,0x08,0x62,0x10,0x61,0x08,0x62,0x08,0x61,0x08,0x62,0x10,0x61,0x08,0x62,0x08,
    0x61,0x08,0x62,0x10,0x61,0x08,0x62,0x08,0x61,0x08,0x62,0x10,0x61,0x08,0x62,0x08,0x61,0x08,0x62,0x10,0x61,0x08,0x61,0x08,
    0x21,0x00,0x00,0x00,0x00,0x00,0x21,0x08,0x69,0x4a,0xd3,0x94,0xd3,0x94,0xd3,0x94,0xd3,0x94,0xd3,0x94,0xb2,0x8c,0xb2,0x94,
    0x92,0x8c,0x92,0x8c,0x71,0x84,0x72,0x8c,0x71,0x84,0x51,0x8c,0x51,0x84,0x51,0x84,0x30,0x84,0x31,0x84,0x10,0x7c,0x10,0x7c,
    0xf0,0x7b,0xf0,0x7b,0xcf,0x73,0xcf,0x73,0xaf,0x73,0xaf,0x73,0xcf,0x73,0xf3,0x9c,0xaa,0x52,0x00,0x00,0x00,0x00,0x66,0x29,
    0x51,0x8c,0x30,0x84,0xaf,0x73,0xcf,0x73,0xf0,0x7b,0x10,0x7c,0x31,0x84,0x51,0x84,0x72,0x8c,0x92,0x8c,0xd3,0x94,0xd3,0x94,
    0xf4,0x9c,0x14,0x9d,0x35,0xa5,0x35,0xa5,0x55,0xad,0x75,0xa5,0x76,0xad,0x96,0xad,0x96,0xb5,0xb6,0xb5,0xd7,0xb5,0xd7,0xb5,
    0xf7,0xbd,0xf7,0xbd,0x18,0xc6,0x18,0xbe,0x95,0xad,0x49,0x4a,0x00,0x00,0x00,0x00,0x00,0x00,0x20,0x00,0x41,0x08,0x41,0x08,
    0x62,0x08,0x62,0x08,0x62,0x10,0x62,0x08,0x62,0x10,0x62,0x08,0x62,0x10,0x62,0x08,0x62,0x10,0x62,0x08,0x62,0x10,0x62,0x08,
    0x62,0x10,0x62,0x08,0x62,0x10,0x62,0x08,0x62,0x10,0x62,0x08,0x62,0x10,0x62,0x08,0x62,0x10,0x62,0x08,0x62,0x10,0x62,0x08,
    0x62,0x10,0x62,0x08,0x62,0x10,0x62,0x08,0x62,0x10,0x62,0x08,0x62,0x10,0x62,0x08,0x62,0x10,0x62,0x08,0x62,0x10,0x62,0x08,
    0x62,0x10,0x62,0x08,0x62,0x10,0x62,0x08,0x62,0x10,0x62,0x08,0x62,0x10,0x62,0x08,0x62,0x10,0x62,0x08,0x62,0x10,0x62,0x08,
    0x62,0x10,0x62,0x08,0x62,0x10,0x62,0x08,0x62,0x10,0x61,0x08,0x62,0x08,0x41,0x08,0x21,0x08,0x00,0x00,0x00,0x00,0x00,0x00,
    0xe8,0x39,0x92,0x8c,0x14,0x9d,0xf3,0x9c,0xf3,0x9c,0xd3,0x94,0xd3,0x94,0xd3,0x94,0xb3,0x94,0xb2,0x8c,0xb2,0x94,0x92,0x8c,
    0x92,0x8c,0x71,0x8c,0x72,0x8c,0x51,0x84,0x51,0x8c,0x31,0x84,0x31,0x84,0x30,0x84,0x11,0x84,0x10,0x7c,0xf0,0x7b,0xf0,0x7b,
    0xf0,0x7b,0xcf,0x73,0xcf,0x73,0xaf,0x73,0x51,0x8c,0x71,0x8c,0xa7,0x31,0x00,0x00,0x00,0x00,0x61,0x08,0xcf,0x73,0xb2,0x94,
    0x8e,0x6b,0xcf,0x73,0xef,0x73,0x10,0x7c,0x10,0x7c,0x51,0x84,0x71,0x84,0x92,0x8c,0xb2,0x8c,0xd3,0x94,0xf3,0x94,0x14,0x9d,
    0x14,0x9d,0x54,0xa5,0x54,0xa5,0x75,0xad,0x75,0xa5,0x95,0xad,0x95,0xad,0xb6,0xb5,0xb6,0xad,0xd7,0xb5,0xd6,0xb5,0xf7,0xbd,
    0xf7,0xbd,0x17,0xbe,0x17,0xbe,0x38,0xc6,0xb6,0xb5,0x30,0x84,0x69,0x4a,0xa3,0x18,0x00,0x00,0x00,0x00,0x00,0x00,0x00,0x00,
    0x00,0x00,0x21,0x08,0x00,0x00,0x00,0x00,0x00,0x00,0x00,0x00,0x00,0x00,0x00,0x00,0x00,0x00,0x00,0x00,0x00,0x00,0x00,0x00,
    0x00,0x00,0x00,0x00,0x00,0x00,0x00,0x00,0x00,0x00,0x00,0x00,0x00,0x00,0x00,0x00,0x00,0x00,0x00,0x00,0x00,0x00,0x00,0x00,
    0x00,0x00,0x00,0x00,0x00,0x00,0x00,0x00,0x00,0x00,0x00,0x00,0x00,0x00,0x00,0x00,0x00,0x00,0x00,0x00,0x00,0x00,0x00,0x00,
    0x00,0x00,0x00,0x00,0x00,0x00,0x00,0x00,0x00,0x00,0x00,0x00,0x00,0x00,0x00,0x00,0x00,0x00,0x00,0x00,0x00,0x00,0x00,0x00,
    0x20,0x00,0x00,0x00,0x00,0x00,0x00,0x00,0x00,0x00,0x00,0x00,0x82,0x10,0x08,0x42,0x4d,0x6b,0xb2,0x94,0x14,0x9d,0x14,0x9d,
    0xf3,0x94,0xf3,0x9c,0xd3,0x94,0xd3,0x94,0xb2,0x94,0xb3,0x94,0x92,0x8c,0x92,0x94,0x92,0x8c,0x92,0x8c,0x71,0x8c,0x72,0x8c,
    0x51,0x84,0x51,0x84,0x51,0x84,0x51,0x84,0x10,0x7c,0x10,0x7c,0x10,0x7c,0x10,0x7c,0xef,0x73,0xef,0x7b,0xcf,0x73,0xcf,0x73,
    0xae,0x73,0xaf,0x73,0xb2,0x94,0xf0,0x7b,0x41,0x08,0x00,0x00,0x00,0x00,0x00,0x00,0xcb,0x52,0xf4,0x9c,0xaf,0x73,0xcf,0x73,
    0xf0,0x7b,0x10,0x7c,0x31,0x84,0x51,0x84,0x72,0x8c,0x92,0x8c,0xb3,0x94,0xd3,0x94,0xf4,0x9c,0x14,0x9d,0x34,0xa5,0x34,0xa5,
    0x55,0xa5,0x55,0xa5,0x75,0xad,0x95,0xad,0x96,0xb5,0xb6,0xb5,0xb6,0xb5,0xd6,0xb5,0xf7,0xbd,0xf7,0xbd,0x17,0xbe,0x17,0xbe,
    0x38,0xc6,0x38,0xc6,0x58,0xc6,0x58,0xc6,0x79,0xce,0x79,0xce,0x75,0xad,0x91,0x94,0x10,0x84,0x6d,0x6b,0xeb,0x5a,0x49,0x4a,
    0xc7,0x39,0xa6,0x39,0xc7,0x39,0xa6,0x31,0xc7,0x39,0xc7,0x39,0xc7,0x39,0xc6,0x39,0xc7,0x39,0xc7,0x39,0xc7,0x39,0xc6,0x39,
    0xc7,0x39,0xa7,0x39,0xc7,0x39,0xa6,0x31,0xc7,0x39,0xa6,0x31,0xa7,0x39,0xa6,0x31,0xc7,0x39,0xa6,0x31,0xa7,0x39,0xa6,0x31,
    0xa7,0x39,0xa6,0x31,0xa6,0x31,0x86,0x31,0xa6,0x31,0x86,0x31,0xa6,0x31,0x86,0x31,0xa6,0x31,0x86,0x31,0x86,0x31,0x86,0x31,
    0x86,0x31,0x86,0x31,0x86,0x31,0x65,0x29,0x86,0x31,0x65,0x29,0x66,0x31,0x65,0x29,0x66,0x31,0x65,0x29,0xe7,0x39,0x49,0x4a,
    0xcb,0x5a,0x4d,0x63,0xaf,0x73,0x71,0x8c,0x55,0xa5,0x34,0xa5,0x34,0xa5,0x14,0x9d,0x14,0x9d,0x14,0x9d,0xf4,0x9c,0xf3,0x9c,
    0xf3,0x9c,0xd3,0x94,0xd3,0x94,0xb2,0x94,0xb3,0x94,0x92,0x8c,0x92,0x8c,0x92,0x8c,0x72,0x8c,0x71,0x8c,0x72,0x8c,0x51,0x84,
    0x51,0x84,0x31,0x84,0x31,0x84,0x10,0x7c,0x10,0x7c,0x10,0x7c,0xf0,0x7b,0xef,0x73,0xf0,0x7b,0xcf,0x73,0xcf,0x73,0xaf,0x73,
    0x14,0xa5,0xeb,0x5a,0x00,0x00,0x00,0x00,0x00,0x00,0x00,0x00,0xa6,0x31,0x92,0x8c,0x10,0x7c,0xcf,0x73,0xcf,0x73,0x10,0x7c,
    0x30,0x7c,0x51,0x84,0x71,0x84,0x92,0x8c,0xb2,0x8c,0xd3,0x94,0xf3,0x94,0x14,0x9d,0x14,0x9d,0x35,0xa5,0x54,0xa5,0x55,0xad,
    0x75,0xad,0x96,0xad,0x95,0xad,0xb6,0xb5,0xb6,0xb5,0xd7,0xb5,0xd6,0xb5,0xf7,0xbd,0xf7,0xbd,0x18,0xc6,0x17,0xbe,0x38,0xc6,
    0x38,0xc6,0x59,0xce,0x58,0xc6,0x79,0xce,0x99,0xce,0xba,0xd6,0xb9,0xd6,0xba,0xd6,0xba,0xd6,0xda,0xde,0xda,0xd6,0xda,0xde,
    0xda,0xd6,0xfb,0xde,0xfa,0xde,0xfb,0xde,0xfb,0xde,0x1b,0xdf,0xfb,0xde,0x1b,0xe7,0x1b,0xdf,0x1b,0xdf,0xfa,0xde,0xfb,0xde,
    0xda,0xde,0xfa,0xde,0xba,0xd6,0xda,0xd6,0xba,0xd6,0xba,0xd6,0x99,0xce,0x9a,0xd6,0x99,0xce,0x99,0xce,0x79,0xce,0x79,0xce,
    0x58,0xce,0x79,0xce,0x38,0xc6,0x58,0xc6,0x38,0xc6,0x38,0xc6,0x17,0xbe,0x38,0xc6,0x17,0xbe,0x18,0xbe,0xf7,0xbd,0xf7,0xbd,
    0xd7,0xb5,0xd7,0xbd,0xd6,0xb5,0xd6,0xb5,0xb6,0xb5,0xb6,0xb5,0x95,0xad,0x96,0xad,0x75,0xad,0x75,0xad,0x75,0xa5,0x75,0xad,
    0x55,0xa5,0x55,0xa5,0x34,0xa5,0x34,0xa5,0x14,0x9d,0x14,0xa5,0xf3,0x9c,0xf4,0x9c,0xf3,0x9c,0xf3,0x9c,0xd3,0x94,0xd3,0x94,
    0xb2,0x94,0xb3,0x94,0x92,0x8c,0x92,0x8c,0x92,0x8c,0x92,0x8c,0x71,0x84,0x71,0x8c,0x51,0x84,0x51,0x8c,0x30,0x84,0x31,0x84,
    0x30,0x7c,0x31,0x84,0xf0,0x7b,0xf0,0x7b,0xef,0x73,0xf0,0x7b,0xcf,0x73,0xcf,0x73,0xae,0x73,0x31,0x84,0x92,0x8c,0xc7,0x39,
    0x00,0x00,0x00,0x00,0x00,0x00,0x00,0x00,0xa3,0x18,0x10,0x7c,0x92,0x94,0xcf,0x73,0xf0,0x7b,0x10,0x7c,0x31,0x84,0x51,0x84,
    0x72,0x8c,0x92,0x8c,0xb3,0x94,0xd3,0x94,0xf4,0x9c,0x14,0x9d,0x35,0xa5,0x35,0xa5,0x55,0xa5,0x55,0xa5,0x76,0xad,0x75,0xad,
    0x96,0xad,0xb6,0xad,0xb6,0xb5,0xd6,0xb5,0xf7,0xbd,0xf7,0xbd,0x17,0xbe,0x17,0xbe,0x38,0xc6,0x38,0xc6,0x59,0xce,0x58,0xc6,
    0x79,0xce,0x79,0xce,0x9a,0xd6,0x99,0xd6,0xba,0xd6,0xba,0xd6,0xda,0xde,0xda,0xd6,0xda,0xde,0xda,0xd6,0xfb,0xde,0xfa,0xde,
    0xfb,0xde,0xfb,0xde,0x1b,0xe7,0x1b,0xdf,0x1b,0xe7,0x1b,0xdf,0x1b,0xe7,0x1b,0xdf,0xfb,0xde,0xfb,0xde,0xfb,0xde,0xda,0xde,
    0xda,0xde,0xba,0xd6,0xda,0xd6,0xba,0xd6,0xba,0xd6,0x99,0xce,0x9a,0xd6,0x99,0xce,0x79,0xce,0x79,0xce,0x79,0xce,0x59,0xce,
    0x59,0xce,0x58,0xc6,0x58,0xc6,0x38,0xc6,0x38,0xc6,0x18,0xbe,0x18,0xc6,0x17,0xbe,0x17,0xbe,0xf7,0xbd,0xf7,0xbd,0xd7,0xb5,
    0xd7,0xb5,0xd6,0xb5,0xb6,0xb5,0xb6,0xb5,0xb6,0xb5,0x96,0xad,0x96,0xad,0x75,0xad,0x75,0xad,0x55,0xa5,0x55,0xad,0x55,0xa5,
    0x35,0xa5,0x34,0xa5,0x34,0xa5,0x14,0x9d,0x14,0x9d,0xf3,0x9c,0xf4,0x9c,0xf3,0x9c,0xd3,0x9c,0xd3,0x94,0xd3,0x94,0xb2,0x94,
    0xb3,0x94,0x92,0x8c,0x92,0x8c,0x92,0x8c,0x72,0x8c,0x71,0x84,0x72,0x8c,0x51,0x84,0x51,0x84,0x30,0x84,0x31,0x84,0x10,0x7c,
    0x10,0x7c,0xf0,0x7b,0xf0,0x7b,0xef,0x73,0xcf,0x7b,0xcf,0x73,0xaf,0x73,0xb2,0x94,0x31,0x84,0xa2,0x10,0x00,0x00,0x00,0x00,
    0x00,0x00,0x00,0x00,0x00,0x00,0x0c,0x5b,0xf3,0x94,0xaf,0x73,0xcf,0x73,0x10,0x7c,0x10,0x7c,0x31,0x84,0x51,0x84,0x92,0x8c,
    0x92,0x8c,0xd3,0x94,0xf3,0x94,0x14,0x9d,0x14,0x9d,0x34,0xa5,0x34,0xa5,0x55,0xa5,0x75,0xa5,0x75,0xad,0x95,0xad,0xb6,0xb5,
    0x96,0xad,0xb6,0xb5,0xd6,0xb5,0xf7,0xbd,0xf7,0xb5,0x17,0xbe,0x17,0xbe,0x38,0xc6,0x38,0xc6,0x58,0xc6,0x58,0xc6,0x79,0xce,
    0x79,0xce,0x99,0xd6,0xb9,0xd6,0xba,0xd6,0xb9,0xd6,0xba,0xd6,0xda,0xd6,0xda,0xde,0xda,0xd6,0xda,0xde,0xfa,0xde,0xfb,0xde,
    0xfa,0xde,0xfb,0xde,0xfb,0xde,0x1b,0xe7,0xfb,0xde,0xfb,0xde,0xfa,0xde,0xfb,0xde,0xda,0xd6,0xda,0xde,0xda,0xd6,0xda,0xd6,
    0xb9,0xd6,0xba,0xd6,0x99,0xce,0x9a,0xd6,0x79,0xce,0x79,0xce,0x79,0xce,0x79,0xce,0x58,0xc6,0x58,0xc6,0x58,0xc6,0x58,0xc6,
    0x37,0xbe,0x38,0xc6,0x17,0xbe,0x18,0xc6,0xf7,0xbd,0xf7,0xbd,0xf7,0xbd,0xf7,0xbd,0xd6,0xb5,0xd7,0xb5,0xd6,0xb5,0xd6,0xb5,
    0x96,0xad,0xb6,0xb5,0x95,0xad,0x96,0xad,0x75,0xad,0x75,0xad,0x75,0xa5,0x75,0xad,0x54,0xa5,0x54,0xa5,0x34,0xa5,0x34,0xa5,
    0x14,0x9d,0x14,0x9d,0xf3,0x9c,0xf4,0x9c,0xf3,0x94,0xf3,0x94,0xd3,0x94,0xd3,0x94,0xb2,0x8c,0xb2,0x94,0x92,0x8c,0x92,0x94,
    0x71,0x8c,0x72,0x8c,0x71,0x84,0x72,0x8c,0x51,0x84,0x51,0x84,0x30,0x84,0x31,0x84,0x10,0x7c,0x10,0x7c,0x10,0x7c,0x10,0x7c,
    0xcf,0x73,0xcf,0x73,0xcf,0x73,0xcf,0x73,0xae,0x6b,0x14,0x9d,0x0c,0x5b,0x00,0x00,0x00,0x00,0x00,0x00,0x00,0x00,0x00,0x00,
    0x00,0x00,0x65,0x29,0x51,0x84,0x72,0x8c,0xef,0x7b,0x10,0x7c,0x30,0x84,0x51,0x84,0x72,0x8c,0x92,0x8c,0xb3,0x94,0xd3,0x94,
    0xf4,0x9c,0x14,0x9d,0x34,0xa5,0x34,0xa5,0x55,0xa5,0x55,0xa5,0x75,0xad,0x75,0xad,0x96,0xad,0xb6,0xad,0xb6,0xb5,0xb6,0xb5,
    0xd7,0xbd,0xf7,0xbd,0xf7,0xbd,0x17,0xbe,0x38,0xc6,0x38,0xc6,0x38,0xc6,0x58,0xc6,0x79,0xce,0x79,0xce,0x99,0xce,0x99,0xce,
    0xba,0xd6,0xba,0xd6,0xba,0xd6,0xba,0xd6,0xda,0xde,0xda,0xd6,0xda,0xde,0xda,0xde,0xfb,0xde,0xfb,0xde,0xfb,0xde,0xfb,0xde,
    0x1b,0xe7,0x1b,0xdf,0x1b,0xe7,0xfb,0xde,0xfb,0xde,0xfa,0xde,0xdb,0xde,0xda,0xd6,0xda,0xde,0xda,0xd6,0xba,0xd6,0xb9,0xd6,
    0xba,0xd6,0x99,0xce,0x99,0xd6,0x79,0xce,0x79,0xce,0x79,0xce,0x79,0xce,0x58,0xc6,0x59,0xce,0x58,0xc6,0x38,0xc6,0x38,0xc6,
    0x38,0xc6,0x17,0xbe,0x18,0xbe,0xf7,0xbd,0xf7,0xbd,0xf7,0xbd,0xf7,0xbd,0xd7,0xb5,0xd7,0xb5,0xb6,0xb5,0xb6,0xb5,0x96,0xad,
    0x96,0xb5,0x96,0xad,0x96,0xad,0x75,0xad,0x75,0xad,0x55,0xa5,0x55,0xa5,0x54,0xa5,0x35,0xa5,0x34,0xa5,0x14,0xa5,0x14,0x9d,
    0x14,0x9d,0xf3,0x9c,0xf3,0x9c,0xd3,0x94,0xd3,0x9c,0xd3,0x94,0xb3,0x94,0xb2,0x94,0xb3,0x94,0x92,0x8c,0x92,0x8c,0x72,0x8c,
    0x72,0x8c,0x71,0x8c,0x51,0x84,0x51,0x84,0x51,0x84,0x30,0x84,0x31,0x84,0x10,0x7c,0x10,0x7c,0xf0,0x7b,0xf0,0x7b,0xcf,0x73,
    0xcf,0x73,0xcf,0x73,0x92,0x8c,0x51,0x84,0x86,0x31,0x00,0x00,0x00,0x00,0x00,0x00,0x00,0x00,0x00,0x00,0x00,0x00,0x00,0x00,
    0xec,0x5a,0x14,0xa5,0xef,0x73,0xf0,0x7b,0x10,0x7c,0x51,0x84,0x51,0x84,0x92,0x8c,0x92,0x8c,0xd3,0x94,0xd3,0x94,0x14,0x9d,
    0x14,0x9d,0x34,0xa5,0x34,0xa5,0x55,0xa5,0x55,0xa5,0x75,0xad,0x75,0xad,0x96,0xad,0xb6,0xad,0xb6,0xb5,0xd6,0xb5,0xf7,0xbd,
    0xf7,0xbd,0x17,0xbe,0x17,0xbe,0x38,0xc6,0x38,0xc6,0x58,0xce,0x58,0xc6,0x79,0xce,0x79,0xce,0x99,0xd6,0x99,0xce,0xba,0xd6,
    0xba,0xd6,0xda,0xd6,0xba,0xd6,0xda,0xd6,0xda,0xd6,0xda,0xde,0xda,0xd6,0xfb,0xde,0xfa,0xde,0xfb,0xde,0xfa,0xde,0x1b,0xdf,
    0xfb,0xde,0x1b,0xdf,0xda,0xde,0xfb,0xde,0xda,0xd6,0xda,0xde,0xba,0xd6,0xba,0xd6,0xb9,0xd6,0xba,0xd6,0x99,0xce,0x99,0xd6,
    0x79,0xce,0x99,0xce,0x59,0xce,0x79,0xce,0x58,0xc6,0x59,0xce,0x38,0xc6,0x58,0xc6,0x38,0xc6,0x38,0xc6,0x17,0xbe,0x18,0xbe,
    0xf7,0xbd,0x17,0xbe,0xf7,0xb5,0xf7,0xbd,0xd6,0xb5,0xd7,0xb5,0xb6,0xb5,0xb6,0xb5,0xb6,0xad,0xb6,0xb5,0x95,0xad,0x95,0xad,
    0x75,0xad,0x75,0xad,0x55,0xa5,0x55,0xa5,0x34,0xa5,0x35,0xa5,0x34,0x9d,0x34,0xa5,0x14,0x9d,0x14,0x9d,0xf3,0x9c,0xf3,0x9c,
    0xf3,0x94,0xf3,0x9c,0xd2,0x94,0xd3,0x94,0xb2,0x94,0xb3,0x94,0x92,0x8c,0x92,0x8c,0x92,0x8c,0x92,0x8c,0x51,0x84,0x51,0x8c,
    0x51,0x84,0x51,0x84,0x30,0x84,0x31,0x84,0x10,0x7c,0x10,0x7c,0xf0,0x7b,0xf0,0x7b,0xef,0x73,0xcf,0x7b,0xaf,0x73,0xcf,0x7b,
    0x14,0x9d,0x0c,0x63,0x00,0x00,0x00,0x00,0x00,0x00,0x00,0x00,0x00,0x00,0x00,0x00,0x00,0x00,0x00,0x00,0x45,0x29,0x51,0x84,
    0xb3,0x94,0xf0,0x7b,0x31,0x84,0x51,0x84,0x71,0x8c,0x92,0x8c,0xb3,0x94,0xd3,0x94,0xf3,0x9c,0x14,0x9d,0x14,0xa5,0x34,0xa5,
    0x55,0xa5,0x55,0xa5,0x75,0xad,0x75,0xad,0x96,0xad,0x96,0xad,0xb6,0xb5,0xb6,0xb5,0xd7,0xbd,0xf7,0xb5,0xf7,0xbd,0x17,0xbe,
    0x18,0xc6,0x38,0xc6,0x38,0xc6,0x58,0xc6,0x59,0xce,0x79,0xce,0x99,0xd6,0x99,0xce,0xba,0xd6,0xba,0xd6,0xba,0xd6,0xda,0xd6,
    0xda,0xd6,0xda,0xd6,0xda,0xde,0xda,0xde,0xfb,0xde,0xfa,0xde,0xfb,0xde,0xfb,0xde,0xfb,0xde,0x1b,0xdf,0x1b,0xe7,0xfb,0xde,
    0xfb,0xde,0xda,0xde,0xfb,0xde,0xda,0xd6,0xda,0xd6,0xba,0xd6,0xba,0xd6,0xba,0xd6,0x9a,0xd6,0x99,0xce,0x99,0xd6,0x79,0xce,
    0x79,0xce,0x59,0xce,0x79,0xce,0x58,0xc6,0x59,0xce,0x38,0xc6,0x38,0xc6,0x38,0xc6,0x38,0xc6,0x17,0xbe,0x18,0xc6,0xf7,0xbd,
    0xf7,0xbd,0xf7,0xbd,0xf7,0xbd,0xd7,0xb5,0xd7,0xb5,0xb6,0xb5,0xb6,0xb5,0xb6,0xad,0x96,0xb5,0x95,0xad,0x96,0xad,0x75,0xad,
    0x75,0xad,0x55,0xa5,0x55,0xad,0x34,0xa5,0x35,0xa5,0x34,0x9d,0x14,0xa5,0x14,0x9d,0x14,0x9d,0xf3,0x9c,0xf4,0x9c,0xd3,0x94,
    0xd3,0x94,0xd3,0x94,0xb3,0x94,0xb2,0x94,0xb2,0x94,0x92,0x8c,0x92,0x8c,0x72,0x8c,0x72,0x8c,0x51,0x84,0x51,0x8c,0x51,0x84,
    0x31,0x84,0x30,0x84,0x31,0x84,0x10,0x7c,0x10,0x7c,0xf0,0x7b,0xf0,0x7b,0xcf,0x73,0xcf,0x73,0x92,0x8c,0x51,0x84,0x24,0x21,
    0x00,0x00,0x00,0x00,0x00,0x00,0x00,0x00,0x00,0x00,0x00,0x00,0x00,0x00,0x00,0x00,0x00,0x00,0xec,0x5a,0x14,0x9d,0x31,0x84,
    0x10,0x7c,0x31,0x84,0x51,0x84,0x72,0x8c,0x92,0x8c,0xd3,0x94,0xd3,0x94,0x14,0x9d,0x13,0x9d,0x34,0x9d,0x34,0xa5,0x55,0xa5,
    0x54,0xa5,0x75,0xad,0x75,0xad,0x96,0xb5,0x96,0xad,0xb6,0xb5,0xd6,0xb5,0xd7,0xbd,0xd7,0xb5,0xf7,0xbd,0x17,0xbe,0x38,0xc6,
    0x37,0xbe,0x58,0xc6,0x58,0xc6,0x79,0xce,0x78,0xce,0x99,0xce,0x99,0xce,0xba,0xd6,0xb9,0xd6,0xba,0xd6,0xba,0xd6,0xda,0xde,
    0xda,0xd6,0xda,0xde,0xda,0xd6,0xfb,0xde,0xda,0xd6,0xfb,0xde,0xfb,0xde,0xfb,0xde,0xfa,0xde,0xfb,0xde,0xfa,0xde,0xfb,0xde,
    0xda,0xd6,0xda,0xd6,0xba,0xd6,0xba,0xd6,0x99,0xce,0x99,0xd6,0x99,0xce,0x99,0xce,0x79,0xce,0x79,0xce,0x78,0xce,0x79,0xce,
    0x58,0xc6,0x58,0xc6,0x38,0xc6,0x38,0xc6,0x17,0xbe,0x18,0xc6,0x17,0xbe,0x17,0xbe,0xf7,0xbd,0xf7,0xbd,0xf7,0xbd,0xf7,0xbd,
    0xd6,0xb5,0xd6,0xb5,0xb6,0xb5,0xb6,0xb5,0x96,0xad,0x96,0xad,0x95,0xad,0x96,0xad,0x75,0xa5,0x75,0xad,0x55,0xa5,0x55,0xa5,
    0x34,0xa5,0x34,0xa5,0x34,0x9d,0x34,0xa5,0x13,0x9d,0x14,0x9d,0xf3,0x9c,0xf3,0x9c,0xd3,0x94,0xd3,0x94,0xb2,0x94,0xb3,0x94,
    0xb2,0x8c,0xb2,0x94,0x92,0x8c,0x92,0x8c,0x71,0x8c,0x72,0x8c,0x51,0x84,0x51,0x84,0x31,0x84,0x31,0x84,0x30,0x7c,0x31,0x84,
    0x10,0x7c,0x10,0x7c,0xef,0x7b,0xf0,0x7b,0xcf,0x73,0xcf,0x73,0xef,0x7b,0xf4,0x9c,0xcb,0x52,0x00,0x00,0x00,0x00,0x00,0x00,
    0x00,0x00,0x00,0x00,0x00,0x00,0x00,0x00,0x00,0x00,0x00,0x00,0x00,0x00,0x04,0x21,0x51,0x8c,0xd3,0x9c,0x10,0x84,0x30,0x84,
    0x71,0x8c,0x72,0x8c,0xb2,0x94,0xb3,0x94,0xf3,0x9c,0x14,0x9d,0x14,0x9d,0x34,0x9d,0x35,0xa5,0x55,0xa5,0x75,0xad,0x75,0xad,
    0x96,0xad,0x96,0xad,0xb6,0xb5,0xb6,0xb5,0xd7,0xb5,0xd7,0xb5,0xf7,0xbd,0xf7,0xbd,0x18,0xc6,0x38,0xc6,0x38,0xc6,0x38,0xc6,
    0x59,0xce,0x79,0xce,0x79,0xce,0x99,0xce,0xba,0xd6,0xba,0xd6,0xba,0xd6,0xba,0xd6,0xda,0xd6,0xda,0xd6,0xda,0xde,0xda,0xd6,
    0xfb,0xde,0xfa,0xde,0xfb,0xde,0xfb,0xde,0xfb,0xde,0xfb,0xde,0xfb,0xde,0xfb,0xde,0xfb,0xde,0xfa,0xde,0xda,0xde,0xda,0xd6,
    0xda,0xd6,0xba,0xd6,0xba,0xd6,0x99,0xd6,0x9a,0xd6,0x99,0xce,0x99,0xce,0x79,0xce,0x79,0xce,0x79,0xce,0x59,0xce,0x58,0xc6,
    0x58,0xc6,0x38,0xc6,0x38,0xc6,0x17,0xbe,0x18,0xc6,0x17,0xbe,0x17,0xbe,0xf7,0xbd,0xf7,0xbd,0xf7,0xbd,0xd7,0xbd,0xd6,0xb5,
    0xd7,0xb5,0xb6,0xb5,0xb6,0xb5,0x96,0xad,0x96,0xb5,0x95,0xad,0x75,0xad,0x75,0xa5,0x55,0xad,0x55,0xa5,0x55,0xa5,0x34,0xa5,
    0x34,0xa5,0x14,0x9d,0x14,0x9d,0x13,0x9d,0xf4,0x9c,0xf3,0x9c,0xf3,0x9c,0xd3,0x94,0xd3,0x94,0xb3,0x94,0xb3,0x94,0x92,0x8c,
    0x92,0x94,0x92,0x8c,0x72,0x8c,0x71,0x8c,0x72,0x8c,0x51,0x84,0x51,0x84,0x31,0x84,0x31,0x84,0x30,0x7c,0x10,0x7c,0x10,0x7c,
    0x10,0x7c,0xef,0x7b,0xf0,0x7b,0xcf,0x73,0xd3,0x94,0x30,0x84,0xe4,0x20,0x00,0x00,0x00,0x00,0x00,0x00,0x00,0x00,0x00,0x00,
    0x00,0x00,0x00,0x00,0x00,0x00,0x00,0x00,0x00,0x00,0x00,0x00,0xcb,0x52,0x14,0x9d,0x51,0x84,0x31,0x84,0x51,0x84,0x72,0x8c,
    0x92,0x8c,0xd3,0x94,0xd3,0x94,0xf4,0x9c,0x14,0x9d,0x34,0xa5,0x34,0x9d,0x55,0xa5,0x55,0xa5,0x75,0xad,0x75,0xad,0x96,0xad,
    0x96,0xad,0xb6,0xb5,0xb6,0xb5,0xd7,0xb5,0xd7,0xb5,0x17,0xbe,0x17,0xbe,0x38,0xc6,0x38,0xc6,0x58,0xc6,0x58,0xc6,0x79,0xce,
    0x79,0xce,0x99,0xd6,0x99,0xce,0xba,0xd6,0xb9,0xd6,0xba,0xd6,0xb9,0xd6,0xba,0xd6,0xda,0xd6,0xda,0xde,0xda,0xd6,0xda,0xde,
    0xfa,0xde,0xfb,0xde,0xfa,0xde,0xfb,0xde,0xfa,0xde,0xfb,0xde,0xda,0xd6,0xda,0xde,0xda,0xd6,0xda,0xd6,0xb9,0xd6,0xba,0xd6,
    0x99,0xce,0xba,0xd6,0x79,0xce,0x99,0xce,0x79,0xce,0x79,0xce,0x58,0xc6,0x59,0xce,0x58,0xc6,0x58,0xc6,0x38,0xc6,0x38,0xc6,
    0x17,0xbe,0x38,0xc6,0x17,0xbe,0x17,0xbe,0xf7,0xbd,0xf7,0xbd,0xd6,0xb5,0xd7,0xbd,0xd6,0xb5,0xd7,0xb5,0xb6,0xb5,0xb6,0xb5,
    0x96,0xad,0x96,0xb5,0x95,0xad,0x95,0xad,0x75,0xad,0x75,0xad,0x55,0xa5,0x55,0xa5,0x34,0xa5,0x35,0xa5,0x14,0x9d,0x14,0xa5,
    0x14,0x9d,0x14,0x9d,0xf3,0x94,0xf3,0x9c,0xd3,0x94,0xd3,0x94,0xb2,0x94,0xb3,0x94,0xb2,0x8c,0xb2,0x94,0x92,0x8c,0x92,0x8c,
    0x71,0x8c,0x72,0x8c,0x51,0x84,0x51,0x84,0x51,0x84,0x51,0x84,0x30,0x7c,0x30,0x84,0x10,0x7c,0x10,0x7c,0xef,0x73,0xf0,0x7b,
    0xcf,0x73,0x31,0x84,0xd3,0x94,0xab,0x52,0x00,0x00,0x00,0x00,0x00,0x00,0x00,0x00,0x00,0x00,0x00,0x00,0x00,0x00,0x00,0x00,
    0x00,0x00,0x00,0x00,0x00,0x00,0x00,0x00,0xc3,0x18,0x51,0x84,0x14,0x9d,0x31,0x84,0x51,0x8c,0x71,0x8c,0xb2,0x94,0xb3,0x94,
    0xd3,0x9c,0xf4,0x9c,0x14,0xa5,0x14,0x9d,0x35,0xa5,0x55,0xa5,0x55,0xad,0x75,0xad,0x76,0xad,0x96,0xad,0xb6,0xb5,0xb6,0xb5,
    0xd7,0xb5,0xd7,0xb5,0xf7,0xbd,0xf7,0xbd,0x18,0xbe,0x17,0xbe,0x38,0xc6,0x38,0xc6,0x59,0xce,0x58,0xce,0x79,0xce,0x99,0xce,
    0x9a,0xd6,0xb9,0xd6,0xba,0xd6,0xba,0xd6,0xba,0xd6,0xba,0xd6,0xda,0xde,0xda,0xd6,0xda,0xde,0xda,0xde,0xfb,0xde,0xfb,0xde,
    0xfb,0xde,0xfb,0xde,0x1b,0xe7,0xfb,0xde,0xfb,0xde,0xda,0xde,0xda,0xde,0xda,0xd6,0xba,0xd6,0xba,0xd6,0xba,0xd6,0x99,0xd6,
    0x9a,0xd6,0x79,0xce,0x99,0xce,0x79,0xce,0x79,0xce,0x58,0xce,0x59,0xce,0x58,0xc6,0x58,0xc6,0x38,0xc6,0x38,0xc6,0x18,0xc6,
    0x18,0xc6,0x17,0xbe,0x17,0xbe,0xf7,0xbd,0xf7,0xbd,0xd7,0xb5,0xd7,0xbd,0xd6,0xb5,0xb6,0xb5,0xb6,0xb5,0xb6,0xb5,0x96,0xad,
    0x96,0xad,0x75,0xad,0x75,0xad,0x55,0xad,0x55,0xad,0x55,0xa5,0x35,0xa5,0x34,0xa5,0x34,0xa5,0x14,0x9d,0x14,0xa5,0xf4,0x9c,
    0xf4,0x9c,0xf3,0x9c,0xf3,0x9c,0xd3,0x94,0xd3,0x94,0xb2,0x94,0xb3,0x94,0xb2,0x8c,0x92,0x8c,0x92,0x8c,0x92,0x8c,0x71,0x8c,
    0x71,0x8c,0x51,0x84,0x51,0x84,0x31,0x84,0x31,0x84,0x10,0x7c,0x10,0x84,0x10,0x7c,0xf0,0x7b,0xef,0x7b,0xd0,0x7b,0xd3,0x94,
    0x10,0x7c,0xc3,0x18,0x00,0x00,0x00,0x00,0x00,0x00,0x00,0x00,0x00,0x00,0x00,0x00,0x00,0x00,0x00,0x00,0x00,0x00,0x00,0x00,
    0x00,0x00,0x00,0x00,0x00,0x00,0x08,0x3a,0x92,0x8c,0xf3,0x9c,0x51,0x84,0x72,0x8c,0x92,0x8c,0xb3,0x94,0xd3,0x94,0xf4,0x9c,
    0xf3,0x9c,0x14,0x9d,0x34,0x9d,0x55,0xa5,0x54,0xa5,0x75,0xad,0x75,0xad,0x96,0xad,0x95,0xad,0xb6,0xb5,0xb6,0xb5,0xd7,0xb5,
    0xd6,0xb5,0xf7,0xbd,0xf7,0xbd,0x18,0xc6,0x17,0xbe,0x38,0xc6,0x58,0xc6,0x79,0xce,0x78,0xc6,0x79,0xce,0x99,0xce,0xba,0xd6,
    0x99,0xce,0xba,0xd6,0xb9,0xd6,0xda,0xd6,0xba,0xd6,0xda,0xd6,0xda,0xd6,0xda,0xde,0xda,0xd6,0xfa,0xde,0xfa,0xde,0xfb,0xde,
    0xfa,0xde,0xfb,0xde,0xda,0xd6,0xda,0xde,0xba,0xd6,0xba,0xd6,0xb9,0xd6,0xba,0xd6,0x99,0xce,0x99,0xd6,0x99,0xce,0x99,0xce,
    0x78,0xce,0x79,0xce,0x58,0xc6,0x59,0xce,0x38,0xc6,0x38,0xc6,0x38,0xc6,0x38,0xc6,0x17,0xbe,0x17,0xbe,0x17,0xbe,0x17,0xbe,
    0xf7,0xbd,0xf7,0xbd,0xd7,0xb5,0xd7,0xbd,0xb6,0xb5,0xb6,0xb5,0xb6,0xb5,0xb6,0xb5,0x95,0xad,0x96,0xad,0x75,0xad,0x75,0xad,
    0x55,0xa5,0x55,0xa5,0x54,0xa5,0x55,0xa5,0x34,0x9d,0x34,0xa5,0x14,0x9d,0x14,0x9d,0xf3,0x9c,0xf3,0x9c,0xf3,0x94,0xf3,0x9c,
    0xd2,0x94,0xd3,0x94,0xb2,0x94,0xb3,0x94,0x92,0x8c,0x92,0x8c,0x72,0x8c,0x72,0x8c,0x71,0x84,0x71,0x8c,0x51,0x84,0x51,0x84,
    0x30,0x7c,0x31,0x84,0x30,0x7c,0x30,0x84,0xf0,0x7b,0xf0,0x7b,0xef,0x73,0xf0,0x7b,0xb2,0x8c,0x51,0x84,0xc7,0x39,0x00,0x00,
    0x00,0x00,0x00,0x00,0x00,0x00,0x00,0x00,0x00,0x00,0x00,0x00,0x00,0x00,0x00,0x00,0x00,0x00,0x00,0x00,0x00,0x00,0x00,0x00,
    0x00,0x00,0x00,0x00,0xcb,0x5a,0xf3,0x9c,0xd3,0x9c,0x71,0x8c,0x92,0x8c,0xb2,0x94,0xd3,0x9c,0xf3,0x9c,0x14,0x9d,0x14,0x9d,
    0x35,0xa5,0x34,0xa5,0x55,0xa5,0x75,0xa5,0x76,0xad,0x96,0xad,0x96,0xb5,0xb6,0xb5,0xd7,0xb5,0xd7,0xb5,0xf7,0xbd,0xf7,0xbd,
    0x18,0xbe,0x17,0xbe,0x38,0xc6,0x38,0xc6,0x58,0xce,0x58,0xce,0x79,0xce,0x99,0xce,0x99,0xd6,0xf7,0xbd,0xf7,0xbd,0xb9,0xd6,
    0xba,0xd6,0xda,0xd6,0xda,0xde,0xda,0xd6,0xda,0xde,0xda,0xde,0xdb,0xde,0x37,0xc6,0x38,0xc6,0xfb,0xde,0xfb,0xde,0xfa,0xde,
    0xfb,0xde,0xda,0xde,0xda,0xde,0xba,0xd6,0xba,0xd6,0xf7,0xbd,0xf7,0xbd,0x99,0xce,0x99,0xd6,0x99,0xce,0x79,0xce,0x79,0xce,
    0x79,0xce,0x58,0xc6,0x58,0xc6,0x95,0xad,0x96,0xb5,0x38,0xc6,0x38,0xc6,0x17,0xbe,0x18,0xc6,0x17,0xbe,0xf7,0xbd,0xf7,0xbd,
    0xf7,0xbd,0x34,0xa5,0x34,0xa5,0xb6,0xb5,0xb6,0xb5,0xb6,0xb5,0xb6,0xb5,0x95,0xad,0x96,0xad,0x75,0xad,0x75,0xad,0xd3,0x94,
    0xd3,0x94,0x54,0xa5,0x55,0xa5,0x34,0xa5,0x34,0xa5,0x14,0x9d,0x14,0x9d,0xf3,0x9c,0xf4,0x9c,0xf3,0x9c,0xd3,0x9c,0xd3,0x94,
    0xd3,0x94,0xb2,0x94,0xb2,0x94,0x92,0x8c,0x92,0x8c,0x72,0x8c,0x72,0x8c,0x71,0x84,0x71,0x8c,0x51,0x84,0x51,0x84,0x30,0x84,
    0x31,0x84,0x10,0x7c,0x10,0x7c,0xf0,0x7b,0xf0,0x7b,0x72,0x8c,0xb3,0x94,0xaa,0x52,0x00,0x00,0x00,0x00,0x00,0x00,0x00,0x00,
    0x00,0x00,0x00,0x00,0x00,0x00,0x00,0x00,0x00,0x00,0x00,0x00,0x00,0x00,0x00,0x00,0x00,0x00,0x00,0x00,0x00,0x00,0x00,0x00,
    0x20,0x00,0x6e,0x6b,0x34,0xa5,0xb3,0x94,0x92,0x8c,0xb3,0x94,0xd3,0x94,0xf3,0x9c,0xf3,0x9c,0x14,0xa5,0x34,0x9d,0x35,0xa5,
    0x54,0xa5,0x75,0xad,0x75,0xa5,0x95,0xad,0x95,0xad,0xb6,0xb5,0xb6,0xb5,0xd6,0xb5,0xd6,0xb5,0xf7,0xbd,0xf7,0xbd,0x18,0xbe,
    0x17,0xbe,0x38,0xc6,0x38,0xc6,0x59,0xce,0x78,0xce,0x79,0xce,0x28,0x42,0x66,0x29,0x41,0x08,0xc7,0x39,0x99,0xce,0xba,0xd6,
    0xba,0xd6,0xda,0xde,0xda,0xd6,0xda,0xd6,0x48,0x42,0x66,0x31,0x41,0x08,0xc7,0x39,0xda,0xde,0xfb,0xde,0xda,0xd6,0xda,0xd6,
    0xba,0xd6,0xba,0xd6,0x28,0x42,0x66,0x29,0x41,0x08,0xa7,0x39,0x79,0xce,0x79,0xce,0x79,0xce,0x79,0xce,0x58,0xc6,0x58,0xc6,
    0x08,0x42,0x66,0x31,0x41,0x08,0x86,0x31,0x17,0xbe,0x18,0xc6,0xf7,0xbd,0xf7,0xbd,0xf7,0xbd,0xf7,0xbd,0xe7,0x39,0x66,0x29,
    0x41,0x08,0x86,0x31,0x96,0xad,0xb6,0xb5,0x95,0xad,0x96,0xad,0x75,0xad,0x75,0xad,0xe7,0x39,0x66,0x31,0x41,0x08,0x66,0x29,
    0x34,0x9d,0x34,0xa5,0x14,0x9d,0x14,0x9d,0xf3,0x9c,0x14,0x9d,0xd3,0x94,0xd3,0x94,0xd3,0x94,0xd3,0x94,0xb2,0x8c,0xb2,0x94,
    0x92,0x8c,0x92,0x8c,0x71,0x8c,0x72,0x8c,0x71,0x84,0x71,0x8c,0x51,0x84,0x51,0x84,0x30,0x84,0x31,0x84,0x10,0x7c,0x10,0x7c,
    0x10,0x7c,0x10,0x7c,0x30,0x84,0xf4,0x9c,0x2c,0x63,0x21,0x08,0x00,0x00,0x00,0x00,0x00,0x00,0x00,0x00,0x00,0x00,0x00,0x00,
    0x00,0x00,0x00,0x00,0x00,0x00,0x00,0x00,0x00,0x00,0x00,0x00,0x00,0x00,0x00,0x00,0x00,0x00,0x00,0x00,0x00,0x00,0x82,0x10,
    0xf0,0x7b,0x96,0xad,0xb2,0x94,0xb2,0x94,0xd3,0x94,0xf3,0x9c,0x14,0x9d,0x14,0x9d,0x34,0xa5,0x34,0xa5,0x55,0xad,0x55,0xa5,
    0x75,0xad,0x95,0xad,0x96,0xb5,0xb6,0xb5,0xd6,0xb5,0xd6,0xb5,0xf7,0xbd,0xf7,0xbd,0x17,0xbe,0x17,0xbe,0x38,0xc6,0x38,0xc6,
    0x58,0xce,0x58,0xce,0x79,0xce,0x14,0xa5,0x66,0x31,0xec,0x5a,0xc3,0x18,0x41,0x08,0x55,0xad,0xba,0xd6,0xda,0xd6,0xda,0xd6,
    0xda,0xde,0x75,0xad,0x66,0x31,0xec,0x62,0xc3,0x18,0x41,0x08,0x75,0xb5,0xfa,0xde,0xda,0xde,0xda,0xd6,0xda,0xde,0x54,0xad,
    0x66,0x31,0xec,0x5a,0xc3,0x18,0x41,0x08,0x34,0xa5,0x79,0xce,0x79,0xce,0x79,0xce,0x59,0xce,0xf3,0x9c,0x66,0x31,0xec,0x62,
    0xc3,0x18,0x41,0x08,0xf3,0x9c,0x17,0xbe,0x18,0xc6,0xf7,0xbd,0xf7,0xbd,0xb2,0x94,0x66,0x31,0xec,0x5a,0xc3,0x18,0x41,0x08,
    0x92,0x8c,0xb6,0xad,0x96,0xb5,0x95,0xad,0x96,0xad,0x51,0x84,0x66,0x31,0xec,0x62,0xc3,0x18,0x41,0x08,0x30,0x84,0x34,0xa5,
    0x14,0xa5,0x14,0x9d,0x14,0x9d,0xf3,0x9c,0xf3,0x9c,0xd3,0x94,0xd3,0x9c,0xd3,0x94,0xb3,0x94,0xb2,0x94,0xb2,0x94,0x92,0x8c,
    0x92,0x8c,0x72,0x8c,0x72,0x8c,0x71,0x8c,0x51,0x8c,0x51,0x84,0x51,0x84,0x31,0x84,0x31,0x84,0x10,0x7c,0x10,0x7c,0x10,0x7c,
    0x55,0xa5,0x8e,0x6b,0x82,0x10,0x00,0x00,0x00,0x00,0x00,0x00,0x00,0x00,0x00,0x00,0x00,0x00,0x00,0x00,0x00,0x00,0x00,0x00,
    0x00,0x00,0x00,0x00,0x00,0x00,0x00,0x00,0x00,0x00,0x00,0x00,0x00,0x00,0x00,0x00,0x00,0x00,0x00,0x00,0x04,0x21,0x72,0x8c,
    0x95,0xad,0xb2,0x94,0xd3,0x94,0xf3,0x9c,0xf3,0x94,0x14,0x9d,0x14,0x9d,0x35,0xa5,0x34,0xa5,0x55,0xa5,0x75,0xa5,0x96,0xad,
    0x95,0xad,0xb6,0xb5,0xb6,0xb5,0xd6,0xb5,0xd6,0xb5,0xf7,0xbd,0xf7,0xbd,0x17,0xbe,0x17,0xbe,0x38,0xc6,0x38,0xc6,0x58,0xce,
    0x58,0xc6,0x14,0xa5,0x41,0x08,0xc3,0x18,0x41,0x08,0x61,0x08,0x34,0xa5,0xba,0xd6,0xb9,0xd6,0xba,0xd6,0xda,0xd6,0x75,0xad,
    0x41,0x08,0xc3,0x18,0x41,0x08,0x61,0x08,0x74,0xad,0xda,0xde,0xda,0xd6,0xda,0xde,0xb9,0xd6,0x54,0xad,0x41,0x08,0xc3,0x18,
    0x41,0x08,0x61,0x08,0x13,0x9d,0x79,0xce,0x58,0xc6,0x59,0xce,0x58,0xc6,0xf3,0x9c,0x41,0x08,0xc3,0x18,0x41,0x08,0x61,0x08,
    0xd2,0x94,0x17,0xbe,0xf7,0xbd,0xf7,0xbd,0xd7,0xb5,0xb2,0x94,0x41,0x08,0xc3,0x18,0x41,0x08,0x61,0x08,0x71,0x8c,0xb6,0xb5,
    0x95,0xad,0x95,0xad,0x75,0xad,0x51,0x84,0x41,0x08,0xc3,0x18,0x41,0x08,0x61,0x08,0x0f,0x7c,0x34,0x9d,0x13,0x9d,0x14,0x9d,
    0xf3,0x94,0xf3,0x9c,0xd3,0x94,0xd3,0x9c,0xd2,0x94,0xd3,0x94,0xb2,0x94,0xb2,0x94,0x92,0x8c,0x92,0x8c,0x71,0x8c,0x72,0x8c,
    0x51,0x84,0x51,0x84,0x51,0x84,0x51,0x84,0x30,0x7c,0x30,0x84,0x10,0x7c,0x10,0x7c,0xef,0x7b,0x34,0xa5,0xef,0x73,0x04,0x21,
    0x00,0x00,0x00,0x00,0x00,0x00,0x00,0x00,0x00,0x00,0x00,0x00,0x00,0x00,0x00,0x00,0x00,0x00,0x00,0x00,0x00,0x00,0x00,0x00,
    0x00,0x00,0x00,0x00,0x00,0x00,0x00,0x00,0x00,0x00,0x00,0x00,0x00,0x00,0x00,0x00,0x00,0x00,0xe7,0x39,0xd3,0x94,0x96,0xad,
    0xd3,0x94,0xf3,0x9c,0x14,0x9d,0x14,0x9d,0x34,0xa5,0x34,0xa5,0x55,0xa5,0x55,0xa5,0x75,0xad,0x75,0xad,0x96,0xad,0x96,0xad,
    0xb6,0xb5,0xd6,0xb5,0xd7,0xbd,0xf7,0xbd,0x17,0xbe,0x17,0xbe,0x18,0xc6,0x38,0xc6,0x58,0xc6,0x58,0xc6,0x79,0xce,0x79,0xce,
    0x86,0x31,0x41,0x08,0x62,0x08,0xa6,0x31,0xba,0xd6,0xba,0xd6,0xba,0xd6,0xba,0xd6,0xda,0xde,0xda,0xd6,0x86,0x31,0x41,0x08,
    0x62,0x10,0xa7,0x39,0xfb,0xde,0xda,0xde,0xda,0xde,0xda,0xd6,0xba,0xd6,0xba,0xd6,0x86,0x31,0x41,0x08,0x62,0x08,0xa6,0x31,
    0x79,0xce,0x79,0xce,0x79,0xce,0x58,0xce,0x59,0xce,0x58,0xc6,0x66,0x31,0x41,0x08,0x62,0x10,0x86,0x31,0x18,0xc6,0x17,0xbe,
    0x18,0xbe,0xf7,0xbd,0xf7,0xbd,0xd7,0xb5,0x66,0x31,0x41,0x08,0x62,0x08,0x66,0x29,0xb6,0xb5,0x96,0xad,0x96,0xad,0x95,0xad,
    0x76,0xad,0x75,0xad,0x45,0x29,0x41,0x08,0x62,0x10,0x65,0x29,0x34,0xa5,0x14,0x9d,0x14,0xa5,0x14,0x9d,0xf4,0x9c,0xf3,0x9c,
    0xf3,0x9c,0xd3,0x94,0xd3,0x94,0xb3,0x94,0xb3,0x94,0xb2,0x94,0x92,0x94,0x92,0x8c,0x92,0x8c,0x72,0x8c,0x71,0x8c,0x51,0x84,
    0x51,0x8c,0x51,0x84,0x31,0x84,0x30,0x7c,0x31,0x84,0x10,0x7c,0x34,0xa5,0x30,0x84,0x86,0x31,0x00,0x00,0x00,0x00,0x00,0x00,
    0x00,0x00,0x00,0x00,0x00,0x00,0x00,0x00,0x00,0x00,0x00,0x00,0x00,0x00,0x00,0x00,0x00,0x00,0x00,0x00,0x00,0x00,0x00,0x00,
    0x00,0x00,0x00,0x00,0x00,0x00,0x00,0x00,0x00,0x00,0x00,0x00,0x00,0x00,0x00,0x00,0x8a,0x4a,0xf3,0x9c,0xb6,0xb5,0xf4,0x9c,
    0xf3,0x9c,0x14,0x9d,0x14,0x9d,0x34,0xa5,0x34,0xa5,0x55,0xad,0x55,0xa5,0x75,0xad,0x95,0xad,0x96,0xb5,0xb6,0xad,0xd6,0xb5,
    0xd6,0xb5,0xf7,0xbd,0xf7,0xbd,0x17,0xbe,0x17,0xbe,0x38,0xc6,0x38,0xc6,0x58,0xc6,0x58,0xc6,0x79,0xce,0x79,0xce,0xb2,0x94,
    0xb2,0x94,0x99,0xd6,0x99,0xce,0xba,0xd6,0xb9,0xd6,0xba,0xd6,0xba,0xd6,0xda,0xd6,0xda,0xd6,0xf3,0x9c,0xf2,0x9c,0xda,0xde,
    0xda,0xde,0xfa,0xde,0xba,0xd6,0xda,0xd6,0xba,0xd6,0xba,0xd6,0x99,0xce,0xd2,0x94,0xb2,0x94,0x99,0xce,0x79,0xce,0x79,0xce,
    0x58,0xce,0x79,0xce,0x38,0xc6,0x58,0xc6,0x38,0xc6,0x71,0x8c,0x51,0x8c,0x18,0xbe,0x17,0xbe,0x18,0xbe,0xf7,0xbd,0xf7,0xbd,
    0xd7,0xb5,0xf7,0xbd,0xb6,0xb5,0x30,0x84,0x10,0x84,0xb6,0xb5,0x95,0xad,0x96,0xb5,0x95,0xad,0x96,0xad,0x75,0xa5,0x75,0xad,
    0x55,0xa5,0xcf,0x7b,0xae,0x73,0x34,0xa5,0x14,0x9d,0x14,0xa5,0x13,0x9d,0x14,0x9d,0xf3,0x9c,0xf3,0x9c,0xd3,0x94,0xd3,0x94,
    0xd2,0x94,0xd3,0x94,0x92,0x8c,0x92,0x94,0x92,0x8c,0x92,0x8c,0x71,0x8c,0x71,0x8c,0x71,0x84,0x71,0x8c,0x31,0x84,0x31,0x84,
    0x30,0x84,0x31,0x84,0x30,0x7c,0x55,0xa5,0x30,0x84,0x49,0x4a,0x00,0x00,0x00,0x00,0x00,0x00,0x00,0x00,0x00,0x00,0x00,0x00,
    0x00,0x00,0x00,0x00,0x00,0x00,0x00,0x00,0x00,0x00,0x00,0x00,0x00,0x00,0x00,0x00,0x00,0x00,0x00,0x00,0x00,0x00,0x00,0x00,
    0x00,0x00,0x00,0x00,0x00,0x00,0x00,0x00,0x00,0x00,0x00,0x00,0x00,0x00,0xc7,0x39,0xd3,0x9c,0xf7,0xb5,0x35,0xa5,0x14,0x9d,
    0x34,0xa5,0x34,0xa5,0x55,0xa5,0x55,0xa5,0x75,0xad,0x75,0xad,0x96,0xb5,0x96,0xad,0xb6,0xb5,0xd6,0xb5,0xd7,0xbd,0xf7,0xbd,
    0xf7,0xbd,0x17,0xbe,0x18,0xc6,0x38,0xc6,0x58,0xc6,0x58,0xc6,0x79,0xce,0x79,0xce,0x99,0xd6,0x99,0xce,0x9a,0xd6,0xb9,0xd6,
    0xba,0xd6,0xb9,0xd6,0xba,0xd6,0xba,0xd6,0xda,0xde,0xda,0xd6,0xda,0xde,0xda,0xde,0xdb,0xde,0xfa,0xde,0xfb,0xde,0xda,0xde,
    0xda,0xde,0xba,0xd6,0xda,0xd6,0xba,0xd6,0xba,0xd6,0x99,0xce,0x9a,0xd6,0x99,0xce,0x79,0xce,0x79,0xce,0x79,0xce,0x58,0xce,
    0x59,0xce,0x58,0xc6,0x58,0xc6,0x38,0xc6,0x38,0xc6,0x17,0xbe,0x18,0xc6,0x17,0xbe,0x17,0xbe,0xf7,0xbd,0xf7,0xbd,0xd7,0xb5,
    0xd7,0xbd,0xd6,0xb5,0xd7,0xb5,0xb6,0xb5,0xb6,0xb5,0x96,0xad,0x96,0xb5,0x95,0xad,0x75,0xad,0x75,0xad,0x55,0xad,0x55,0xa5,
    0x55,0xa5,0x34,0xa5,0x34,0xa5,0x14,0xa5,0x14,0xa5,0x14,0x9d,0xf4,0x9c,0xf3,0x9c,0xf3,0x9c,0xd3,0x94,0xd3,0x94,0xb3,0x94,
    0xb3,0x94,0xb2,0x8c,0x92,0x94,0x92,0x8c,0x92,0x8c,0x71,0x8c,0x72,0x8c,0x51,0x84,0x51,0x84,0x31,0x84,0x31,0x84,0x72,0x8c,
    0x55,0xad,0x10,0x7c,0x86,0x31,0x00,0x00,0x00,0x00,0x00,0x00,0x00,0x00,0x00,0x00,0x00,0x00,0x00,0x00,0x00,0x00,0x00,0x00,
    0x00,0x00,0x00,0x00,0x00,0x00,0x00,0x00,0x00,0x00,0x00,0x00,0x00,0x00,0x00,0x00,0x00,0x00,0x00,0x00,0x00,0x00,0x00,0x00,
    0x00,0x00,0x00,0x00,0x00,0x00,0x00,0x00,0x00,0x00,0x00,0x00,0x24,0x21,0x72,0x8c,0xb6,0xb5,0x75,0xad,0x14,0x9d,0x34,0xa5,
    0x34,0x9d,0x55,0xa5,0x55,0xa5,0x75,0xad,0x75,0xad,0x96,0xad,0x96,0xad,0xb6,0xb5,0xb6,0xb5,0xd7,0xbd,0xf7,0xbd,0x17,0xbe,
    0xf7,0xbd,0x38,0xc6,0x38,0xc6,0x58,0xc6,0x58,0xc6,0x79,0xce,0x79,0xce,0x99,0xd6,0x99,0xce,0x99,0xd6,0x99,0xce,0xba,0xd6,
    0xb9,0xd6,0xba,0xd6,0xba,0xd6,0xda,0xd6,0xba,0xd6,0xda,0xde,0xda,0xd6,0xfa,0xde,0xda,0xd6,0xda,0xde,0xda,0xd6,0xda,0xd6,
    0xb9,0xd6,0xba,0xd6,0x99,0xce,0x99,0xd6,0x79,0xce,0x79,0xce,0x79,0xce,0x79,0xce,0x58,0xc6,0x58,0xc6,0x58,0xc6,0x58,0xc6,
    0x37,0xc6,0x38,0xc6,0x17,0xbe,0x18,0xc6,0xf7,0xbd,0xf7,0xbd,0xf7,0xbd,0xf7,0xbd,0xd6,0xb5,0xd7,0xbd,0xd6,0xb5,0xd7,0xb5,
    0xb6,0xad,0xb6,0xb5,0x96,0xad,0x96,0xb5,0x75,0xad,0x75,0xad,0x75,0xa5,0x75,0xad,0x54,0xa5,0x55,0xa5,0x34,0xa5,0x34,0xa5,
    0x14,0x9d,0x14,0x9d,0x13,0x9d,0x14,0x9d,0xf3,0x94,0xf3,0x9c,0xd3,0x94,0xd3,0x94,0xb2,0x94,0xb2,0x94,0x92,0x8c,0x92,0x94,
    0x91,0x8c,0x92,0x8c,0x71,0x8c,0x72,0x8c,0x51,0x84,0x51,0x84,0x51,0x84,0x51,0x84,0xb2,0x8c,0x14,0x9d,0xae,0x73,0x04,0x21,
    0x00,0x00,0x00,0x00,0x00,0x00,0x00,0x00,0x00,0x00,0x00,0x00,0x00,0x00,0x00,0x00,0x00,0x00,0x00,0x00,0x00,0x00,0x00,0x00,
    0x00,0x00,0x00,0x00,0x00,0x00,0x00,0x00,0x00,0x00,0x00,0x00,0x00,0x00,0x00,0x00,0x00,0x00,0x00,0x00,0x00,0x00,0x00,0x00,
    0x00,0x00,0x00,0x00,0x00,0x00,0x00,0x00,0x00,0x00,0x82,0x10,0x30,0x84,0x96,0xad,0xb7,0xb5,0x34,0xa5,0x55,0xa5,0x55,0xa5,
    0x75,0xad,0x75,0xad,0x96,0xad,0x96,0xad,0xb6,0xb5,0xb6,0xb5,0xd7,0xb5,0xd7,0xb5,0xf7,0xbd,0x17,0xbe,0x18,0xc6,0x17,0xbe,
    0x38,0xc6,0x58,0xc6,0x59,0xce,0x78,0xce,0x99,0xce,0x99,0xce,0x99,0xd6,0x99,0xce,0xba,0xd6,0xb9,0xd6,0xba,0xd6,0xba,0xd6,
    0xda,0xde,0xda,0xd6,0xda,0xde,0xda,0xd6,0xdb,0xde,0xfa,0xde,0xdb,0xde,0xda,0xd6,0xda,0xde,0xda,0xd6,0xba,0xd6,0xb9,0xd6,
    0xba,0xd6,0x99,0xce,0x99,0xd6,0x79,0xce,0x79,0xce,0x79,0xce,0x59,0xce,0x58,0xc6,0x58,0xce,0x58,0xc6,0x38,0xc6,0x38,0xc6,
    0x38,0xc6,0x17,0xbe,0x18,0xc6,0xf7,0xbd,0xf7,0xbd,0xf7,0xbd,0xf7,0xbd,0xd7,0xb5,0xd7,0xbd,0xd6,0xb5,0xb6,0xb5,0xb6,0xb5,
    0xb6,0xb5,0x96,0xad,0x96,0xad,0x75,0xad,0x75,0xad,0x75,0xad,0x55,0xa5,0x54,0xa5,0x35,0xa5,0x34,0xa5,0x34,0xa5,0x14,0x9d,
    0x14,0x9d,0xf3,0x9c,0xf3,0x9c,0xf3,0x94,0xd3,0x9c,0xd3,0x94,0xd3,0x94,0xb2,0x94,0xb3,0x94,0x92,0x8c,0x92,0x8c,0x72,0x8c,
    0x72,0x8c,0x71,0x8c,0x51,0x8c,0x51,0x84,0x51,0x84,0x13,0x9d,0xf4,0x9c,0x6d,0x6b,0x82,0x10,0x00,0x00,0x00,0x00,0x00,0x00,
    0x00,0x00,0x00,0x00,0x00,0x00,0x00,0x00,0x00,0x00,0x00,0x00,0x00,0x00,0x00,0x00,0x00,0x00,0x00,0x00,0x00,0x00,0x00,0x00,
    0x00,0x00,0x00,0x00,0x00,0x00,0x00,0x00,0x00,0x00,0x00,0x00,0x00,0x00,0x00,0x00,0x00,0x00,0x00,0x00,0x00,0x00,0x00,0x00,
    0x00,0x00,0x00,0x00,0x00,0x00,0x00,0x00,0x21,0x08,0x6d,0x6b,0x75,0xad,0xd7,0xb5,0x75,0xad,0x55,0xa5,0x55,0xa5,0x75,0xad,
    0x75,0xad,0x96,0xad,0x95,0xad,0xb6,0xb5,0xb6,0xb5,0xf7,0xbd,0xf7,0xb5,0x17,0xbe,0x17,0xbe,0x38,0xc6,0x38,0xc6,0x58,0xc6,
    0x58,0xc6,0x79,0xce,0x78,0xce,0x99,0xce,0x99,0xce,0x99,0xd6,0x99,0xce,0x9a,0xd6,0xb9,0xd6,0xba,0xd6,0xb9,0xd6,0xba,0xd6,
    0xda,0xd6,0xda,0xde,0xda,0xd6,0xda,0xde,0xda,0xd6,0xda,0xde,0xba,0xd6,0xba,0xd6,0xb9,0xd6,0xba,0xd6,0x99,0xce,0x99,0xd6,
    0x79,0xce,0x99,0xce,0x58,0xce,0x79,0xce,0x58,0xc6,0x59,0xce,0x38,0xc6,0x58,0xc6,0x38,0xc6,0x38,0xc6,0x17,0xbe,0x18,0xc6,
    0xf7,0xbd,0x17,0xbe,0xf7,0xbd,0xf7,0xbd,0xd6,0xb5,0xd7,0xbd,0xb6,0xb5,0xd6,0xb5,0xb6,0xb5,0xb6,0xb5,0x95,0xad,0x96,0xad,
    0x75,0xad,0x75,0xad,0x75,0xa5,0x75,0xad,0x54,0xa5,0x55,0xa5,0x34,0xa5,0x34,0xa5,0x14,0x9d,0x14,0xa5,0xf3,0x9c,0xf3,0x9c,
    0xf3,0x94,0xf3,0x9c,0xd2,0x94,0xd3,0x94,0xb2,0x94,0xb3,0x94,0x92,0x8c,0x92,0x8c,0x92,0x8c,0x92,0x8c,0x71,0x84,0x71,0x8c,
    0x51,0x84,0x92,0x8c,0x34,0x9d,0xb3,0x94,0xcb,0x5a,0x21,0x08,0x00,0x00,0x00,0x00,0x00,0x00,0x00,0x00,0x00,0x00,0x00,0x00,
    0x00,0x00,0x00,0x00,0x00,0x00,0x00,0x00,0x00,0x00,0x00,0x00,0x00,0x00,0x00,0x00,0x00,0x00,0x00,0x00,0x00,0x00,0x00,0x00,
    0x00,0x00,0x00,0x00,0x00,0x00,0x00,0x00,0x00,0x00,0x00,0x00,0x00,0x00,0x00,0x00,0x00,0x00,0x00,0x00,0x00,0x00,0x00,0x00,
    0x00,0x00,0x00,0x00,0x00,0x00,0x00,0x00,0xab,0x52,0x55,0xa5,0x18,0xbe,0xf7,0xbd,0x76,0xad,0x75,0xad,0x96,0xad,0x96,0xad,
    0xb6,0xb5,0xb6,0xb5,0xd7,0xbd,0xd7,0xb5,0xf7,0xbd,0xf7,0xbd,0x18,0xc6,0x18,0xc6,0x38,0xc6,0x58,0xc6,0x59,0xce,0x79,0xce,
    0x79,0xce,0x99,0xce,0x99,0xd6,0x99,0xce,0x9a,0xd6,0x99,0xd6,0xba,0xd6,0xba,0xd6,0xba,0xd6,0xba,0xd6,0xda,0xde,0xda,0xd6,
    0xda,0xde,0xda,0xde,0xfb,0xde,0xda,0xd6,0xda,0xde,0xba,0xd6,0xba,0xd6,0xb9,0xd6,0x9a,0xd6,0x99,0xce,0x99,0xd6,0x79,0xce,
    0x79,0xce,0x59,0xce,0x79,0xce,0x58,0xce,0x58,0xc6,0x38,0xc6,0x38,0xc6,0x38,0xc6,0x38,0xc6,0x17,0xbe,0x18,0xc6,0xf7,0xbd,
    0xf7,0xbd,0xf7,0xbd,0xf7,0xbd,0xd7,0xb5,0xd7,0xb5,0xb6,0xb5,0xb6,0xb5,0xb6,0xb5,0x96,0xb5,0x95,0xad,0x96,0xad,0x75,0xad,
    0x75,0xad,0x55,0xa5,0x55,0xad,0x35,0xa5,0x35,0xa5,0x34,0xa5,0x14,0xa5,0x14,0x9d,0x14,0x9d,0xf3,0x9c,0xf4,0x9c,0xf3,0x94,
    0xd3,0x9c,0xd3,0x94,0xd3,0x94,0xb2,0x94,0xb2,0x94,0x92,0x8c,0x92,0x8c,0x92,0x8c,0x72,0x8c,0x92,0x8c,0x35,0xa5,0x55,0xa5,
    0x92,0x8c,0x29,0x42,0x00,0x00,0x00,0x00,0x00,0x00,0x00,0x00,0x00,0x00,0x00,0x00,0x00,0x00,0x00,0x00,0x00,0x00,0x00,0x00,
    0x00,0x00,0x00,0x00,0x00,0x00,0x00,0x00,0x00,0x00,0x00,0x00,0x00,0x00,0x00,0x00,0x00,0x00,0x00,0x00,0x00,0x00,0x00,0x00,
    0x00,0x00,0x00,0x00,0x00,0x00,0x00,0x00,0x00,0x00,0x00,0x00,0x00,0x00,0x00,0x00,0x00,0x00,0x00,0x00,0x00,0x00,0x00,0x00,
    0x00,0x00,0x00,0x00,0x00,0x00,0x25,0x21,0xef,0x7b,0x96,0xad,0x17,0xbe,0xf7,0xbd,0x95,0xad,0x96,0xad,0x95,0xad,0xb6,0xb5,
    0xb6,0xb5,0xd7,0xb5,0xd7,0xb5,0xf7,0xbd,0xf7,0xbd,0x17,0xc6,0x37,0xc6,0x58,0xc6,0x58,0xc6,0x58,0xce,0x78,0xce,0x99,0xce,
    0x79,0xce,0x99,0xce,0x99,0xce,0xb9,0xd6,0x99,0xce,0xba,0xd6,0xb9,0xd6,0xba,0xd6,0xb9,0xd6,0xda,0xd6,0xda,0xd6,0xda,0xde,
    0xda,0xd6,0xda,0xd6,0xba,0xd6,0xba,0xd6,0x99,0xce,0x99,0xd6,0x99,0xce,0x99,0xd6,0x78,0xce,0x79,0xce,0x78,0xce,0x79,0xce,
    0x58,0xc6,0x58,0xc6,0x38,0xc6,0x38,0xc6,0x17,0xbe,0x18,0xc6,0x17,0xbe,0x17,0xbe,0xf7,0xbd,0xf7,0xbd,0xf7,0xbd,0xf7,0xbd,
    0xd6,0xb5,0xd6,0xb5,0xb6,0xb5,0xb6,0xb5,0x96,0xad,0xb6,0xb5,0x95,0xad,0x96,0xad,0x75,0xad,0x75,0xad,0x55,0xa5,0x55,0xad,
    0x34,0xa5,0x34,0xa5,0x34,0x9d,0x34,0xa5,0x13,0x9d,0x14,0x9d,0xf3,0x9c,0xf3,0x9c,0xd3,0x94,0xd3,0x9c,0xd3,0x94,0xd3,0x94,
    0xb2,0x8c,0xb2,0x94,0x92,0x8c,0x92,0x8c,0x71,0x8c,0x92,0x8c,0x14,0x9d,0x75,0xad,0xb2,0x8c,0x2c,0x63,0xe3,0x18,0x00,0x00,
    0x00,0x00,0x00,0x00,0x00,0x00,0x00,0x00,0x00,0x00,0x00,0x00,0x00,0x00,0x00,0x00,0x00,0x00,0x00,0x00,0x00,0x00,0x00,0x00,
    0x00,0x00,0x00,0x00,0x00,0x00,0x00,0x00,0x00,0x00,0x00,0x00,0x00,0x00,0x00,0x00,0x00,0x00,0x00,0x00,0x00,0x00,0x00,0x00,
    0x00,0x00,0x00,0x00,0x00,0x00,0x00,0x00,0x00,0x00,0x00,0x00,0x00,0x00,0x00,0x00,0x00,0x00,0x00,0x00,0x00,0x00,0x00,0x00,
    0x00,0x00,0x00,0x00,0x00,0x00,0x65,0x29,0x51,0x8c,0xd6,0xb5,0x59,0xc6,0xf7,0xbd,0xb6,0xb5,0xb6,0xb5,0xd6,0xb5,0xd6,0xb5,
    0xf7,0xbd,0xf7,0xbd,0x18,0xc6,0x17,0xbe,0x38,0xc6,0x38,0xc6,0x58,0xce,0x78,0xce,0x79,0xce,0x99,0xce,0x99,0xce,0x99,0xce,
    0x99,0xd6,0xb9,0xd6,0xba,0xd6,0xb9,0xd6,0xba,0xd6,0xba,0xd6,0xba,0xd6,0xda,0xd6,0xda,0xde,0xda,0xde,0xda,0xde,0xda,0xd6,
    0xda,0xde,0xba,0xd6,0xba,0xd6,0x99,0xd6,0x9a,0xd6,0x99,0xce,0x79,0xce,0x79,0xce,0x79,0xce,0x78,0xce,0x59,0xce,0x58,0xc6,
    0x58,0xc6,0x38,0xc6,0x38,0xc6,0x17,0xbe,0x18,0xc6,0x17,0xbe,0x17,0xbe,0xf7,0xbd,0xf7,0xbd,0xf7,0xbd,0xd7,0xbd,0xd6,0xb5,
    0xd7,0xb5,0xb6,0xb5,0xb6,0xb5,0x96,0xad,0x96,0xb5,0x95,0xad,0x95,0xad,0x75,0xad,0x75,0xad,0x55,0xa5,0x55,0xa5,0x54,0xa5,
    0x34,0xa5,0x34,0x9d,0x34,0xa5,0x13,0x9d,0x14,0x9d,0xf3,0x9c,0xf3,0x9c,0xd3,0x94,0xd3,0x9c,0xd3,0x94,0xb3,0x94,0xb2,0x94,
    0xb2,0x94,0x92,0x8c,0x34,0xa5,0x96,0xad,0xf3,0x9c,0x8e,0x6b,0x04,0x21,0x00,0x00,0x00,0x00,0x00,0x00,0x00,0x00,0x00,0x00,
    0x00,0x00,0x00,0x00,0x00,0x00,0x00,0x00,0x00,0x00,0x00,0x00,0x00,0x00,0x00,0x00,0x00,0x00,0x00,0x00,0x00,0x00,0x00,0x00,
    0x00,0x00,0x00,0x00,0x00,0x00,0x00,0x00,0x00,0x00,0x00,0x00,0x00,0x00,0x00,0x00,0x00,0x00,0x00,0x00,0x00,0x00,0x00,0x00,
    0x00,0x00,0x00,0x00,0x00,0x00,0x00,0x00,0x00,0x00,0x00,0x00,0x00,0x00,0x00,0x00,0x00,0x00,0x00,0x00,0x00,0x00,0x00,0x00,
    0x00,0x00,0x00,0x00,0x00,0x00,0xc7,0x39,0x92,0x8c,0xf7,0xbd,0x58,0xc6,0x38,0xc6,0xf7,0xbd,0xd7,0xbd,0xd6,0xb5,0xf7,0xbd,
    0xf7,0xbd,0x18,0xc6,0x37,0xbe,0x38,0xc6,0x58,0xc6,0x79,0xce,0x78,0xce,0x79,0xce,0x79,0xce,0x99,0xd6,0x99,0xce,0x99,0xd6,
    0x99,0xce,0xba,0xd6,0xb9,0xd6,0xba,0xd6,0xba,0xd6,0xda,0xd6,0xba,0xd6,0xda,0xde,0xda,0xd6,0xda,0xd6,0xb9,0xd6,0xba,0xd6,
    0x99,0xd6,0xba,0xd6,0x79,0xce,0x99,0xce,0x79,0xce,0x79,0xce,0x58,0xc6,0x59,0xce,0x58,0xc6,0x58,0xc6,0x38,0xc6,0x38,0xc6,
    0x17,0xc6,0x38,0xc6,0x17,0xbe,0x17,0xbe,0xf7,0xbd,0xf7,0xbd,0xd6,0xb5,0xf7,0xbd,0xd6,0xb5,0xd7,0xb5,0xb6,0xb5,0xb6,0xb5,
    0x96,0xad,0x96,0xb5,0x95,0xad,0x95,0xad,0x75,0xad,0x75,0xad,0x54,0xa5,0x55,0xa5,0x34,0xa5,0x35,0xa5,0x34,0x9d,0x34,0xa5,
    0x14,0x9d,0x14,0x9d,0xf3,0x9c,0xf3,0x9c,0xf3,0x94,0xf3,0x9c,0xb2,0x94,0xb3,0x94,0xb2,0x94,0x14,0x9d,0x55,0xa5,0x96,0xb5,
    0xf4,0x9c,0xcf,0x73,0x66,0x29,0x00,0x00,0x00,0x00,0x00,0x00,0x00,0x00,0x00,0x00,0x00,0x00,0x00,0x00,0x00,0x00,0x00,0x00,
    0x00,0x00,0x00,0x00,0x00,0x00,0x00,0x00,0x00,0x00,0x00,0x00,0x00,0x00,0x00,0x00,0x00,0x00,0x00,0x00,0x00,0x00,0x00,0x00,
    0x00,0x00,0x00,0x00,0x00,0x00,0x00,0x00,0x00,0x00,0x00,0x00,0x00,0x00,0x00,0x00,0x00,0x00,0x00,0x00,0x00,0x00,0x00,0x00,
    0x00,0x00,0x00,0x00,0x00,0x00,0x00,0x00,0x00,0x00,0x00,0x00,0x00,0x00,0x00,0x00,0x00,0x00,0x00,0x00,0x00,0x00,0x00,0x00,
    0x00,0x00,0x00,0x00,0x00,0x00,0x28,0x42,0xb2,0x94,0xf7,0xbd,0x59,0xc6,0x99,0xce,0x79,0xce,0x38,0xc6,0x38,0xc6,0x17,0xbe,
    0x38,0xc6,0x38,0xc6,0x59,0xce,0x58,0xce,0x79,0xce,0x79,0xce,0x99,0xd6,0x99,0xce,0x99,0xd6,0x99,0xce,0xba,0xd6,0xb9,0xd6,
    0xba,0xd6,0xba,0xd6,0xda,0xde,0xda,0xd6,0xda,0xde,0xda,0xd6,0xda,0xde,0xda,0xd6,0xba,0xd6,0xba,0xd6,0xba,0xd6,0x99,0xd6,
    0x9a,0xd6,0x79,0xce,0x99,0xd6,0x79,0xce,0x79,0xce,0x58,0xce,0x59,0xce,0x58,0xc6,0x58,0xc6,0x38,0xc6,0x38,0xc6,0x18,0xc6,
    0x18,0xc6,0x17,0xbe,0x17,0xbe,0xf7,0xbd,0xf7,0xbd,0xd7,0xb5,0xd7,0xbd,0xd6,0xb5,0xd6,0xb5,0xb6,0xb5,0xb6,0xb5,0x96,0xad,
    0x96,0xad,0x95,0xad,0x76,0xad,0x75,0xad,0x75,0xad,0x55,0xa5,0x55,0xa5,0x34,0xa5,0x34,0xa5,0x14,0x9d,0x14,0xa5,0x14,0x9d,
    0xf4,0x9c,0xf3,0x9c,0xf3,0x9c,0xf3,0x9c,0x55,0xa5,0x96,0xad,0xd7,0xb5,0x55,0xad,0x14,0x9d,0xcf,0x73,0xc7,0x39,0x00,0x00,
    0x00,0x00,0x00,0x00,0x00,0x00,0x00,0x00,0x00,0x00,0x00,0x00,0x00,0x00,0x00,0x00,0x00,0x00,0x00,0x00,0x00,0x00,0x00,0x00,
    0x00,0x00,0x00,0x00,0x00,0x00,0x00,0x00,0x00,0x00,0x00,0x00,0x00,0x00,0x00,0x00,0x00,0x00,0x00,0x00,0x00,0x00,0x00,0x00,
    0x00,0x00,0x00,0x00,0x00,0x00,0x00,0x00,0x00,0x00,0x00,0x00,0x00,0x00,0x00,0x00,0x00,0x00,0x00,0x00,0x00,0x00,0x00,0x00,
    0x00,0x00,0x00,0x00,0x00,0x00,0x00,0x00,0x00,0x00,0x00,0x00,0x00,0x00,0x00,0x00,0x00,0x00,0x00,0x00,0x00,0x00,0x00,0x00,
    0x00,0x00,0x00,0x00,0x00,0x00,0xc3,0x18,0xaa,0x52,0x71,0x8c,0xf7,0xbd,0x59,0xc6,0x99,0xce,0x9a,0xd6,0x79,0xce,0x99,0xce,
    0x78,0xce,0x79,0xce,0x79,0xce,0x79,0xce,0x78,0xce,0x79,0xce,0x99,0xce,0x99,0xd6,0x99,0xce,0x99,0xd6,0xb9,0xd6,0xba,0xd6,
    0xb9,0xd6,0xba,0xd6,0xda,0xd6,0xda,0xde,0xba,0xd6,0xba,0xd6,0xb9,0xd6,0xba,0xd6,0x99,0xce,0x99,0xd6,0x99,0xce,0x99,0xce,
    0x78,0xce,0x79,0xce,0x58,0xc6,0x59,0xce,0x38,0xc6,0x38,0xc6,0x38,0xc6,0x38,0xc6,0x17,0xbe,0x17,0xbe,0x17,0xbe,0x17,0xbe,
    0xf7,0xbd,0xf7,0xbd,0xd7,0xb5,0xd7,0xbd,0xb6,0xb5,0xb6,0xb5,0xb6,0xb5,0xb6,0xb5,0x95,0xad,0x96,0xad,0x95,0xad,0x95,0xad,
    0x75,0xa5,0x75,0xad,0x54,0xa5,0x55,0xa5,0x34,0xa5,0x34,0xa5,0x34,0x9d,0x55,0xa5,0x54,0xa5,0x55,0xa5,0x75,0xa5,0x75,0xad,
    0xb6,0xb5,0xb7,0xb5,0x55,0xa5,0xf3,0x9c,0x8e,0x6b,0x28,0x42,0xa2,0x10,0x00,0x00,0x00,0x00,0x00,0x00,0x00,0x00,0x00,0x00,
    0x00,0x00,0x00,0x00,0x00,0x00,0x00,0x00,0x00,0x00,0x00,0x00,0x00,0x00,0x00,0x00,0x00,0x00,0x00,0x00,0x00,0x00,0x00,0x00,
    0x00,0x00,0x00,0x00,0x00,0x00,0x00,0x00,0x00,0x00,0x00,0x00,0x00,0x00,0x00,0x00,0x00,0x00,0x00,0x00,0x00,0x00,0x00,0x00,
    0x00,0x00,0x00,0x00,0x00,0x00,0x00,0x00,0x00,0x00,0x00,0x00,0x00,0x00,0x00,0x00,0x00,0x00,0x00,0x00,0x00,0x00,0x00,0x00,
    0x00,0x00,0x00,0x00,0x00,0x00,0x00,0x00,0x00,0x00,0x00,0x00,0x00,0x00,0x00,0x00,0x00,0x00,0x00,0x00,0x00,0x00,0x00,0x00,
    0x00,0x00,0x00,0x00,0x00,0x00,0x00,0x00,0x62,0x10,0x49,0x4a,0x30,0x84,0xd7,0xbd,0x79,0xce,0x99,0xce,0xba,0xd6,0xda,0xd6,
    0xfb,0xde,0xfb,0xde,0xfb,0xde,0xfb,0xde,0xfb,0xde,0xfb,0xde,0xfb,0xde,0xfb,0xde,0x1b,0xe7,0xfb,0xde,0x1b,0xe7,0x1b,0xdf,
    0x1c,0xe7,0x1b,0xe7,0x1c,0xe7,0x1b,0xdf,0x1b,0xe7,0xfb,0xde,0xfb,0xde,0xfb,0xde,0xfb,0xde,0xfa,0xde,0xdb,0xde,0xda,0xd6,
    0xdb,0xde,0xba,0xd6,0xba,0xd6,0xba,0xd6,0xba,0xd6,0x9a,0xd6,0x9a,0xd6,0x99,0xce,0x9a,0xd6,0x99,0xce,0x79,0xce,0x79,0xce,
    0x79,0xce,0x59,0xce,0x59,0xce,0x58,0xc6,0x59,0xce,0x58,0xc6,0x38,0xc6,0x38,0xc6,0x38,0xc6,0x18,0xbe,0x18,0xc6,0x17,0xbe,
    0x18,0xbe,0xf7,0xbd,0x18,0xc6,0x18,0xbe,0x18,0xc6,0xf7,0xbd,0xd7,0xbd,0xb6,0xb5,0x96,0xb5,0x75,0xa5,0xd3,0x94,0x4d,0x63,
    0xe7,0x39,0x41,0x08,0x00,0x00,0x00,0x00,0x00,0x00,0x00,0x00,0x00,0x00,0x00,0x00,0x00,0x00,0x00,0x00,0x00,0x00,0x00,0x00,
    0x00,0x00,0x00,0x00,0x00,0x00,0x00,0x00,0x00,0x00,0x00,0x00,0x00,0x00,0x00,0x00,0x00,0x00,0x00,0x00,0x00,0x00,0x00,0x00,
    0x00,0x00,0x00,0x00,0x00,0x00,0x00,0x00,0x00,0x00,0x00,0x00,0x00,0x00,0x00,0x00,0x00,0x00,0x00,0x00,0x00,0x00,0x00,0x00,
    0x00,0x00,0x00,0x00,0x00,0x00,0x00,0x00,0x00,0x00,0x00,0x00,0x00,0x00,0x00,0x00,0x00,0x00,0x00,0x00,0x00,0x00,0x00,0x00,
    0x00,0x00,0x00,0x00,0x00,0x00,0x00,0x00,0x00,0x00,0x00,0x00,0x00,0x00,0x00,0x00,0x00,0x00,0x00,0x00,0x00,0x00,0x00,0x00,
    0x00,0x00,0x00,0x00,0x00,0x00,0x00,0x00,0x00,0x00,0x00,0x00,0xa2,0x10,0x86,0x31,0x28,0x42,0x0c,0x63,0xae,0x73,0x71,0x8c,
    0x34,0xa5,0x17,0xc6,0x99,0xce,0xba,0xd6,0xb9,0xd6,0xba,0xd6,0xb9,0xd6,0xba,0xd6,0xda,0xd6,0xda,0xde,0xda,0xd6,0xda,0xde,
    0xda,0xd6,0xda,0xde,0xba,0xd6,0xba,0xd6,0xba,0xd6,0xba,0xd6,0x99,0xce,0x99,0xd6,0x99,0xce,0x99,0xd6,0x79,0xce,0x79,0xce,
    0x58,0xce,0x79,0xce,0x38,0xc6,0x58,0xc6,0x38,0xc6,0x58,0xc6,0x37,0xbe,0x38,0xc6,0x17,0xbe,0x18,0xc6,0xf7,0xbd,0x17,0xbe,
    0xf7,0xbd,0xf7,0xbd,0xd6,0xb5,0xd7,0xbd,0xd6,0xb5,0xd6,0xb5,0xb6,0xb5,0xb6,0xb5,0x96,0xad,0x96,0xb5,0x95,0xad,0x75,0xad,
    0xd3,0x94,0x31,0x84,0x8d,0x6b,0xec,0x5a,0x49,0x4a,0xc7,0x39,0x24,0x21,0x82,0x10,0x00,0x00,0x00,0x00,0x00,0x00,0x00,0x00,
    0x00,0x00,0x00,0x00,0x00,0x00,0x00,0x00,0x00,0x00,0x00,0x00,0x00,0x00,0x00,0x00,0x00,0x00,0x00,0x00,0x00,0x00,0x00,0x00,
    0x00,0x00,0x00,0x00,0x00,0x00,0x00,0x00,0x00,0x00,0x00,0x00,0x00,0x00,0x00,0x00,0x00,0x00,0x00,0x00,0x00,0x00,0x00,0x00,
    0x00,0x00,0x00,0x00,0x00,0x00,0x00,0x00,0x00,0x00,0x00,0x00,
};
const lv_image_dsc_t kListImage = [] {
    lv_image_dsc_t image{};
    image.header.magic = LV_IMAGE_HEADER_MAGIC;
    image.header.cf = LV_COLOR_FORMAT_RGB565;
    image.header.w = 130;
    image.header.h = 195;
    image.header.stride = 260;
    image.data_size = sizeof(kListPixels);
    image.data = kListPixels;
    return image;
}();
alignas(4) static const uint8_t kTimersPixels[] = {
    0x00,0x00,0x00,0x00,0x00,0x00,0x00,0x00,0x00,0x00,0x00,0x00,0x00,0x00,0x00,0x00,0x00,0x00,0x00,0x00,0x00,0x00,0x00,0x00,
    0x00,0x00,0x00,0x00,0x00,0x00,0x00,0x00,0x00,0x00,0x00,0x00,0x00,0x00,0x00,0x00,0x00,0x00,0x00,0x00,0x00,0x00,0x00,0x00,
    0x00,0x00,0x00,0x00,0x00,0x00,0x00,0x00,0x00,0x00,0x00,0x00,0x00,0x00,0x00,0x00,0x00,0x00,0x00,0x00,0x00,0x00,0x00,0x00,
    0x00,0x00,0x00,0x00,0x00,0x00,0x00,0x00,0x00,0x00,0x00,0x00,0x00,0x00,0x00,0x00,0x00,0x00,0x00,0x00,0x00,0x00,0x00,0x00,
    0x00,0x00,0x00,0x00,0x00,0x00,0x00,0x00,0x00,0x00,0x00,0x00,0x00,0x00,0x00,0x00,0x00,0x00,0x00,0x00,0x00,0x00,0x00,0x00,
    0x00,0x00,0x00,0x00,0x00,0x00,0x00,0x00,0x00,0x00,0x00,0x00,0x00,0x00,0x00,0x00,0x00,0x00,0x00,0x00,0x00,0x00,0x00,0x00,
    0x00,0x00,0x00,0x00,0x00,0x00,0x00,0x00,0x00,0x00,0x00,0x00,0x00,0x00,0x00,0x00,0x00,0x00,0x00,0x00,0x00,0x00,0x00,0x00,
    0x00,0x00,0x00,0x00,0x00,0x00,0x20,0x08,0xe2,0x28,0x64,0x41,0xc4,0x51,0xc4,0x51,0x43,0x39,0xc2,0x28,0x00,0x00,0x00,0x00,
    0x00,0x00,0x00,0x00,0x00,0x00,0x00,0x00,0x00,0x00,0x00,0x00,0x00,0x00,0x00,0x00,0x00,0x00,0x00,0x00,0x00,0x00,0x00,0x00,
    0x00,0x00,0x00,0x00,0x00,0x00,0x00,0x00,0x00,0x00,0x00,0x00,0x00,0x00,0x00,0x00,0x00,0x00,0x00,0x00,0x00,0x00,0x00,0x00,
    0x00,0x00,0x00,0x00,0x00,0x00,0x00,0x00,0x00,0x00,0x00,0x00,0x00,0x00,0x00,0x00,0x00,0x00,0x00,0x00,0x00,0x00,0x00,0x00,
    0x00,0x00,0x00,0x00,0x00,0x00,0x00,0x00,0x00,0x00,0x00,0x00,0x00,0x00,0x00,0x00,0x00,0x00,0x00,0x00,0x00,0x00,0x00,0x00,
    0x00,0x00,0x00,0x00,0x00,0x00,0x00,0x00,0x00,0x00,0x00,0x00,0x00,0x00,0x00,0x00,0x00,0x00,0x00,0x00,0x00,0x00,0x00,0x00,
    0x00,0x00,0x00,0x00,0x00,0x00,0x00,0x00,0x00,0x00,0x00,0x00,0x00,0x00,0x00,0x00,0x00,0x00,0x00,0x00,0x00,0x00,0x00,0x00,
    0x00,0x00,0x00,0x00,0x00,0x00,0x00,0x00,0x00,0x00,0x00,0x00,0x00,0x00,0x00,0x00,0x00,0x00,0x00,0x00,0x00,0x00,0x00,0x00,
    0x00,0x00,0x00,0x00,0x00,0x00,0x00,0x00,0x00,0x00,0x00,0x00,0x00,0x00,0x00,0x00,0x00,0x00,0x00,0x00,0x00,0x00,0x00,0x00,
    0x00,0x00,0x00,0x00,0x00,0x00,0x00,0x00,0x00,0x00,0x00,0x00,0x00,0x00,0x00,0x00,0x00,0x00,0x00,0x00,0x00,0x00,0x00,0x00,
    0x00,0x00,0x00,0x00,0x00,0x00,0x00,0x00,0x00,0x00,0x00,0x00,0x00,0x00,0x00,0x00,0x00,0x00,0x00,0x00,0x00,0x00,0x00,0x00,
    0x00,0x00,0x00,0x00,0x00,0x00,0x00,0x00,0x00,0x00,0x00,0x00,0x00,0x00,0x00,0x00,0x00,0x00,0x00,0x00,0x00,0x00,0x00,0x00,
    0x00,0x00,0x00,0x00,0x00,0x00,0x00,0x00,0x00,0x00,0x00,0x00,0x00,0x00,0x00,0x00,0x00,0x00,0x00,0x00,0x00,0x00,0x00,0x00,
    0x00,0x00,0x00,0x00,0x00,0x00,0x00,0x00,0x00,0x00,0x00,0x00,0x00,0x00,0x00,0x00,0x00,0x00,0x00,0x00,0x00,0x00,0x00,0x00,
    0x00,0x00,0x00,0x00,0x00,0x00,0x00,0x00,0x00,0x00,0x00,0x00,0x00,0x00,0x00,0x00,0x00,0x00,0x00,0x00,0x00,0x00,0x00,0x00,
    0x00,0x00,0x00,0x00,0xa1,0x20,0x48,0x93,0x6b,0xbc,0x8b,0xc4,0x6b,0xc4,0x6b,0xc4,0x4a,0xbc,0x0a,0xbc,0xe9,0xab,0xa9,0xa3,
    0x86,0x72,0xa2,0x20,0x00,0x00,0x00,0x00,0x00,0x00,0x00,0x00,0x00,0x00,0x00,0x00,0x00,0x00,0x00,0x00,0x00,0x00,0x00,0x00,
    0x00,0x00,0x00,0x00,0x00,0x00,0x00,0x00,0x00,0x00,0x00,0x00,0x00,0x00,0x00,0x00,0x00,0x00,0x00,0x00,0x00,0x00,0x00,0x00,
    0x00,0x00,0x00,0x00,0x00,0x00,0x00,0x00,0x00,0x00,0x00,0x00,0x00,0x00,0x00,0x00,0x00,0x00,0x00,0x00,0x00,0x00,0x00,0x00,
    0x00,0x00,0x00,0x00,0x00,0x00,0x00,0x00,0x00,0x00,0x00,0x00,0x00,0x00,0x00,0x00,0x00,0x00,0x00,0x00,0x00,0x00,0x00,0x00,
    0x00,0x00,0x00,0x00,0x00,0x00,0x00,0x00,0x00,0x00,0x00,0x00,0x00,0x00,0x00,0x00,0x00,0x00,0x00,0x00,0x00,0x00,0x00,0x00,
    0x00,0x00,0x00,0x00,0x00,0x00,0x00,0x00,0x00,0x00,0x00,0x00,0x00,0x00,0x00,0x00,0x00,0x00,0x00,0x00,0x00,0x00,0x00,0x00,
    0x00,0x00,0x00,0x00,0x00,0x00,0x00,0x00,0x00,0x00,0x00,0x00,0x00,0x00,0x00,0x00,0x00,0x00,0x00,0x00,0x00,0x00,0x00,0x00,
    0x00,0x00,0x00,0x00,0x00,0x00,0x00,0x00,0x00,0x00,0x00,0x00,0x00,0x00,0x00,0x00,0x00,0x00,0x00,0x00,0x00,0x00,0x00,0x00,
    0x00,0x00,0x00,0x00,0x00,0x00,0x00,0x00,0x00,0x00,0x00,0x00,0x00,0x00,0x00,0x00,0x00,0x00,0x00,0x00,0x00,0x00,0x00,0x00,
    0x00,0x00,0x00,0x00,0x00,0x00,0x00,0x00,0x00,0x00,0x00,0x00,0x00,0x00,0x00,0x00,0x00,0x00,0x00,0x00,0x00,0x00,0x00,0x00,
    0x00,0x00,0x00,0x00,0x00,0x00,0x00,0x00,0x00,0x00,0x00,0x00,0x00,0x00,0x00,0x00,0x00,0x00,0x00,0x00,0x00,0x00,0x00,0x00,
    0x00,0x00,0x00,0x00,0x00,0x00,0x00,0x00,0x00,0x00,0x00,0x00,0x00,0x00,0x00,0x00,0x00,0x00,0x00,0x00,0x00,0x00,0x00,0x00,
    0x00,0x00,0x00,0x00,0x00,0x00,0x00,0x00,0x00,0x00,0x00,0x00,0x00,0x00,0x00,0x00,0x00,0x00,0x00,0x00,0x00,0x00,0x00,0x00,
    0x00,0x00,0x00,0x00,0x00,0x00,0x00,0x00,0x00,0x00,0x00,0x00,0x00,0x00,0x00,0x00,0x00,0x00,0x00,0x00,0x00,0x00,0x00,0x00,
    0x00,0x00,0x40,0x08,0x66,0x6a,0xac,0xc4,0xac,0xc4,0xcc,0xcc,0xcc,0xcc,0xcc,0xcc,0x8b,0xc4,0x6b,0xc4,0x4a,0xbc,0x2a,0xbc,
    0xc9,0xab,0xa9,0xab,0x67,0x9b,0xc4,0x51,0x20,0x00,0x00,0x00,0x00,0x00,0x00,0x00,0x00,0x00,0x00,0x00,0x00,0x00,0x00,0x00,
    0x00,0x00,0x00,0x00,0x00,0x00,0x00,0x00,0x00,0x00,0x00,0x00,0x00,0x00,0x00,0x00,0x00,0x00,0x00,0x00,0x00,0x00,0x00,0x00,
    0x00,0x00,0x00,0x00,0x00,0x00,0x00,0x00,0x00,0x00,0x00,0x00,0x00,0x00,0x00,0x00,0x00,0x00,0x00,0x00,0x00,0x00,0x00,0x00,
    0x00,0x00,0x00,0x00,0x00,0x00,0x00,0x00,0x00,0x00,0x00,0x00,0x00,0x00,0x00,0x00,0x00,0x00,0x00,0x00,0x00,0x00,0x00,0x00,
    0x00,0x00,0x00,0x00,0x00,0x00,0x00,0x00,0x00,0x00,0x00,0x00,0x00,0x00,0x00,0x00,0x00,0x00,0x00,0x00,0x00,0x00,0x00,0x00,
    0x00,0x00,0x00,0x00,0x00,0x00,0x00,0x00,0x00,0x00,0x00,0x00,0x00,0x00,0x00,0x00,0x00,0x00,0x00,0x00,0x00,0x00,0x00,0x00,
    0x00,0x00,0x00,0x00,0x00,0x00,0x00,0x00,0x00,0x00,0x00,0x00,0x00,0x00,0x00,0x00,0x00,0x00,0x00,0x00,0x00,0x00,0x00,0x00,
    0x00,0x00,0x00,0x00,0x00,0x00,0x00,0x00,0x00,0x00,0x00,0x00,0x00,0x00,0x00,0x00,0x00,0x00,0x00,0x00,0x00,0x00,0x00,0x00,
    0x00,0x00,0x00,0x00,0x00,0x00,0x00,0x00,0x00,0x00,0x00,0x00,0x00,0x00,0x00,0x00,0x00,0x00,0x00,0x00,0x00,0x00,0x00,0x00,
    0x00,0x00,0x00,0x00,0x00,0x00,0x00,0x00,0x00,0x00,0x00,0x00,0x00,0x00,0x00,0x00,0x00,0x00,0x00,0x00,0x00,0x00,0x00,0x00,
    0x00,0x00,0x00,0x00,0x00,0x00,0x00,0x00,0x00,0x00,0x00,0x00,0x00,0x00,0x00,0x00,0x00,0x00,0x00,0x00,0x00,0x00,0x00,0x00,
    0x00,0x00,0x00,0x00,0x00,0x00,0x00,0x00,0x00,0x00,0x00,0x00,0x00,0x00,0x00,0x00,0x00,0x00,0x00,0x00,0x00,0x00,0x00,0x00,
    0x00,0x00,0x00,0x00,0x00,0x00,0x00,0x00,0x00,0x00,0x00,0x00,0x00,0x00,0x00,0x00,0x00,0x00,0x00,0x00,0x00,0x00,0x00,0x00,
    0x00,0x00,0x00,0x00,0x00,0x00,0x00,0x00,0x00,0x00,0x00,0x00,0x00,0x00,0x00,0x00,0x00,0x00,0x00,0x00,0x00,0x00,0x00,0x00,
    0x00,0x00,0x03,0x29,0xe9,0xab,0xcc,0xcc,0xed,0xcc,0x0d,0xd5,0x0d,0xd5,0x0d,0xd5,0xed,0xcc,0xcd,0xcc,0xab,0xc4,0x8b,0xc4,
    0x4a,0xbc,0x0a,0xb4,0xc9,0xab,0xa9,0xab,0x48,0x9b,0xa6,0x7a,0x81,0x18,0x00,0x00,0x00,0x00,0x00,0x00,0x00,0x00,0x00,0x00,
    0x00,0x00,0x00,0x00,0x00,0x00,0x00,0x00,0x00,0x00,0x00,0x00,0x00,0x00,0x00,0x00,0x00,0x00,0x00,0x00,0x00,0x00,0x00,0x00,
    0x00,0x00,0x00,0x00,0x00,0x00,0x00,0x00,0x00,0x00,0x00,0x00,0x00,0x00,0x00,0x00,0x00,0x00,0x00,0x00,0x00,0x00,0x00,0x00,
    0x00,0x00,0x00,0x00,0x00,0x00,0x00,0x00,0x00,0x00,0x00,0x00,0x00,0x00,0x00,0x00,0x00,0x00,0x00,0x00,0x00,0x00,0x00,0x00,
    0x00,0x00,0x00,0x00,0x00,0x00,0x00,0x00,0x00,0x00,0x00,0x00,0x00,0x00,0x00,0x00,0x00,0x00,0x00,0x00,0x00,0x00,0x00,0x00,
    0x00,0x00,0x00,0x00,0x00,0x00,0x00,0x00,0x00,0x00,0x00,0x00,0x00,0x00,0x00,0x00,0x00,0x00,0x00,0x00,0x00,0x00,0x00,0x00,
    0x00,0x00,0x00,0x00,0x00,0x00,0x00,0x00,0x00,0x00,0x00,0x00,0x00,0x00,0x00,0x00,0x00,0x00,0x00,0x00,0x00,0x00,0x00,0x00,
    0x00,0x00,0x00,0x00,0x00,0x00,0x00,0x00,0x00,0x00,0x00,0x00,0x00,0x00,0x00,0x00,0x00,0x00,0x00,0x00,0x00,0x00,0x00,0x00,
    0x00,0x00,0x00,0x00,0x00,0x00,0x00,0x00,0x00,0x00,0x00,0x00,0x00,0x00,0x00,0x00,0x00,0x00,0x00,0x00,0x00,0x00,0x00,0x00,
    0x00,0x00,0x00,0x00,0x00,0x00,0x00,0x00,0x00,0x00,0x00,0x00,0x00,0x00,0x00,0x00,0x00,0x00,0x00,0x00,0x00,0x00,0x00,0x00,
    0x00,0x00,0x00,0x00,0x00,0x00,0x00,0x00,0x00,0x00,0x00,0x00,0x00,0x00,0x00,0x00,0x00,0x00,0x00,0x00,0x00,0x00,0x00,0x00,
    0x00,0x00,0x00,0x00,0x00,0x00,0x00,0x00,0x00,0x00,0x00,0x00,0x00,0x00,0x00,0x00,0x00,0x00,0x00,0x00,0x00,0x00,0x00,0x00,
    0x00,0x00,0x00,0x00,0x00,0x00,0x00,0x00,0x00,0x00,0x00,0x00,0x00,0x00,0x00,0x00,0x00,0x00,0x00,0x00,0x00,0x00,0x00,0x00,
    0x00,0x00,0x00,0x00,0x00,0x00,0x00,0x00,0x00,0x00,0x00,0x00,0x00,0x00,0x00,0x00,0x00,0x00,0x00,0x00,0x00,0x00,0x00,0x00,
    0x00,0x00,0xa1,0x18,0x2a,0xb4,0xcc,0xcc,0xec,0xcc,0x2d,0xd5,0x2e,0xd5,0x4e,0xdd,0x8f,0xdd,0x4e,0xd5,0xed,0xcc,0xcc,0xcc,
    0x8b,0xc4,0x6b,0xc4,0x2a,0xb4,0xe9,0xb3,0xa8,0xa3,0x68,0x9b,0x27,0x93,0xa6,0x82,0x60,0x10,0x00,0x00,0x00,0x00,0x00,0x00,
    0x00,0x00,0x00,0x00,0x00,0x00,0x00,0x00,0x00,0x00,0x00,0x00,0x00,0x00,0x00,0x00,0x00,0x00,0x00,0x00,0x00,0x00,0x00,0x00,
    0x00,0x00,0x00,0x00,0x00,0x00,0x00,0x00,0x00,0x00,0x00,0x00,0x00,0x00,0x00,0x00,0x00,0x00,0x00,0x00,0x00,0x00,0x00,0x00,
    0x00,0x00,0x00,0x00,0x00,0x00,0x00,0x00,0x00,0x00,0x00,0x00,0x00,0x00,0x00,0x00,0x00,0x00,0x00,0x00,0x00,0x00,0x00,0x00,
    0x00,0x00,0x00,0x00,0x00,0x00,0x00,0x00,0x00,0x00,0x00,0x00,0x00,0x00,0x00,0x00,0x00,0x00,0x00,0x00,0x00,0x00,0x00,0x00,
    0x00,0x00,0x00,0x00,0x00,0x00,0x00,0x00,0x00,0x00,0x00,0x00,0x00,0x00,0x00,0x00,0x00,0x00,0x00,0x00,0x00,0x00,0x00,0x00,
    0x00,0x00,0x00,0x00,0x00,0x00,0x00,0x00,0x00,0x00,0x00,0x00,0x00,0x00,0x00,0x00,0x00,0x00,0x00,0x00,0x00,0x00,0x00,0x00,
    0x00,0x00,0x00,0x00,0x00,0x00,0x00,0x00,0x00,0x00,0x00,0x00,0x00,0x00,0x00,0x00,0x00,0x00,0x00,0x00,0x00,0x00,0x00,0x00,
    0x00,0x00,0x00,0x00,0x00,0x00,0x00,0x00,0x00,0x00,0x00,0x00,0x00,0x00,0x00,0x00,0x00,0x00,0x00,0x00,0x00,0x00,0x00,0x00,
    0x00,0x00,0x00,0x00,0x00,0x00,0x00,0x00,0x00,0x00,0x00,0x00,0x00,0x00,0x00,0x00,0x00,0x00,0x00,0x00,0x00,0x00,0x00,0x00,
    0x00,0x00,0x00,0x00,0x00,0x00,0x00,0x00,0x00,0x00,0x00,0x00,0x00,0x00,0x00,0x00,0x00,0x00,0x00,0x00,0x00,0x00,0x00,0x00,
    0x00,0x00,0x00,0x00,0x00,0x00,0x00,0x00,0x00,0x00,0x00,0x00,0x00,0x00,0x00,0x00,0x00,0x00,0x00,0x00,0x00,0x00,0x00,0x00,
    0x00,0x00,0x00,0x00,0x00,0x00,0x00,0x00,0x00,0x00,0x00,0x00,0x00,0x00,0x00,0x00,0x00,0x00,0x00,0x00,0x00,0x00,0x00,0x00,
    0x00,0x00,0x00,0x00,0x00,0x00,0x00,0x00,0x00,0x00,0x00,0x00,0x00,0x00,0x00,0x00,0x00,0x00,0x00,0x00,0x00,0x00,0x00,0x00,
    0x00,0x00,0x61,0x10,0xc9,0xa3,0xac,0xcc,0xec,0xcc,0x2e,0xd5,0x6e,0xdd,0x33,0xee,0xd7,0xee,0xf8,0xf6,0xb7,0xee,0xb1,0xdd,
    0xed,0xcc,0xcc,0xcc,0x6b,0xc4,0x4a,0xbc,0x09,0xb4,0xc9,0xab,0x68,0xa3,0x48,0x9b,0x06,0x93,0x65,0x72,0x20,0x08,0x00,0x00,
    0x00,0x00,0x00,0x00,0x00,0x00,0x00,0x00,0x00,0x00,0x00,0x00,0x00,0x00,0x00,0x00,0x00,0x00,0x00,0x00,0x00,0x00,0x00,0x00,
    0x00,0x00,0x00,0x00,0x00,0x00,0x00,0x00,0x00,0x00,0x00,0x00,0x00,0x00,0x00,0x00,0x00,0x00,0x00,0x00,0x00,0x00,0x00,0x00,
    0x00,0x00,0x00,0x00,0x00,0x00,0x00,0x00,0x00,0x00,0x00,0x00,0x00,0x00,0x00,0x00,0x00,0x00,0x00,0x00,0x00,0x00,0x00,0x00,
    0x00,0x00,0x00,0x00,0x00,0x00,0x00,0x00,0x00,0x00,0x00,0x00,0x00,0x00,0x00,0x00,0x00,0x00,0x00,0x00,0x00,0x00,0x00,0x00,
    0x00,0x00,0x00,0x00,0x00,0x00,0x00,0x00,0x00,0x00,0x00,0x00,0x00,0x00,0x00,0x00,0x00,0x00,0x00,0x00,0x00,0x00,0x00,0x00,
    0x00,0x00,0x00,0x00,0x00,0x00,0x00,0x00,0x00,0x00,0x00,0x00,0x00,0x00,0x00,0x00,0x00,0x00,0x00,0x00,0x00,0x00,0x00,0x00,
    0x00,0x00,0x00,0x00,0x00,0x00,0x00,0x00,0x00,0x00,0x00,0x00,0x00,0x00,0x00,0x00,0x00,0x00,0x00,0x00,0x00,0x00,0x00,0x00,
    0x00,0x00,0x00,0x00,0x00,0x00,0x00,0x00,0x00,0x00,0x00,0x00,0x00,0x00,0x00,0x00,0x00,0x00,0x00,0x00,0x00,0x00,0x00,0x00,
    0x00,0x00,0x00,0x00,0x00,0x00,0x00,0x00,0x00,0x00,0x00,0x00,0x00,0x00,0x00,0x00,0x00,0x00,0x00,0x00,0x00,0x00,0x00,0x00,
    0x00,0x00,0x00,0x00,0x00,0x00,0x00,0x00,0x00,0x00,0x00,0x00,0x00,0x00,0x00,0x00,0x00,0x00,0x00,0x00,0x00,0x00,0x00,0x00,
    0x00,0x00,0x00,0x00,0x00,0x00,0x00,0x00,0x00,0x00,0x00,0x00,0x00,0x00,0x00,0x00,0x00,0x00,0x00,0x00,0x00,0x00,0x00,0x00,
    0x00,0x00,0x00,0x00,0x00,0x00,0x00,0x00,0x00,0x00,0x00,0x00,0x00,0x00,0x00,0x00,0x00,0x00,0x00,0x00,0x00,0x00,0x00,0x00,
    0x00,0x00,0x00,0x00,0x00,0x00,0x00,0x00,0x00,0x00,0x00,0x00,0x00,0x00,0x00,0x00,0x00,0x00,0x00,0x00,0x00,0x00,0x00,0x00,
    0x00,0x00,0x00,0x00,0xc4,0x51,0x8b,0xc4,0xab,0xc4,0x0d,0xd5,0x6f,0xd5,0xb6,0xee,0xf8,0xee,0x18,0xf7,0xf8,0xee,0xf8,0xf6,
    0x54,0xe6,0x0d,0xd5,0xcc,0xcc,0x8b,0xc4,0x4a,0xbc,0x0a,0xb4,0xc9,0xab,0x88,0xa3,0x47,0x93,0x07,0x93,0xc6,0x82,0x23,0x39,
    0x00,0x00,0x00,0x00,0x00,0x00,0x00,0x00,0x00,0x00,0x00,0x00,0x00,0x00,0x00,0x00,0x00,0x00,0x00,0x00,0x00,0x00,0x00,0x00,
    0x00,0x00,0x00,0x00,0x00,0x00,0x00,0x00,0x00,0x00,0x00,0x00,0x00,0x00,0x00,0x00,0x00,0x00,0x00,0x00,0x00,0x00,0x00,0x00,
    0x00,0x00,0x00,0x00,0x00,0x00,0x00,0x00,0x00,0x00,0x00,0x00,0x00,0x00,0x00,0x00,0x00,0x00,0x00,0x00,0x00,0x00,0x00,0x00,
    0x00,0x00,0x00,0x00,0x00,0x00,0x00,0x00,0x00,0x00,0x00,0x00,0x00,0x00,0x00,0x00,0x00,0x00,0x00,0x00,0x00,0x00,0x00,0x00,
    0x00,0x00,0x00,0x00,0x00,0x00,0x00,0x00,0x00,0x00,0x00,0x00,0x00,0x00,0x00,0x00,0x00,0x00,0x00,0x00,0x00,0x00,0x00,0x00,
    0x00,0x00,0x00,0x00,0x00,0x00,0x00,0x00,0x00,0x00,0x00,0x00,0x00,0x00,0x00,0x00,0x00,0x00,0x00,0x00,0x00,0x00,0x00,0x00,
    0x00,0x00,0x00,0x00,0x00,0x00,0x00,0x00,0x00,0x00,0x00,0x00,0x00,0x00,0x00,0x00,0x00,0x00,0x00,0x00,0x00,0x00,0x00,0x00,
    0x00,0x00,0x00,0x00,0x00,0x00,0x00,0x00,0x00,0x00,0x00,0x00,0x00,0x00,0x00,0x00,0x00,0x00,0x00,0x00,0x00,0x00,0x00,0x00,
    0x00,0x00,0x00,0x00,0x00,0x00,0x00,0x00,0x00,0x00,0x00,0x00,0x00,0x00,0x00,0x00,0x00,0x00,0x00,0x00,0x00,0x00,0x00,0x00,
    0x00,0x00,0x00,0x00,0x00,0x00,0x00,0x00,0x00,0x00,0x00,0x00,0x00,0x00,0x00,0x00,0x00,0x00,0x00,0x00,0x00,0x00,0x00,0x00,
    0x00,0x00,0x00,0x00,0x00,0x00,0x00,0x00,0x00,0x00,0x00,0x00,0x00,0x00,0x00,0x00,0x00,0x00,0x00,0x00,0x00,0x00,0x00,0x00,
    0x00,0x00,0x00,0x00,0x00,0x00,0x00,0x00,0x00,0x00,0x00,0x00,0x00,0x00,0x00,0x00,0x00,0x00,0x00,0x00,0x00,0x00,0x00,0x00,
    0x00,0x00,0x00,0x00,0x00,0x00,0x00,0x00,0x00,0x00,0x00,0x00,0x00,0x00,0x00,0x00,0x00,0x00,0x00,0x00,0x00,0x00,0x00,0x00,
    0x00,0x00,0x00,0x00,0x40,0x08,0xea,0xab,0x8b,0xc4,0xcc,0xcc,0x0d,0xd5,0xb7,0xee,0xf8,0xee,0x19,0xf7,0x19,0xf7,0x19,0xf7,
    0xf8,0xf6,0x54,0xe6,0x0d,0xd5,0xed,0xd4,0x8b,0xc4,0x4b,0xc4,0x09,0xb4,0xc9,0xb3,0x88,0xa3,0x48,0x9b,0x07,0x93,0xc6,0x8a,
    0x65,0x72,0x20,0x08,0x00,0x00,0x00,0x00,0x00,0x00,0x00,0x00,0x00,0x00,0x00,0x00,0x00,0x00,0x00,0x00,0x00,0x00,0x00,0x00,
    0x00,0x00,0x00,0x00,0x00,0x00,0x00,0x00,0x00,0x00,0x00,0x00,0x00,0x00,0x00,0x00,0x00,0x00,0x00,0x00,0x00,0x00,0x00,0x00,
    0x00,0x00,0x00,0x00,0x00,0x00,0x00,0x00,0x00,0x00,0x00,0x00,0x00,0x00,0x00,0x00,0x00,0x00,0x00,0x00,0x00,0x00,0x00,0x00,
    0x00,0x00,0x00,0x00,0x00,0x00,0x00,0x00,0x00,0x00,0x00,0x00,0x00,0x00,0x00,0x00,0x00,0x00,0x00,0x00,0x00,0x00,0x00,0x00,
    0x00,0x00,0x00,0x00,0x00,0x00,0x00,0x00,0x00,0x00,0x00,0x00,0x00,0x00,0x00,0x00,0x00,0x00,0x00,0x00,0x00,0x00,0x00,0x00,
    0x00,0x00,0x00,0x00,0x00,0x00,0x00,0x00,0x00,0x00,0x00,0x00,0x00,0x00,0x00,0x00,0x00,0x00,0x00,0x00,0x00,0x00,0x00,0x00,
    0x00,0x00,0x00,0x00,0x00,0x00,0x00,0x00,0x00,0x00,0x00,0x00,0x00,0x00,0x00,0x00,0x00,0x00,0x00,0x00,0x00,0x00,0x00,0x00,
    0x00,0x00,0x00,0x00,0x00,0x00,0x00,0x00,0x00,0x00,0x00,0x00,0x00,0x00,0x00,0x00,0x00,0x00,0x00,0x00,0x00,0x00,0x00,0x00,
    0x00,0x00,0x00,0x00,0x00,0x00,0x00,0x00,0x00,0x00,0x00,0x00,0x00,0x00,0x00,0x00,0x00,0x00,0x00,0x00,0x00,0x00,0x00,0x00,
    0x00,0x00,0x00,0x00,0x00,0x00,0x00,0x00,0x00,0x00,0x00,0x00,0x00,0x00,0x00,0x00,0x00,0x00,0x00,0x00,0x00,0x00,0x00,0x00,
    0x00,0x00,0x00,0x00,0x00,0x00,0x00,0x00,0x00,0x00,0x00,0x00,0x00,0x00,0x00,0x00,0x00,0x00,0x00,0x00,0x00,0x00,0x00,0x00,
    0x00,0x00,0x00,0x00,0x00,0x00,0x00,0x00,0x00,0x00,0x00,0x00,0x00,0x00,0x00,0x00,0x00,0x00,0x00,0x00,0x00,0x00,0x00,0x00,
    0x00,0x00,0x00,0x00,0x00,0x00,0x00,0x00,0x00,0x00,0x00,0x00,0x00,0x00,0x00,0x00,0x00,0x00,0x00,0x00,0x00,0x00,0x00,0x00,
    0x00,0x00,0x00,0x00,0x00,0x00,0x84,0x41,0x2a,0xb4,0x6b,0xc4,0xab,0xc4,0x90,0xdd,0xb7,0xe6,0xd8,0xee,0xf8,0xee,0x18,0xf7,
    0xf8,0xee,0xb7,0xee,0x6e,0xd5,0x0d,0xd5,0xcc,0xcc,0x8b,0xc4,0x4a,0xbc,0x0a,0xb4,0xa8,0xab,0x88,0xa3,0x47,0x93,0x07,0x93,
    0xc6,0x82,0xa6,0x82,0xc1,0x20,0x00,0x00,0x00,0x00,0x00,0x00,0x00,0x00,0x00,0x00,0x00,0x00,0x00,0x00,0x00,0x00,0x00,0x00,
    0x00,0x00,0x00,0x00,0x00,0x00,0x00,0x00,0x00,0x00,0x00,0x00,0x00,0x00,0x00,0x00,0x00,0x00,0x00,0x00,0x00,0x00,0x00,0x00,
    0x00,0x00,0x00,0x00,0x00,0x00,0x00,0x00,0x00,0x00,0x00,0x00,0x00,0x00,0x00,0x00,0x00,0x00,0x00,0x00,0x00,0x00,0x00,0x00,
    0x00,0x00,0x00,0x00,0x00,0x00,0x00,0x00,0x00,0x00,0x00,0x00,0x00,0x00,0x00,0x00,0x00,0x00,0x00,0x00,0x00,0x00,0x00,0x00,
    0x00,0x00,0x00,0x00,0x00,0x00,0x00,0x00,0x00,0x00,0x00,0x00,0x00,0x00,0x00,0x00,0x00,0x00,0x00,0x00,0x00,0x00,0x00,0x00,
    0x00,0x00,0x00,0x00,0x00,0x00,0x00,0x00,0x00,0x00,0x00,0x00,0x00,0x00,0x00,0x00,0x00,0x00,0x00,0x00,0x00,0x00,0x00,0x00,
    0x00,0x00,0x00,0x00,0x00,0x00,0x00,0x00,0x00,0x00,0x00,0x00,0x00,0x00,0x00,0x00,0x00,0x00,0x00,0x00,0x00,0x00,0x00,0x00,
    0x00,0x00,0x00,0x00,0x00,0x00,0x00,0x00,0x00,0x00,0x00,0x00,0x00,0x00,0x00,0x00,0x00,0x00,0x00,0x00,0x00,0x00,0x00,0x00,
    0x00,0x00,0x00,0x00,0x00,0x00,0x00,0x00,0x00,0x00,0x00,0x00,0x00,0x00,0x00,0x00,0x00,0x00,0x00,0x00,0x00,0x00,0x00,0x00,
    0x00,0x00,0x00,0x00,0x00,0x00,0x00,0x00,0x00,0x00,0x00,0x00,0x00,0x00,0x00,0x00,0x00,0x00,0x00,0x00,0x00,0x00,0x00,0x00,
    0x00,0x00,0x00,0x00,0x00,0x00,0x00,0x00,0x00,0x00,0x00,0x00,0x00,0x00,0x00,0x00,0x00,0x00,0x00,0x00,0x00,0x00,0x00,0x00,
    0x00,0x00,0x00,0x00,0x00,0x00,0x00,0x00,0x00,0x00,0x00,0x00,0x00,0x00,0x00,0x00,0x00,0x00,0x00,0x00,0x00,0x00,0x00,0x00,
    0x00,0x00,0x00,0x00,0x00,0x00,0x00,0x00,0x00,0x00,0x00,0x00,0x00,0x00,0x00,0x00,0x00,0x00,0x00,0x00,0x00,0x00,0x00,0x00,
    0x00,0x00,0x00,0x00,0x00,0x00,0x00,0x00,0x66,0x6a,0x2a,0xbc,0x6a,0xbc,0xac,0xcc,0x2e,0xd5,0xb7,0xee,0xb7,0xee,0xf8,0xf6,
    0xf8,0xee,0x75,0xee,0x6f,0xdd,0x4e,0xdd,0xed,0xcc,0xcc,0xcc,0x6b,0xc4,0x4a,0xbc,0x09,0xb4,0xc9,0xab,0x68,0xa3,0x48,0x9b,
    0x06,0x93,0xc6,0x8a,0xa5,0x7a,0x63,0x49,0x00,0x00,0x00,0x00,0x00,0x00,0x00,0x00,0x00,0x00,0x00,0x00,0x00,0x00,0x00,0x00,
    0x00,0x00,0x00,0x00,0x00,0x00,0x00,0x00,0x00,0x00,0x00,0x00,0x00,0x00,0x00,0x00,0x00,0x00,0x00,0x00,0x00,0x00,0x00,0x00,
    0x00,0x00,0x00,0x00,0x00,0x00,0x00,0x00,0x00,0x00,0x00,0x00,0x00,0x00,0x00,0x00,0x00,0x00,0x00,0x00,0x00,0x00,0x00,0x00,
    0x00,0x00,0x00,0x00,0x00,0x00,0x00,0x00,0x00,0x00,0x00,0x00,0x00,0x00,0x00,0x00,0x00,0x00,0x00,0x00,0x00,0x00,0x00,0x00,
    0x00,0x00,0x00,0x00,0x00,0x00,0x00,0x00,0x00,0x00,0x00,0x00,0x00,0x00,0x00,0x00,0x00,0x00,0x00,0x00,0x00,0x00,0x00,0x00,
    0x00,0x00,0x00,0x00,0x00,0x00,0x00,0x00,0x00,0x00,0x00,0x00,0x00,0x00,0x00,0x00,0x00,0x00,0x00,0x00,0x00,0x00,0x00,0x00,
    0x00,0x00,0x00,0x00,0x00,0x00,0x00,0x00,0x00,0x00,0x00,0x00,0x00,0x00,0x00,0x00,0x00,0x00,0x00,0x00,0x00,0x00,0x00,0x00,
    0x00,0x00,0x00,0x00,0x00,0x00,0x00,0x00,0x00,0x00,0x00,0x00,0x00,0x00,0x00,0x00,0x00,0x00,0x00,0x00,0x00,0x00,0x00,0x00,
    0x00,0x00,0x00,0x00,0x00,0x00,0x00,0x00,0x00,0x00,0x00,0x00,0x00,0x00,0x00,0x00,0x00,0x00,0x00,0x00,0x00,0x00,0x00,0x00,
    0x00,0x00,0x00,0x00,0x00,0x00,0x00,0x00,0x00,0x00,0x00,0x00,0x00,0x00,0x00,0x00,0x00,0x00,0x00,0x00,0x00,0x00,0x00,0x00,
    0x00,0x00,0x00,0x00,0x00,0x00,0x00,0x00,0x00,0x00,0x00,0x00,0x00,0x00,0x00,0x00,0x00,0x00,0x00,0x00,0x00,0x00,0x00,0x00,
    0x00,0x00,0x00,0x00,0x00,0x00,0x00,0x00,0x00,0x00,0x00,0x00,0x00,0x00,0x00,0x00,0x00,0x00,0x00,0x00,0x00,0x00,0x00,0x00,
    0x00,0x00,0x00,0x00,0x00,0x00,0x00,0x00,0x00,0x00,0x00,0x00,0x00,0x00,0x00,0x00,0x00,0x00,0x00,0x00,0x00,0x00,0x00,0x00,
    0x00,0x00,0x00,0x00,0x00,0x00,0x00,0x00,0x00,0x00,0xe7,0x82,0x09,0xb4,0x4b,0xbc,0x6b,0xc4,0xcc,0xcc,0x70,0xd5,0x34,0xe6,
    0x13,0xe6,0x90,0xdd,0x4e,0xd5,0x2e,0xd5,0xed,0xcc,0xcc,0xcc,0x8b,0xc4,0x6b,0xc4,0x09,0xb4,0xe9,0xb3,0xa8,0xa3,0x68,0xa3,
    0x27,0x93,0xe7,0x8a,0xa6,0x82,0x86,0x82,0xa3,0x51,0x00,0x00,0x00,0x00,0x00,0x00,0x00,0x00,0x00,0x00,0x00,0x00,0x00,0x00,
    0x00,0x00,0x00,0x00,0x00,0x00,0x00,0x00,0x00,0x00,0x00,0x00,0x00,0x00,0x00,0x00,0x00,0x00,0x00,0x00,0x00,0x00,0x00,0x00,
    0x00,0x00,0x00,0x00,0x00,0x00,0x00,0x00,0x00,0x00,0x00,0x00,0x00,0x00,0x00,0x00,0x00,0x00,0x00,0x00,0x00,0x00,0x00,0x00,
    0x00,0x00,0x00,0x00,0x00,0x00,0x00,0x00,0x00,0x00,0x00,0x00,0x00,0x00,0x00,0x00,0x00,0x00,0x00,0x00,0x00,0x00,0x00,0x00,
    0x00,0x00,0x00,0x00,0x00,0x00,0x00,0x00,0x00,0x00,0x00,0x00,0x00,0x00,0x00,0x00,0x00,0x00,0x00,0x00,0x00,0x00,0x00,0x00,
    0x00,0x00,0x00,0x00,0x00,0x00,0x00,0x00,0x00,0x00,0x00,0x00,0x00,0x00,0x00,0x00,0x00,0x00,0x00,0x00,0x00,0x00,0x00,0x00,
    0x00,0x00,0x00,0x00,0x00,0x00,0x00,0x00,0x00,0x00,0x00,0x00,0x00,0x00,0x00,0x00,0x00,0x00,0x00,0x00,0x00,0x00,0x00,0x00,
    0x00,0x00,0x00,0x00,0x00,0x00,0x00,0x00,0x00,0x00,0x00,0x00,0x00,0x00,0x00,0x00,0x00,0x00,0x00,0x00,0x00,0x00,0x00,0x00,
    0x00,0x00,0x00,0x00,0x00,0x00,0x00,0x00,0x00,0x00,0x00,0x00,0x00,0x00,0x00,0x00,0x00,0x00,0x00,0x00,0x00,0x00,0x00,0x00,
    0x00,0x00,0x00,0x00,0x00,0x00,0x00,0x00,0x00,0x00,0x00,0x00,0x00,0x00,0x00,0x00,0x00,0x00,0x00,0x00,0x00,0x00,0x00,0x00,
    0x00,0x00,0x00,0x00,0x00,0x00,0x00,0x00,0x00,0x00,0x00,0x00,0x00,0x00,0x00,0x00,0x00,0x00,0x00,0x00,0x00,0x00,0x00,0x00,
    0x00,0x00,0x00,0x00,0x00,0x00,0x00,0x00,0x00,0x00,0x00,0x00,0x00,0x00,0x00,0x00,0x00,0x00,0x00,0x00,0x00,0x00,0x00,0x00,
    0x00,0x00,0x00,0x00,0x00,0x00,0x00,0x00,0x00,0x00,0x00,0x00,0x00,0x00,0x00,0x00,0x00,0x00,0x00,0x00,0x00,0x00,0x00,0x00,
    0x00,0x00,0x00,0x00,0x00,0x00,0x00,0x00,0x00,0x00,0x00,0x00,0x27,0x8b,0x0a,0xb4,0x2a,0xbc,0x6b,0xc4,0x8b,0xc4,0xcc,0xcc,
    0xed,0xcc,0x0d,0xd5,0x0d,0xd5,0x0d,0xd5,0xed,0xcc,0xcd,0xcc,0xab,0xc4,0x8b,0xc4,0x4a,0xbc,0x0a,0xb4,0xc9,0xab,0xa9,0xab,
    0x48,0x9b,0x27,0x93,0xe6,0x8a,0xc6,0x8a,0x85,0x7a,0x04,0x62,0x00,0x00,0x00,0x00,0x00,0x00,0x00,0x00,0x00,0x00,0x00,0x00,
    0x00,0x00,0x00,0x00,0x00,0x00,0x00,0x00,0x00,0x00,0x00,0x00,0x00,0x00,0x00,0x00,0x00,0x00,0x00,0x00,0x00,0x00,0x00,0x00,
    0x00,0x00,0x00,0x00,0x00,0x00,0x00,0x00,0x00,0x00,0x00,0x00,0x00,0x00,0x00,0x00,0x00,0x00,0x00,0x00,0x00,0x00,0x00,0x00,
    0x00,0x00,0x00,0x00,0x00,0x00,0x00,0x00,0x00,0x00,0x00,0x00,0x00,0x00,0x00,0x00,0x00,0x00,0x00,0x00,0x00,0x00,0x00,0x00,
    0x00,0x00,0x00,0x00,0x00,0x00,0x00,0x00,0x00,0x00,0x00,0x00,0x00,0x00,0x00,0x00,0x00,0x00,0x00,0x00,0x00,0x00,0x00,0x00,
    0x00,0x00,0x00,0x00,0x00,0x00,0x00,0x00,0x00,0x00,0x00,0x00,0x00,0x00,0x00,0x00,0x00,0x00,0x00,0x00,0x00,0x00,0x00,0x00,
    0x00,0x00,0x00,0x00,0x00,0x00,0x00,0x00,0x00,0x00,0x00,0x00,0x00,0x00,0x00,0x00,0x00,0x00,0x00,0x00,0x00,0x00,0x00,0x00,
    0x00,0x00,0x00,0x00,0x00,0x00,0x00,0x00,0x00,0x00,0x00,0x00,0x00,0x00,0x00,0x00,0x00,0x00,0x00,0x00,0x00,0x00,0x00,0x00,
    0x00,0x00,0x00,0x00,0x00,0x00,0x00,0x00,0x00,0x00,0x00,0x00,0x00,0x00,0x00,0x00,0x00,0x00,0x00,0x00,0x00,0x00,0x00,0x00,
    0x00,0x00,0x00,0x00,0x00,0x00,0x00,0x00,0x00,0x00,0x00,0x00,0x00,0x00,0x00,0x00,0x00,0x00,0x00,0x00,0x00,0x00,0x00,0x00,
    0x00,0x00,0x00,0x00,0x00,0x00,0x00,0x00,0x00,0x00,0x00,0x00,0x00,0x00,0x00,0x00,0x00,0x00,0x00,0x00,0x00,0x00,0x00,0x00,
    0x00,0x00,0x00,0x00,0x00,0x00,0x00,0x00,0x00,0x00,0x00,0x00,0x00,0x00,0x00,0x00,0x00,0x00,0x00,0x00,0x00,0x00,0x00,0x00,
    0x00,0x00,0x00,0x00,0x00,0x00,0x00,0x00,0x00,0x00,0x00,0x00,0x00,0x00,0x00,0x00,0x00,0x00,0x00,0x00,0x00,0x00,0x00,0x00,
    0x00,0x00,0x00,0x00,0x00,0x00,0x00,0x00,0x00,0x00,0x00,0x00,0x00,0x00,0x48,0x9b,0xc9,0xab,0x0a,0xb4,0x2a,0xbc,0x6b,0xc4,
    0x8b,0xc4,0xac,0xcc,0xac,0xc4,0xcc,0xcc,0xac,0xc4,0xac,0xcc,0x8b,0xc4,0x6b,0xc4,0x2a,0xbc,0x0a,0xb4,0xe9,0xab,0xa9,0xab,
    0x67,0x9b,0x27,0x9b,0xe6,0x8a,0xc6,0x8a,0xa5,0x7a,0x85,0x7a,0x04,0x6a,0x00,0x00,0x00,0x00,0x00,0x00,0x00,0x00,0x00,0x00,
    0x00,0x00,0x00,0x00,0x00,0x00,0x00,0x00,0x00,0x00,0x00,0x00,0x00,0x00,0x00,0x00,0x00,0x00,0x00,0x00,0x00,0x00,0x00,0x00,
    0x00,0x00,0x00,0x00,0x00,0x00,0x00,0x00,0x00,0x00,0x00,0x00,0x00,0x00,0x00,0x00,0x00,0x00,0x00,0x00,0x00,0x00,0x00,0x00,
    0x00,0x00,0x00,0x00,0x00,0x00,0x00,0x00,0x00,0x00,0x00,0x00,0x00,0x00,0x00,0x00,0x00,0x00,0x00,0x00,0x00,0x00,0x00,0x00,
    0x00,0x00,0x00,0x00,0x00,0x00,0x00,0x00,0x00,0x00,0x00,0x00,0x00,0x00,0x00,0x00,0x00,0x00,0x00,0x00,0x00,0x00,0x00,0x00,
    0x00,0x00,0x00,0x00,0x00,0x00,0x00,0x00,0x00,0x00,0x00,0x00,0x00,0x00,0x00,0x00,0x00,0x00,0x00,0x00,0x00,0x00,0x00,0x00,
    0x00,0x00,0x00,0x00,0x00,0x00,0x00,0x00,0x00,0x00,0x00,0x00,0x00,0x00,0x00,0x00,0x00,0x00,0x00,0x00,0x00,0x00,0x00,0x00,
    0x00,0x00,0x00,0x00,0x00,0x00,0x00,0x00,0x00,0x00,0x00,0x00,0x00,0x00,0x00,0x00,0x00,0x00,0x00,0x00,0x00,0x00,0x00,0x00,
    0x00,0x00,0x00,0x00,0x00,0x00,0x00,0x00,0x00,0x00,0x00,0x00,0x00,0x00,0x00,0x00,0x00,0x00,0x00,0x00,0x00,0x00,0x00,0x00,
    0x00,0x00,0x00,0x00,0x00,0x00,0x00,0x00,0x00,0x00,0x00,0x00,0x00,0x00,0x00,0x00,0x00,0x00,0x00,0x00,0x00,0x00,0x00,0x00,
    0x00,0x00,0x00,0x00,0x00,0x00,0x00,0x00,0x00,0x00,0x00,0x00,0x00,0x00,0x00,0x00,0x00,0x00,0x00,0x00,0x00,0x00,0x00,0x00,
    0x00,0x00,0x00,0x00,0x00,0x00,0x00,0x00,0x00,0x00,0x00,0x00,0x00,0x00,0x00,0x00,0x00,0x00,0x00,0x00,0x00,0x00,0x00,0x00,
    0x00,0x00,0x00,0x00,0x00,0x00,0x00,0x00,0x00,0x00,0x00,0x00,0x00,0x00,0x00,0x00,0x00,0x00,0x00,0x00,0x00,0x00,0x00,0x00,
    0x00,0x00,0x00,0x00,0x00,0x00,0x00,0x00,0x00,0x00,0x00,0x00,0x00,0x00,0x00,0x00,0xa6,0x7a,0xa9,0xab,0xc9,0xab,0x0a,0xb4,
    0x2a,0xbc,0x4b,0xc4,0x6a,0xc4,0x8b,0xc4,0x8b,0xc4,0x8b,0xc4,0x6b,0xc4,0x6b,0xc4,0x4a,0xbc,0x0a,0xbc,0xe9,0xab,0xc9,0xab,
    0x88,0xa3,0x48,0x9b,0x07,0x93,0xe7,0x8a,0xa6,0x82,0xa6,0x82,0x65,0x72,0xc4,0x59,0x00,0x00,0x00,0x00,0x00,0x00,0x00,0x00,
    0x00,0x00,0x00,0x00,0x00,0x00,0x00,0x00,0x00,0x00,0x00,0x00,0x00,0x00,0x00,0x00,0x00,0x00,0x00,0x00,0x00,0x00,0x00,0x00,
    0x00,0x00,0x00,0x00,0x00,0x00,0x00,0x00,0x00,0x00,0x00,0x00,0x00,0x00,0x00,0x00,0x00,0x00,0x00,0x00,0x00,0x00,0x00,0x00,
    0x00,0x00,0x00,0x00,0x00,0x00,0x00,0x00,0x00,0x00,0x00,0x00,0x00,0x00,0x00,0x00,0x00,0x00,0x00,0x00,0x00,0x00,0x00,0x00,
    0x00,0x00,0x00,0x00,0x00,0x00,0x00,0x00,0x00,0x00,0x00,0x00,0x00,0x00,0x00,0x00,0x00,0x00,0x00,0x00,0x00,0x00,0x00,0x00,
    0x00,0x00,0x00,0x00,0x00,0x00,0x00,0x00,0x00,0x00,0x00,0x00,0x00,0x00,0x00,0x00,0x00,0x00,0x00,0x00,0x00,0x00,0x00,0x00,
    0x00,0x00,0x00,0x00,0x00,0x00,0x00,0x00,0x00,0x00,0x00,0x00,0x00,0x00,0x00,0x00,0x00,0x00,0x00,0x00,0x00,0x00,0x00,0x00,
    0x00,0x00,0x00,0x00,0x00,0x00,0x00,0x00,0x00,0x00,0x00,0x00,0x00,0x00,0x00,0x00,0x00,0x00,0x00,0x00,0x00,0x00,0x00,0x00,
    0x00,0x00,0x00,0x00,0x00,0x00,0x00,0x00,0x00,0x00,0x00,0x00,0x00,0x00,0x00,0x00,0x00,0x00,0x00,0x00,0x00,0x00,0x00,0x00,
    0x00,0x00,0x00,0x00,0x00,0x00,0x00,0x00,0x00,0x00,0x00,0x00,0x00,0x00,0x00,0x00,0x00,0x00,0x00,0x00,0x00,0x00,0x00,0x00,
    0x00,0x00,0x00,0x00,0x00,0x00,0x00,0x00,0x00,0x00,0x00,0x00,0x00,0x00,0x00,0x00,0x00,0x00,0x00,0x00,0x00,0x00,0x00,0x00,
    0x00,0x00,0x00,0x00,0x00,0x00,0x00,0x00,0x00,0x00,0x00,0x00,0x00,0x00,0x00,0x00,0x00,0x00,0x00,0x00,0x00,0x00,0x00,0x00,
    0x00,0x00,0x00,0x00,0x00,0x00,0x00,0x00,0x00,0x00,0x00,0x00,0x00,0x00,0x00,0x00,0x00,0x00,0x00,0x00,0x00,0x00,0x00,0x00,
    0x00,0x00,0x00,0x00,0x00,0x00,0x00,0x00,0x00,0x00,0x00,0x00,0x00,0x00,0x00,0x00,0x00,0x00,0x45,0x6a,0x68,0x9b,0xa9,0xab,
    0xc9,0xab,0xe9,0xb3,0x09,0xb4,0x2a,0xbc,0x2a,0xbc,0x4a,0xbc,0x2a,0xbc,0x2a,0xbc,0x09,0xb4,0x0a,0xb4,0xc9,0xab,0xc9,0xab,
    0x88,0xa3,0x68,0x9b,0x27,0x93,0x07,0x93,0xc6,0x82,0xa6,0x82,0x65,0x7a,0x65,0x72,0x63,0x41,0x00,0x00,0x00,0x00,0x00,0x00,
    0x00,0x00,0x00,0x00,0x00,0x00,0x00,0x00,0x00,0x00,0x00,0x00,0x00,0x00,0x00,0x00,0x00,0x00,0x00,0x00,0x00,0x00,0x00,0x00,
    0x00,0x00,0x00,0x00,0x00,0x00,0x00,0x00,0x00,0x00,0x00,0x00,0x00,0x00,0x00,0x00,0x00,0x00,0x00,0x00,0x00,0x00,0x00,0x00,
    0x00,0x00,0x00,0x00,0x00,0x00,0x00,0x00,0x00,0x00,0x00,0x00,0x00,0x00,0x00,0x00,0x00,0x00,0x00,0x00,0x00,0x00,0x00,0x00,
    0x00,0x00,0x00,0x00,0x00,0x00,0x00,0x00,0x00,0x00,0x00,0x00,0x00,0x00,0x00,0x00,0x00,0x00,0x00,0x00,0x00,0x00,0x00,0x00,
    0x00,0x00,0x00,0x00,0x00,0x00,0x00,0x00,0x00,0x00,0x00,0x00,0x00,0x00,0x00,0x00,0x00,0x00,0x00,0x00,0x00,0x00,0x00,0x00,
    0x00,0x00,0x00,0x00,0x00,0x00,0x00,0x00,0x00,0x00,0x00,0x00,0x00,0x00,0x00,0x00,0x00,0x00,0x00,0x00,0x00,0x00,0x00,0x00,
    0x00,0x00,0x00,0x00,0x00,0x00,0x00,0x00,0x00,0x00,0x00,0x00,0x00,0x00,0x00,0x00,0x00,0x00,0x00,0x00,0x00,0x00,0x00,0x00,
    0x00,0x00,0x00,0x00,0x00,0x00,0x00,0x00,0x00,0x00,0x00,0x00,0x00,0x00,0x00,0x00,0x00,0x00,0x00,0x00,0x00,0x00,0x00,0x00,
    0x00,0x00,0x00,0x00,0x00,0x00,0x00,0x00,0x00,0x00,0x00,0x00,0x00,0x00,0x00,0x00,0x00,0x00,0x00,0x00,0x00,0x00,0x00,0x00,
    0x00,0x00,0x00,0x00,0x00,0x00,0x00,0x00,0x00,0x00,0x00,0x00,0x00,0x00,0x00,0x00,0x00,0x00,0x00,0x00,0x00,0x00,0x00,0x00,
    0x00,0x00,0x00,0x00,0x00,0x00,0x00,0x00,0x00,0x00,0x00,0x00,0x00,0x00,0x00,0x00,0x00,0x00,0x00,0x00,0x00,0x00,0x00,0x00,
    0x00,0x00,0x00,0x00,0x00,0x00,0x00,0x00,0x00,0x00,0x00,0x00,0x00,0x00,0x00,0x00,0x00,0x00,0x00,0x00,0x00,0x00,0x00,0x00,
    0x00,0x00,0x00,0x00,0x00,0x00,0x00,0x00,0x00,0x00,0x00,0x00,0x00,0x00,0x00,0x00,0x00,0x00,0x00,0x00,0x63,0x41,0x68,0x9b,
    0x88,0xa3,0xa9,0xab,0xa9,0xab,0xe9,0xb3,0xe9,0xb3,0x0a,0xb4,0x09,0xb4,0x0a,0xb4,0xe9,0xb3,0xe9,0xb3,0xc9,0xab,0xa9,0xab,
    0x88,0xa3,0x68,0x9b,0x27,0x93,0x07,0x93,0xc6,0x8a,0xa6,0x82,0x85,0x7a,0x66,0x7a,0x45,0x72,0x02,0x31,0x00,0x00,0x00,0x00,
    0x00,0x00,0x00,0x00,0x00,0x00,0x00,0x00,0x00,0x00,0x00,0x00,0x00,0x00,0x00,0x00,0x00,0x00,0x00,0x00,0x00,0x00,0x00,0x00,
    0x00,0x00,0x00,0x00,0x00,0x00,0x00,0x00,0x00,0x00,0x00,0x00,0x00,0x00,0x00,0x00,0x00,0x00,0x00,0x00,0x00,0x00,0x00,0x00,
    0x00,0x00,0x00,0x00,0x00,0x00,0x00,0x00,0x00,0x00,0x00,0x00,0x00,0x00,0x00,0x00,0x00,0x00,0x00,0x00,0x00,0x00,0x00,0x00,
    0x00,0x00,0x00,0x00,0x00,0x00,0x00,0x00,0x00,0x00,0x00,0x00,0x00,0x00,0x00,0x00,0x00,0x00,0x00,0x00,0x00,0x00,0x00,0x00,
    0x00,0x00,0x00,0x00,0x00,0x00,0x00,0x00,0x00,0x00,0x00,0x00,0x00,0x00,0x00,0x00,0x00,0x00,0x00,0x00,0x00,0x00,0x00,0x00,
    0x00,0x00,0x00,0x00,0x00,0x00,0x00,0x00,0x00,0x00,0x00,0x00,0x00,0x00,0x00,0x00,0x00,0x00,0x00,0x00,0x00,0x00,0x00,0x00,
    0x00,0x00,0x00,0x00,0x00,0x00,0x00,0x00,0x00,0x00,0x00,0x00,0x00,0x00,0x00,0x00,0x00,0x00,0x00,0x00,0x00,0x00,0x00,0x00,
    0x00,0x00,0x00,0x00,0x00,0x00,0x00,0x00,0x00,0x00,0x00,0x00,0x00,0x00,0x00,0x00,0x00,0x00,0x00,0x00,0x00,0x00,0x00,0x00,
    0x00,0x00,0x00,0x00,0x00,0x00,0x00,0x00,0x00,0x00,0x00,0x00,0x00,0x00,0x00,0x00,0x00,0x00,0x00,0x00,0x00,0x00,0x00,0x00,
    0x00,0x00,0x00,0x00,0x00,0x00,0x00,0x00,0x00,0x00,0x00,0x00,0x00,0x00,0x00,0x00,0x00,0x00,0x00,0x00,0x00,0x00,0x00,0x00,
    0x00,0x00,0x00,0x00,0x00,0x00,0x00,0x00,0x00,0x00,0x00,0x00,0x00,0x00,0x00,0x00,0x00,0x00,0x00,0x00,0x00,0x00,0x00,0x00,
    0x00,0x00,0x00,0x00,0x00,0x00,0x00,0x00,0x00,0x00,0x00,0x00,0x00,0x00,0x00,0x00,0x00,0x00,0x00,0x00,0x00,0x00,0x00,0x00,
    0x00,0x00,0x00,0x00,0x00,0x00,0x00,0x00,0x00,0x00,0x00,0x00,0x00,0x00,0x00,0x00,0x00,0x00,0x00,0x00,0x00,0x00,0x81,0x18,
    0x06,0x93,0x47,0x9b,0x67,0x9b,0x88,0xa3,0x88,0xa3,0xa9,0xab,0xa8,0xa3,0xc9,0xab,0xa8,0xa3,0xa9,0xab,0xa8,0xa3,0x88,0xa3,
    0x67,0x9b,0x48,0x9b,0x27,0x93,0x07,0x93,0xc6,0x82,0xc6,0x82,0x85,0x7a,0x85,0x7a,0x45,0x72,0x25,0x6a,0x20,0x08,0x00,0x00,
    0x00,0x00,0x00,0x00,0x00,0x00,0x00,0x00,0x00,0x00,0x00,0x00,0x00,0x00,0x00,0x00,0x00,0x00,0x00,0x00,0x00,0x00,0x00,0x00,
    0x00,0x00,0x00,0x00,0x00,0x00,0x00,0x00,0x00,0x00,0x00,0x00,0x00,0x00,0x00,0x00,0x00,0x00,0x00,0x00,0x00,0x00,0x00,0x00,
    0x00,0x00,0x00,0x00,0x00,0x00,0x00,0x00,0x00,0x00,0x00,0x00,0x00,0x00,0x00,0x00,0x00,0x00,0x00,0x00,0x00,0x00,0x00,0x00,
    0x00,0x00,0x00,0x00,0x00,0x00,0x00,0x00,0x00,0x00,0x00,0x00,0x00,0x00,0x00,0x00,0x00,0x00,0x00,0x00,0x00,0x00,0x00,0x00,
    0x00,0x00,0x00,0x00,0x00,0x00,0x00,0x00,0x00,0x00,0x00,0x00,0x00,0x00,0x00,0x00,0x00,0x00,0x00,0x00,0x00,0x00,0x00,0x00,
    0x00,0x00,0x00,0x00,0x00,0x00,0x00,0x00,0x00,0x00,0x00,0x00,0x00,0x00,0x00,0x00,0x00,0x00,0x00,0x00,0x00,0x00,0x00,0x00,
    0x00,0x00,0x00,0x00,0x00,0x00,0x00,0x00,0x00,0x00,0x00,0x00,0x00,0x00,0x00,0x00,0x00,0x00,0x00,0x00,0x00,0x00,0x00,0x00,
    0x00,0x00,0x00,0x00,0x00,0x00,0x00,0x00,0x00,0x00,0x00,0x00,0x00,0x00,0x00,0x00,0x00,0x00,0x00,0x00,0x00,0x00,0x00,0x00,
    0x00,0x00,0x00,0x00,0x00,0x00,0x00,0x00,0x00,0x00,0x00,0x00,0x00,0x00,0x00,0x00,0x00,0x00,0x00,0x00,0x00,0x00,0x00,0x00,
    0x00,0x00,0x00,0x00,0x00,0x00,0x00,0x00,0x00,0x00,0x00,0x00,0x00,0x00,0x00,0x00,0x00,0x00,0x00,0x00,0x00,0x00,0x00,0x00,
    0x00,0x00,0x00,0x00,0x00,0x00,0x00,0x00,0x00,0x00,0x00,0x00,0x00,0x00,0x00,0x00,0x00,0x00,0x00,0x00,0x00,0x00,0x00,0x00,
    0x00,0x00,0x00,0x00,0x00,0x00,0x00,0x00,0x00,0x00,0x00,0x00,0x00,0x00,0x00,0x00,0x00,0x00,0x00,0x00,0x00,0x00,0x00,0x00,
    0x00,0x00,0x00,0x00,0x00,0x00,0x00,0x00,0x00,0x00,0x00,0x00,0x00,0x00,0x00,0x00,0x00,0x00,0x00,0x00,0x00,0x00,0x00,0x00,
    0x00,0x00,0xe4,0x61,0x07,0x93,0x27,0x9b,0x47,0x9b,0x68,0x9b,0x68,0x9b,0x88,0xa3,0x88,0xa3,0x88,0xa3,0x68,0x9b,0x68,0xa3,
    0x47,0x9b,0x27,0x9b,0x07,0x93,0x07,0x93,0xc6,0x8a,0xc6,0x82,0xa5,0x7a,0x86,0x7a,0x65,0x72,0x45,0x72,0x63,0x41,0x00,0x00,
    0x00,0x00,0x00,0x00,0x00,0x00,0x00,0x00,0x00,0x00,0x00,0x00,0x00,0x00,0x00,0x00,0x00,0x00,0x00,0x00,0x00,0x00,0x00,0x00,
    0x00,0x00,0x00,0x00,0x00,0x00,0x00,0x00,0x00,0x00,0x00,0x00,0x00,0x00,0x00,0x00,0x00,0x00,0x00,0x00,0x00,0x00,0x00,0x00,
    0x00,0x00,0x00,0x00,0x00,0x00,0x00,0x00,0x00,0x00,0x00,0x00,0x00,0x00,0x00,0x00,0x00,0x00,0x00,0x00,0x00,0x00,0x00,0x00,
    0x00,0x00,0x00,0x00,0x00,0x00,0x00,0x00,0x00,0x00,0x00,0x00,0x00,0x00,0x00,0x00,0x00,0x00,0x00,0x00,0x00,0x00,0x00,0x00,
    0x00,0x00,0x00,0x00,0x00,0x00,0x00,0x00,0x00,0x00,0x00,0x00,0x00,0x00,0x00,0x00,0x00,0x00,0x00,0x00,0x00,0x00,0x00,0x00,
    0x00,0x00,0x00,0x00,0x00,0x00,0x00,0x00,0x00,0x00,0x00,0x00,0x00,0x00,0x00,0x00,0x00,0x00,0x00,0x00,0x00,0x00,0x00,0x00,
    0x00,0x00,0x00,0x00,0x00,0x00,0x00,0x00,0x00,0x00,0x00,0x00,0x00,0x00,0x00,0x00,0x00,0x00,0x00,0x00,0x00,0x00,0x00,0x00,
    0x00,0x00,0x00,0x00,0x00,0x00,0x00,0x00,0x00,0x00,0x00,0x00,0x00,0x00,0x00,0x00,0x00,0x00,0x00,0x00,0x00,0x00,0x00,0x00,
    0x00,0x00,0x00,0x00,0x00,0x00,0x00,0x00,0x00,0x00,0x00,0x00,0x00,0x00,0x00,0x00,0x00,0x00,0x00,0x00,0x00,0x00,0x00,0x00,
    0x00,0x00,0x00,0x00,0x00,0x00,0x00,0x00,0x00,0x00,0x00,0x00,0x00,0x00,0x00,0x00,0x00,0x00,0x00,0x00,0x00,0x00,0x00,0x00,
    0x00,0x00,0x00,0x00,0x00,0x00,0x00,0x00,0x00,0x00,0x00,0x00,0x00,0x00,0x00,0x00,0x00,0x00,0x00,0x00,0x00,0x00,0x00,0x00,
    0x00,0x00,0x00,0x00,0x00,0x00,0x00,0x00,0x00,0x00,0x00,0x00,0x00,0x00,0x00,0x00,0x00,0x00,0x00,0x00,0x00,0x00,0x00,0x00,
    0x00,0x00,0x00,0x00,0x00,0x00,0x00,0x00,0x00,0x00,0x00,0x00,0x00,0x00,0x00,0x00,0x00,0x00,0x00,0x00,0x00,0x00,0x00,0x00,
    0x00,0x00,0x00,0x00,0x40,0x10,0xc6,0x8a,0xe6,0x8a,0x07,0x93,0x07,0x93,0x27,0x9b,0x27,0x93,0x47,0x9b,0x27,0x93,0x27,0x9b,
    0x27,0x93,0x07,0x93,0xe6,0x8a,0xe6,0x8a,0xc6,0x82,0xa6,0x82,0x85,0x7a,0x86,0x7a,0x45,0x72,0x45,0x72,0x04,0x62,0x41,0x10,
    0x00,0x00,0x00,0x00,0x00,0x00,0x00,0x00,0x00,0x00,0x00,0x00,0x00,0x00,0x00,0x00,0x00,0x00,0x00,0x00,0x00,0x00,0x00,0x00,
    0x00,0x00,0x00,0x00,0x00,0x00,0x00,0x00,0x00,0x00,0x00,0x00,0x00,0x00,0x00,0x00,0x00,0x00,0x00,0x00,0x00,0x00,0x00,0x00,
    0x00,0x00,0x00,0x00,0x00,0x00,0x00,0x00,0x00,0x00,0x00,0x00,0x00,0x00,0x00,0x00,0x00,0x00,0x00,0x00,0x00,0x00,0x00,0x00,
    0x00,0x00,0x00,0x00,0x00,0x00,0x00,0x00,0x00,0x00,0x00,0x00,0x00,0x00,0x00,0x00,0x00,0x00,0x00,0x00,0x00,0x00,0x00,0x00,
    0x00,0x00,0x00,0x00,0x00,0x00,0x00,0x00,0x00,0x00,0x00,0x00,0x00,0x00,0x00,0x00,0x00,0x00,0x00,0x00,0x00,0x00,0x00,0x00,
    0x00,0x00,0x00,0x00,0x00,0x00,0x00,0x00,0x00,0x00,0x00,0x00,0x00,0x00,0x00,0x00,0x00,0x00,0x00,0x00,0x00,0x00,0x00,0x00,
    0x00,0x00,0x00,0x00,0x00,0x00,0x00,0x00,0x00,0x00,0x00,0x00,0x00,0x00,0x00,0x00,0x00,0x00,0x00,0x00,0x00,0x00,0x00,0x00,
    0x00,0x00,0x00,0x00,0x00,0x00,0x00,0x00,0x00,0x00,0x00,0x00,0x00,0x00,0x00,0x00,0x00,0x00,0x00,0x00,0x00,0x00,0x00,0x00,
    0x00,0x00,0x00,0x00,0x00,0x00,0x00,0x00,0x00,0x00,0x00,0x00,0x00,0x00,0x00,0x00,0x00,0x00,0x00,0x00,0x00,0x00,0x00,0x00,
    0x00,0x00,0x00,0x00,0x00,0x00,0x00,0x00,0x00,0x00,0x00,0x00,0x00,0x00,0x00,0x00,0x00,0x00,0x00,0x00,0x00,0x00,0x00,0x00,
    0x00,0x00,0x00,0x00,0x00,0x00,0x00,0x00,0x00,0x00,0x00,0x00,0x00,0x00,0x00,0x00,0x00,0x00,0x00,0x00,0x00,0x00,0x00,0x00,
    0x00,0x00,0x00,0x00,0x00,0x00,0x00,0x00,0x00,0x00,0x00,0x00,0x00,0x00,0x00,0x00,0x00,0x00,0x00,0x00,0x00,0x00,0x00,0x00,
    0x00,0x00,0x00,0x00,0x00,0x00,0x00,0x00,0x00,0x00,0x00,0x00,0x00,0x00,0x00,0x00,0x00,0x00,0x00,0x00,0x00,0x00,0x00,0x00,
    0x00,0x00,0x00,0x00,0x00,0x00,0x00,0x00,0x22,0x39,0xc6,0x8a,0xc6,0x8a,0xe7,0x8a,0xe6,0x8a,0x07,0x93,0x06,0x8b,0x07,0x93,
    0xe7,0x8a,0xe7,0x8a,0xc6,0x8a,0xc6,0x8a,0xa6,0x82,0xa6,0x82,0x85,0x7a,0x86,0x7a,0x65,0x72,0x45,0x72,0x24,0x6a,0xe2,0x30,
    0x00,0x00,0x00,0x00,0x00,0x00,0x00,0x00,0x00,0x00,0x00,0x00,0x00,0x00,0x00,0x00,0x00,0x00,0x00,0x00,0x00,0x00,0x00,0x00,
    0x00,0x00,0x00,0x00,0x00,0x00,0x00,0x00,0x00,0x00,0x00,0x00,0x00,0x00,0x00,0x00,0x00,0x00,0x00,0x00,0x00,0x00,0x00,0x00,
    0x00,0x00,0x00,0x00,0x00,0x00,0x00,0x00,0x00,0x00,0x00,0x00,0x00,0x00,0x00,0x00,0x00,0x00,0x00,0x00,0x00,0x00,0x00,0x00,
    0x00,0x00,0x00,0x00,0x00,0x00,0x00,0x00,0x00,0x00,0x00,0x00,0x00,0x00,0x00,0x00,0x00,0x00,0x00,0x00,0x00,0x00,0x00,0x00,
    0x00,0x00,0x00,0x00,0x00,0x00,0x00,0x00,0x00,0x00,0x00,0x00,0x00,0x00,0x00,0x00,0x00,0x00,0x00,0x00,0x00,0x00,0x00,0x00,
    0x00,0x00,0x00,0x00,0x00,0x00,0x00,0x00,0x00,0x00,0x00,0x00,0x00,0x00,0x00,0x00,0x00,0x00,0x00,0x00,0x00,0x00,0x00,0x00,
    0x00,0x00,0x00,0x00,0x00,0x00,0x00,0x00,0x00,0x00,0x00,0x00,0x00,0x00,0x00,0x00,0x00,0x00,0x00,0x00,0x00,0x00,0x00,0x00,
    0x00,0x00,0x00,0x00,0x00,0x00,0x00,0x00,0x00,0x00,0x00,0x00,0x00,0x00,0x00,0x00,0x00,0x00,0x00,0x00,0x00,0x00,0x00,0x00,
    0x00,0x00,0x00,0x00,0x00,0x00,0x00,0x00,0x00,0x00,0x00,0x00,0x00,0x00,0x00,0x00,0x00,0x00,0x00,0x00,0x00,0x00,0x00,0x00,
    0x00,0x00,0x00,0x00,0x00,0x00,0x00,0x00,0x00,0x00,0x00,0x00,0x00,0x00,0x00,0x00,0x00,0x00,0x00,0x00,0x00,0x00,0x00,0x00,
    0x00,0x00,0x00,0x00,0x00,0x00,0x00,0x00,0x00,0x00,0x00,0x00,0x00,0x00,0x00,0x00,0x00,0x00,0x00,0x00,0x00,0x00,0x00,0x00,
    0x00,0x00,0x00,0x00,0x00,0x00,0x00,0x00,0x00,0x00,0x00,0x00,0x00,0x00,0x00,0x00,0x00,0x00,0x00,0x00,0x00,0x00,0x00,0x00,
    0x00,0x00,0x00,0x00,0x00,0x00,0x00,0x00,0x00,0x00,0x00,0x00,0x00,0x00,0x00,0x00,0x00,0x00,0x00,0x00,0x00,0x00,0x00,0x00,
    0x00,0x00,0x00,0x00,0x00,0x00,0x00,0x00,0x00,0x00,0x00,0x00,0x83,0x49,0xa6,0x82,0xa5,0x82,0xc6,0x82,0xa6,0x82,0xc6,0x8a,
    0xa5,0x82,0xc6,0x82,0xa5,0x82,0xa6,0x82,0x85,0x7a,0x86,0x7a,0x65,0x7a,0x65,0x7a,0x45,0x72,0x45,0x72,0x24,0x6a,0x43,0x41,
    0x00,0x00,0x00,0x00,0x00,0x00,0x00,0x00,0x00,0x00,0x00,0x00,0x00,0x00,0x00,0x00,0x00,0x00,0x00,0x00,0x00,0x00,0x00,0x00,
    0x00,0x00,0x00,0x00,0x00,0x00,0x00,0x00,0x00,0x00,0x00,0x00,0x00,0x00,0x00,0x00,0x00,0x00,0x00,0x00,0x00,0x00,0x00,0x00,
    0x00,0x00,0x00,0x00,0x00,0x00,0x00,0x00,0x00,0x00,0x00,0x00,0x00,0x00,0x00,0x00,0x00,0x00,0x00,0x00,0x00,0x00,0x00,0x00,
    0x00,0x00,0x00,0x00,0x00,0x00,0x00,0x00,0x00,0x00,0x00,0x00,0x00,0x00,0x00,0x00,0x00,0x00,0x00,0x00,0x00,0x00,0x00,0x00,
    0x00,0x00,0x00,0x00,0x00,0x00,0x00,0x00,0x00,0x00,0x00,0x00,0x00,0x00,0x00,0x00,0x00,0x00,0x00,0x00,0x00,0x00,0x00,0x00,
    0x00,0x00,0x00,0x00,0x00,0x00,0x00,0x00,0x00,0x00,0x00,0x00,0x00,0x00,0x00,0x00,0x00,0x00,0x00,0x00,0x00,0x00,0x00,0x00,
    0x00,0x00,0x00,0x00,0x00,0x00,0x00,0x00,0x00,0x00,0x00,0x00,0x00,0x00,0x00,0x00,0x00,0x00,0x00,0x00,0x00,0x00,0x00,0x00,
    0x00,0x00,0x00,0x00,0x00,0x00,0x00,0x00,0x00,0x00,0x00,0x00,0x00,0x00,0x00,0x00,0x00,0x00,0x00,0x00,0x00,0x00,0x00,0x00,
    0x00,0x00,0x00,0x00,0x00,0x00,0x00,0x00,0x00,0x00,0x00,0x00,0x00,0x00,0x00,0x00,0x00,0x00,0x00,0x00,0x00,0x00,0x00,0x00,
    0x00,0x00,0x00,0x00,0x00,0x00,0x00,0x00,0x00,0x00,0x00,0x00,0x00,0x00,0x00,0x00,0x00,0x00,0x00,0x00,0x00,0x00,0x00,0x00,
    0x00,0x00,0x00,0x00,0x00,0x00,0x00,0x00,0x00,0x00,0x00,0x00,0x00,0x00,0x00,0x00,0x00,0x00,0x00,0x00,0x00,0x00,0x00,0x00,
    0x00,0x00,0x00,0x00,0x00,0x00,0x00,0x00,0x00,0x00,0x00,0x00,0x00,0x00,0x00,0x00,0x00,0x00,0x00,0x00,0x00,0x00,0x00,0x00,
    0x00,0x00,0x00,0x00,0x00,0x00,0x00,0x00,0x00,0x00,0x00,0x00,0x00,0x00,0x00,0x00,0x00,0x00,0x00,0x00,0x00,0x00,0x00,0x00,
    0x00,0x00,0x00,0x00,0x00,0x00,0x00,0x00,0x00,0x00,0x00,0x00,0x00,0x00,0x00,0x00,0x43,0x39,0x86,0x7a,0x85,0x7a,0xa6,0x82,
    0xa5,0x82,0xa6,0x82,0x85,0x7a,0xa6,0x82,0x85,0x7a,0x86,0x7a,0x65,0x72,0x65,0x7a,0x45,0x72,0x45,0x72,0x24,0x6a,0x02,0x31,
    0x00,0x00,0x00,0x00,0x00,0x00,0x00,0x00,0x00,0x00,0x00,0x00,0x00,0x00,0x00,0x00,0x00,0x00,0x00,0x00,0x00,0x00,0x00,0x00,
    0x00,0x00,0x00,0x00,0x00,0x00,0x00,0x00,0x00,0x00,0x00,0x00,0x00,0x00,0x00,0x00,0x00,0x00,0x00,0x00,0x00,0x00,0x00,0x00,
    0x00,0x00,0x00,0x00,0x00,0x00,0x00,0x00,0x00,0x00,0x00,0x00,0x00,0x00,0x00,0x00,0x00,0x00,0x00,0x00,0x00,0x00,0x00,0x00,
    0x00,0x00,0x00,0x00,0x00,0x00,0x00,0x00,0x00,0x00,0x00,0x00,0x00,0x00,0x00,0x00,0x00,0x00,0x00,0x00,0x00,0x00,0x00,0x00,
    0x00,0x00,0x00,0x00,0x00,0x00,0x00,0x00,0x00,0x00,0x00,0x00,0x00,0x00,0x00,0x00,0x00,0x00,0x00,0x00,0x00,0x00,0x00,0x00,
    0x00,0x00,0x00,0x00,0x00,0x00,0x00,0x00,0x00,0x00,0x00,0x00,0x00,0x00,0x00,0x00,0x00,0x00,0x00,0x00,0x00,0x00,0x00,0x00,
    0x00,0x00,0x00,0x00,0x00,0x00,0x00,0x00,0x00,0x00,0x00,0x00,0x00,0x00,0x00,0x00,0x00,0x00,0x00,0x00,0x00,0x00,0x00,0x00,
    0x00,0x00,0x00,0x00,0x00,0x00,0x00,0x00,0x00,0x00,0x00,0x00,0x00,0x00,0x00,0x00,0x00,0x00,0x00,0x00,0x00,0x00,0x00,0x00,
    0x00,0x00,0x00,0x00,0x00,0x00,0x00,0x00,0x00,0x00,0x00,0x00,0x00,0x00,0x00,0x00,0x00,0x00,0x00,0x00,0x00,0x00,0x00,0x00,
    0x00,0x00,0x00,0x00,0x00,0x00,0x00,0x00,0x00,0x00,0x00,0x00,0x00,0x00,0x00,0x00,0x00,0x00,0x00,0x00,0x00,0x00,0x00,0x00,
    0x00,0x00,0x00,0x00,0x00,0x00,0x00,0x00,0x00,0x00,0x00,0x00,0x00,0x00,0x00,0x00,0x00,0x00,0x00,0x00,0x00,0x00,0x00,0x00,
    0x00,0x00,0x00,0x00,0x00,0x00,0x00,0x00,0x00,0x00,0x00,0x00,0x00,0x00,0x00,0x00,0x00,0x00,0x00,0x00,0x00,0x00,0x00,0x00,
    0x00,0x00,0x00,0x00,0x00,0x00,0x00,0x00,0x00,0x00,0x00,0x00,0x00,0x00,0x00,0x00,0x00,0x00,0x00,0x00,0x00,0x00,0x00,0x00,
    0x00,0x00,0x00,0x00,0x00,0x00,0x00,0x00,0x00,0x00,0x00,0x00,0x00,0x00,0x00,0x00,0x00,0x00,0x00,0x00,0xa1,0x18,0xe4,0x61,
    0x65,0x72,0x65,0x7a,0x65,0x72,0x65,0x7a,0x65,0x72,0x65,0x72,0x45,0x72,0x45,0x72,0x24,0x6a,0x25,0x6a,0xa3,0x51,0x81,0x18,
    0x00,0x00,0x00,0x00,0x00,0x00,0x00,0x00,0x00,0x00,0x00,0x00,0x00,0x00,0x00,0x00,0x00,0x00,0x00,0x00,0x00,0x00,0x00,0x00,
    0x00,0x00,0x00,0x00,0x00,0x00,0x00,0x00,0x00,0x00,0x00,0x00,0x00,0x00,0x00,0x00,0x00,0x00,0x00,0x00,0x00,0x00,0x00,0x00,
    0x00,0x00,0x00,0x00,0x00,0x00,0x00,0x00,0x00,0x00,0x00,0x00,0x00,0x00,0x00,0x00,0x00,0x00,0x00,0x00,0x00,0x00,0x00,0x00,
    0x00,0x00,0x00,0x00,0x00,0x00,0x00,0x00,0x00,0x00,0x00,0x00,0x00,0x00,0x00,0x00,0x00,0x00,0x00,0x00,0x00,0x00,0x00,0x00,
    0x00,0x00,0x00,0x00,0x00,0x00,0x00,0x00,0x00,0x00,0x00,0x00,0x00,0x00,0x00,0x00,0x00,0x00,0x00,0x00,0x00,0x00,0x00,0x00,
    0x00,0x00,0x00,0x00,0x00,0x00,0x00,0x00,0x00,0x00,0x00,0x00,0x00,0x00,0x00,0x00,0x00,0x00,0x00,0x00,0x00,0x00,0x00,0x00,
    0x00,0x00,0x00,0x00,0x00,0x00,0x00,0x00,0x00,0x00,0x00,0x00,0x00,0x00,0x00,0x00,0x00,0x00,0x00,0x00,0x00,0x00,0x00,0x00,
    0x00,0x00,0x00,0x00,0x00,0x00,0x00,0x00,0x00,0x00,0x00,0x00,0x00,0x00,0x00,0x00,0x00,0x00,0x00,0x00,0x00,0x00,0x00,0x00,
    0x00,0x00,0x00,0x00,0x00,0x00,0x00,0x00,0x00,0x00,0x00,0x00,0x00,0x00,0x00,0x00,0x00,0x00,0x00,0x00,0x00,0x00,0x00,0x00,
    0x00,0x00,0x00,0x00,0x00,0x00,0x00,0x00,0x00,0x00,0x00,0x00,0x00,0x00,0x00,0x00,0x00,0x00,0x00,0x00,0x00,0x00,0x00,0x00,
    0x00,0x00,0x00,0x00,0x00,0x00,0x00,0x00,0x00,0x00,0x00,0x00,0x00,0x00,0x00,0x00,0x00,0x00,0x00,0x00,0x00,0x00,0x00,0x00,
    0x00,0x00,0x00,0x00,0x00,0x00,0x00,0x00,0x00,0x00,0x00,0x00,0x00,0x00,0x00,0x00,0x00,0x00,0x00,0x00,0x00,0x00,0x00,0x00,
    0x00,0x00,0x00,0x00,0x00,0x00,0x00,0x00,0x00,0x00,0x00,0x00,0x00,0x00,0x00,0x00,0x00,0x00,0x00,0x00,0x00,0x00,0x00,0x00,
    0x00,0x00,0x00,0x00,0x00,0x00,0x00,0x00,0x00,0x00,0x00,0x00,0x00,0x00,0x00,0x00,0x00,0x00,0x00,0x00,0x00,0x00,0x00,0x00,
    0x00,0x00,0x33,0xad,0xac,0x8b,0x87,0x7a,0x45,0x72,0x45,0x72,0x25,0x6a,0x45,0x72,0x46,0x6a,0x6b,0x83,0x91,0x94,0x00,0x00,
    0x00,0x00,0x00,0x00,0x00,0x00,0x00,0x00,0x00,0x00,0x00,0x00,0x00,0x00,0x00,0x00,0x00,0x00,0x00,0x00,0x00,0x00,0x00,0x00,
    0x00,0x00,0x00,0x00,0x00,0x00,0x00,0x00,0x00,0x00,0x00,0x00,0x00,0x00,0x00,0x00,0x00,0x00,0x00,0x00,0x00,0x00,0x00,0x00,
    0x00,0x00,0x00,0x00,0x00,0x00,0x00,0x00,0x00,0x00,0x00,0x00,0x00,0x00,0x00,0x00,0x00,0x00,0x00,0x00,0x00,0x00,0x00,0x00,
    0x00,0x00,0x00,0x00,0x00,0x00,0x00,0x00,0x00,0x00,0x00,0x00,0x00,0x00,0x00,0x00,0x00,0x00,0x00,0x00,0x00,0x00,0x00,0x00,
    0x00,0x00,0x00,0x00,0x00,0x00,0x00,0x00,0x00,0x00,0x00,0x00,0x00,0x00,0x00,0x00,0x00,0x00,0x00,0x00,0x00,0x00,0x00,0x00,
    0x00,0x00,0x00,0x00,0x00,0x00,0x00,0x00,0x00,0x00,0x00,0x00,0x00,0x00,0x00,0x00,0x00,0x00,0x00,0x00,0x00,0x00,0x00,0x00,
    0x00,0x00,0x00,0x00,0x00,0x00,0x00,0x00,0x00,0x00,0x00,0x00,0x00,0x00,0x00,0x00,0x00,0x00,0x00,0x00,0x00,0x00,0x00,0x00,
    0x00,0x00,0x00,0x00,0x00,0x00,0x00,0x00,0x00,0x00,0x00,0x00,0x00,0x00,0x00,0x00,0x00,0x00,0x00,0x00,0x00,0x00,0x00,0x00,
    0x00,0x00,0x00,0x00,0x00,0x00,0x00,0x00,0x00,0x00,0x00,0x00,0x00,0x00,0x00,0x00,0x00,0x00,0x00,0x00,0x00,0x00,0x00,0x00,
    0x00,0x00,0x00,0x00,0x00,0x00,0x00,0x00,0x00,0x00,0x00,0x00,0x00,0x00,0x00,0x00,0x00,0x00,0x00,0x00,0x00,0x00,0x00,0x00,
    0x00,0x00,0x00,0x00,0x00,0x00,0x00,0x00,0x00,0x00,0x00,0x00,0x00,0x00,0x00,0x00,0x00,0x00,0x00,0x00,0x00,0x00,0x00,0x00,
    0x00,0x00,0x00,0x00,0x00,0x00,0x00,0x00,0x00,0x00,0x00,0x00,0x00,0x00,0x00,0x00,0x00,0x00,0x00,0x00,0x00,0x00,0x00,0x00,
    0x00,0x00,0x00,0x00,0x00,0x00,0x00,0x00,0x00,0x00,0x00,0x00,0x00,0x00,0x00,0x00,0x00,0x00,0x00,0x00,0x00,0x00,0x00,0x00,
    0x00,0x00,0x00,0x00,0x00,0x00,0x00,0x00,0x00,0x00,0x00,0x00,0x00,0x00,0x00,0x00,0x00,0x00,0x00,0x00,0x00,0x00,0x00,0x00,
    0x00,0x00,0x00,0x00,0x17,0xbe,0x18,0xbe,0xf7,0xbd,0x95,0xb5,0xb2,0x9c,0xd2,0x9c,0x13,0x9d,0x75,0xad,0x75,0xa5,0x76,0xad,
    0x00,0x00,0x00,0x00,0x00,0x00,0x00,0x00,0x00,0x00,0x00,0x00,0x00,0x00,0x00,0x00,0x00,0x00,0x00,0x00,0x00,0x00,0x00,0x00,
    0x00,0x00,0x00,0x00,0x00,0x00,0x00,0x00,0x00,0x00,0x00,0x00,0x00,0x00,0x00,0x00,0x00,0x00,0x00,0x00,0x00,0x00,0x00,0x00,
    0x00,0x00,0x00,0x00,0x00,0x00,0x00,0x00,0x00,0x00,0x00,0x00,0x00,0x00,0x00,0x00,0x00,0x00,0x00,0x00,0x00,0x00,0x00,0x00,
    0x00,0x00,0x00,0x00,0x00,0x00,0x00,0x00,0x00,0x00,0x00,0x00,0x00,0x00,0x00,0x00,0x00,0x00,0x00,0x00,0x00,0x00,0x00,0x00,
    0x00,0x00,0x00,0x00,0x00,0x00,0x00,0x00,0x00,0x00,0x00,0x00,0x00,0x00,0x00,0x00,0x00,0x00,0x00,0x00,0x00,0x00,0x00,0x00,
    0x00,0x00,0x00,0x00,0x00,0x00,0x00,0x00,0x00,0x00,0x00,0x00,0x00,0x00,0x00,0x00,0x00,0x00,0x00,0x00,0x00,0x00,0x00,0x00,
    0x00,0x00,0x00,0x00,0x00,0x00,0x00,0x00,0x00,0x00,0x00,0x00,0x00,0x00,0x00,0x00,0x00,0x00,0x00,0x00,0x00,0x00,0x00,0x00,
    0x00,0x00,0x00,0x00,0x00,0x00,0x00,0x00,0x00,0x00,0x00,0x00,0x00,0x00,0x00,0x00,0x00,0x00,0x00,0x00,0x00,0x00,0x00,0x00,
    0x00,0x00,0x00,0x00,0x00,0x00,0x00,0x00,0x00,0x00,0x00,0x00,0x00,0x00,0x00,0x00,0x00,0x00,0x00,0x00,0x00,0x00,0x00,0x00,
    0x00,0x00,0x00,0x00,0x00,0x00,0x00,0x00,0x00,0x00,0x00,0x00,0x00,0x00,0x00,0x00,0x00,0x00,0x00,0x00,0x00,0x00,0x00,0x00,
    0x00,0x00,0x00,0x00,0x00,0x00,0x00,0x00,0x00,0x00,0x00,0x00,0x00,0x00,0x00,0x00,0x00,0x00,0x00,0x00,0x00,0x00,0x00,0x00,
    0x00,0x00,0x00,0x00,0x00,0x00,0x00,0x00,0x00,0x00,0x00,0x00,0x00,0x00,0x00,0x00,0x00,0x00,0x00,0x00,0x00,0x00,0x00,0x00,
    0x00,0x00,0x00,0x00,0x00,0x00,0x00,0x00,0x00,0x00,0x00,0x00,0x00,0x00,0x00,0x00,0x00,0x00,0x00,0x00,0x00,0x00,0x00,0x00,
    0x00,0x00,0x00,0x00,0x00,0x00,0x00,0x00,0x00,0x00,0x00,0x00,0x00,0x00,0x00,0x00,0x00,0x00,0x00,0x00,0x00,0x00,0x00,0x00,
    0x00,0x00,0x00,0x00,0x00,0x00,0x18,0xc6,0x18,0xbe,0x18,0xbe,0xd7,0xb5,0x76,0xad,0x75,0xa5,0x76,0xad,0x75,0xa5,0x76,0xad,
    0x75,0xa5,0x00,0x00,0x00,0x00,0x00,0x00,0x00,0x00,0x00,0x00,0x00,0x00,0x00,0x00,0x00,0x00,0x00,0x00,0x00,0x00,0x00,0x00,
    0x00,0x00,0x00,0x00,0x00,0x00,0x00,0x00,0x00,0x00,0x00,0x00,0x00,0x00,0x00,0x00,0x00,0x00,0x00,0x00,0x00,0x00,0x00,0x00,
    0x00,0x00,0x00,0x00,0x00,0x00,0x00,0x00,0x00,0x00,0x00,0x00,0x00,0x00,0x00,0x00,0x00,0x00,0x00,0x00,0x00,0x00,0x00,0x00,
    0x00,0x00,0x00,0x00,0x00,0x00,0x00,0x00,0x00,0x00,0x00,0x00,0x00,0x00,0x00,0x00,0x00,0x00,0x00,0x00,0x00,0x00,0x00,0x00,
    0x00,0x00,0x00,0x00,0x00,0x00,0x00,0x00,0x00,0x00,0x00,0x00,0x00,0x00,0x00,0x00,0x00,0x00,0x00,0x00,0x00,0x00,0x00,0x00,
    0x00,0x00,0x00,0x00,0x00,0x00,0x00,0x00,0x00,0x00,0x00,0x00,0x00,0x00,0x00,0x00,0x00,0x00,0x00,0x00,0x00,0x00,0x00,0x00,
    0x00,0x00,0x00,0x00,0x00,0x00,0x00,0x00,0x00,0x00,0x00,0x00,0x00,0x00,0x00,0x00,0x00,0x00,0x00,0x00,0x00,0x00,0x00,0x00,
    0x00,0x00,0x00,0x00,0x00,0x00,0x00,0x00,0x00,0x00,0x00,0x00,0x00,0x00,0x00,0x00,0x00,0x00,0x00,0x00,0x00,0x00,0x00,0x00,
    0x00,0x00,0x00,0x00,0x00,0x00,0x00,0x00,0x00,0x00,0x00,0x00,0x00,0x00,0x00,0x00,0x00,0x00,0x00,0x00,0x00,0x00,0x00,0x00,
    0x00,0x00,0x00,0x00,0x00,0x00,0x00,0x00,0x00,0x00,0x00,0x00,0x00,0x00,0x00,0x00,0x00,0x00,0x00,0x00,0x00,0x00,0x00,0x00,
    0x00,0x00,0x00,0x00,0x00,0x00,0x00,0x00,0x00,0x00,0x00,0x00,0x00,0x00,0x00,0x00,0x00,0x00,0x00,0x00,0x00,0x00,0x00,0x00,
    0x00,0x00,0x00,0x00,0x00,0x00,0x00,0x00,0x00,0x00,0x00,0x00,0x00,0x00,0x00,0x00,0x00,0x00,0x00,0x00,0x00,0x00,0x00,0x00,
    0x00,0x00,0x00,0x00,0x00,0x00,0x00,0x00,0x00,0x00,0x00,0x00,0x00,0x00,0x00,0x00,0x00,0x00,0x00,0x00,0x00,0x00,0x00,0x00,
    0x00,0x00,0x00,0x00,0x00,0x00,0x00,0x00,0x00,0x00,0x00,0x00,0x00,0x00,0x00,0x00,0x00,0x00,0x00,0x00,0x00,0x00,0x00,0x00,
    0x00,0x00,0x00,0x00,0x00,0x00,0x00,0x00,0x17,0xbe,0x18,0xbe,0x18,0xbe,0xf7,0xbd,0x75,0xa5,0x75,0xad,0x75,0xa5,0x76,0xad,
    0x75,0xa5,0x75,0xad,0x00,0x00,0x00,0x00,0x00,0x00,0x00,0x00,0x00,0x00,0x00,0x00,0x00,0x00,0x00,0x00,0x00,0x00,0x00,0x00,
    0x00,0x00,0x00,0x00,0x00,0x00,0x00,0x00,0x00,0x00,0x00,0x00,0x00,0x00,0x00,0x00,0x00,0x00,0x00,0x00,0x00,0x00,0x00,0x00,
    0x00,0x00,0x00,0x00,0x00,0x00,0x00,0x00,0x00,0x00,0x00,0x00,0x00,0x00,0x00,0x00,0x00,0x00,0x00,0x00,0x00,0x00,0x00,0x00,
    0x00,0x00,0x00,0x00,0x00,0x00,0x00,0x00,0x00,0x00,0x00,0x00,0x00,0x00,0x00,0x00,0x00,0x00,0x00,0x00,0x00,0x00,0x00,0x00,
    0x00,0x00,0x00,0x00,0x00,0x00,0x00,0x00,0x00,0x00,0x00,0x00,0x00,0x00,0x00,0x00,0x00,0x00,0x00,0x00,0x00,0x00,0x00,0x00,
    0x00,0x00,0x00,0x00,0x00,0x00,0x00,0x00,0x00,0x00,0x00,0x00,0x00,0x00,0x00,0x00,0x00,0x00,0x00,0x00,0x00,0x00,0x00,0x00,
    0x00,0x00,0x00,0x00,0x00,0x00,0x00,0x00,0x00,0x00,0x00,0x00,0x00,0x00,0x00,0x00,0x00,0x00,0x00,0x00,0x00,0x00,0x00,0x00,
    0x00,0x00,0x00,0x00,0x00,0x00,0x00,0x00,0x00,0x00,0x00,0x00,0x00,0x00,0x00,0x00,0x00,0x00,0x00,0x00,0x00,0x00,0x00,0x00,
    0x00,0x00,0x00,0x00,0x00,0x00,0x00,0x00,0x00,0x00,0x00,0x00,0x00,0x00,0x00,0x00,0x00,0x00,0x00,0x00,0x00,0x00,0x00,0x00,
    0x00,0x00,0x00,0x00,0x00,0x00,0x00,0x00,0x00,0x00,0x00,0x00,0x00,0x00,0x00,0x00,0x00,0x00,0x00,0x00,0x00,0x00,0x00,0x00,
    0x00,0x00,0x00,0x00,0x00,0x00,0x00,0x00,0x00,0x00,0x00,0x00,0x00,0x00,0x00,0x00,0x00,0x00,0x00,0x00,0x00,0x00,0x00,0x00,
    0x00,0x00,0x00,0x00,0x00,0x00,0x00,0x00,0x00,0x00,0x00,0x00,0x00,0x00,0x00,0x00,0x00,0x00,0x00,0x00,0x00,0x00,0x00,0x00,
    0x00,0x00,0x00,0x00,0x00,0x00,0x00,0x00,0x00,0x00,0x00,0x00,0x00,0x00,0x00,0x00,0x00,0x00,0x00,0x00,0x00,0x00,0x00,0x00,
    0x00,0x00,0x00,0x00,0x00,0x00,0x00,0x00,0x00,0x00,0x00,0x00,0x00,0x00,0x00,0x00,0x00,0x00,0x00,0x00,0x00,0x00,0x00,0x00,
    0x00,0x00,0x00,0x00,0x00,0x00,0x00,0x00,0x00,0x00,0x18,0xbe,0x18,0xbe,0x18,0xc6,0xf7,0xb5,0x76,0xad,0x75,0xa5,0x76,0xad,
    0x75,0xad,0x76,0xad,0x75,0xa5,0x00,0x00,0x00,0x00,0x00,0x00,0x00,0x00,0x00,0x00,0x00,0x00,0x00,0x00,0x00,0x00,0x00,0x00,
    0x00,0x00,0x00,0x00,0x00,0x00,0x00,0x00,0x00,0x00,0x00,0x00,0x00,0x00,0x00,0x00,0x00,0x00,0x00,0x00,0x00,0x00,0x00,0x00,
    0x00,0x00,0x00,0x00,0x00,0x00,0x00,0x00,0x00,0x00,0x00,0x00,0x00,0x00,0x00,0x00,0x00,0x00,0x00,0x00,0x00,0x00,0x00,0x00,
    0x00,0x00,0x00,0x00,0x00,0x00,0x00,0x00,0x00,0x00,0x00,0x00,0x00,0x00,0x00,0x00,0x00,0x00,0x00,0x00,0x00,0x00,0x00,0x00,
    0x00,0x00,0x00,0x00,0x00,0x00,0x00,0x00,0x00,0x00,0x00,0x00,0x00,0x00,0x00,0x00,0x00,0x00,0x00,0x00,0x00,0x00,0x00,0x00,
    0x00,0x00,0x00,0x00,0x00,0x00,0x00,0x00,0x00,0x00,0x00,0x00,0x00,0x00,0x00,0x00,0x00,0x00,0x00,0x00,0x00,0x00,0x00,0x00,
    0x00,0x00,0x00,0x00,0x00,0x00,0x00,0x00,0x00,0x00,0x00,0x00,0x00,0x00,0x00,0x00,0x00,0x00,0x00,0x00,0x00,0x00,0x00,0x00,
    0x00,0x00,0x00,0x00,0x00,0x00,0x00,0x00,0x00,0x00,0x00,0x00,0x00,0x00,0x00,0x00,0x00,0x00,0x00,0x00,0x00,0x00,0x00,0x00,
    0x00,0x00,0x00,0x00,0x00,0x00,0x00,0x00,0x00,0x00,0x00,0x00,0x00,0x00,0x00,0x00,0x00,0x00,0x00,0x00,0x00,0x00,0x00,0x00,
    0x00,0x00,0x00,0x00,0x00,0x00,0x00,0x00,0x00,0x00,0x00,0x00,0x00,0x00,0x00,0x00,0x00,0x00,0x00,0x00,0x00,0x00,0x00,0x00,
    0x00,0x00,0x00,0x00,0x00,0x00,0x00,0x00,0x00,0x00,0x00,0x00,0x00,0x00,0x00,0x00,0x00,0x00,0x00,0x00,0x00,0x00,0x00,0x00,
    0x00,0x00,0x00,0x00,0x00,0x00,0x00,0x00,0x00,0x00,0x00,0x00,0x00,0x00,0x00,0x00,0x00,0x00,0x00,0x00,0x00,0x00,0x00,0x00,
    0x00,0x00,0x00,0x00,0x00,0x00,0x00,0x00,0x00,0x00,0x00,0x00,0x00,0x00,0x00,0x00,0x00,0x00,0x00,0x00,0x00,0x00,0x00,0x00,
    0x00,0x00,0x00,0x00,0x00,0x00,0x00,0x00,0x00,0x00,0x00,0x00,0x00,0x00,0x00,0x00,0x00,0x00,0x00,0x00,0x00,0x00,0x00,0x00,
    0x00,0x00,0x00,0x00,0x00,0x00,0x00,0x00,0x00,0x00,0x00,0x00,0x17,0xbe,0x18,0xbe,0xf7,0xbd,0xf7,0xbd,0x75,0xa5,0x76,0xad,
    0x75,0xa5,0x75,0xad,0x75,0xa5,0x76,0xad,0x00,0x00,0x00,0x00,0x00,0x00,0x00,0x00,0x00,0x00,0x00,0x00,0x00,0x00,0x00,0x00,
    0x00,0x00,0x00,0x00,0x00,0x00,0x00,0x00,0x00,0x00,0x00,0x00,0x00,0x00,0x00,0x00,0x00,0x00,0x00,0x00,0x00,0x00,0x00,0x00,
    0x00,0x00,0x00,0x00,0x00,0x00,0x00,0x00,0x00,0x00,0x00,0x00,0x00,0x00,0x00,0x00,0x00,0x00,0x00,0x00,0x00,0x00,0x00,0x00,
    0x00,0x00,0x00,0x00,0x00,0x00,0x00,0x00,0x00,0x00,0x00,0x00,0x00,0x00,0x00,0x00,0x00,0x00,0x00,0x00,0x00,0x00,0x00,0x00,
    0x00,0x00,0x00,0x00,0x00,0x00,0x00,0x00,0x00,0x00,0x00,0x00,0x00,0x00,0x00,0x00,0x00,0x00,0x00,0x00,0x00,0x00,0x00,0x00,
    0x00,0x00,0x00,0x00,0x00,0x00,0x00,0x00,0x00,0x00,0x00,0x00,0x00,0x00,0x00,0x00,0x00,0x00,0x00,0x00,0x00,0x00,0x00,0x00,
    0x00,0x00,0x00,0x00,0x00,0x00,0x00,0x00,0x00,0x00,0x00,0x00,0x00,0x00,0x00,0x00,0x00,0x00,0x00,0x00,0x00,0x00,0x00,0x00,
    0x00,0x00,0x00,0x00,0x00,0x00,0x00,0x00,0x00,0x00,0x00,0x00,0x00,0x00,0x00,0x00,0x00,0x00,0x00,0x00,0x00,0x00,0x00,0x00,
    0x00,0x00,0x00,0x00,0x00,0x00,0x00,0x00,0x00,0x00,0x00,0x00,0x00,0x00,0x00,0x00,0x00,0x00,0x00,0x00,0x00,0x00,0x00,0x00,
    0x00,0x00,0x00,0x00,0x00,0x00,0x00,0x00,0x00,0x00,0x00,0x00,0x00,0x00,0x00,0x00,0x00,0x00,0x00,0x00,0x00,0x00,0x00,0x00,
    0x00,0x00,0x00,0x00,0x00,0x00,0x00,0x00,0x00,0x00,0x00,0x00,0x00,0x00,0x00,0x00,0x00,0x00,0x00,0x00,0x00,0x00,0x00,0x00,
    0x00,0x00,0x00,0x00,0x00,0x00,0x00,0x00,0x00,0x00,0x00,0x00,0x00,0x00,0x00,0x00,0x00,0x00,0x00,0x00,0x00,0x00,0x00,0x00,
    0x00,0x00,0x00,0x00,0x00,0x00,0x00,0x00,0x00,0x00,0x00,0x00,0x00,0x00,0x00,0x00,0x00,0x00,0x00,0x00,0x00,0x00,0x00,0x00,
    0x00,0x00,0x00,0x00,0x00,0x00,0x00,0x00,0x00,0x00,0x00,0x00,0x00,0x00,0x00,0x00,0x00,0x00,0x00,0x00,0x00,0x00,0x00,0x00,
    0x00,0x00,0x00,0x00,0x00,0x00,0x00,0x00,0x00,0x00,0x00,0x00,0x00,0x00,0x18,0xc6,0x18,0xbe,0x18,0xbe,0xd7,0xb5,0x76,0xad,
    0x75,0xa5,0x76,0xad,0x75,0xa5,0x76,0xad,0x75,0xa5,0x00,0x00,0x00,0x00,0x00,0x00,0x00,0x00,0x00,0x00,0x00,0x00,0x00,0x00,
    0x00,0x00,0x00,0x00,0x00,0x00,0x00,0x00,0x00,0x00,0x00,0x00,0x00,0x00,0x00,0x00,0x00,0x00,0x00,0x00,0x00,0x00,0x00,0x00,
    0x00,0x00,0x00,0x00,0x00,0x00,0x00,0x00,0x00,0x00,0x00,0x00,0x00,0x00,0x00,0x00,0x00,0x00,0x00,0x00,0x00,0x00,0x00,0x00,
    0x00,0x00,0x00,0x00,0x00,0x00,0x00,0x00,0x00,0x00,0x00,0x00,0x00,0x00,0x00,0x00,0x00,0x00,0x00,0x00,0x00,0x00,0x00,0x00,
    0x00,0x00,0x00,0x00,0x00,0x00,0x00,0x00,0x00,0x00,0x00,0x00,0x00,0x00,0x00,0x00,0x00,0x00,0x00,0x00,0x00,0x00,0x00,0x00,
    0x00,0x00,0x00,0x00,0x00,0x00,0x00,0x00,0x00,0x00,0x00,0x00,0x00,0x00,0x00,0x00,0x00,0x00,0x00,0x00,0x00,0x00,0x00,0x00,
    0x00,0x00,0x00,0x00,0x00,0x00,0x00,0x00,0x00,0x00,0x00,0x00,0x00,0x00,0x00,0x00,0x00,0x00,0x00,0x00,0x00,0x00,0x00,0x00,
    0x00,0x00,0x00,0x00,0x00,0x00,0x00,0x00,0x00,0x00,0x00,0x00,0x00,0x00,0x00,0x00,0x00,0x00,0x00,0x00,0x00,0x00,0x00,0x00,
    0x00,0x00,0x00,0x00,0x00,0x00,0x00,0x00,0x00,0x00,0x00,0x00,0x00,0x00,0x00,0x00,0x00,0x00,0x00,0x00,0x00,0x00,0x00,0x00,
    0x00,0x00,0x00,0x00,0x00,0x00,0x00,0x00,0x00,0x00,0x00,0x00,0x00,0x00,0x00,0x00,0x00,0x00,0x00,0x00,0x00,0x00,0x00,0x00,
    0x00,0x00,0x00,0x00,0x00,0x00,0x00,0x00,0x00,0x00,0x00,0x00,0x00,0x00,0x00,0x00,0x00,0x00,0x00,0x00,0x00,0x00,0x00,0x00,
    0x00,0x00,0x00,0x00,0x00,0x00,0x00,0x00,0x00,0x00,0x00,0x00,0x00,0x00,0x00,0x00,0x00,0x00,0x00,0x00,0x00,0x00,0x00,0x00,
    0x00,0x00,0x00,0x00,0x00,0x00,0x00,0x00,0x00,0x00,0x00,0x00,0x00,0x00,0x00,0x00,0x00,0x00,0x00,0x00,0x00,0x00,0x00,0x00,
    0x00,0x00,0x00,0x00,0x00,0x00,0x00,0x00,0x00,0x00,0x00,0x00,0x00,0x00,0x00,0x00,0x00,0x00,0x00,0x00,0x00,0x00,0x00,0x00,
    0x00,0x00,0x00,0x00,0x00,0x00,0x00,0x00,0x00,0x00,0x00,0x00,0x00,0x00,0x00,0x00,0x17,0xbe,0x18,0xbe,0x18,0xbe,0xf7,0xbd,
    0x75,0xa5,0x75,0xad,0x75,0xa5,0x76,0xad,0x75,0xa5,0x75,0xad,0x00,0x00,0x00,0x00,0x00,0x00,0x00,0x00,0x00,0x00,0x00,0x00,
    0x00,0x00,0x00,0x00,0x00,0x00,0x00,0x00,0x00,0x00,0x00,0x00,0x00,0x00,0x00,0x00,0x00,0x00,0x00,0x00,0x00,0x00,0x00,0x00,
    0x00,0x00,0x00,0x00,0x00,0x00,0x00,0x00,0x00,0x00,0x00,0x00,0x00,0x00,0x00,0x00,0x00,0x00,0x00,0x00,0x00,0x00,0x00,0x00,
    0x00,0x00,0x00,0x00,0x00,0x00,0x00,0x00,0x00,0x00,0x00,0x00,0x00,0x00,0x00,0x00,0x00,0x00,0x00,0x00,0x00,0x00,0x00,0x00,
    0x00,0x00,0x00,0x00,0x00,0x00,0x00,0x00,0x00,0x00,0x00,0x00,0x00,0x00,0x00,0x00,0x00,0x00,0x00,0x00,0x00,0x00,0x00,0x00,
    0x00,0x00,0x00,0x00,0x00,0x00,0x00,0x00,0x00,0x00,0x00,0x00,0x00,0x00,0x00,0x00,0x00,0x00,0x00,0x00,0x00,0x00,0x00,0x00,
    0x00,0x00,0x00,0x00,0x00,0x00,0x00,0x00,0x00,0x00,0x00,0x00,0x00,0x00,0x00,0x00,0x00,0x00,0x00,0x00,0x00,0x00,0x00,0x00,
    0x00,0x00,0x00,0x00,0x00,0x00,0x00,0x00,0x00,0x00,0x00,0x00,0x00,0x00,0x00,0x00,0x00,0x00,0x00,0x00,0x00,0x00,0x00,0x00,
    0x00,0x00,0x00,0x00,0x00,0x00,0x00,0x00,0x00,0x00,0x00,0x00,0x00,0x00,0x00,0x00,0x00,0x00,0x00,0x00,0x00,0x00,0x00,0x00,
    0x00,0x00,0x00,0x00,0x00,0x00,0x00,0x00,0x00,0x00,0x00,0x00,0x00,0x00,0x00,0x00,0x00,0x00,0x00,0x00,0x00,0x00,0x00,0x00,
    0x00,0x00,0x00,0x00,0x00,0x00,0x00,0x00,0x00,0x00,0x00,0x00,0x00,0x00,0x00,0x00,0x00,0x00,0x00,0x00,0x00,0x00,0x00,0x00,
    0x00,0x00,0x00,0x00,0x00,0x00,0x00,0x00,0x00,0x00,0x00,0x00,0x00,0x00,0x00,0x00,0x00,0x00,0x00,0x00,0x00,0x00,0x00,0x00,
    0x00,0x00,0x00,0x00,0x00,0x00,0x00,0x00,0x00,0x00,0x00,0x00,0x00,0x00,0x00,0x00,0x00,0x00,0x00,0x00,0x00,0x00,0x00,0x00,
    0x00,0x00,0x00,0x00,0x00,0x00,0x00,0x00,0x00,0x00,0x00,0x00,0x00,0x00,0x00,0x00,0x00,0x00,0x00,0x00,0x00,0x00,0x00,0x00,
    0x00,0x00,0x00,0x00,0x00,0x00,0x00,0x00,0x00,0x00,0x00,0x00,0x00,0x00,0x00,0x00,0x00,0x00,0x18,0xbe,0x18,0xbe,0x18,0xc6,
    0xf7,0xb5,0x76,0xad,0x75,0xa5,0x76,0xad,0x75,0xad,0x76,0xad,0x75,0xa5,0x00,0x00,0x00,0x00,0x00,0x00,0x00,0x00,0x00,0x00,
    0x00,0x00,0x00,0x00,0x00,0x00,0x00,0x00,0x00,0x00,0x00,0x00,0x00,0x00,0x00,0x00,0x00,0x00,0x00,0x00,0x00,0x00,0x00,0x00,
    0x00,0x00,0x00,0x00,0x00,0x00,0x00,0x00,0x00,0x00,0x00,0x00,0x00,0x00,0x00,0x00,0x00,0x00,0x00,0x00,0x00,0x00,0x00,0x00,
    0x00,0x00,0x00,0x00,0x00,0x00,0x00,0x00,0x00,0x00,0x00,0x00,0x00,0x00,0x00,0x00,0x00,0x00,0x00,0x00,0x00,0x00,0x00,0x00,
    0x00,0x00,0x00,0x00,0x00,0x00,0x00,0x00,0x00,0x00,0x00,0x00,0x00,0x00,0x00,0x00,0x00,0x00,0x00,0x00,0x00,0x00,0x00,0x00,
    0x00,0x00,0x00,0x00,0x00,0x00,0x00,0x00,0x00,0x00,0x00,0x00,0x00,0x00,0x00,0x00,0x00,0x00,0x00,0x00,0x00,0x00,0x00,0x00,
    0x00,0x00,0x00,0x00,0x00,0x00,0x00,0x00,0x00,0x00,0x00,0x00,0x00,0x00,0x00,0x00,0x00,0x00,0x00,0x00,0x00,0x00,0x00,0x00,
    0x00,0x00,0x00,0x00,0x00,0x00,0x00,0x00,0x00,0x00,0x00,0x00,0x00,0x00,0x00,0x00,0x00,0x00,0x00,0x00,0x00,0x00,0x00,0x00,
    0x00,0x00,0x00,0x00,0x00,0x00,0x00,0x00,0x00,0x00,0x00,0x00,0x00,0x00,0x00,0x00,0x00,0x00,0x00,0x00,0x00,0x00,0x00,0x00,
    0x00,0x00,0x00,0x00,0x00,0x00,0x00,0x00,0x00,0x00,0x00,0x00,0x00,0x00,0x00,0x00,0x00,0x00,0x00,0x00,0x00,0x00,0x00,0x00,
    0x00,0x00,0x00,0x00,0x00,0x00,0x00,0x00,0x00,0x00,0x00,0x00,0x00,0x00,0x00,0x00,0x00,0x00,0x00,0x00,0x00,0x00,0x00,0x00,
    0x00,0x00,0x00,0x00,0x00,0x00,0x00,0x00,0x00,0x00,0x00,0x00,0x00,0x00,0x00,0x00,0x00,0x00,0x00,0x00,0x00,0x00,0x00,0x00,
    0x00,0x00,0x00,0x00,0x00,0x00,0x00,0x00,0x00,0x00,0x00,0x00,0x00,0x00,0x00,0x00,0x00,0x00,0x00,0x00,0x00,0x00,0x00,0x00,
    0x00,0x00,0x00,0x00,0x00,0x00,0x00,0x00,0x00,0x00,0x00,0x00,0x00,0x00,0x00,0x00,0x00,0x00,0x00,0x00,0x00,0x00,0x00,0x00,
    0x00,0x00,0x00,0x00,0x00,0x00,0x00,0x00,0x00,0x00,0x00,0x00,0x00,0x00,0x00,0x00,0x00,0x00,0x00,0x00,0x17,0xbe,0x18,0xbe,
    0xf7,0xbd,0xf7,0xbd,0x75,0xa5,0x76,0xad,0x75,0xa5,0x75,0xad,0x75,0xa5,0x76,0xad,0x00,0x00,0x00,0x00,0x00,0x00,0x00,0x00,
    0x00,0x00,0x00,0x00,0x00,0x00,0x00,0x00,0x00,0x00,0x00,0x00,0x00,0x00,0x00,0x00,0x00,0x00,0x00,0x00,0x00,0x00,0x00,0x00,
    0x00,0x00,0x00,0x00,0x00,0x00,0x00,0x00,0x00,0x00,0x00,0x00,0x00,0x00,0x00,0x00,0x00,0x00,0x00,0x00,0x00,0x00,0x00,0x00,
    0x00,0x00,0x00,0x00,0x00,0x00,0x00,0x00,0x00,0x00,0x00,0x00,0x00,0x00,0x00,0x00,0x00,0x00,0x00,0x00,0x00,0x00,0x00,0x00,
    0x00,0x00,0x00,0x00,0x00,0x00,0x00,0x00,0x00,0x00,0x00,0x00,0x00,0x00,0x00,0x00,0x00,0x00,0x00,0x00,0x00,0x00,0x00,0x00,
    0x00,0x00,0x00,0x00,0x00,0x00,0x00,0x00,0x00,0x00,0x00,0x00,0x00,0x00,0x00,0x00,0x00,0x00,0x00,0x00,0x00,0x00,0x00,0x00,
    0x00,0x00,0x00,0x00,0x00,0x00,0x00,0x00,0x00,0x00,0x00,0x00,0x00,0x00,0x00,0x00,0x00,0x00,0x00,0x00,0x00,0x00,0x00,0x00,
    0x00,0x00,0x00,0x00,0x00,0x00,0x00,0x00,0x00,0x00,0x00,0x00,0x00,0x00,0x00,0x00,0x00,0x00,0x00,0x00,0x00,0x00,0x00,0x00,
    0x00,0x00,0x00,0x00,0x00,0x00,0x00,0x00,0x00,0x00,0x00,0x00,0x00,0x00,0x00,0x00,0x00,0x00,0x00,0x00,0x00,0x00,0x00,0x00,
    0x00,0x00,0x00,0x00,0x00,0x00,0x00,0x00,0x00,0x00,0x00,0x00,0x00,0x00,0x00,0x00,0x00,0x00,0x00,0x00,0x00,0x00,0x00,0x00,
    0x00,0x00,0x00,0x00,0x00,0x00,0x00,0x00,0x00,0x00,0x00,0x00,0x00,0x00,0x00,0x00,0x00,0x00,0x00,0x00,0x00,0x00,0x00,0x00,
    0x00,0x00,0x00,0x00,0x00,0x00,0x00,0x00,0x00,0x00,0x00,0x00,0x00,0x00,0x00,0x00,0x00,0x00,0x00,0x00,0x00,0x00,0x00,0x00,
    0x00,0x00,0x00,0x00,0x00,0x00,0x00,0x00,0x00,0x00,0x00,0x00,0x00,0x00,0x00,0x00,0x00,0x00,0x00,0x00,0x00,0x00,0x00,0x00,
    0x00,0x00,0x00,0x00,0x00,0x00,0x00,0x00,0x00,0x00,0x00,0x00,0x00,0x00,0x00,0x00,0x00,0x00,0x00,0x00,0x00,0x00,0x00,0x00,
    0x00,0x00,0x00,0x00,0x00,0x00,0x00,0x00,0x00,0x00,0x00,0x00,0x00,0x00,0x00,0x00,0x82,0x10,0x04,0x21,0x65,0x29,0x79,0xce,
    0x79,0xc6,0x79,0xce,0x79,0xc6,0x59,0xc6,0x58,0xc6,0x38,0xc6,0xf7,0xbd,0xf8,0xbd,0xd7,0xb5,0x65,0x31,0xe3,0x18,0xa2,0x10,
    0x00,0x00,0x00,0x00,0x00,0x00,0x00,0x00,0x00,0x00,0x00,0x00,0x00,0x00,0x00,0x00,0x00,0x00,0x00,0x00,0x00,0x00,0x00,0x00,
    0x00,0x00,0x00,0x00,0x00,0x00,0x00,0x00,0x00,0x00,0x00,0x00,0x00,0x00,0x00,0x00,0x00,0x00,0x00,0x00,0x00,0x00,0x00,0x00,
    0x00,0x00,0x00,0x00,0x00,0x00,0x00,0x00,0x00,0x00,0x00,0x00,0x00,0x00,0x00,0x00,0x00,0x00,0x00,0x00,0x00,0x00,0x00,0x00,
    0x00,0x00,0x00,0x00,0x00,0x00,0x00,0x00,0x00,0x00,0x00,0x00,0x00,0x00,0x00,0x00,0x00,0x00,0x00,0x00,0x00,0x00,0x00,0x00,
    0x00,0x00,0x00,0x00,0x00,0x00,0x00,0x00,0x00,0x00,0x00,0x00,0x00,0x00,0x00,0x00,0x00,0x00,0x00,0x00,0x00,0x00,0x00,0x00,
    0x00,0x00,0x00,0x00,0x00,0x00,0x00,0x00,0x00,0x00,0x00,0x00,0x00,0x00,0x00,0x00,0x00,0x00,0x00,0x00,0x00,0x00,0x00,0x00,
    0x00,0x00,0x00,0x00,0x00,0x00,0x00,0x00,0x00,0x00,0x00,0x00,0x00,0x00,0x00,0x00,0x00,0x00,0x00,0x00,0x00,0x00,0x00,0x00,
    0x00,0x00,0x00,0x00,0x00,0x00,0x00,0x00,0x00,0x00,0x00,0x00,0x00,0x00,0x00,0x00,0x00,0x00,0x00,0x00,0x00,0x00,0x00,0x00,
    0x00,0x00,0x00,0x00,0x00,0x00,0x00,0x00,0x00,0x00,0x00,0x00,0x00,0x00,0x00,0x00,0x00,0x00,0x00,0x00,0x00,0x00,0x00,0x00,
    0x00,0x00,0x00,0x00,0x00,0x00,0x00,0x00,0x00,0x00,0x00,0x00,0x00,0x00,0x00,0x00,0x00,0x00,0x00,0x00,0x00,0x00,0x00,0x00,
    0x00,0x00,0x00,0x00,0x00,0x00,0x00,0x00,0x00,0x00,0x00,0x00,0x00,0x00,0x00,0x00,0x00,0x00,0x00,0x00,0x00,0x00,0x00,0x00,
    0x00,0x00,0x00,0x00,0x00,0x00,0x00,0x00,0x00,0x00,0x00,0x00,0x00,0x00,0x00,0x00,0x00,0x00,0x00,0x00,0x00,0x00,0x00,0x00,
    0x00,0x00,0x00,0x00,0x00,0x00,0x00,0x00,0x00,0x00,0x00,0x00,0x00,0x00,0x00,0x00,0x00,0x00,0x00,0x00,0x00,0x00,0x00,0x00,
    0x00,0x00,0x41,0x08,0x65,0x29,0x69,0x4a,0xae,0x73,0xf3,0x9c,0xf7,0xbd,0xfb,0xde,0x5c,0xe7,0x7d,0xef,0x7c,0xef,0x7d,0xef,
    0x7c,0xef,0x7d,0xef,0x7d,0xef,0x7d,0xef,0x5c,0xe7,0x7d,0xef,0x5c,0xef,0x7d,0xef,0x5c,0xe7,0x5d,0xef,0x5c,0xe7,0x5c,0xe7,
    0x3c,0xe7,0x3c,0xe7,0x99,0xce,0xb6,0xb5,0xb2,0x94,0x8e,0x73,0x48,0x42,0x45,0x29,0x41,0x08,0x00,0x00,0x00,0x00,0x00,0x00,
    0x00,0x00,0x00,0x00,0x00,0x00,0x00,0x00,0x00,0x00,0x00,0x00,0x00,0x00,0x00,0x00,0x00,0x00,0x00,0x00,0x00,0x00,0x00,0x00,
    0x00,0x00,0x00,0x00,0x00,0x00,0x00,0x00,0x00,0x00,0x00,0x00,0x00,0x00,0x00,0x00,0x00,0x00,0x00,0x00,0x00,0x00,0x00,0x00,
    0x00,0x00,0x00,0x00,0x00,0x00,0x00,0x00,0x00,0x00,0x00,0x00,0x00,0x00,0x00,0x00,0x00,0x00,0x00,0x00,0x00,0x00,0x00,0x00,
    0x00,0x00,0x00,0x00,0x00,0x00,0x00,0x00,0x00,0x00,0x00,0x00,0x00,0x00,0x00,0x00,0x00,0x00,0x00,0x00,0x00,0x00,0x00,0x00,
    0x00,0x00,0x00,0x00,0x00,0x00,0x00,0x00,0x00,0x00,0x00,0x00,0x00,0x00,0x00,0x00,0x00,0x00,0x00,0x00,0x00,0x00,0x00,0x00,
    0x00,0x00,0x00,0x00,0x00,0x00,0x00,0x00,0x00,0x00,0x00,0x00,0x00,0x00,0x00,0x00,0x00,0x00,0x00,0x00,0x00,0x00,0x00,0x00,
    0x00,0x00,0x00,0x00,0x00,0x00,0x00,0x00,0x00,0x00,0x00,0x00,0x00,0x00,0x00,0x00,0x00,0x00,0x00,0x00,0x00,0x00,0x00,0x00,
    0x00,0x00,0x00,0x00,0x00,0x00,0x00,0x00,0x00,0x00,0x00,0x00,0x00,0x00,0x00,0x00,0x00,0x00,0x00,0x00,0x00,0x00,0x00,0x00,
    0x00,0x00,0x00,0x00,0x00,0x00,0x00,0x00,0x00,0x00,0x00,0x00,0x00,0x00,0x00,0x00,0x00,0x00,0x00,0x00,0x00,0x00,0x00,0x00,
    0x00,0x00,0x00,0x00,0x00,0x00,0x00,0x00,0x00,0x00,0x00,0x00,0x00,0x00,0x00,0x00,0x00,0x00,0x00,0x00,0x00,0x00,0x00,0x00,
    0x00,0x00,0x00,0x00,0x00,0x00,0x00,0x00,0x00,0x00,0x00,0x00,0x00,0x00,0x00,0x00,0x00,0x00,0x00,0x00,0x00,0x00,0x00,0x00,
    0x00,0x00,0x00,0x00,0x00,0x00,0x00,0x00,0x00,0x00,0x00,0x00,0x00,0x00,0x00,0x00,0x00,0x00,0x41,0x08,0xe7,0x41,0x30,0x84,
    0xd7,0xbd,0xfb,0xde,0x7d,0xef,0x9e,0xf7,0x9d,0xef,0x9d,0xf7,0x7d,0xef,0x7d,0xef,0x5c,0xef,0x5d,0xef,0x5c,0xe7,0x5c,0xef,
    0x5c,0xe7,0x3c,0xe7,0x3c,0xe7,0x3c,0xe7,0x3c,0xe7,0x3c,0xe7,0x1b,0xdf,0x3c,0xe7,0x1b,0xdf,0x1c,0xe7,0x1b,0xdf,0x3c,0xe7,
    0x1b,0xdf,0x1c,0xe7,0x1b,0xdf,0x3c,0xe7,0x3c,0xe7,0x3c,0xe7,0x3c,0xe7,0x5d,0xef,0x3c,0xe7,0x3c,0xe7,0x99,0xce,0x96,0xb5,
    0xce,0x73,0xc7,0x39,0x41,0x08,0x00,0x00,0x00,0x00,0x00,0x00,0x00,0x00,0x00,0x00,0x00,0x00,0x00,0x00,0x00,0x00,0x00,0x00,
    0x00,0x00,0x00,0x00,0x00,0x00,0x00,0x00,0x00,0x00,0x00,0x00,0x00,0x00,0x00,0x00,0x00,0x00,0x00,0x00,0x00,0x00,0x00,0x00,
    0x00,0x00,0x00,0x00,0x00,0x00,0x00,0x00,0x00,0x00,0x00,0x00,0x00,0x00,0x00,0x00,0x00,0x00,0x00,0x00,0x00,0x00,0x00,0x00,
    0x00,0x00,0x00,0x00,0x00,0x00,0x00,0x00,0x00,0x00,0x00,0x00,0x00,0x00,0x00,0x00,0x00,0x00,0x00,0x00,0x00,0x00,0x00,0x00,
    0x00,0x00,0x00,0x00,0x00,0x00,0x00,0x00,0x00,0x00,0x00,0x00,0x00,0x00,0x00,0x00,0x00,0x00,0x00,0x00,0x00,0x00,0x00,0x00,
    0x00,0x00,0x00,0x00,0x00,0x00,0x00,0x00,0x00,0x00,0x00,0x00,0x00,0x00,0x00,0x00,0x00,0x00,0x00,0x00,0x00,0x00,0x00,0x00,
    0x00,0x00,0x00,0x00,0x00,0x00,0x00,0x00,0x00,0x00,0x00,0x00,0x00,0x00,0x00,0x00,0x00,0x00,0x00,0x00,0x00,0x00,0x00,0x00,
    0x00,0x00,0x00,0x00,0x00,0x00,0x00,0x00,0x00,0x00,0x00,0x00,0x00,0x00,0x00,0x00,0x00,0x00,0x00,0x00,0x00,0x00,0x00,0x00,
    0x00,0x00,0x00,0x00,0x00,0x00,0x00,0x00,0x00,0x00,0x00,0x00,0x00,0x00,0x00,0x00,0x00,0x00,0x00,0x00,0x00,0x00,0x00,0x00,
    0x00,0x00,0x00,0x00,0x00,0x00,0x00,0x00,0x00,0x00,0x00,0x00,0x00,0x00,0x00,0x00,0x00,0x00,0x00,0x00,0x00,0x00,0x00,0x00,
    0x00,0x00,0x00,0x00,0x00,0x00,0x00,0x00,0x00,0x00,0x00,0x00,0x00,0x00,0x00,0x00,0x00,0x00,0x00,0x00,0x00,0x00,0x00,0x00,
    0x00,0x00,0x00,0x00,0x00,0x00,0x00,0x00,0x00,0x00,0x00,0x00,0x21,0x08,0x08,0x42,0x0f,0x7c,0x17,0xbe,0x5c,0xe7,0x9d,0xf7,
    0x7d,0xef,0x7d,0xef,0x7c,0xef,0x7d,0xef,0x5c,0xe7,0x5c,0xe7,0x5c,0xe7,0x5c,0xe7,0x3c,0xe7,0x5c,0xe7,0x3c,0xe7,0x5c,0xe7,
    0x3b,0xe7,0x3c,0xe7,0x3b,0xe7,0x3c,0xe7,0x3b,0xdf,0x3c,0xe7,0x1b,0xdf,0x3c,0xe7,0x1b,0xdf,0x1c,0xe7,0x1b,0xdf,0x1b,0xe7,
    0x1b,0xdf,0x1b,0xdf,0xfb,0xde,0xfb,0xde,0xfb,0xde,0xfb,0xde,0xfa,0xde,0xfb,0xde,0xda,0xd6,0xfb,0xde,0xfb,0xde,0x1b,0xdf,
    0x1b,0xdf,0x3c,0xe7,0x1b,0xdf,0xfb,0xde,0x95,0xad,0xae,0x73,0xa6,0x31,0x41,0x08,0x00,0x00,0x00,0x00,0x00,0x00,0x00,0x00,
    0x00,0x00,0x00,0x00,0x00,0x00,0x00,0x00,0x00,0x00,0x00,0x00,0x00,0x00,0x00,0x00,0x00,0x00,0x00,0x00,0x00,0x00,0x00,0x00,
    0x00,0x00,0x00,0x00,0x00,0x00,0x00,0x00,0x00,0x00,0x00,0x00,0x00,0x00,0x00,0x00,0x00,0x00,0x00,0x00,0x00,0x00,0x00,0x00,
    0x00,0x00,0x00,0x00,0x00,0x00,0x00,0x00,0x00,0x00,0x00,0x00,0x00,0x00,0x00,0x00,0x00,0x00,0x00,0x00,0x00,0x00,0x00,0x00,
    0x00,0x00,0x00,0x00,0x00,0x00,0x00,0x00,0x00,0x00,0x00,0x00,0x00,0x00,0x00,0x00,0x00,0x00,0x00,0x00,0x00,0x00,0x00,0x00,
    0x00,0x00,0x00,0x00,0x00,0x00,0x00,0x00,0x00,0x00,0x00,0x00,0x00,0x00,0x00,0x00,0x00,0x00,0x00,0x00,0x00,0x00,0x00,0x00,
    0x00,0x00,0x00,0x00,0x00,0x00,0x00,0x00,0x00,0x00,0x00,0x00,0x00,0x00,0x00,0x00,0x00,0x00,0x00,0x00,0x00,0x00,0x00,0x00,
    0x00,0x00,0x00,0x00,0x00,0x00,0x00,0x00,0x00,0x00,0x00,0x00,0x00,0x00,0x00,0x00,0x00,0x00,0x00,0x00,0x00,0x00,0x00,0x00,
    0x00,0x00,0x00,0x00,0x00,0x00,0x00,0x00,0x00,0x00,0x00,0x00,0x00,0x00,0x00,0x00,0x00,0x00,0x00,0x00,0x00,0x00,0x00,0x00,
    0x00,0x00,0x00,0x00,0x00,0x00,0x00,0x00,0x00,0x00,0x00,0x00,0x00,0x00,0x00,0x00,0x00,0x00,0x00,0x00,0x00,0x00,0x00,0x00,
    0x00,0x00,0x00,0x00,0x00,0x00,0x00,0x00,0x00,0x00,0x00,0x00,0x00,0x00,0x00,0x00,0x00,0x00,0x00,0x00,0x00,0x00,0x00,0x00,
    0x00,0x00,0x00,0x00,0x00,0x00,0x00,0x00,0x61,0x08,0xeb,0x5a,0x95,0xb5,0x7d,0xef,0x9d,0xf7,0x9e,0xf7,0x9d,0xef,0x9d,0xf7,
    0x7d,0xef,0x7d,0xef,0x5c,0xef,0x7d,0xef,0x5c,0xef,0x7d,0xef,0x5c,0xe7,0x7d,0xef,0x5c,0xe7,0x5c,0xef,0x5c,0xe7,0x5c,0xef,
    0x5c,0xe7,0x5c,0xe7,0x5c,0xe7,0x5c,0xef,0x3c,0xe7,0x5c,0xe7,0x3c,0xe7,0x3c,0xe7,0x3c,0xe7,0x3c,0xe7,0x3b,0xdf,0x3c,0xe7,
    0x1b,0xe7,0x1c,0xe7,0x1b,0xdf,0x1c,0xe7,0x1b,0xdf,0x1b,0xdf,0xfb,0xde,0x1b,0xdf,0xfb,0xde,0xfb,0xde,0xfa,0xde,0xfb,0xde,
    0xda,0xd6,0xdb,0xde,0xda,0xd6,0xfb,0xde,0xfb,0xde,0x1c,0xdf,0x1b,0xdf,0x3c,0xe7,0xdb,0xd6,0x34,0xa5,0x8a,0x52,0x62,0x10,
    0x00,0x00,0x00,0x00,0x00,0x00,0x00,0x00,0x00,0x00,0x00,0x00,0x00,0x00,0x00,0x00,0x00,0x00,0x00,0x00,0x00,0x00,0x00,0x00,
    0x00,0x00,0x00,0x00,0x00,0x00,0x00,0x00,0x00,0x00,0x00,0x00,0x00,0x00,0x00,0x00,0x00,0x00,0x00,0x00,0x00,0x00,0x00,0x00,
    0x00,0x00,0x00,0x00,0x00,0x00,0x00,0x00,0x00,0x00,0x00,0x00,0x00,0x00,0x00,0x00,0x00,0x00,0x00,0x00,0x00,0x00,0x00,0x00,
    0x00,0x00,0x00,0x00,0x00,0x00,0x00,0x00,0x00,0x00,0x00,0x00,0x00,0x00,0x00,0x00,0x00,0x00,0x00,0x00,0x00,0x00,0x00,0x00,
    0x00,0x00,0x00,0x00,0x00,0x00,0x00,0x00,0x00,0x00,0x00,0x00,0x00,0x00,0x00,0x00,0x00,0x00,0x00,0x00,0x00,0x00,0x00,0x00,
    0x00,0x00,0x00,0x00,0x00,0x00,0x00,0x00,0x00,0x00,0x00,0x00,0x00,0x00,0x00,0x00,0x00,0x00,0x00,0x00,0x00,0x00,0x00,0x00,
    0x00,0x00,0x00,0x00,0x00,0x00,0x00,0x00,0x00,0x00,0x00,0x00,0x00,0x00,0x00,0x00,0x00,0x00,0x00,0x00,0x00,0x00,0x00,0x00,
    0x00,0x00,0x00,0x00,0x00,0x00,0x00,0x00,0x00,0x00,0x00,0x00,0x00,0x00,0x00,0x00,0x00,0x00,0x00,0x00,0x00,0x00,0x00,0x00,
    0x00,0x00,0x00,0x00,0x00,0x00,0x00,0x00,0x00,0x00,0x00,0x00,0x00,0x00,0x00,0x00,0x00,0x00,0x00,0x00,0x00,0x00,0x00,0x00,
    0x00,0x00,0x00,0x00,0x00,0x00,0x00,0x00,0x00,0x00,0x00,0x00,0x00,0x00,0x00,0x00,0x00,0x00,0x00,0x00,0x00,0x00,0x00,0x00,
    0x00,0x00,0x00,0x00,0x61,0x08,0xcb,0x5a,0x95,0xad,0x7d,0xef,0x9d,0xef,0x9d,0xf7,0x7d,0xef,0x7d,0xef,0x7c,0xef,0x7d,0xef,
    0x7c,0xef,0x7d,0xef,0x7c,0xef,0x7d,0xef,0x5c,0xef,0x7d,0xef,0x7c,0xef,0x7d,0xef,0x5c,0xe7,0x7c,0xef,0x5c,0xe7,0x7d,0xef,
    0x5c,0xe7,0x5c,0xef,0x5c,0xe7,0x5c,0xef,0x3c,0xe7,0x5c,0xe7,0x3c,0xe7,0x5c,0xe7,0x3b,0xe7,0x3c,0xe7,0x3b,0xe7,0x3c,0xe7,
    0x1b,0xdf,0x3c,0xe7,0x1b,0xdf,0x3c,0xe7,0x1b,0xdf,0x1b,0xdf,0x1b,0xdf,0x1b,0xdf,0xfb,0xde,0xfb,0xde,0xfb,0xde,0xfb,0xde,
    0xda,0xd6,0xfb,0xde,0xda,0xd6,0xdb,0xde,0xda,0xd6,0xda,0xd6,0xba,0xd6,0xda,0xd6,0xba,0xd6,0xdb,0xde,0xfb,0xde,0x3c,0xe7,
    0xda,0xd6,0x14,0x9d,0x49,0x4a,0x62,0x10,0x00,0x00,0x00,0x00,0x00,0x00,0x00,0x00,0x00,0x00,0x00,0x00,0x00,0x00,0x00,0x00,
    0x00,0x00,0x00,0x00,0x00,0x00,0x00,0x00,0x00,0x00,0x00,0x00,0x00,0x00,0x00,0x00,0x00,0x00,0x00,0x00,0x00,0x00,0x00,0x00,
    0x00,0x00,0x00,0x00,0x00,0x00,0x00,0x00,0x00,0x00,0x00,0x00,0x00,0x00,0x00,0x00,0x00,0x00,0x00,0x00,0x00,0x00,0x00,0x00,
    0x00,0x00,0x00,0x00,0x00,0x00,0x00,0x00,0x00,0x00,0x00,0x00,0x00,0x00,0x00,0x00,0x00,0x00,0x00,0x00,0x00,0x00,0x00,0x00,
    0x00,0x00,0x00,0x00,0x00,0x00,0x00,0x00,0x00,0x00,0x00,0x00,0x00,0x00,0x00,0x00,0x00,0x00,0x00,0x00,0x00,0x00,0x00,0x00,
    0x00,0x00,0x00,0x00,0x00,0x00,0x00,0x00,0x00,0x00,0x00,0x00,0x00,0x00,0x00,0x00,0x00,0x00,0x00,0x00,0x00,0x00,0x00,0x00,
    0x00,0x00,0x00,0x00,0x00,0x00,0x00,0x00,0x00,0x00,0x00,0x00,0x00,0x00,0x00,0x00,0x00,0x00,0x00,0x00,0x00,0x00,0x00,0x00,
    0x00,0x00,0x00,0x00,0x00,0x00,0x00,0x00,0x00,0x00,0x00,0x00,0x00,0x00,0x00,0x00,0x00,0x00,0x00,0x00,0x00,0x00,0x00,0x00,
    0x00,0x00,0x00,0x00,0x00,0x00,0x00,0x00,0x00,0x00,0x00,0x00,0x00,0x00,0x00,0x00,0x00,0x00,0x00,0x00,0x00,0x00,0x00,0x00,
    0x00,0x00,0x00,0x00,0x00,0x00,0x00,0x00,0x00,0x00,0x00,0x00,0x00,0x00,0x00,0x00,0x00,0x00,0x00,0x00,0x00,0x00,0x00,0x00,
    0x82,0x10,0xeb,0x62,0x96,0xb5,0x9d,0xf7,0xbe,0xf7,0xbe,0xf7,0x9d,0xef,0x9d,0xf7,0x9d,0xef,0x9d,0xef,0x7d,0xef,0x9d,0xf7,
    0x7d,0xef,0x7d,0xef,0x7d,0xef,0x9d,0xf7,0x7d,0xef,0x7d,0xef,0x7d,0xef,0x7d,0xef,0x7d,0xef,0x7d,0xef,0x7c,0xef,0x7d,0xef,
    0x7c,0xef,0x7d,0xef,0x5c,0xef,0x7d,0xef,0x5c,0xef,0x5c,0xef,0x5c,0xe7,0x5d,0xef,0x5c,0xe7,0x5c,0xe7,0x3c,0xe7,0x5c,0xe7,
    0x3c,0xe7,0x3c,0xe7,0x3b,0xe7,0x3c,0xe7,0x3b,0xe7,0x3c,0xe7,0x1b,0xdf,0x1c,0xe7,0x1b,0xdf,0x1b,0xdf,0xfb,0xde,0x1b,0xdf,
    0xfb,0xde,0xfb,0xde,0xfb,0xde,0xfb,0xde,0xda,0xde,0xdb,0xde,0xda,0xd6,0xdb,0xde,0xda,0xd6,0xba,0xd6,0xba,0xd6,0xba,0xd6,
    0xba,0xd6,0xda,0xd6,0xfb,0xde,0x3c,0xe7,0xda,0xd6,0x14,0xa5,0x69,0x4a,0x82,0x10,0x00,0x00,0x00,0x00,0x00,0x00,0x00,0x00,
    0x00,0x00,0x00,0x00,0x00,0x00,0x00,0x00,0x00,0x00,0x00,0x00,0x00,0x00,0x00,0x00,0x00,0x00,0x00,0x00,0x00,0x00,0x00,0x00,
    0x00,0x00,0x00,0x00,0x00,0x00,0x00,0x00,0x00,0x00,0x00,0x00,0x00,0x00,0x00,0x00,0x00,0x00,0x00,0x00,0x00,0x00,0x00,0x00,
    0x00,0x00,0x00,0x00,0x00,0x00,0x00,0x00,0x00,0x00,0x00,0x00,0x00,0x00,0x00,0x00,0x00,0x00,0x00,0x00,0x00,0x00,0x00,0x00,
    0x00,0x00,0x00,0x00,0x00,0x00,0x00,0x00,0x00,0x00,0x00,0x00,0x00,0x00,0x00,0x00,0x00,0x00,0x00,0x00,0x00,0x00,0x00,0x00,
    0x00,0x00,0x00,0x00,0x00,0x00,0x00,0x00,0x00,0x00,0x00,0x00,0x00,0x00,0x00,0x00,0x00,0x00,0x00,0x00,0x00,0x00,0x00,0x00,
    0x00,0x00,0x00,0x00,0x00,0x00,0x00,0x00,0x00,0x00,0x00,0x00,0x00,0x00,0x00,0x00,0x00,0x00,0x00,0x00,0x00,0x00,0x00,0x00,
    0x00,0x00,0x00,0x00,0x00,0x00,0x00,0x00,0x00,0x00,0x00,0x00,0x00,0x00,0x00,0x00,0x00,0x00,0x00,0x00,0x00,0x00,0x00,0x00,
    0x00,0x00,0x00,0x00,0x00,0x00,0x00,0x00,0x00,0x00,0x00,0x00,0x00,0x00,0x00,0x00,0x00,0x00,0x00,0x00,0x00,0x00,0x00,0x00,
    0x00,0x00,0x00,0x00,0x00,0x00,0x00,0x00,0x00,0x00,0x00,0x00,0x00,0x00,0x00,0x00,0x00,0x00,0x00,0x00,0xa2,0x10,0x0c,0x63,
    0x95,0xb5,0x9d,0xef,0x9d,0xef,0x9e,0xf7,0x9d,0xef,0x9d,0xef,0x7d,0xef,0x9d,0xef,0x7c,0xef,0x9d,0xef,0x7d,0xef,0x9d,0xef,
    0x7c,0xef,0x9d,0xef,0x7c,0xef,0x9d,0xef,0x7c,0xef,0x7d,0xef,0x7c,0xef,0x7d,0xef,0x7c,0xef,0x7d,0xef,0x7c,0xef,0x7d,0xef,
    0x7c,0xe7,0x7d,0xef,0x5c,0xe7,0x7d,0xef,0x5c,0xe7,0x5c,0xef,0x5c,0xe7,0x5c,0xef,0x5c,0xe7,0x5c,0xe7,0x3c,0xe7,0x5c,0xe7,
    0x3b,0xe7,0x3c,0xe7,0x3b,0xe7,0x3c,0xe7,0x1b,0xdf,0x3c,0xe7,0x1b,0xdf,0x1c,0xe7,0x1b,0xdf,0x1b,0xdf,0xfb,0xde,0x1b,0xdf,
    0xfb,0xde,0xfb,0xde,0xfb,0xde,0xfb,0xde,0xda,0xd6,0xfb,0xde,0xda,0xd6,0xdb,0xde,0xda,0xd6,0xda,0xd6,0xba,0xd6,0xda,0xd6,
    0xb9,0xce,0xba,0xd6,0x99,0xce,0xba,0xd6,0x99,0xce,0xda,0xd6,0xfb,0xde,0x1b,0xdf,0xba,0xd6,0xf3,0x9c,0x8a,0x52,0x82,0x10,
    0x00,0x00,0x00,0x00,0x00,0x00,0x00,0x00,0x00,0x00,0x00,0x00,0x00,0x00,0x00,0x00,0x00,0x00,0x00,0x00,0x00,0x00,0x00,0x00,
    0x00,0x00,0x00,0x00,0x00,0x00,0x00,0x00,0x00,0x00,0x00,0x00,0x00,0x00,0x00,0x00,0x00,0x00,0x00,0x00,0x00,0x00,0x00,0x00,
    0x00,0x00,0x00,0x00,0x00,0x00,0x00,0x00,0x00,0x00,0x00,0x00,0x00,0x00,0x00,0x00,0x00,0x00,0x00,0x00,0x00,0x00,0x00,0x00,
    0x00,0x00,0x00,0x00,0x00,0x00,0x00,0x00,0x00,0x00,0x00,0x00,0x00,0x00,0x00,0x00,0x00,0x00,0x00,0x00,0x00,0x00,0x00,0x00,
    0x00,0x00,0x00,0x00,0x00,0x00,0x00,0x00,0x00,0x00,0x00,0x00,0x00,0x00,0x00,0x00,0x00,0x00,0x00,0x00,0x00,0x00,0x00,0x00,
    0x00,0x00,0x00,0x00,0x00,0x00,0x00,0x00,0x00,0x00,0x00,0x00,0x00,0x00,0x00,0x00,0x00,0x00,0x00,0x00,0x00,0x00,0x00,0x00,
    0x00,0x00,0x00,0x00,0x00,0x00,0x00,0x00,0x04,0x21,0x25,0x29,0x20,0x00,0x00,0x00,0x00,0x00,0x00,0x00,0x00,0x00,0x00,0x00,
    0x00,0x00,0x00,0x00,0x00,0x00,0x00,0x00,0x00,0x00,0x00,0x00,0x00,0x00,0x00,0x00,0x00,0x00,0x00,0x00,0x00,0x00,0x00,0x00,
    0x00,0x00,0x00,0x00,0x00,0x00,0x00,0x00,0x00,0x00,0x00,0x00,0x00,0x00,0x00,0x00,0x00,0x00,0x00,0x00,0x69,0x4a,0x38,0xc6,
    0x9d,0xf7,0xbe,0xf7,0x9d,0xef,0x9d,0xf7,0x9d,0xef,0x9d,0xf7,0x9d,0xef,0x9d,0xf7,0x9d,0xef,0x9d,0xf7,0x9d,0xef,0x9d,0xf7,
    0x9d,0xef,0x9d,0xf7,0x9d,0xef,0x9d,0xf7,0x9d,0xef,0x9d,0xf7,0x9d,0xef,0x9d,0xf7,0x7d,0xef,0x9d,0xef,0x7d,0xef,0x9d,0xef,
    0x7d,0xef,0x7d,0xef,0x7c,0xef,0x7d,0xef,0x7c,0xef,0x7d,0xef,0x7c,0xef,0x7d,0xef,0x5c,0xef,0x7c,0xef,0x5c,0xe7,0x5c,0xef,
    0x5c,0xe7,0x5c,0xe7,0x3c,0xe7,0x5c,0xe7,0x3c,0xe7,0x3c,0xe7,0x3b,0xe7,0x3c,0xe7,0x1c,0xe7,0x3c,0xe7,0x1b,0xdf,0x1c,0xe7,
    0x1b,0xdf,0x1b,0xe7,0xfb,0xde,0x1b,0xdf,0xfb,0xde,0xfb,0xde,0xfb,0xde,0xfb,0xde,0xda,0xd6,0xdb,0xde,0xda,0xd6,0xdb,0xde,
    0xda,0xd6,0xba,0xd6,0xba,0xd6,0xba,0xd6,0xba,0xd6,0xba,0xd6,0x99,0xce,0x9a,0xd6,0x9a,0xce,0xdb,0xd6,0xfb,0xde,0xfb,0xde,
    0x34,0xa5,0xe7,0x39,0x00,0x00,0x00,0x00,0x00,0x00,0x00,0x00,0x00,0x00,0x00,0x00,0x00,0x00,0x00,0x00,0x00,0x00,0x00,0x00,
    0x00,0x00,0x00,0x00,0x00,0x00,0x00,0x00,0x00,0x00,0x00,0x00,0x00,0x00,0x00,0x00,0x00,0x00,0x00,0x00,0x00,0x00,0x00,0x00,
    0x00,0x00,0x00,0x00,0x00,0x00,0x00,0x00,0x00,0x00,0x41,0x08,0x24,0x21,0x04,0x21,0x00,0x00,0x00,0x00,0x00,0x00,0x00,0x00,
    0x00,0x00,0x00,0x00,0x00,0x00,0x00,0x00,0x00,0x00,0x00,0x00,0x00,0x00,0x00,0x00,0x00,0x00,0x00,0x00,0x00,0x00,0x00,0x00,
    0x00,0x00,0x00,0x00,0x00,0x00,0x00,0x00,0x00,0x00,0x00,0x00,0x00,0x00,0x00,0x00,0x00,0x00,0x00,0x00,0x00,0x00,0x00,0x00,
    0x00,0x00,0x00,0x00,0x00,0x00,0x00,0x00,0x00,0x00,0x00,0x00,0x00,0x00,0x00,0x00,0x00,0x00,0x00,0x00,0x00,0x00,0x00,0x00,
    0x00,0x00,0x00,0x00,0x65,0x29,0x14,0xa5,0x38,0xc6,0x59,0xce,0x38,0xc6,0x18,0xbe,0xd3,0x94,0x08,0x42,0x00,0x00,0x00,0x00,
    0x00,0x00,0x00,0x00,0x00,0x00,0x00,0x00,0x00,0x00,0x00,0x00,0x00,0x00,0x00,0x00,0x00,0x00,0x00,0x00,0x00,0x00,0x00,0x00,
    0x00,0x00,0x00,0x00,0x00,0x00,0x00,0x00,0x00,0x00,0x00,0x00,0x00,0x00,0x00,0x00,0x00,0x00,0xaa,0x52,0x58,0xc6,0xbe,0xf7,
    0x9d,0xef,0x9d,0xf7,0x9d,0xef,0x9d,0xf7,0x9d,0xef,0x9d,0xf7,0x9d,0xef,0x9d,0xf7,0x9d,0xef,0x9d,0xf7,0x9d,0xef,0x9d,0xf7,
    0x9d,0xef,0x9d,0xf7,0x9d,0xef,0x9d,0xf7,0x9d,0xef,0x9d,0xf7,0x9d,0xef,0x9d,0xf7,0x9d,0xef,0x9d,0xf7,0x9d,0xef,0x9d,0xf7,
    0x7d,0xef,0x9d,0xef,0x7d,0xef,0x9d,0xef,0x7c,0xef,0x7d,0xef,0x7c,0xef,0x7d,0xef,0x5c,0xef,0x7d,0xef,0x5c,0xe7,0x7d,0xef,
    0x5c,0xe7,0x5c,0xef,0x5c,0xe7,0x5c,0xef,0x3c,0xe7,0x5c,0xe7,0x3c,0xe7,0x3c,0xe7,0x3b,0xe7,0x3c,0xe7,0x1b,0xdf,0x3c,0xe7,
    0x1b,0xdf,0x1b,0xe7,0x1b,0xdf,0x1b,0xdf,0xfb,0xde,0xfb,0xde,0xfb,0xde,0xfb,0xde,0xda,0xd6,0xfb,0xde,0xda,0xd6,0xdb,0xde,
    0xba,0xd6,0xda,0xd6,0xba,0xd6,0xba,0xd6,0xb9,0xce,0xba,0xd6,0x99,0xce,0xba,0xd6,0x99,0xce,0x9a,0xce,0x79,0xce,0x99,0xce,
    0x99,0xce,0xfb,0xde,0xda,0xd6,0x96,0xad,0x28,0x42,0x00,0x00,0x00,0x00,0x00,0x00,0x00,0x00,0x00,0x00,0x00,0x00,0x00,0x00,
    0x00,0x00,0x00,0x00,0x00,0x00,0x00,0x00,0x00,0x00,0x00,0x00,0x00,0x00,0x00,0x00,0x00,0x00,0x00,0x00,0x00,0x00,0x00,0x00,
    0x00,0x00,0x00,0x00,0x00,0x00,0x00,0x00,0x28,0x42,0x55,0xad,0x58,0xc6,0x59,0xce,0x38,0xc6,0xf7,0xbd,0xb2,0x8c,0x65,0x29,
    0x00,0x00,0x00,0x00,0x00,0x00,0x00,0x00,0x00,0x00,0x00,0x00,0x00,0x00,0x00,0x00,0x00,0x00,0x00,0x00,0x00,0x00,0x00,0x00,
    0x00,0x00,0x00,0x00,0x00,0x00,0x00,0x00,0x00,0x00,0x00,0x00,0x00,0x00,0x00,0x00,0x00,0x00,0x00,0x00,0x00,0x00,0x00,0x00,
    0x00,0x00,0x00,0x00,0x00,0x00,0x00,0x00,0x00,0x00,0x00,0x00,0x00,0x00,0x00,0x00,0x00,0x00,0x00,0x00,0x00,0x00,0x00,0x00,
    0x00,0x00,0x21,0x08,0x4d,0x63,0xba,0xd6,0xda,0xd6,0xda,0xd6,0x9a,0xce,0x9a,0xce,0x58,0xc6,0x18,0xc6,0xd7,0xb5,0xaf,0x73,
    0x41,0x08,0x00,0x00,0x00,0x00,0x00,0x00,0x00,0x00,0x00,0x00,0x00,0x00,0x00,0x00,0x00,0x00,0x00,0x00,0x00,0x00,0x00,0x00,
    0x00,0x00,0x00,0x00,0x00,0x00,0x00,0x00,0x00,0x00,0x00,0x00,0x00,0x00,0x41,0x08,0x0c,0x63,0xda,0xd6,0xbd,0xf7,0xbe,0xf7,
    0x9d,0xf7,0x9d,0xf7,0x9d,0xef,0xbe,0xf7,0x9d,0xf7,0x9e,0xf7,0x9d,0xf7,0xbe,0xf7,0x9d,0xf7,0xbe,0xf7,0x9d,0xf7,0xbe,0xf7,
    0x9d,0xf7,0xbe,0xf7,0x9d,0xf7,0xbe,0xf7,0x9d,0xf7,0xbe,0xf7,0x9d,0xf7,0xbe,0xf7,0x9d,0xf7,0x9d,0xf7,0x9d,0xef,0xbe,0xf7,
    0x9d,0xf7,0x9d,0xf7,0x9d,0xef,0x9d,0xf7,0x9d,0xef,0x9d,0xf7,0x7d,0xef,0x9d,0xf7,0x7d,0xef,0x7d,0xef,0x7c,0xef,0x7d,0xef,
    0x7c,0xef,0x7d,0xef,0x5c,0xef,0x7d,0xef,0x5c,0xef,0x5c,0xef,0x5c,0xe7,0x5c,0xef,0x5c,0xe7,0x3c,0xe7,0x3c,0xe7,0x3c,0xe7,
    0x3c,0xe7,0x3c,0xe7,0x1b,0xdf,0x3c,0xe7,0x1b,0xdf,0x1b,0xe7,0xfb,0xde,0x1b,0xdf,0xfb,0xde,0xfb,0xde,0xfa,0xde,0xfb,0xde,
    0xda,0xd6,0xdb,0xde,0xda,0xd6,0xdb,0xde,0xda,0xd6,0xba,0xd6,0xba,0xd6,0xba,0xd6,0xba,0xd6,0x9a,0xd6,0x99,0xce,0x9a,0xd6,
    0x99,0xce,0x99,0xce,0x79,0xce,0xba,0xd6,0xdb,0xd6,0xfb,0xde,0xd6,0xb5,0xaa,0x52,0x21,0x08,0x00,0x00,0x00,0x00,0x00,0x00,
    0x00,0x00,0x00,0x00,0x00,0x00,0x00,0x00,0x00,0x00,0x00,0x00,0x00,0x00,0x00,0x00,0x00,0x00,0x00,0x00,0x00,0x00,0x00,0x00,
    0x00,0x00,0x00,0x00,0x00,0x00,0x62,0x10,0x51,0x84,0xba,0xd6,0xba,0xd6,0xda,0xd6,0xba,0xce,0x79,0xce,0x38,0xc6,0x18,0xbe,
    0xd7,0xb5,0xeb,0x5a,0x00,0x00,0x00,0x00,0x00,0x00,0x00,0x00,0x00,0x00,0x00,0x00,0x00,0x00,0x00,0x00,0x00,0x00,0x00,0x00,
    0x00,0x00,0x00,0x00,0x00,0x00,0x00,0x00,0x00,0x00,0x00,0x00,0x00,0x00,0x00,0x00,0x00,0x00,0x00,0x00,0x00,0x00,0x00,0x00,
    0x00,0x00,0x00,0x00,0x00,0x00,0x00,0x00,0x00,0x00,0x00,0x00,0x00,0x00,0x00,0x00,0x00,0x00,0x00,0x00,0x00,0x00,0x00,0x00,
    0x00,0x00,0x00,0x00,0x6d,0x6b,0xba,0xd6,0xda,0xd6,0x1c,0xe7,0x3c,0xe7,0xfb,0xde,0x99,0xce,0x79,0xce,0x38,0xbe,0xf7,0xbd,
    0xb6,0xad,0xef,0x7b,0x00,0x00,0x00,0x00,0x00,0x00,0x00,0x00,0x00,0x00,0x00,0x00,0x00,0x00,0x00,0x00,0x00,0x00,0x00,0x00,
    0x00,0x00,0x00,0x00,0x00,0x00,0x00,0x00,0x00,0x00,0x00,0x00,0x00,0x00,0x49,0x4a,0xda,0xd6,0xbe,0xf7,0x9d,0xef,0x9d,0xf7,
    0x9d,0xef,0x9d,0xf7,0x9d,0xef,0x9d,0xf7,0x9d,0xef,0xbd,0xf7,0x9d,0xef,0xbd,0xf7,0x9d,0xef,0xbd,0xf7,0x9d,0xef,0xbe,0xf7,
    0x9d,0xef,0xbd,0xf7,0x9d,0xf7,0xbe,0xf7,0x9d,0xef,0xbd,0xf7,0x9d,0xef,0xbd,0xf7,0x9d,0xef,0xbd,0xf7,0x9d,0xef,0x9d,0xf7,
    0x9d,0xef,0x9d,0xf7,0x9d,0xef,0x9d,0xf7,0x9d,0xef,0x9d,0xef,0x7d,0xef,0x9d,0xef,0x7c,0xef,0x7d,0xef,0x7c,0xef,0x7d,0xef,
    0x7c,0xef,0x7d,0xef,0x5c,0xe7,0x7d,0xef,0x5c,0xe7,0x5c,0xef,0x5c,0xe7,0x5c,0xe7,0x3c,0xe7,0x5c,0xe7,0x3b,0xe7,0x3c,0xe7,
    0x3b,0xdf,0x3c,0xe7,0x1b,0xdf,0x1c,0xe7,0x1b,0xdf,0x1b,0xe7,0xfb,0xde,0x1b,0xdf,0xfb,0xde,0xfb,0xde,0xfb,0xde,0xfb,0xde,
    0xda,0xd6,0xdb,0xde,0xda,0xd6,0xda,0xde,0xba,0xd6,0xda,0xd6,0xba,0xd6,0xba,0xd6,0x99,0xce,0xba,0xd6,0x99,0xce,0x9a,0xd6,
    0x99,0xce,0x99,0xce,0x79,0xce,0x79,0xce,0x79,0xc6,0x79,0xce,0x79,0xce,0xdb,0xd6,0xda,0xd6,0xd7,0xb5,0xe7,0x39,0x00,0x00,
    0x00,0x00,0x00,0x00,0x00,0x00,0x00,0x00,0x00,0x00,0x00,0x00,0x00,0x00,0x00,0x00,0x00,0x00,0x00,0x00,0x00,0x00,0x00,0x00,
    0x00,0x00,0x00,0x00,0x00,0x00,0x00,0x00,0x92,0x8c,0xba,0xd6,0xfa,0xde,0x3c,0xe7,0x3b,0xe7,0xfb,0xde,0x99,0xce,0x59,0xc6,
    0x17,0xbe,0xf7,0xbd,0xb6,0xad,0xec,0x5a,0x00,0x00,0x00,0x00,0x00,0x00,0x00,0x00,0x00,0x00,0x00,0x00,0x00,0x00,0x00,0x00,
    0x00,0x00,0x00,0x00,0x00,0x00,0x00,0x00,0x00,0x00,0x00,0x00,0x00,0x00,0x00,0x00,0x00,0x00,0x00,0x00,0x00,0x00,0x00,0x00,
    0x00,0x00,0x00,0x00,0x00,0x00,0x00,0x00,0x00,0x00,0x00,0x00,0x00,0x00,0x00,0x00,0x00,0x00,0x00,0x00,0x00,0x00,0x00,0x00,
    0x00,0x00,0x00,0x00,0x65,0x29,0x79,0xce,0xda,0xd6,0x7d,0xef,0xbe,0xf7,0xbe,0xf7,0x7d,0xef,0xda,0xde,0x79,0xce,0x59,0xc6,
    0x17,0xbe,0xd7,0xb5,0x96,0xad,0x29,0x42,0x00,0x00,0x00,0x00,0x00,0x00,0x00,0x00,0x00,0x00,0x00,0x00,0x00,0x00,0x00,0x00,
    0x00,0x00,0x00,0x00,0x00,0x00,0x00,0x00,0x00,0x00,0x00,0x00,0xa2,0x18,0x75,0xad,0xbe,0xf7,0xbe,0xf7,0x9d,0xef,0x9d,0xf7,
    0x9d,0xf7,0xbd,0xf7,0x9d,0xf7,0xbe,0xf7,0xbd,0xf7,0xbe,0xf7,0xbd,0xf7,0xbe,0xf7,0xbd,0xf7,0xbe,0xf7,0xbd,0xf7,0xbe,0xf7,
    0xbd,0xf7,0xbe,0xf7,0xbd,0xf7,0xbe,0xf7,0xbd,0xf7,0xbe,0xf7,0xbd,0xf7,0xbe,0xf7,0xbd,0xf7,0xbe,0xf7,0xbd,0xf7,0xbe,0xf7,
    0xbd,0xf7,0xbe,0xf7,0x9d,0xf7,0xbe,0xf7,0x9d,0xf7,0x9d,0xf7,0x9d,0xef,0x9d,0xf7,0x9d,0xef,0x9d,0xf7,0x9d,0xef,0x9d,0xf7,
    0x7d,0xef,0x7d,0xef,0x7c,0xef,0x7d,0xef,0x7c,0xef,0x7d,0xef,0x5c,0xe7,0x7d,0xef,0x5c,0xe7,0x5c,0xef,0x5c,0xe7,0x5c,0xef,
    0x3c,0xe7,0x3c,0xe7,0x3c,0xe7,0x3c,0xe7,0x3c,0xe7,0x3c,0xe7,0x1b,0xdf,0x1c,0xe7,0x1b,0xdf,0x1b,0xe7,0xfb,0xde,0x1b,0xdf,
    0xfb,0xde,0xfb,0xde,0xda,0xde,0xfb,0xde,0xda,0xd6,0xdb,0xde,0xda,0xd6,0xda,0xd6,0xba,0xd6,0xba,0xd6,0xba,0xd6,0xba,0xd6,
    0x9a,0xce,0x9a,0xd6,0x99,0xce,0x9a,0xce,0x99,0xce,0x79,0xce,0x79,0xce,0x79,0xce,0x79,0xc6,0x79,0xce,0xba,0xd6,0xdb,0xd6,
    0x71,0x8c,0xa3,0x18,0x00,0x00,0x00,0x00,0x00,0x00,0x00,0x00,0x00,0x00,0x00,0x00,0x00,0x00,0x00,0x00,0x00,0x00,0x00,0x00,
    0x00,0x00,0x00,0x00,0x00,0x00,0x00,0x00,0x8a,0x52,0x9a,0xce,0xda,0xd6,0x7d,0xef,0xbe,0xf7,0xbe,0xf7,0x5c,0xe7,0xda,0xd6,
    0x79,0xce,0x38,0xc6,0xf7,0xbd,0xd7,0xb5,0x75,0xad,0x25,0x29,0x00,0x00,0x00,0x00,0x00,0x00,0x00,0x00,0x00,0x00,0x00,0x00,
    0x00,0x00,0x00,0x00,0x00,0x00,0x00,0x00,0x00,0x00,0x00,0x00,0x00,0x00,0x00,0x00,0x00,0x00,0x00,0x00,0x00,0x00,0x00,0x00,
    0x00,0x00,0x00,0x00,0x00,0x00,0x00,0x00,0x00,0x00,0x00,0x00,0x00,0x00,0x00,0x00,0x00,0x00,0x00,0x00,0x00,0x00,0x00,0x00,
    0x00,0x00,0x00,0x00,0x00,0x00,0x51,0x8c,0x79,0xce,0x1b,0xdf,0x9d,0xef,0xbe,0xf7,0xbd,0xf7,0x7d,0xef,0xda,0xd6,0x99,0xce,
    0x38,0xc6,0x18,0xbe,0xb6,0xb5,0x96,0xad,0x71,0x8c,0x00,0x00,0x00,0x00,0x00,0x00,0x00,0x00,0x00,0x00,0x00,0x00,0x00,0x00,
    0x00,0x00,0x00,0x00,0x00,0x00,0x00,0x00,0x00,0x00,0x00,0x00,0x0c,0x63,0x5c,0xe7,0xbd,0xf7,0x9d,0xf7,0x9d,0xef,0xbd,0xf7,
    0x9d,0xef,0xbd,0xf7,0x9d,0xf7,0xbe,0xf7,0x9d,0xef,0xbe,0xf7,0xbd,0xf7,0xbe,0xf7,0xbd,0xf7,0xbe,0xf7,0xbd,0xf7,0xbe,0xf7,
    0xbd,0xf7,0xbe,0xf7,0xbd,0xf7,0xbe,0xf7,0xbd,0xf7,0xbe,0xf7,0xbd,0xf7,0xbe,0xf7,0xbd,0xf7,0xbe,0xf7,0xbd,0xf7,0xbe,0xf7,
    0xbd,0xf7,0xbe,0xf7,0x9d,0xf7,0xbe,0xf7,0x9d,0xef,0xbd,0xf7,0x9d,0xf7,0xbd,0xf7,0x9d,0xef,0x9d,0xf7,0x9d,0xef,0x9d,0xf7,
    0x7d,0xef,0x9d,0xef,0x7d,0xef,0x9d,0xef,0x7c,0xef,0x7d,0xef,0x7c,0xef,0x7d,0xef,0x5c,0xe7,0x5c,0xef,0x5c,0xe7,0x5c,0xef,
    0x3c,0xe7,0x5c,0xe7,0x3c,0xe7,0x5c,0xe7,0x3b,0xe7,0x3c,0xe7,0x3b,0xdf,0x3c,0xe7,0x1b,0xdf,0x1b,0xe7,0x1b,0xdf,0x1b,0xdf,
    0xfb,0xde,0xfb,0xde,0xfb,0xde,0xfb,0xde,0xda,0xd6,0xdb,0xde,0xda,0xd6,0xda,0xd6,0xba,0xd6,0xba,0xd6,0xba,0xd6,0xba,0xd6,
    0x99,0xce,0xba,0xd6,0x99,0xce,0x9a,0xd6,0x79,0xce,0x99,0xce,0x79,0xce,0x79,0xce,0x59,0xc6,0x79,0xce,0x58,0xc6,0x59,0xc6,
    0x79,0xc6,0xdb,0xd6,0x38,0xc6,0x8a,0x52,0x00,0x00,0x00,0x00,0x00,0x00,0x00,0x00,0x00,0x00,0x00,0x00,0x00,0x00,0x00,0x00,
    0x00,0x00,0x00,0x00,0x00,0x00,0x00,0x00,0x00,0x00,0x95,0xad,0x99,0xce,0x3c,0xe7,0x9d,0xef,0xbe,0xf7,0xbe,0xf7,0x5c,0xef,
    0xba,0xd6,0x79,0xce,0x38,0xc6,0xf7,0xbd,0xb6,0xad,0x96,0xad,0x6d,0x6b,0x00,0x00,0x00,0x00,0x00,0x00,0x00,0x00,0x00,0x00,
    0x00,0x00,0x00,0x00,0x00,0x00,0x00,0x00,0x00,0x00,0x00,0x00,0x00,0x00,0x00,0x00,0x00,0x00,0x00,0x00,0x00,0x00,0x00,0x00,
    0x00,0x00,0x00,0x00,0x00,0x00,0x00,0x00,0x00,0x00,0x00,0x00,0x00,0x00,0x00,0x00,0x00,0x00,0x00,0x00,0x00,0x00,0x00,0x00,
    0x00,0x00,0x00,0x00,0x00,0x00,0x00,0x00,0xd7,0xb5,0x79,0xce,0xfb,0xde,0x9e,0xf7,0x9d,0xf7,0x7d,0xef,0xfb,0xde,0xda,0xd6,
    0x79,0xce,0x38,0xc6,0xf7,0xbd,0xd7,0xb5,0x96,0xad,0x14,0x9d,0x82,0x10,0x00,0x00,0x00,0x00,0x00,0x00,0x00,0x00,0x00,0x00,
    0x00,0x00,0x00,0x00,0x00,0x00,0x00,0x00,0x00,0x00,0x86,0x31,0x58,0xc6,0xbe,0xf7,0xbe,0xf7,0x9d,0xf7,0x9d,0xf7,0xbe,0xf7,
    0xbd,0xf7,0xbe,0xf7,0xbd,0xf7,0xbe,0xf7,0xbe,0xf7,0xbe,0xf7,0xbd,0xf7,0xbe,0xf7,0xbe,0xf7,0xbe,0xf7,0xbd,0xf7,0xbe,0xf7,
    0xbe,0xf7,0xbe,0xf7,0xbd,0xf7,0xbe,0xf7,0xbe,0xf7,0xbe,0xf7,0xbd,0xf7,0xbe,0xf7,0xbe,0xf7,0xbe,0xf7,0xbd,0xf7,0xbe,0xf7,
    0xbe,0xf7,0xbe,0xf7,0xbd,0xf7,0xbe,0xf7,0xbe,0xf7,0xbe,0xf7,0xbd,0xf7,0x9d,0xf7,0xda,0xd6,0x18,0xc6,0x95,0xad,0x75,0xad,
    0x35,0xa5,0x34,0xa5,0xf3,0x9c,0xf3,0x9c,0xb2,0x94,0x92,0x94,0x92,0x8c,0xb3,0x94,0xd3,0x94,0xf4,0x9c,0x14,0x9d,0x35,0xa5,
    0x35,0xa5,0x75,0xad,0xd7,0xb5,0x9a,0xce,0x1b,0xdf,0x3c,0xe7,0x3c,0xe7,0x3c,0xe7,0x3c,0xe7,0x3c,0xe7,0x1b,0xdf,0x3c,0xe7,
    0x1b,0xdf,0x1b,0xdf,0xfb,0xde,0x1b,0xdf,0xfb,0xde,0xfb,0xde,0xda,0xd6,0xfb,0xde,0xda,0xd6,0xdb,0xde,0xba,0xd6,0xda,0xd6,
    0xba,0xd6,0xba,0xd6,0xba,0xce,0xba,0xd6,0x99,0xce,0x9a,0xd6,0x99,0xce,0x9a,0xd6,0x79,0xce,0x79,0xce,0x79,0xce,0x79,0xce,
    0x59,0xc6,0x59,0xce,0x58,0xc6,0x9a,0xd6,0xda,0xd6,0x55,0xa5,0x45,0x29,0x00,0x00,0x00,0x00,0x00,0x00,0x00,0x00,0x00,0x00,
    0x00,0x00,0x00,0x00,0x00,0x00,0x00,0x00,0x00,0x00,0xc3,0x18,0x38,0xc6,0x9a,0xce,0x1b,0xdf,0x9e,0xf7,0x9d,0xf7,0x7d,0xef,
    0xfb,0xde,0xba,0xd6,0x59,0xc6,0x38,0xc6,0xf7,0xbd,0xb7,0xb5,0x75,0xad,0xb3,0x94,0x00,0x00,0x00,0x00,0x00,0x00,0x00,0x00,
    0x00,0x00,0x00,0x00,0x00,0x00,0x00,0x00,0x00,0x00,0x00,0x00,0x00,0x00,0x00,0x00,0x00,0x00,0x00,0x00,0x00,0x00,0x00,0x00,
    0x00,0x00,0x00,0x00,0x00,0x00,0x00,0x00,0x00,0x00,0x00,0x00,0x00,0x00,0x00,0x00,0x00,0x00,0x00,0x00,0x00,0x00,0x00,0x00,
    0x00,0x00,0x00,0x00,0x00,0x00,0x00,0x00,0x45,0x29,0x18,0xbe,0x58,0xc6,0x99,0xce,0xda,0xd6,0xfb,0xde,0xda,0xd6,0xda,0xd6,
    0x79,0xce,0x59,0xc6,0x17,0xbe,0xf7,0xbd,0x96,0xad,0x76,0xad,0xf3,0x94,0xa7,0x31,0x00,0x00,0x00,0x00,0x00,0x00,0x00,0x00,
    0x00,0x00,0x00,0x00,0x00,0x00,0x00,0x00,0x61,0x08,0x71,0x8c,0x9d,0xef,0xbe,0xf7,0x9d,0xef,0x9d,0xf7,0x9d,0xef,0xbd,0xf7,
    0x9d,0xef,0xbd,0xf7,0xbd,0xf7,0xbe,0xf7,0xbd,0xf7,0xbe,0xf7,0xbd,0xf7,0xbe,0xf7,0xbd,0xf7,0xbe,0xf7,0xbd,0xf7,0xbe,0xf7,
    0xbd,0xf7,0xbe,0xf7,0xbd,0xf7,0xbe,0xf7,0xbd,0xf7,0xbe,0xf7,0xbd,0xf7,0xbe,0xf7,0xbd,0xf7,0xbe,0xf7,0xbd,0xf7,0xbe,0xf7,
    0xbd,0xf7,0xbe,0xf7,0xbd,0xf7,0xfb,0xde,0x17,0xbe,0x75,0xad,0xb2,0x94,0x10,0x7c,0x6e,0x6b,0x8e,0x6b,0x8e,0x6b,0x8e,0x6b,
    0x6e,0x6b,0x8e,0x6b,0x8e,0x6b,0x8e,0x6b,0x6e,0x6b,0x8e,0x6b,0x8e,0x6b,0x8e,0x6b,0x6e,0x6b,0x8e,0x6b,0x8e,0x6b,0x8e,0x6b,
    0x6e,0x6b,0x8e,0x6b,0x8e,0x6b,0x8e,0x6b,0x6e,0x6b,0x8e,0x6b,0xef,0x7b,0xb2,0x94,0x34,0x9d,0xd7,0xb5,0x79,0xce,0x1c,0xe7,
    0x1b,0xdf,0x1b,0xdf,0xfb,0xde,0x1b,0xdf,0xfb,0xde,0xfb,0xde,0xfa,0xde,0xfb,0xde,0xda,0xd6,0xda,0xde,0xda,0xd6,0xda,0xd6,
    0xba,0xd6,0xba,0xd6,0xba,0xd6,0xba,0xd6,0x99,0xce,0x9a,0xce,0x99,0xce,0x99,0xce,0x79,0xce,0x79,0xce,0x79,0xc6,0x79,0xce,
    0x58,0xc6,0x59,0xc6,0x58,0xc6,0x58,0xc6,0x38,0xbe,0x58,0xc6,0x9a,0xce,0x9a,0xd6,0x8e,0x73,0x41,0x08,0x00,0x00,0x00,0x00,
    0x00,0x00,0x00,0x00,0x00,0x00,0x00,0x00,0x00,0x00,0x00,0x00,0x28,0x42,0x38,0xc6,0x58,0xc6,0x9a,0xce,0xda,0xd6,0xfb,0xde,
    0xda,0xd6,0xba,0xd6,0x79,0xce,0x58,0xc6,0x17,0xbe,0xd7,0xb5,0x96,0xad,0x75,0xad,0xd3,0x94,0xc3,0x18,0x00,0x00,0x00,0x00,
    0x00,0x00,0x00,0x00,0x00,0x00,0x00,0x00,0x00,0x00,0x00,0x00,0x00,0x00,0x00,0x00,0x00,0x00,0x00,0x00,0x00,0x00,0x00,0x00,
    0x00,0x00,0x00,0x00,0x00,0x00,0x00,0x00,0x00,0x00,0x00,0x00,0x00,0x00,0x00,0x00,0x00,0x00,0x00,0x00,0x00,0x00,0x00,0x00,
    0x00,0x00,0x00,0x00,0x00,0x00,0x00,0x00,0x00,0x00,0xec,0x5a,0xf7,0xbd,0x38,0xc6,0x58,0xc6,0x79,0xce,0x99,0xce,0x9a,0xd6,
    0x79,0xce,0x59,0xc6,0x38,0xbe,0x18,0xbe,0xd7,0xb5,0xb6,0xad,0x55,0xa5,0xd3,0x94,0xaa,0x52,0x00,0x00,0x00,0x00,0x00,0x00,
    0x00,0x00,0x00,0x00,0x00,0x00,0x00,0x00,0x45,0x29,0x99,0xd6,0xbe,0xf7,0xbe,0xf7,0x9d,0xf7,0xbd,0xf7,0x9d,0xf7,0xbe,0xf7,
    0xbd,0xf7,0xbe,0xf7,0xbd,0xf7,0xbe,0xf7,0xbd,0xf7,0xbe,0xf7,0xbd,0xf7,0xbe,0xf7,0xbd,0xf7,0xbe,0xf7,0xbd,0xf7,0xbe,0xf7,
    0xbd,0xf7,0xbe,0xf7,0xbd,0xf7,0xbe,0xf7,0xbd,0xf7,0xbe,0xf7,0xbd,0xf7,0xbe,0xf7,0xbd,0xf7,0xbe,0xf7,0xbd,0xf7,0xbe,0xf7,
    0xda,0xd6,0xd7,0xbd,0xd3,0x94,0xcf,0x7b,0x8e,0x6b,0x8e,0x6b,0x8e,0x6b,0x8f,0x73,0x8e,0x6b,0x8e,0x6b,0x8e,0x6b,0x8f,0x73,
    0x8e,0x6b,0x8e,0x6b,0xcf,0x73,0xf0,0x7b,0x10,0x7c,0x31,0x84,0x51,0x84,0x72,0x8c,0x71,0x8c,0x51,0x84,0x30,0x7c,0x10,0x84,
    0xef,0x73,0xcf,0x73,0x8e,0x6b,0x8f,0x73,0x8e,0x6b,0x8e,0x6b,0x8e,0x6b,0x8f,0x73,0x8e,0x6b,0x8e,0x6b,0x8e,0x6b,0x8f,0x73,
    0xaf,0x73,0xb3,0x94,0x75,0xad,0x59,0xce,0x1b,0xdf,0x1b,0xdf,0xfb,0xde,0x1b,0xdf,0xfb,0xde,0xfb,0xde,0xda,0xd6,0xfb,0xde,
    0xda,0xd6,0xda,0xd6,0xba,0xd6,0xda,0xd6,0xba,0xd6,0xba,0xd6,0x99,0xce,0xba,0xd6,0x99,0xce,0x9a,0xce,0x79,0xce,0x99,0xce,
    0x79,0xce,0x79,0xce,0x59,0xc6,0x79,0xce,0x58,0xc6,0x59,0xc6,0x38,0xc6,0x38,0xc6,0x58,0xc6,0xba,0xd6,0x75,0xad,0x04,0x21,
    0x00,0x00,0x00,0x00,0x00,0x00,0x00,0x00,0x00,0x00,0x00,0x00,0x00,0x00,0xef,0x7b,0x17,0xbe,0x38,0xc6,0x58,0xc6,0x9a,0xce,
    0x99,0xce,0x9a,0xce,0x79,0xce,0x59,0xce,0x38,0xbe,0xf8,0xbd,0xb6,0xb5,0x96,0xad,0x35,0xa5,0xb3,0x94,0xc7,0x39,0x00,0x00,
    0x00,0x00,0x00,0x00,0x00,0x00,0x00,0x00,0x00,0x00,0x00,0x00,0x00,0x00,0x00,0x00,0x00,0x00,0x00,0x00,0x00,0x00,0x00,0x00,
    0x00,0x00,0x00,0x00,0x00,0x00,0x00,0x00,0x00,0x00,0x00,0x00,0x00,0x00,0x00,0x00,0x00,0x00,0x00,0x00,0x00,0x00,0x00,0x00,
    0x00,0x00,0x00,0x00,0x00,0x00,0x00,0x00,0x00,0x00,0x00,0x00,0xe3,0x18,0xd7,0xb5,0xf7,0xbd,0x38,0xc6,0x38,0xc6,0x59,0xc6,
    0x38,0xc6,0x58,0xc6,0x18,0xbe,0x18,0xbe,0xd6,0xb5,0xb6,0xb5,0x75,0xad,0x14,0x9d,0x72,0x8c,0x66,0x29,0x00,0x00,0x00,0x00,
    0x00,0x00,0x00,0x00,0x00,0x00,0x00,0x00,0x0b,0x5b,0x7d,0xef,0x9d,0xf7,0x9d,0xf7,0x9d,0xef,0xbd,0xf7,0x9d,0xf7,0xbe,0xf7,
    0xbd,0xf7,0xbe,0xf7,0xbd,0xf7,0xbe,0xf7,0xbd,0xf7,0xbe,0xf7,0xbd,0xf7,0xbe,0xf7,0xbd,0xf7,0xbe,0xf7,0xbd,0xf7,0xbe,0xf7,
    0xbd,0xf7,0xbe,0xf7,0xbd,0xf7,0xbe,0xf7,0xbd,0xf7,0xbe,0xf7,0xbd,0xf7,0xbe,0xf7,0xbd,0xf7,0x3c,0xe7,0xd6,0xb5,0xb3,0x94,
    0xae,0x6b,0x8e,0x6b,0x8e,0x6b,0x8e,0x6b,0x8e,0x6b,0x8e,0x6b,0xae,0x6b,0x51,0x84,0xd2,0x94,0x75,0xad,0xf7,0xbd,0x99,0xd6,
    0xb9,0xd6,0x58,0xc6,0xd6,0xb5,0x96,0xb5,0x54,0xa5,0x14,0xa5,0xd2,0x94,0x92,0x94,0x30,0x84,0x51,0x8c,0x71,0x8c,0xd2,0x94,
    0xf3,0x9c,0x34,0xa5,0x55,0xad,0x96,0xb5,0xf7,0xbd,0x79,0xce,0x38,0xc6,0xb6,0xb5,0x34,0xa5,0xb2,0x94,0x10,0x7c,0x8e,0x6b,
    0x8e,0x6b,0x8e,0x6b,0x8e,0x6b,0x8e,0x6b,0x8e,0x6b,0xaf,0x73,0x91,0x8c,0x75,0xad,0x99,0xce,0xfb,0xde,0xfa,0xd6,0xfb,0xde,
    0xda,0xd6,0xda,0xd6,0xda,0xd6,0xda,0xd6,0xba,0xd6,0xba,0xd6,0xb9,0xce,0xba,0xd6,0x99,0xce,0x9a,0xd6,0x99,0xce,0x9a,0xce,
    0x79,0xce,0x79,0xce,0x79,0xc6,0x79,0xce,0x58,0xc6,0x59,0xc6,0x38,0xc6,0x58,0xc6,0x38,0xbe,0x38,0xc6,0x17,0xbe,0x9a,0xce,
    0x58,0xc6,0x69,0x4a,0x00,0x00,0x00,0x00,0x00,0x00,0x00,0x00,0x00,0x00,0x00,0x00,0xe7,0x39,0xf7,0xb5,0xf7,0xbd,0x38,0xc6,
    0x38,0xc6,0x59,0xc6,0x38,0xc6,0x38,0xc6,0x17,0xbe,0xf7,0xbd,0xd6,0xb5,0xb6,0xb5,0x75,0xa5,0xf4,0x9c,0x71,0x84,0xa3,0x18,
    0x00,0x00,0x00,0x00,0x00,0x00,0x00,0x00,0x00,0x00,0x00,0x00,0x00,0x00,0x00,0x00,0x00,0x00,0x00,0x00,0x00,0x00,0x00,0x00,
    0x00,0x00,0x00,0x00,0x00,0x00,0x00,0x00,0x00,0x00,0x00,0x00,0x00,0x00,0x00,0x00,0x00,0x00,0x00,0x00,0x00,0x00,0x00,0x00,
    0x00,0x00,0x00,0x00,0x00,0x00,0x00,0x00,0x00,0x00,0x00,0x00,0x00,0x00,0x00,0x00,0x75,0xad,0xd7,0xb5,0xf7,0xb5,0x18,0xbe,
    0x18,0xbe,0x18,0xbe,0x17,0xbe,0xf8,0xbd,0xd7,0xb5,0xb6,0xb5,0x96,0xad,0x35,0xa5,0xd3,0x94,0x51,0x84,0xa2,0x10,0x00,0x00,
    0x00,0x00,0x00,0x00,0x00,0x00,0x62,0x10,0x55,0xad,0xbe,0xf7,0x9d,0xf7,0xbe,0xf7,0x9d,0xf7,0xbe,0xf7,0xbd,0xf7,0xbe,0xf7,
    0xbe,0xf7,0xbe,0xf7,0xbd,0xf7,0xbe,0xf7,0xbe,0xf7,0xbe,0xf7,0xbd,0xf7,0xbe,0xf7,0xbe,0xf7,0xbe,0xf7,0xbd,0xf7,0xbe,0xf7,
    0xbe,0xf7,0xbe,0xf7,0xbd,0xf7,0xbe,0xf7,0xbe,0xf7,0xbe,0xf7,0xbd,0xf7,0x5c,0xef,0xd6,0xb5,0x72,0x8c,0x8e,0x6b,0x8f,0x73,
    0x8e,0x6b,0x8e,0x6b,0x8e,0x6b,0xd0,0x7b,0xd3,0x94,0xd7,0xbd,0xda,0xd6,0x79,0xce,0x34,0xa5,0x51,0x8c,0x4d,0x6b,0x6a,0x4a,
    0x65,0x29,0xe4,0x18,0xc3,0x18,0xe4,0x18,0xc3,0x18,0xc4,0x18,0xc3,0x18,0xc4,0x18,0xc3,0x18,0xc4,0x18,0xc3,0x18,0xc4,0x18,
    0xc3,0x18,0xc4,0x18,0xc3,0x18,0xc4,0x18,0xc3,0x18,0xc4,0x18,0xc3,0x18,0x46,0x29,0x29,0x42,0x2c,0x63,0x10,0x7c,0x14,0xa5,
    0x17,0xbe,0x79,0xce,0x95,0xad,0xb3,0x94,0xaf,0x73,0x8e,0x6b,0x8e,0x6b,0x8f,0x73,0x8e,0x6b,0x8e,0x6b,0x51,0x84,0x76,0xad,
    0x99,0xce,0xfb,0xde,0xda,0xd6,0xdb,0xde,0xda,0xd6,0xda,0xd6,0xba,0xd6,0xba,0xd6,0xba,0xd6,0xba,0xd6,0x99,0xce,0x9a,0xd6,
    0x99,0xce,0x9a,0xce,0x79,0xce,0x79,0xce,0x79,0xce,0x79,0xce,0x59,0xc6,0x59,0xce,0x58,0xc6,0x58,0xc6,0x38,0xc6,0x38,0xc6,
    0x18,0xbe,0x59,0xce,0xba,0xd6,0x71,0x8c,0x41,0x08,0x00,0x00,0x00,0x00,0x00,0x00,0x00,0x00,0xe4,0x20,0xb6,0xb5,0xf7,0xbd,
    0xf7,0xbd,0x18,0xbe,0x17,0xbe,0x18,0xc6,0x17,0xbe,0xf7,0xbd,0xd7,0xb5,0xb7,0xb5,0x76,0xad,0x35,0xa5,0xb2,0x8c,0x10,0x7c,
    0x00,0x00,0x00,0x00,0x00,0x00,0x00,0x00,0x00,0x00,0x00,0x00,0x00,0x00,0x00,0x00,0x00,0x00,0x00,0x00,0x00,0x00,0x00,0x00,
    0x00,0x00,0x00,0x00,0x00,0x00,0x00,0x00,0x00,0x00,0x00,0x00,0x00,0x00,0x00,0x00,0x00,0x00,0x00,0x00,0x00,0x00,0x00,0x00,
    0x00,0x00,0x00,0x00,0x00,0x00,0x00,0x00,0x00,0x00,0x00,0x00,0x00,0x00,0x00,0x00,0x00,0x00,0x0c,0x63,0x96,0xad,0xb7,0xb5,
    0xb6,0xb5,0xd7,0xb5,0xd6,0xb5,0xd7,0xb5,0xb6,0xad,0xb6,0xad,0x75,0xa5,0x35,0xa5,0xd2,0x94,0x71,0x84,0xcb,0x52,0x00,0x00,
    0x00,0x00,0x00,0x00,0x00,0x00,0x86,0x31,0xba,0xd6,0xbe,0xf7,0x9d,0xef,0x9d,0xf7,0x9d,0xef,0xbd,0xf7,0x9d,0xf7,0xbe,0xf7,
    0xbd,0xf7,0xbe,0xf7,0xbd,0xf7,0xbe,0xf7,0xbd,0xf7,0xbe,0xf7,0xbd,0xf7,0xbe,0xf7,0xbd,0xf7,0xbe,0xf7,0xbd,0xf7,0xbe,0xf7,
    0xbd,0xf7,0xbe,0xf7,0xbd,0xf7,0xbe,0xf7,0xbd,0xf7,0x3c,0xe7,0xd6,0xb5,0x72,0x8c,0x6e,0x6b,0x8e,0x6b,0x8e,0x6b,0x8e,0x6b,
    0x6e,0x6b,0xb2,0x94,0xb6,0xb5,0xda,0xd6,0x58,0xce,0xb2,0x94,0xeb,0x5a,0x45,0x29,0xc3,0x10,0xc3,0x18,0xc3,0x18,0xc4,0x18,
    0xc3,0x10,0xc3,0x18,0xc3,0x18,0xc3,0x18,0xc3,0x10,0xc3,0x18,0xc3,0x10,0xc3,0x18,0xc3,0x10,0xc3,0x18,0xe7,0x7a,0x08,0x83,
    0xc3,0x18,0xc3,0x18,0xc3,0x10,0xc3,0x18,0xa3,0x10,0xc3,0x18,0xa3,0x10,0xc3,0x18,0xa3,0x10,0xc3,0x18,0xa3,0x10,0xc3,0x18,
    0xa3,0x10,0xc3,0x18,0x24,0x21,0xcb,0x5a,0x51,0x84,0xf7,0xbd,0x58,0xc6,0x75,0xad,0x71,0x8c,0x8e,0x6b,0x8e,0x6b,0x8e,0x6b,
    0x6e,0x6b,0x8e,0x6b,0x51,0x84,0x75,0xad,0x79,0xc6,0xda,0xd6,0xba,0xd6,0xda,0xd6,0xba,0xce,0xba,0xd6,0x99,0xce,0xba,0xd6,
    0x99,0xce,0x99,0xce,0x79,0xce,0x99,0xce,0x79,0xc6,0x79,0xce,0x58,0xc6,0x79,0xce,0x58,0xc6,0x58,0xc6,0x38,0xc6,0x38,0xc6,
    0x17,0xbe,0x18,0xbe,0x17,0xbe,0x18,0xbe,0x99,0xce,0x96,0xad,0x24,0x21,0x00,0x00,0x00,0x00,0x00,0x00,0x00,0x00,0xef,0x7b,
    0x96,0xad,0xb7,0xb5,0xd6,0xb5,0xd7,0xb5,0xd6,0xb5,0xd7,0xb5,0xb6,0xad,0x96,0xad,0x75,0xa5,0x34,0x9d,0xb2,0x94,0x51,0x84,
    0x08,0x3a,0x00,0x00,0x00,0x00,0x00,0x00,0x00,0x00,0x00,0x00,0x00,0x00,0x00,0x00,0x00,0x00,0x00,0x00,0x00,0x00,0x00,0x00,
    0x00,0x00,0x00,0x00,0x00,0x00,0x00,0x00,0x00,0x00,0x00,0x00,0x00,0x00,0x00,0x00,0x00,0x00,0x00,0x00,0x00,0x00,0x00,0x00,
    0x00,0x00,0x00,0x00,0x00,0x00,0x00,0x00,0x00,0x00,0x00,0x00,0x00,0x00,0x00,0x00,0x00,0x00,0x00,0x00,0x41,0x08,0xb3,0x94,
    0x76,0xad,0x96,0xad,0x96,0xad,0xb6,0xb5,0x96,0xad,0x96,0xad,0x55,0xa5,0x34,0xa5,0xd3,0x94,0x72,0x8c,0xaf,0x73,0x62,0x10,
    0x00,0x00,0x00,0x00,0x00,0x00,0x6d,0x6b,0x7d,0xef,0xbe,0xf7,0x9d,0xef,0xbe,0xf7,0x9d,0xf7,0xbe,0xf7,0xbd,0xf7,0xbe,0xf7,
    0xbd,0xf7,0xbe,0xf7,0xbd,0xf7,0xbe,0xf7,0xbd,0xf7,0xbe,0xf7,0xbd,0xf7,0xbe,0xf7,0xbd,0xf7,0xbe,0xf7,0xbd,0xf7,0xbe,0xf7,
    0xbd,0xf7,0xbe,0xf7,0xbd,0xf7,0xbe,0xf7,0x1b,0xdf,0x14,0x9d,0x8e,0x6b,0x8f,0x73,0x8e,0x6b,0x8e,0x6b,0x8e,0x6b,0x92,0x8c,
    0xf7,0xbd,0x38,0xc6,0xb2,0x94,0x0c,0x63,0x45,0x29,0xc4,0x18,0xc3,0x18,0xe4,0x18,0xc3,0x18,0xc4,0x18,0xc3,0x18,0xe4,0x18,
    0xc3,0x18,0xc4,0x18,0xc3,0x18,0xc4,0x18,0x29,0x42,0x04,0x21,0xc3,0x18,0xc4,0x18,0xc3,0x18,0xc3,0x18,0x85,0x39,0x6b,0xc4,
    0x6b,0xc4,0xc6,0x49,0xc3,0x18,0xc3,0x18,0xc3,0x18,0xc3,0x18,0x04,0x19,0x29,0x42,0xc3,0x18,0xc3,0x18,0xa3,0x10,0xc3,0x18,
    0xc3,0x18,0xc3,0x18,0xa3,0x10,0xc3,0x18,0xc3,0x10,0xc3,0x18,0xa3,0x10,0x25,0x29,0xab,0x52,0x51,0x8c,0xb6,0xb5,0x96,0xb5,
    0x51,0x84,0x8e,0x6b,0x8e,0x6b,0x8f,0x73,0x8e,0x6b,0x8f,0x73,0xb2,0x94,0x59,0xc6,0xda,0xd6,0xba,0xd6,0xba,0xd6,0xba,0xd6,
    0xba,0xd6,0x9a,0xd6,0x99,0xce,0x9a,0xd6,0x99,0xce,0x79,0xce,0x79,0xce,0x79,0xce,0x79,0xc6,0x59,0xce,0x58,0xc6,0x59,0xc6,
    0x38,0xc6,0x38,0xc6,0x18,0xbe,0x18,0xc6,0x17,0xbe,0xf8,0xbd,0x79,0xc6,0x79,0xce,0x8a,0x52,0x00,0x00,0x00,0x00,0x00,0x00,
    0x82,0x10,0x35,0xa5,0x96,0xad,0x96,0xad,0x96,0xad,0xb6,0xad,0x96,0xad,0x96,0xad,0x55,0xa5,0x14,0x9d,0xb2,0x94,0x71,0x8c,
    0x6d,0x6b,0x00,0x00,0x00,0x00,0x00,0x00,0x00,0x00,0x00,0x00,0x00,0x00,0x00,0x00,0x00,0x00,0x00,0x00,0x00,0x00,0x00,0x00,
    0x00,0x00,0x00,0x00,0x00,0x00,0x00,0x00,0x00,0x00,0x00,0x00,0x00,0x00,0x00,0x00,0x00,0x00,0x00,0x00,0x00,0x00,0x00,0x00,
    0x00,0x00,0x00,0x00,0x00,0x00,0x00,0x00,0x00,0x00,0x00,0x00,0x00,0x00,0x00,0x00,0x00,0x00,0x00,0x00,0x00,0x00,0x00,0x00,
    0x04,0x21,0xf4,0x9c,0x34,0x9d,0x55,0xa5,0x34,0x9d,0x35,0xa5,0xf4,0x9c,0xf3,0x94,0x92,0x8c,0x51,0x84,0xef,0x73,0x66,0x29,
    0x00,0x00,0x00,0x00,0xc3,0x18,0x58,0xce,0xbd,0xf7,0x9d,0xf7,0x9d,0xef,0xbd,0xf7,0x9d,0xef,0xbe,0xf7,0x9d,0xf7,0xbe,0xf7,
    0xbd,0xf7,0xbe,0xf7,0xbd,0xf7,0xbe,0xf7,0xbd,0xf7,0xbe,0xf7,0xbd,0xf7,0xbe,0xf7,0xbd,0xf7,0xbe,0xf7,0xbd,0xf7,0xbe,0xf7,
    0xbd,0xf7,0xbe,0xf7,0xbd,0xf7,0xfb,0xde,0xd3,0x94,0x8e,0x6b,0x8e,0x6b,0x8e,0x6b,0x8e,0x6b,0x31,0x84,0x96,0xad,0x1b,0xe7,
    0xb6,0xb5,0x2c,0x63,0x04,0x21,0xc4,0x18,0xc3,0x18,0xc3,0x18,0xc3,0x18,0xc4,0x18,0xc3,0x18,0xe3,0x18,0xa7,0x31,0xc4,0x18,
    0xc3,0x10,0xc3,0x18,0xc3,0x18,0xc4,0x18,0xc3,0x10,0xec,0x5a,0x86,0x31,0xc3,0x18,0xc3,0x10,0xc3,0x18,0xc3,0x10,0xa5,0x41,
    0x6a,0xbc,0x6b,0xc4,0xa5,0x41,0xc3,0x18,0xa3,0x10,0xc3,0x18,0xa3,0x10,0xa7,0x31,0xeb,0x5a,0xc3,0x18,0xa3,0x10,0xc3,0x18,
    0xa3,0x10,0xc3,0x18,0xa3,0x10,0xa7,0x31,0xa3,0x10,0xc3,0x18,0xa3,0x10,0xc3,0x18,0xa3,0x10,0xa3,0x18,0xa3,0x10,0xe4,0x20,
    0xeb,0x5a,0x54,0xa5,0x79,0xce,0x55,0xa5,0xf0,0x7b,0x8e,0x6b,0x8e,0x6b,0x8e,0x6b,0x8e,0x6b,0x92,0x8c,0x38,0xc6,0xba,0xd6,
    0x99,0xce,0xba,0xd6,0x99,0xce,0x9a,0xd6,0x79,0xce,0x99,0xce,0x79,0xce,0x79,0xce,0x59,0xc6,0x79,0xce,0x58,0xc6,0x59,0xc6,
    0x38,0xc6,0x38,0xc6,0x38,0xbe,0x38,0xc6,0x17,0xbe,0x18,0xbe,0xf7,0xbd,0xf7,0xbd,0x18,0xbe,0x9a,0xce,0x34,0x9d,0xc3,0x18,
    0x00,0x00,0x00,0x00,0x08,0x3a,0x14,0x9d,0x34,0x9d,0x55,0xa5,0x34,0xa5,0x35,0xa5,0xf3,0x94,0xd3,0x94,0x92,0x8c,0x51,0x84,
    0xcf,0x73,0xe3,0x18,0x00,0x00,0x00,0x00,0x00,0x00,0x00,0x00,0x00,0x00,0x00,0x00,0x00,0x00,0x00,0x00,0x00,0x00,0x00,0x00,
    0x00,0x00,0x00,0x00,0x00,0x00,0x00,0x00,0x00,0x00,0x00,0x00,0x00,0x00,0x00,0x00,0x00,0x00,0x00,0x00,0x00,0x00,0x00,0x00,
    0x00,0x00,0x00,0x00,0x00,0x00,0x00,0x00,0x00,0x00,0x00,0x00,0x00,0x00,0x00,0x00,0x00,0x00,0x00,0x00,0x00,0x00,0x00,0x00,
    0x00,0x00,0x00,0x00,0x61,0x08,0x6e,0x6b,0xb2,0x94,0xb3,0x94,0x92,0x8c,0x92,0x8c,0x51,0x84,0x10,0x7c,0x2c,0x63,0xa3,0x18,
    0x00,0x00,0x00,0x00,0x24,0x21,0xfb,0xde,0xbe,0xf7,0x9d,0xf7,0x9d,0xef,0xbe,0xf7,0x9d,0xf7,0xbe,0xf7,0xbd,0xf7,0xbe,0xf7,
    0xbe,0xf7,0xbe,0xf7,0xbd,0xf7,0xbe,0xf7,0xbe,0xf7,0xbe,0xf7,0xbd,0xf7,0xbe,0xf7,0xbe,0xf7,0xbe,0xf7,0xbd,0xf7,0xbe,0xf7,
    0xbe,0xf7,0xbe,0xf7,0xda,0xde,0xd3,0x94,0x8e,0x6b,0x8e,0x6b,0x8e,0x6b,0x8f,0x73,0xb2,0x8c,0x9a,0xd6,0x79,0xce,0xcf,0x7b,
    0x66,0x29,0xe4,0x18,0xc3,0x18,0xe4,0x18,0xc3,0x18,0xe4,0x18,0xc3,0x18,0xe4,0x18,0xc3,0x18,0xc4,0x18,0xe3,0x18,0x6e,0x6b,
    0x04,0x21,0xc4,0x18,0xc3,0x18,0xc4,0x18,0xc3,0x18,0xc4,0x18,0xab,0x52,0xe8,0x39,0xc3,0x18,0xc4,0x18,0xc3,0x18,0xc4,0x18,
    0xa5,0x41,0x6b,0xc4,0x6b,0xc4,0xc5,0x41,0xc3,0x18,0xc3,0x18,0xc3,0x18,0xc4,0x18,0xe8,0x39,0xab,0x52,0xc3,0x10,0xc3,0x18,
    0xc3,0x18,0xc3,0x18,0xa3,0x10,0x04,0x21,0x6d,0x6b,0xc4,0x18,0xa3,0x10,0xc3,0x18,0xa3,0x18,0xc3,0x18,0xa3,0x10,0xc3,0x18,
    0xa3,0x10,0xa3,0x18,0xa3,0x10,0x66,0x29,0xae,0x73,0xf7,0xbd,0xf7,0xbd,0x72,0x8c,0x8e,0x6b,0x8e,0x6b,0x8e,0x6b,0x8f,0x73,
    0x92,0x8c,0x38,0xc6,0xba,0xd6,0xba,0xd6,0x9a,0xce,0x9a,0xd6,0x99,0xce,0x9a,0xd6,0x79,0xce,0x79,0xce,0x79,0xce,0x79,0xce,
    0x59,0xc6,0x59,0xc6,0x38,0xc6,0x39,0xc6,0x38,0xc6,0x38,0xc6,0x17,0xbe,0x18,0xbe,0xf7,0xbd,0xf7,0xbd,0xf7,0xbd,0xba,0xd6,
    0x96,0xad,0x24,0x21,0x00,0x00,0x00,0x00,0xc3,0x18,0xcf,0x7b,0xb2,0x8c,0xb3,0x94,0x92,0x8c,0x72,0x8c,0x31,0x84,0x10,0x7c,
    0xcb,0x52,0x62,0x08,0x00,0x00,0x00,0x00,0x00,0x00,0x00,0x00,0x00,0x00,0x00,0x00,0x00,0x00,0x00,0x00,0x00,0x00,0x00,0x00,
    0x00,0x00,0x00,0x00,0x00,0x00,0x00,0x00,0x00,0x00,0x00,0x00,0x00,0x00,0x00,0x00,0x00,0x00,0x00,0x00,0x00,0x00,0x00,0x00,
    0x00,0x00,0x00,0x00,0x00,0x00,0x00,0x00,0x00,0x00,0x00,0x00,0x00,0x00,0x00,0x00,0x00,0x00,0x00,0x00,0x00,0x00,0x00,0x00,
    0x00,0x00,0x00,0x00,0x00,0x00,0x00,0x00,0x00,0x00,0x25,0x21,0xe7,0x39,0xab,0x52,0xaa,0x4a,0xe8,0x39,0x24,0x21,0x00,0x00,
    0x00,0x00,0x00,0x00,0xa6,0x31,0x3c,0xe7,0xbd,0xef,0x9d,0xef,0x9d,0xef,0x9d,0xf7,0x9d,0xef,0xbd,0xf7,0xbd,0xf7,0xbe,0xf7,
    0xbd,0xf7,0xbe,0xf7,0xbd,0xf7,0xbe,0xf7,0xbd,0xf7,0xbe,0xf7,0xbd,0xf7,0xbe,0xf7,0xbd,0xf7,0xbd,0xf7,0x9d,0xf7,0xbe,0xf7,
    0xbd,0xf7,0x5c,0xe7,0xf3,0x94,0x8e,0x6b,0x6e,0x6b,0x8e,0x6b,0x8e,0x6b,0xf3,0x9c,0xda,0xd6,0xb6,0xb5,0x69,0x4a,0xc4,0x18,
    0xc3,0x10,0xc3,0x18,0xc3,0x18,0xc3,0x18,0xc3,0x18,0x08,0x42,0xc3,0x10,0xc3,0x18,0xc3,0x10,0xc3,0x18,0xc3,0x10,0xc3,0x18,
    0xeb,0x5a,0xa7,0x31,0xc3,0x10,0xc3,0x18,0xa3,0x10,0xc3,0x18,0xc3,0x10,0x6a,0x4a,0x08,0x42,0xc3,0x18,0xa3,0x10,0xc3,0x18,
    0xa3,0x10,0xa5,0x41,0x6a,0xbc,0x6b,0xc4,0xa4,0x39,0xc3,0x18,0xa3,0x10,0xc3,0x18,0xa3,0x10,0x29,0x42,0x49,0x4a,0xc3,0x18,
    0xa2,0x10,0xa3,0x18,0xa3,0x10,0xa3,0x18,0x86,0x29,0xec,0x5a,0xa3,0x10,0xa3,0x18,0xa2,0x10,0xa3,0x10,0xa2,0x10,0xa3,0x18,
    0xe7,0x39,0xc3,0x18,0xa2,0x10,0xa3,0x10,0xa2,0x10,0xa3,0x10,0xa2,0x10,0x29,0x42,0x13,0x9d,0x38,0xc6,0x92,0x8c,0x8e,0x6b,
    0x6e,0x6b,0x8e,0x6b,0x8e,0x6b,0xb2,0x94,0x58,0xc6,0x9a,0xd6,0x99,0xce,0x99,0xce,0x79,0xce,0x79,0xce,0x79,0xc6,0x79,0xce,
    0x58,0xc6,0x59,0xc6,0x58,0xc6,0x58,0xc6,0x38,0xbe,0x38,0xc6,0x17,0xbe,0x18,0xbe,0xf7,0xbd,0xf7,0xbd,0xf7,0xb5,0xf7,0xbd,
    0xd6,0xb5,0x9a,0xce,0xd6,0xb5,0x86,0x31,0x00,0x00,0x00,0x00,0x20,0x00,0x45,0x29,0x08,0x3a,0xcb,0x52,0x8a,0x4a,0xc7,0x39,
    0xe3,0x18,0x00,0x00,0x00,0x00,0x00,0x00,0x00,0x00,0x00,0x00,0x00,0x00,0x00,0x00,0x00,0x00,0x00,0x00,0x00,0x00,0x00,0x00,
    0x00,0x00,0x00,0x00,0x00,0x00,0x00,0x00,0x00,0x00,0x00,0x00,0x00,0x00,0x00,0x00,0x00,0x00,0x00,0x00,0x00,0x00,0x00,0x00,
    0x00,0x00,0x00,0x00,0x00,0x00,0x00,0x00,0x00,0x00,0x00,0x00,0x00,0x00,0x00,0x00,0x00,0x00,0x00,0x00,0x00,0x00,0x00,0x00,
    0x00,0x00,0x00,0x00,0x00,0x00,0x00,0x00,0x00,0x00,0x00,0x00,0x00,0x00,0x00,0x00,0x00,0x00,0x00,0x00,0x00,0x00,0x00,0x00,
    0x00,0x00,0x00,0x00,0x28,0x42,0x5d,0xef,0xbd,0xf7,0x9d,0xf7,0x9d,0xef,0xbe,0xf7,0x9d,0xf7,0xbe,0xf7,0xbd,0xf7,0xbe,0xf7,
    0xbd,0xf7,0xbe,0xf7,0xbd,0xf7,0xbe,0xf7,0xbd,0xf7,0xbe,0xf7,0xbd,0xf7,0xbe,0xf7,0xbd,0xf7,0xbe,0xf7,0xbd,0xf7,0xbe,0xf7,
    0x9d,0xf7,0xd7,0xbd,0xaf,0x73,0x8f,0x73,0x8e,0x6b,0xaf,0x73,0x34,0x9d,0x1b,0xe7,0x54,0xa5,0x08,0x42,0xc3,0x18,0xe4,0x18,
    0xc3,0x18,0xc4,0x18,0xc3,0x18,0xe4,0x18,0xc3,0x18,0xe4,0x18,0x4d,0x63,0x25,0x29,0xc3,0x18,0xc3,0x18,0xe4,0x18,0x05,0x21,
    0xe4,0x18,0x6a,0x4a,0x29,0x42,0xc4,0x18,0xc3,0x18,0xc3,0x18,0xc3,0x10,0xc3,0x18,0x08,0x42,0x4a,0x4a,0xa3,0x10,0xc3,0x18,
    0xc3,0x18,0xc3,0x18,0xa5,0x41,0x6b,0xc4,0x6b,0xc4,0xa5,0x41,0xa3,0x10,0xc3,0x18,0xc3,0x10,0xc3,0x18,0x49,0x42,0x09,0x42,
    0xa3,0x10,0xa3,0x18,0xa3,0x10,0xc3,0x18,0xa3,0x10,0x29,0x42,0x49,0x42,0xc3,0x18,0xa3,0x10,0xa3,0x18,0xa3,0x10,0xa3,0x18,
    0x04,0x21,0x4e,0x6b,0xc3,0x18,0xa3,0x18,0xa3,0x10,0xa3,0x18,0xa2,0x10,0xa3,0x18,0xa3,0x10,0xa3,0x10,0xc7,0x31,0xb3,0x94,
    0x58,0xc6,0xd3,0x94,0x8e,0x6b,0x8f,0x73,0x8e,0x6b,0xaf,0x73,0x54,0xa5,0x9a,0xd6,0x99,0xce,0x9a,0xce,0x79,0xce,0x99,0xce,
    0x79,0xce,0x79,0xce,0x58,0xc6,0x59,0xce,0x58,0xc6,0x38,0xc6,0x38,0xbe,0x38,0xc6,0x18,0xbe,0x18,0xbe,0xf7,0xbd,0xf8,0xbd,
    0xf7,0xbd,0xd7,0xbd,0xd7,0xb5,0x9a,0xce,0xf7,0xbd,0x08,0x42,0x00,0x00,0x00,0x00,0x00,0x00,0x00,0x00,0x00,0x00,0x00,0x00,
    0x00,0x00,0x00,0x00,0x00,0x00,0x00,0x00,0x00,0x00,0x00,0x00,0x00,0x00,0x00,0x00,0x00,0x00,0x00,0x00,0x00,0x00,0x00,0x00,
    0x00,0x00,0x00,0x00,0x00,0x00,0x00,0x00,0x00,0x00,0x00,0x00,0x00,0x00,0x00,0x00,0x00,0x00,0x00,0x00,0x00,0x00,0x00,0x00,
    0x00,0x00,0x00,0x00,0x00,0x00,0x00,0x00,0x00,0x00,0x00,0x00,0x00,0x00,0x00,0x00,0x00,0x00,0x00,0x00,0x00,0x00,0x00,0x00,
    0x00,0x00,0x00,0x00,0x00,0x00,0x00,0x00,0x00,0x00,0x00,0x00,0x00,0x00,0x00,0x00,0x00,0x00,0x00,0x00,0x00,0x00,0x00,0x00,
    0x00,0x00,0x00,0x00,0x0c,0x63,0x7d,0xef,0x9d,0xef,0x9d,0xf7,0x9d,0xef,0xbd,0xf7,0x9d,0xef,0xbe,0xf7,0x9d,0xf7,0xbe,0xf7,
    0xbd,0xf7,0xbe,0xf7,0xbd,0xf7,0xbe,0xf7,0xbd,0xf7,0xbe,0xf7,0xbd,0xf7,0xbe,0xf7,0xbd,0xf7,0xbe,0xf7,0xbd,0xf7,0xbe,0xf7,
    0xba,0xd6,0x31,0x84,0x8e,0x6b,0x8e,0x6b,0x8e,0x6b,0xb2,0x94,0xfa,0xde,0xf3,0x9c,0xa6,0x31,0xc3,0x18,0xc3,0x18,0xc4,0x18,
    0xc3,0x18,0xc3,0x18,0xc3,0x18,0xc4,0x18,0xc3,0x10,0xc3,0x18,0xc3,0x18,0xab,0x52,0x08,0x3a,0x04,0x21,0x45,0x21,0x65,0x29,
    0x45,0x29,0x45,0x29,0xe7,0x39,0xab,0x52,0xc3,0x10,0xc3,0x18,0xa3,0x10,0xc3,0x18,0xa3,0x10,0x04,0x21,0xe3,0x18,0xc3,0x18,
    0xa3,0x10,0xc3,0x18,0xa3,0x10,0xa5,0x41,0x6a,0xbc,0x6b,0xc4,0xa5,0x39,0xc3,0x18,0xa3,0x10,0xc3,0x18,0xa3,0x10,0xe4,0x20,
    0xe3,0x18,0xa3,0x18,0xa3,0x10,0xa3,0x18,0xa2,0x10,0xa3,0x18,0xaa,0x52,0xa7,0x31,0xa2,0x10,0xa3,0x10,0xa3,0x10,0xa3,0x18,
    0xa2,0x10,0x08,0x42,0x8a,0x4a,0xa3,0x18,0xa2,0x10,0xa3,0x10,0xa2,0x10,0xa3,0x10,0xa2,0x10,0xa3,0x10,0x82,0x10,0xa3,0x10,
    0x82,0x10,0x86,0x31,0x71,0x8c,0x58,0xc6,0x51,0x84,0x8e,0x6b,0x8e,0x6b,0x8e,0x6b,0x10,0x7c,0xf7,0xbd,0x99,0xce,0x99,0xce,
    0x79,0xce,0x79,0xce,0x79,0xc6,0x79,0xce,0x58,0xc6,0x59,0xc6,0x38,0xc6,0x38,0xc6,0x18,0xbe,0x38,0xbe,0x17,0xbe,0x18,0xbe,
    0xf7,0xb5,0xf7,0xbd,0xd7,0xb5,0xd7,0xb5,0xb6,0xb5,0x59,0xce,0xf7,0xbd,0x8a,0x52,0x00,0x00,0x00,0x00,0x00,0x00,0x00,0x00,
    0x00,0x00,0x00,0x00,0x00,0x00,0x00,0x00,0x00,0x00,0x00,0x00,0x00,0x00,0x00,0x00,0x00,0x00,0x00,0x00,0x00,0x00,0x00,0x00,
    0x00,0x00,0x00,0x00,0x00,0x00,0x00,0x00,0x00,0x00,0x00,0x00,0x00,0x00,0x00,0x00,0x00,0x00,0x00,0x00,0x00,0x00,0x00,0x00,
    0x00,0x00,0x00,0x00,0x00,0x00,0x00,0x00,0x00,0x00,0x00,0x00,0x00,0x00,0x00,0x00,0x00,0x00,0x00,0x00,0x00,0x00,0x00,0x00,
    0x00,0x00,0x00,0x00,0x00,0x00,0x00,0x00,0x00,0x00,0x00,0x00,0x00,0x00,0x00,0x00,0x00,0x00,0x00,0x00,0x00,0x00,0x00,0x00,
    0x00,0x00,0x00,0x00,0xca,0x5a,0x9e,0xf7,0x9d,0xf7,0x9d,0xf7,0x9d,0xef,0xbe,0xf7,0x9d,0xf7,0xbe,0xf7,0xbd,0xf7,0xbe,0xf7,
    0xbe,0xf7,0xbe,0xf7,0xbd,0xf7,0xbe,0xf7,0xbe,0xf7,0xbe,0xf7,0xbd,0xf7,0xbe,0xf7,0xbe,0xf7,0xbe,0xf7,0xbd,0xf7,0x7d,0xef,
    0x14,0xa5,0x8e,0x6b,0x8e,0x6b,0x8f,0x73,0x10,0x7c,0x79,0xce,0xb6,0xb5,0xc7,0x39,0xc3,0x18,0xe4,0x18,0xc3,0x18,0xe4,0x18,
    0xc3,0x18,0x2d,0x63,0x25,0x21,0xc4,0x18,0xc3,0x18,0xc4,0x18,0xe4,0x18,0x25,0x21,0x29,0x42,0x4d,0x6b,0x45,0x29,0x66,0x29,
    0x45,0x29,0x46,0x29,0x45,0x29,0x45,0x29,0x24,0x21,0xc3,0x18,0xc3,0x18,0xc4,0x18,0xc3,0x18,0xc3,0x18,0xc3,0x18,0xc3,0x18,
    0xc3,0x18,0xc3,0x18,0xa3,0x10,0xc3,0x18,0xa5,0x41,0x6b,0xc4,0x6a,0xc4,0xc5,0x41,0xc3,0x18,0xc3,0x18,0xa3,0x18,0xc3,0x18,
    0xa3,0x18,0xc3,0x18,0xa3,0x18,0xc3,0x18,0xa3,0x10,0xa3,0x18,0xa3,0x10,0x04,0x21,0xa3,0x10,0xa3,0x18,0xa3,0x10,0xa3,0x18,
    0xa3,0x10,0xa3,0x18,0xeb,0x5a,0xc7,0x39,0xa3,0x10,0xa3,0x18,0xa3,0x10,0xa3,0x18,0xa3,0x10,0x04,0x21,0x2c,0x63,0xa3,0x18,
    0xa3,0x10,0xa3,0x10,0xa2,0x10,0xa3,0x18,0x66,0x29,0xf3,0x9c,0xb6,0xb5,0xf0,0x7b,0x8e,0x6b,0x8e,0x6b,0x8e,0x6b,0xd3,0x94,
    0x58,0xc6,0x99,0xce,0x79,0xce,0x79,0xce,0x79,0xce,0x59,0xce,0x58,0xc6,0x59,0xc6,0x38,0xc6,0x38,0xc6,0x38,0xbe,0x18,0xc6,
    0x17,0xbe,0x18,0xbe,0xf7,0xbd,0xf7,0xbd,0xd7,0xb5,0xd7,0xb5,0xb6,0xb5,0x59,0xc6,0x18,0xbe,0x29,0x42,0x00,0x00,0x00,0x00,
    0x00,0x00,0x00,0x00,0x00,0x00,0x00,0x00,0x00,0x00,0x00,0x00,0x00,0x00,0x00,0x00,0x00,0x00,0x00,0x00,0x00,0x00,0x00,0x00,
    0x00,0x00,0x00,0x00,0x00,0x00,0x00,0x00,0x00,0x00,0x00,0x00,0x00,0x00,0x00,0x00,0x00,0x00,0x00,0x00,0x00,0x00,0x00,0x00,
    0x00,0x00,0x00,0x00,0x00,0x00,0x00,0x00,0x00,0x00,0x00,0x00,0x00,0x00,0x00,0x00,0x00,0x00,0x00,0x00,0x00,0x00,0x00,0x00,
    0x00,0x00,0x00,0x00,0x00,0x00,0x00,0x00,0x00,0x00,0x00,0x00,0x00,0x00,0x00,0x00,0x00,0x00,0x00,0x00,0x00,0x00,0x00,0x00,
    0x00,0x00,0x00,0x00,0x28,0x42,0x7d,0xef,0x9d,0xef,0x9d,0xef,0x7d,0xef,0x9d,0xf7,0x9d,0xef,0xbd,0xf7,0x9d,0xf7,0xbe,0xf7,
    0xbd,0xf7,0xbe,0xf7,0xbd,0xf7,0xbe,0xf7,0xbd,0xf7,0xbe,0xf7,0xbd,0xf7,0xbe,0xf7,0xbd,0xf7,0xbd,0xf7,0x9d,0xf7,0xba,0xd6,
    0xcf,0x73,0x8e,0x6b,0x8e,0x6b,0xaf,0x73,0x95,0xad,0xba,0xd6,0xaa,0x52,0xc3,0x18,0xc3,0x10,0xc3,0x18,0xc3,0x10,0xc3,0x18,
    0xc3,0x10,0xc3,0x18,0x6a,0x4a,0x49,0x4a,0xc3,0x18,0x04,0x21,0x45,0x21,0x65,0x29,0x45,0x29,0x86,0x31,0x8e,0x73,0x66,0x29,
    0x45,0x21,0x45,0x29,0x45,0x29,0x45,0x29,0x45,0x21,0xe4,0x18,0xa3,0x10,0xc3,0x18,0xa3,0x10,0xa3,0x18,0xa3,0x10,0xc3,0x18,
    0xa3,0x10,0xa3,0x18,0xc3,0x10,0xc3,0x18,0xc2,0x18,0xa5,0x41,0x6a,0xc4,0x6a,0xc4,0xa4,0x41,0xc3,0x18,0xc2,0x18,0xe3,0x18,
    0xc2,0x18,0xc3,0x18,0xc2,0x18,0xc3,0x18,0xa2,0x10,0xc3,0x18,0xa2,0x10,0xc3,0x18,0x82,0x10,0xa3,0x18,0xa2,0x10,0xa3,0x10,
    0x82,0x10,0xa3,0x10,0xa3,0x10,0x4d,0x6b,0xc3,0x10,0xa3,0x10,0x82,0x10,0xa3,0x10,0x82,0x10,0xa3,0x10,0x29,0x42,0x6a,0x4a,
    0x82,0x10,0xa2,0x10,0x82,0x10,0xa3,0x10,0x82,0x10,0x82,0x10,0x82,0x10,0x6a,0x4a,0xb6,0xb5,0x14,0x9d,0x8e,0x6b,0x8e,0x6b,
    0x6e,0x6b,0xcf,0x73,0xd6,0xb5,0x79,0xce,0x58,0xc6,0x79,0xce,0x58,0xc6,0x59,0xc6,0x38,0xc6,0x38,0xc6,0x38,0xbe,0x38,0xc6,
    0x17,0xbe,0x17,0xbe,0xf7,0xbd,0xf7,0xbd,0xd7,0xb5,0xd7,0xb5,0xd6,0xb5,0xd7,0xb5,0xb6,0xad,0x59,0xc6,0xd7,0xb5,0xc7,0x39,
    0x00,0x00,0x00,0x00,0x00,0x00,0x00,0x00,0x00,0x00,0x00,0x00,0x00,0x00,0x00,0x00,0x00,0x00,0x00,0x00,0x00,0x00,0x00,0x00,
    0x00,0x00,0x00,0x00,0x00,0x00,0x00,0x00,0x00,0x00,0x00,0x00,0x00,0x00,0x00,0x00,0x00,0x00,0x00,0x00,0x00,0x00,0x00,0x00,
    0x00,0x00,0x00,0x00,0x00,0x00,0x00,0x00,0x00,0x00,0x00,0x00,0x00,0x00,0x00,0x00,0x00,0x00,0x00,0x00,0x00,0x00,0x00,0x00,
    0x00,0x00,0x00,0x00,0x00,0x00,0x00,0x00,0x00,0x00,0x00,0x00,0x00,0x00,0x00,0x00,0x00,0x00,0x00,0x00,0x00,0x00,0x00,0x00,
    0x00,0x00,0x00,0x00,0xe7,0x39,0x5d,0xef,0x9d,0xef,0x9d,0xef,0x9d,0xef,0x9d,0xf7,0x9d,0xf7,0xbe,0xf7,0xbd,0xf7,0xbe,0xf7,
    0xbd,0xf7,0xbe,0xf7,0xbd,0xf7,0xbe,0xf7,0xbd,0xf7,0xbe,0xf7,0xbd,0xf7,0xbe,0xf7,0xbd,0xf7,0xbe,0xf7,0xbd,0xf7,0xb6,0xb5,
    0x8e,0x6b,0x8e,0x6b,0x8e,0x6b,0xb3,0x94,0xfa,0xde,0x30,0x84,0xe4,0x18,0xc4,0x18,0x29,0x4a,0x8a,0x52,0xc3,0x18,0xc4,0x18,
    0xc3,0x18,0xc3,0x18,0xc3,0x18,0xa7,0x31,0x8e,0x6b,0x66,0x31,0x45,0x29,0x66,0x29,0x45,0x29,0x46,0x29,0x45,0x29,0x66,0x29,
    0x45,0x29,0x46,0x29,0x45,0x29,0x46,0x29,0x45,0x29,0x46,0x29,0xc3,0x18,0xc3,0x18,0xc3,0x10,0xc3,0x18,0xa3,0x10,0xc3,0x18,
    0xa3,0x18,0xc3,0x18,0xc3,0x18,0xc3,0x20,0xe3,0x18,0xe4,0x20,0x44,0x31,0x8b,0xcc,0x6a,0xc4,0x64,0x39,0x03,0x21,0x24,0x29,
    0x03,0x29,0x04,0x29,0x03,0x21,0x04,0x29,0xe3,0x20,0xe4,0x20,0xe3,0x18,0xe4,0x20,0xc2,0x18,0xc3,0x18,0xa2,0x18,0xc3,0x18,
    0xa3,0x10,0xa3,0x18,0xa2,0x10,0xa3,0x18,0xa3,0x10,0xa3,0x10,0x82,0x10,0xa3,0x18,0xa2,0x10,0xa3,0x10,0xa3,0x10,0x4d,0x6b,
    0x25,0x21,0xa3,0x10,0x82,0x10,0xa3,0x10,0x82,0x10,0xa3,0x10,0x49,0x4a,0x08,0x42,0x82,0x10,0xc3,0x18,0x8e,0x6b,0x18,0xbe,
    0x51,0x84,0x8e,0x6b,0x8e,0x6b,0xaf,0x73,0x14,0x9d,0x79,0xce,0x79,0xc6,0x79,0xce,0x59,0xc6,0x59,0xc6,0x38,0xc6,0x38,0xc6,
    0x38,0xbe,0x18,0xc6,0x17,0xbe,0x18,0xbe,0xf7,0xbd,0xf7,0xbd,0xd7,0xb5,0xd7,0xbd,0xd7,0xb5,0xb7,0xb5,0xb6,0xb5,0x38,0xc6,
    0xd7,0xb5,0x86,0x31,0x00,0x00,0x00,0x00,0x00,0x00,0x00,0x00,0x00,0x00,0x00,0x00,0x00,0x00,0x00,0x00,0x00,0x00,0x00,0x00,
    0x00,0x00,0x00,0x00,0x00,0x00,0x00,0x00,0x00,0x00,0x00,0x00,0x00,0x00,0x00,0x00,0x00,0x00,0x00,0x00,0x00,0x00,0x00,0x00,
    0x00,0x00,0x00,0x00,0x00,0x00,0x00,0x00,0x00,0x00,0x00,0x00,0x00,0x00,0x00,0x00,0x00,0x00,0x00,0x00,0x00,0x00,0x00,0x00,
    0x00,0x00,0x00,0x00,0x00,0x00,0x00,0x00,0x00,0x00,0x00,0x00,0x00,0x00,0x00,0x00,0x00,0x00,0x00,0x00,0x00,0x00,0x00,0x00,
    0x00,0x00,0x00,0x00,0x86,0x31,0x3c,0xe7,0x9d,0xef,0x9d,0xef,0x9d,0xef,0x9d,0xf7,0x9d,0xef,0x9d,0xf7,0x9d,0xf7,0xbe,0xf7,
    0xbd,0xf7,0xbe,0xf7,0xbd,0xf7,0xbe,0xf7,0xbd,0xf7,0xbe,0xf7,0xbd,0xf7,0xbe,0xf7,0xbd,0xf7,0xbe,0xf7,0x5c,0xe7,0xb2,0x94,
    0x8e,0x6b,0x8e,0x6b,0xae,0x6b,0x18,0xbe,0x54,0xad,0x86,0x31,0xc3,0x18,0xc4,0x18,0xa7,0x31,0xda,0xd6,0xba,0xd6,0x28,0x42,
    0xc3,0x10,0xc3,0x18,0xe4,0x18,0x45,0x29,0x45,0x21,0x4d,0x63,0x49,0x4a,0x45,0x29,0x45,0x21,0x45,0x29,0x45,0x29,0x45,0x29,
    0x45,0x21,0x45,0x29,0x45,0x29,0x45,0x29,0x45,0x21,0x45,0x29,0x25,0x21,0xc3,0x18,0xa3,0x10,0xc3,0x18,0xa3,0x10,0xc3,0x18,
    0xa3,0x10,0xc3,0x18,0xc3,0x18,0xe3,0x20,0xe3,0x18,0x03,0x21,0x03,0x29,0x44,0x31,0xa4,0x41,0xa5,0x49,0x64,0x31,0x64,0x39,
    0x44,0x31,0x64,0x39,0x44,0x31,0x44,0x31,0x43,0x31,0x44,0x31,0x23,0x29,0x24,0x29,0x03,0x21,0x03,0x29,0xe3,0x20,0xe3,0x20,
    0xe3,0x18,0xc3,0x18,0xc2,0x18,0xc3,0x18,0xa2,0x10,0xa3,0x18,0x82,0x10,0xa3,0x18,0x82,0x10,0xa3,0x10,0x82,0x10,0xe8,0x39,
    0xcb,0x52,0xa3,0x10,0x82,0x10,0xa3,0x10,0x82,0x10,0xa3,0x10,0xe7,0x39,0xda,0xd6,0xb9,0xd6,0x66,0x31,0x82,0x10,0x83,0x10,
    0x25,0x21,0xb2,0x94,0x55,0xa5,0xaf,0x73,0x8e,0x6b,0x8e,0x6b,0x51,0x84,0x58,0xc6,0x58,0xc6,0x59,0xce,0x58,0xc6,0x59,0xc6,
    0x38,0xbe,0x38,0xc6,0x18,0xbe,0x18,0xbe,0xf7,0xbd,0xf7,0xbd,0xf7,0xb5,0xf7,0xbd,0xd6,0xb5,0xd7,0xb5,0xb6,0xb5,0xb6,0xb5,
    0x96,0xad,0x38,0xc6,0x96,0xad,0x04,0x21,0x00,0x00,0x00,0x00,0x00,0x00,0x00,0x00,0x00,0x00,0x00,0x00,0x00,0x00,0x00,0x00,
    0x00,0x00,0x00,0x00,0x00,0x00,0x00,0x00,0x00,0x00,0x00,0x00,0x00,0x00,0x00,0x00,0x00,0x00,0x00,0x00,0x00,0x00,0x00,0x00,
    0x00,0x00,0x00,0x00,0x00,0x00,0x00,0x00,0x00,0x00,0x00,0x00,0x00,0x00,0x00,0x00,0x00,0x00,0x00,0x00,0x00,0x00,0x00,0x00,
    0x00,0x00,0x00,0x00,0x00,0x00,0x00,0x00,0x00,0x00,0x00,0x00,0x00,0x00,0x00,0x00,0x00,0x00,0x00,0x00,0x00,0x00,0x00,0x00,
    0x00,0x00,0x00,0x00,0x04,0x21,0x1b,0xe7,0x9d,0xf7,0x9d,0xef,0x7d,0xef,0x9d,0xf7,0x9d,0xf7,0xbe,0xf7,0x9d,0xf7,0xbe,0xf7,
    0xbe,0xf7,0xbe,0xf7,0xbd,0xf7,0xbe,0xf7,0xbe,0xf7,0xbe,0xf7,0xbd,0xf7,0xbe,0xf7,0xbe,0xf7,0xbe,0xf7,0xda,0xd6,0x10,0x7c,
    0x8e,0x6b,0x8e,0x6b,0x10,0x7c,0xda,0xde,0xae,0x73,0xc4,0x18,0xc3,0x18,0xc4,0x18,0xc3,0x18,0x45,0x29,0x99,0xce,0xda,0xde,
    0x95,0xb5,0xe4,0x20,0x25,0x21,0x66,0x29,0x45,0x29,0x46,0x29,0xc7,0x39,0xe8,0x41,0x45,0x29,0x46,0x29,0x45,0x29,0x46,0x29,
    0x45,0x29,0x45,0x29,0x45,0x29,0x46,0x29,0x45,0x29,0x45,0x29,0x04,0x21,0xc4,0x18,0xa3,0x18,0xc3,0x18,0xa3,0x10,0xc3,0x18,
    0xa3,0x18,0xc3,0x18,0xc3,0x18,0xe3,0x20,0xe3,0x20,0x24,0x29,0x44,0x31,0x64,0x39,0x84,0x41,0xc5,0x49,0xc4,0x49,0xe5,0x51,
    0xe5,0x51,0xe5,0x51,0xe5,0x49,0xe5,0x51,0xc5,0x49,0xc5,0x49,0xa4,0x41,0xa5,0x41,0x84,0x41,0x64,0x39,0x44,0x31,0x44,0x31,
    0x24,0x29,0x24,0x29,0x03,0x21,0x04,0x21,0xe3,0x20,0xc3,0x20,0xc2,0x18,0xc3,0x18,0xa3,0x18,0xa3,0x18,0x82,0x10,0xa3,0x18,
    0x45,0x29,0x25,0x29,0x82,0x10,0xa3,0x18,0x82,0x10,0xa3,0x10,0x82,0x10,0x96,0xb5,0xda,0xd6,0xba,0xd6,0xe3,0x18,0xa3,0x10,
    0x82,0x10,0x83,0x10,0x82,0x10,0x2d,0x63,0xd7,0xb5,0xf0,0x7b,0x8e,0x6b,0x8f,0x73,0xef,0x73,0xf7,0xbd,0x59,0xc6,0x59,0xce,
    0x58,0xc6,0x58,0xc6,0x38,0xc6,0x38,0xc6,0x18,0xbe,0x18,0xbe,0xf7,0xbd,0xf8,0xbd,0xf7,0xbd,0xf7,0xbd,0xd6,0xb5,0xd7,0xb5,
    0xb6,0xb5,0xb6,0xb5,0x96,0xad,0x59,0xce,0x55,0xa5,0xc3,0x18,0x00,0x00,0x00,0x00,0x00,0x00,0x00,0x00,0x00,0x00,0x00,0x00,
    0x00,0x00,0x00,0x00,0x00,0x00,0x00,0x00,0x00,0x00,0x00,0x00,0x00,0x00,0x00,0x00,0x00,0x00,0x00,0x00,0x00,0x00,0x00,0x00,
    0x00,0x00,0x00,0x00,0x00,0x00,0x00,0x00,0x00,0x00,0x00,0x00,0x00,0x00,0x00,0x00,0x00,0x00,0x00,0x00,0x00,0x00,0x00,0x00,
    0x00,0x00,0x00,0x00,0x00,0x00,0x00,0x00,0x00,0x00,0x00,0x00,0x00,0x00,0x00,0x00,0x00,0x00,0x00,0x00,0x00,0x00,0x00,0x00,
    0x00,0x00,0x00,0x00,0xc3,0x18,0x99,0xce,0x9d,0xef,0x7d,0xef,0x7c,0xef,0x9d,0xef,0x9d,0xef,0x9d,0xf7,0x9d,0xef,0xbe,0xf7,
    0xbd,0xf7,0xbe,0xf7,0xbd,0xf7,0xbe,0xf7,0xbd,0xf7,0xbe,0xf7,0xbd,0xf7,0xbe,0xf7,0xbd,0xf7,0xbd,0xf7,0x38,0xc6,0xaf,0x73,
    0x6e,0x6b,0x8e,0x6b,0xb2,0x94,0x58,0xce,0xe7,0x39,0xc3,0x18,0xc3,0x10,0xc3,0x18,0xa3,0x10,0xc3,0x18,0xc3,0x10,0xcf,0x7b,
    0xba,0xd6,0xda,0xde,0x6d,0x6b,0x45,0x29,0x45,0x21,0x45,0x29,0x45,0x29,0x45,0x29,0x45,0x21,0x45,0x29,0x45,0x21,0x45,0x29,
    0x45,0x21,0x45,0x29,0x45,0x21,0x45,0x29,0xe4,0x18,0xc3,0x18,0xa3,0x10,0xc3,0x18,0xa2,0x10,0xa3,0x10,0xa3,0x10,0xa3,0x18,
    0xa2,0x10,0xa3,0x18,0xc2,0x18,0xe3,0x18,0xe3,0x20,0x23,0x29,0x44,0x31,0x84,0x41,0xc4,0x41,0x05,0x52,0x25,0x5a,0x66,0x62,
    0x65,0x6a,0x86,0x6a,0x86,0x6a,0x86,0x72,0x86,0x6a,0x86,0x6a,0x45,0x62,0x46,0x62,0x25,0x5a,0x05,0x5a,0xe5,0x51,0xc5,0x49,
    0xa4,0x41,0x84,0x41,0x64,0x39,0x64,0x31,0x23,0x29,0x23,0x29,0x03,0x21,0xe3,0x20,0xc3,0x18,0xc3,0x18,0xa2,0x18,0xa3,0x18,
    0xa2,0x10,0x82,0x10,0x82,0x10,0x82,0x10,0x82,0x10,0x82,0x10,0x82,0x10,0xeb,0x5a,0xba,0xd6,0xda,0xd6,0xae,0x73,0x82,0x10,
    0x82,0x08,0x82,0x10,0x82,0x10,0x82,0x10,0x62,0x08,0x86,0x31,0x55,0xa5,0x72,0x8c,0x6e,0x6b,0x8e,0x6b,0x8e,0x6b,0x76,0xad,
    0x58,0xc6,0x58,0xc6,0x38,0xc6,0x38,0xc6,0x17,0xbe,0x18,0xbe,0x17,0xbe,0x17,0xbe,0xf7,0xb5,0xf7,0xbd,0xd7,0xb5,0xd7,0xb5,
    0xb6,0xb5,0xb6,0xb5,0xb6,0xad,0xb6,0xb5,0x95,0xad,0x59,0xc6,0xf3,0x94,0x62,0x10,0x00,0x00,0x00,0x00,0x00,0x00,0x00,0x00,
    0x00,0x00,0x00,0x00,0x00,0x00,0x00,0x00,0x00,0x00,0x00,0x00,0x00,0x00,0x00,0x00,0x00,0x00,0x00,0x00,0x00,0x00,0x00,0x00,
    0x00,0x00,0x00,0x00,0x00,0x00,0x00,0x00,0x00,0x00,0x00,0x00,0x00,0x00,0x00,0x00,0x00,0x00,0x00,0x00,0x00,0x00,0x00,0x00,
    0x00,0x00,0x00,0x00,0x00,0x00,0x00,0x00,0x00,0x00,0x00,0x00,0x00,0x00,0x00,0x00,0x00,0x00,0x00,0x00,0x00,0x00,0x00,0x00,
    0x00,0x00,0x00,0x00,0x61,0x08,0x58,0xc6,0x9d,0xf7,0x7d,0xef,0x7d,0xef,0x9d,0xf7,0x9d,0xef,0x9d,0xf7,0x9d,0xef,0xbe,0xf7,
    0xbd,0xf7,0xbe,0xf7,0xbd,0xf7,0xbe,0xf7,0xbd,0xf7,0xbe,0xf7,0xbd,0xf7,0xbe,0xf7,0xbd,0xf7,0xbe,0xf7,0xf7,0xbd,0x8f,0x73,
    0x8e,0x6b,0xaf,0x73,0xd7,0xb5,0x34,0xa5,0x04,0x21,0xc3,0x18,0xc3,0x18,0xc4,0x18,0xc3,0x18,0xc3,0x18,0xc3,0x18,0xc4,0x18,
    0x65,0x29,0x58,0xce,0xda,0xde,0x79,0xce,0x86,0x31,0x46,0x29,0x45,0x29,0x46,0x29,0x45,0x29,0x45,0x29,0x45,0x29,0x46,0x29,
    0x45,0x29,0x45,0x29,0x04,0x21,0xe4,0x18,0xa3,0x10,0xa3,0x18,0xa3,0x10,0xc3,0x18,0xa3,0x10,0xa3,0x18,0xa3,0x10,0xc3,0x18,
    0xa3,0x10,0xa3,0x18,0xa3,0x10,0xc3,0x18,0xe3,0x18,0x04,0x29,0x44,0x31,0xa5,0x41,0xe5,0x49,0x46,0x62,0x86,0x6a,0xe7,0x7a,
    0x06,0x83,0x27,0x8b,0x27,0x8b,0x47,0x93,0x47,0x8b,0x47,0x93,0x27,0x8b,0x27,0x8b,0xe6,0x82,0xe7,0x7a,0xa6,0x72,0xa6,0x72,
    0x66,0x6a,0x46,0x62,0x25,0x5a,0x05,0x5a,0xe5,0x49,0xa5,0x49,0x84,0x39,0x64,0x39,0x44,0x31,0x23,0x29,0x03,0x21,0xe3,0x20,
    0xc3,0x18,0xc2,0x18,0xa2,0x18,0xa3,0x18,0xa2,0x10,0x82,0x10,0x82,0x10,0xc4,0x18,0x58,0xc6,0xda,0xde,0x17,0xc6,0xc3,0x18,
    0x82,0x10,0x82,0x10,0x82,0x10,0x82,0x10,0x82,0x10,0x82,0x10,0x82,0x10,0xc3,0x18,0x51,0x8c,0x34,0xa5,0x8e,0x6b,0x8f,0x73,
    0x8e,0x6b,0x34,0xa5,0x58,0xc6,0x59,0xc6,0x38,0xc6,0x38,0xc6,0x18,0xbe,0x18,0xc6,0x17,0xbe,0xf8,0xbd,0xf7,0xb5,0xf7,0xbd,
    0xd7,0xb5,0xd7,0xb5,0xb6,0xb5,0xb7,0xb5,0xb6,0xad,0x96,0xb5,0x95,0xad,0x79,0xce,0x71,0x8c,0x61,0x08,0x00,0x00,0x00,0x00,
    0x00,0x00,0x00,0x00,0x00,0x00,0x00,0x00,0x00,0x00,0x00,0x00,0x00,0x00,0x00,0x00,0x00,0x00,0x00,0x00,0x00,0x00,0x00,0x00,
    0x00,0x00,0x00,0x00,0x00,0x00,0x00,0x00,0x00,0x00,0x00,0x00,0x00,0x00,0x00,0x00,0x00,0x00,0x00,0x00,0x00,0x00,0x00,0x00,
    0x00,0x00,0x00,0x00,0x00,0x00,0x00,0x00,0x00,0x00,0x00,0x00,0x00,0x00,0x00,0x00,0x00,0x00,0x00,0x00,0x00,0x00,0x00,0x00,
    0x00,0x00,0x00,0x00,0x00,0x00,0x14,0xa5,0x9d,0xef,0x7d,0xef,0x7c,0xef,0x9d,0xef,0x7d,0xef,0x9d,0xf7,0x9d,0xef,0xbe,0xf7,
    0x9d,0xef,0xbe,0xf7,0xbd,0xf7,0xbe,0xf7,0xbd,0xf7,0xbe,0xf7,0xbd,0xf7,0xbe,0xf7,0xbd,0xf7,0xbe,0xf7,0x55,0xa5,0x8e,0x6b,
    0x8e,0x6b,0xcf,0x73,0x79,0xce,0x4d,0x6b,0xc3,0x10,0xc3,0x18,0xc3,0x10,0xe8,0x39,0x65,0x29,0xc3,0x18,0xa3,0x10,0xe4,0x20,
    0x25,0x21,0x45,0x29,0x2c,0x63,0xfb,0xde,0xda,0xd6,0x51,0x8c,0x45,0x21,0x45,0x29,0x45,0x21,0x45,0x29,0x45,0x21,0x45,0x29,
    0x04,0x21,0xe4,0x18,0xa3,0x10,0xc3,0x18,0xa3,0x10,0xa3,0x18,0xa3,0x10,0xa3,0x18,0xa3,0x10,0xa3,0x18,0xa3,0x10,0xa3,0x18,
    0xa2,0x10,0xa3,0x18,0xa3,0x10,0xc3,0x18,0xc2,0x18,0xe3,0x20,0x23,0x29,0x84,0x39,0xc4,0x49,0x46,0x62,0xa6,0x72,0x07,0x8b,
    0xc8,0xa3,0x09,0xb4,0x29,0xb4,0x29,0xbc,0x08,0xb4,0x08,0xb4,0xe8,0xab,0xe8,0xab,0xa8,0xa3,0xa8,0xa3,0x87,0x9b,0x68,0x9b,
    0x47,0x8b,0x27,0x8b,0xe7,0x82,0xe7,0x7a,0xa6,0x72,0x86,0x6a,0x45,0x62,0x25,0x5a,0xc4,0x49,0xc4,0x49,0x84,0x39,0x64,0x39,
    0x23,0x29,0x03,0x29,0xe3,0x20,0xe3,0x20,0xa2,0x18,0xa2,0x18,0xa2,0x10,0xa2,0x10,0xce,0x7b,0xda,0xd6,0xda,0xd6,0xab,0x5a,
    0x82,0x10,0x82,0x10,0x82,0x10,0x82,0x10,0x82,0x08,0x45,0x29,0xa6,0x31,0x82,0x10,0x82,0x08,0x82,0x10,0xaa,0x52,0x75,0xad,
    0x8e,0x6b,0x8e,0x6b,0x8e,0x6b,0xf3,0x94,0x38,0xc6,0x38,0xc6,0x38,0xbe,0x38,0xc6,0x17,0xbe,0x18,0xbe,0xf7,0xbd,0xf7,0xbd,
    0xd7,0xb5,0xd7,0xb5,0xb6,0xb5,0xd7,0xb5,0xb6,0xad,0xb6,0xb5,0x96,0xad,0x96,0xad,0x75,0xad,0x79,0xce,0xae,0x73,0x00,0x00,
    0x00,0x00,0x00,0x00,0x00,0x00,0x00,0x00,0x00,0x00,0x00,0x00,0x00,0x00,0x00,0x00,0x00,0x00,0x00,0x00,0x00,0x00,0x00,0x00,
    0x00,0x00,0x00,0x00,0x00,0x00,0x00,0x00,0x00,0x00,0x00,0x00,0x00,0x00,0x00,0x00,0x00,0x00,0x00,0x00,0x00,0x00,0x00,0x00,
    0x00,0x00,0x00,0x00,0x00,0x00,0x00,0x00,0x00,0x00,0x00,0x00,0x00,0x00,0x00,0x00,0x00,0x00,0x00,0x00,0x00,0x00,0x00,0x00,
    0x00,0x00,0x00,0x00,0x00,0x00,0x4d,0x6b,0x9d,0xf7,0x7d,0xef,0x7d,0xef,0x9d,0xf7,0x9d,0xef,0x9d,0xf7,0x9d,0xef,0xbe,0xf7,
    0xbd,0xf7,0xbe,0xf7,0xbd,0xf7,0xbe,0xf7,0xbe,0xf7,0xbe,0xf7,0xbd,0xf7,0xbe,0xf7,0xbe,0xf7,0x9d,0xf7,0xf3,0x9c,0x8f,0x73,
    0x8e,0x6b,0x10,0x7c,0x58,0xc6,0x08,0x42,0xc3,0x18,0xc3,0x18,0xc3,0x18,0xc4,0x18,0xc7,0x39,0x4d,0x6b,0x04,0x21,0x25,0x21,
    0x45,0x29,0x46,0x29,0x45,0x29,0x46,0x29,0xb6,0xb5,0xfb,0xde,0xba,0xd6,0x08,0x42,0x45,0x29,0x45,0x29,0x45,0x29,0x25,0x21,
    0xe3,0x18,0xc3,0x18,0xa3,0x10,0xc3,0x18,0xa3,0x18,0xc3,0x18,0xa3,0x10,0xc3,0x18,0xa3,0x10,0xa3,0x18,0xa3,0x10,0xa3,0x18,
    0xa3,0x10,0xa3,0x18,0xc3,0x18,0xe4,0x20,0x04,0x21,0x44,0x29,0x65,0x31,0xe6,0x41,0x27,0x52,0xa7,0x6a,0x08,0x7b,0x09,0xb4,
    0x6b,0xf5,0xac,0xfd,0x8b,0xfd,0xac,0xfd,0x8b,0xfd,0xac,0xfd,0x8b,0xfd,0xac,0xfd,0x6b,0xf5,0x4b,0xf5,0x0a,0xe5,0xea,0xdc,
    0x89,0xcc,0x29,0xbc,0xc8,0xab,0xa8,0xa3,0x88,0x9b,0x68,0x93,0x27,0x8b,0x07,0x83,0xc6,0x7a,0x86,0x72,0x45,0x62,0x25,0x5a,
    0xe5,0x49,0xa4,0x41,0x63,0x39,0x44,0x31,0x03,0x29,0xe3,0x20,0xc3,0x18,0xc3,0x18,0x65,0x29,0xb9,0xd6,0xba,0xd6,0x75,0xb5,
    0x82,0x10,0x82,0x10,0x82,0x10,0x83,0x10,0x82,0x10,0xe4,0x18,0x2d,0x63,0xa7,0x39,0x82,0x10,0x82,0x10,0x82,0x10,0x82,0x10,
    0x86,0x31,0x75,0xad,0xcf,0x73,0x8f,0x73,0x8e,0x6b,0x72,0x8c,0x38,0xc6,0x38,0xc6,0x38,0xc6,0x18,0xc6,0x17,0xbe,0x18,0xbe,
    0xf7,0xbd,0xf7,0xbd,0xd7,0xb5,0xd7,0xbd,0xd6,0xb5,0xb6,0xb5,0xb6,0xad,0xb6,0xb5,0x96,0xad,0x96,0xad,0xb6,0xad,0x59,0xc6,
    0x29,0x42,0x00,0x00,0x00,0x00,0x00,0x00,0x00,0x00,0x00,0x00,0x00,0x00,0x00,0x00,0x00,0x00,0x00,0x00,0x00,0x00,0x00,0x00,
    0x00,0x00,0x00,0x00,0x00,0x00,0x00,0x00,0x00,0x00,0x00,0x00,0x00,0x00,0x00,0x00,0x00,0x00,0x00,0x00,0x00,0x00,0x00,0x00,
    0x00,0x00,0x00,0x00,0x00,0x00,0x00,0x00,0x00,0x00,0x00,0x00,0x00,0x00,0x00,0x00,0x00,0x00,0x00,0x00,0x00,0x00,0x00,0x00,
    0x00,0x00,0x00,0x00,0x00,0x00,0x45,0x29,0x5c,0xe7,0x7d,0xef,0x5c,0xef,0x7d,0xef,0x7c,0xef,0x9d,0xef,0x9d,0xef,0x9d,0xf7,
    0x9d,0xef,0xbd,0xf7,0xbd,0xf7,0xbe,0xf7,0xbd,0xf7,0xbe,0xf7,0xbd,0xf7,0xbe,0xf7,0xbd,0xf7,0x7d,0xef,0x72,0x8c,0x8e,0x6b,
    0x6e,0x6b,0x31,0x84,0x37,0xc6,0x86,0x31,0xa3,0x10,0xc3,0x18,0xa3,0x10,0xc3,0x18,0xa3,0x10,0xc3,0x18,0xaa,0x52,0x2d,0x63,
    0x45,0x21,0x45,0x29,0x45,0x21,0x45,0x29,0x45,0x21,0x69,0x4a,0xda,0xd6,0xfb,0xde,0xf3,0x9c,0x45,0x29,0x04,0x21,0xc4,0x18,
    0xa2,0x10,0xa3,0x10,0xa3,0x10,0xa3,0x18,0xa2,0x10,0xa3,0x10,0xa2,0x10,0xa3,0x10,0xa2,0x10,0xa3,0x10,0xa2,0x10,0xe3,0x18,
    0xe4,0x18,0x25,0x21,0x45,0x29,0x66,0x29,0x45,0x29,0x65,0x31,0x85,0x31,0xa6,0x39,0xe6,0x41,0x47,0x5a,0xa7,0x6a,0x28,0x83,
    0x4a,0xed,0xac,0xfd,0xb3,0xfe,0xd5,0xfe,0xb4,0xfe,0xb3,0xfe,0x92,0xfe,0x92,0xfe,0x51,0xfe,0x30,0xfe,0xed,0xfd,0xac,0xfd,
    0x8b,0xfd,0xab,0xfd,0x8b,0xfd,0x6b,0xf5,0x0a,0xe5,0xca,0xd4,0x29,0xbc,0xe8,0xab,0x87,0x9b,0x67,0x9b,0x27,0x8b,0x06,0x83,
    0xa5,0x72,0x66,0x6a,0x25,0x5a,0xe5,0x51,0xa4,0x41,0x64,0x39,0x23,0x29,0x03,0x29,0xc2,0x18,0xd2,0x9c,0xb9,0xd6,0xda,0xde,
    0xc6,0x39,0x82,0x10,0x62,0x08,0x82,0x10,0x62,0x08,0x82,0x10,0xcb,0x52,0x6a,0x4a,0x62,0x08,0x82,0x10,0x62,0x08,0x82,0x10,
    0x61,0x08,0x62,0x10,0x04,0x21,0x34,0xa5,0xef,0x73,0x8e,0x6b,0x8e,0x6b,0x31,0x84,0xf7,0xbd,0x38,0xbe,0x17,0xbe,0x18,0xbe,
    0xf7,0xbd,0xf7,0xbd,0xd7,0xb5,0xd7,0xbd,0xb6,0xb5,0xb7,0xb5,0xb6,0xad,0xb6,0xb5,0x96,0xad,0x96,0xad,0x75,0xad,0x76,0xad,
    0xd7,0xb5,0xb7,0xb5,0xe3,0x18,0x00,0x00,0x00,0x00,0x00,0x00,0x00,0x00,0x00,0x00,0x00,0x00,0x00,0x00,0x00,0x00,0x00,0x00,
    0x00,0x00,0x00,0x00,0x00,0x00,0x00,0x00,0x00,0x00,0x00,0x00,0x00,0x00,0x00,0x00,0x00,0x00,0x00,0x00,0x00,0x00,0x00,0x00,
    0x00,0x00,0x00,0x00,0x00,0x00,0x00,0x00,0x00,0x00,0x00,0x00,0x00,0x00,0x00,0x00,0x00,0x00,0x00,0x00,0x00,0x00,0x00,0x00,
    0x00,0x00,0x00,0x00,0x00,0x00,0x62,0x10,0x58,0xc6,0x9d,0xf7,0x7c,0xef,0x7d,0xef,0x7d,0xef,0x9d,0xef,0x9d,0xef,0x9d,0xf7,
    0x9d,0xf7,0xbe,0xf7,0xbd,0xf7,0xbe,0xf7,0xbd,0xf7,0xbe,0xf7,0xbd,0xf7,0xbe,0xf7,0xbd,0xf7,0x7c,0xef,0x51,0x84,0x8f,0x73,
    0x8e,0x6b,0x92,0x94,0xd6,0xb5,0x25,0x29,0xc3,0x18,0xc3,0x18,0xa3,0x10,0xc3,0x18,0xc3,0x18,0xc3,0x18,0xe4,0x18,0x66,0x31,
    0x6e,0x6b,0x6a,0x4a,0x45,0x29,0x46,0x29,0x45,0x29,0x45,0x29,0x45,0x29,0xd3,0x9c,0xda,0xde,0x99,0xd6,0xc3,0x18,0xc3,0x18,
    0xa3,0x10,0xa3,0x18,0xa3,0x10,0xc3,0x18,0xa3,0x10,0xa3,0x18,0xa3,0x10,0xa3,0x18,0xa3,0x10,0xe4,0x18,0x04,0x21,0x66,0x29,
    0x65,0x29,0x66,0x29,0x45,0x29,0x66,0x31,0x65,0x29,0x66,0x29,0x65,0x29,0x86,0x31,0xa6,0x39,0x07,0x4a,0x66,0x5a,0xe8,0x72,
    0x68,0x93,0xab,0xfd,0x0f,0xfe,0x59,0xff,0x38,0xff,0x58,0xff,0x38,0xff,0x59,0xff,0x38,0xff,0x58,0xff,0x38,0xff,0x59,0xff,
    0x38,0xff,0x37,0xff,0xd5,0xfe,0x93,0xfe,0x30,0xfe,0xee,0xfd,0x8b,0xfd,0xac,0xfd,0x6b,0xf5,0x0b,0xe5,0x69,0xc4,0xe8,0xab,
    0xa8,0xa3,0x67,0x9b,0x07,0x83,0xe7,0x7a,0x86,0x6a,0x45,0x62,0xe4,0x51,0xa4,0x49,0x64,0x39,0x24,0x31,0x77,0xd6,0xda,0xde,
    0x71,0x8c,0xa2,0x18,0x82,0x10,0xa2,0x10,0x82,0x10,0x82,0x10,0xc7,0x31,0x0c,0x63,0xa3,0x10,0x82,0x10,0x62,0x08,0x82,0x10,
    0x82,0x10,0x82,0x10,0x62,0x08,0x82,0x10,0xc3,0x18,0xd3,0x9c,0x30,0x84,0x8f,0x73,0x8e,0x6b,0x10,0x7c,0xf7,0xbd,0x38,0xc6,
    0x17,0xbe,0x18,0xbe,0xf7,0xbd,0xf7,0xbd,0xd7,0xb5,0xd7,0xb5,0xb6,0xb5,0xd7,0xb5,0xb6,0xb5,0xb6,0xb5,0x96,0xad,0x96,0xad,
    0x75,0xad,0x75,0xad,0x18,0xbe,0xd3,0x9c,0x41,0x08,0x00,0x00,0x00,0x00,0x00,0x00,0x00,0x00,0x00,0x00,0x00,0x00,0x00,0x00,
    0x00,0x00,0x00,0x00,0x00,0x00,0x00,0x00,0x00,0x00,0x00,0x00,0x00,0x00,0x00,0x00,0x00,0x00,0x00,0x00,0x00,0x00,0x00,0x00,
    0x00,0x00,0x00,0x00,0x00,0x00,0x00,0x00,0x00,0x00,0x00,0x00,0x00,0x00,0x00,0x00,0x00,0x00,0x00,0x00,0x00,0x00,0x00,0x00,
    0x00,0x00,0x00,0x00,0x00,0x00,0x00,0x00,0x91,0x94,0x9e,0xf7,0x5c,0xe7,0x7d,0xef,0x7c,0xef,0x7d,0xef,0x7d,0xef,0x9d,0xf7,
    0x9d,0xef,0x9d,0xf7,0x9d,0xf7,0xbe,0xf7,0xbd,0xf7,0xbe,0xf7,0xbd,0xf7,0xbe,0xf7,0xbd,0xf7,0x9d,0xef,0x51,0x84,0x8e,0x6b,
    0x8e,0x6b,0xf3,0x9c,0x54,0xa5,0xe4,0x20,0xa3,0x10,0xc3,0x18,0xa3,0x10,0xc3,0x18,0xa3,0x10,0xc3,0x18,0x04,0x19,0x45,0x29,
    0x25,0x21,0xc7,0x39,0xa6,0x31,0x45,0x29,0x25,0x21,0x45,0x29,0x45,0x21,0x45,0x29,0x65,0x29,0xb2,0x94,0xaa,0x52,0xa3,0x18,
    0xa2,0x10,0xa3,0x18,0xa3,0x10,0xa3,0x18,0xa2,0x10,0xa3,0x10,0xa3,0x10,0xc3,0x18,0xe4,0x18,0x45,0x29,0x45,0x29,0x66,0x29,
    0x45,0x29,0x66,0x29,0x45,0x29,0x66,0x29,0x45,0x29,0x66,0x29,0x45,0x29,0x66,0x31,0x65,0x31,0xc6,0x39,0xe6,0x49,0x67,0x5a,
    0xa7,0x6a,0x48,0x8b,0x8b,0xfd,0xcd,0xfd,0x37,0xff,0x58,0xff,0x38,0xff,0x58,0xff,0x38,0xff,0x58,0xff,0x38,0xff,0x58,0xff,
    0x38,0xff,0x58,0xff,0x38,0xff,0x58,0xff,0x38,0xff,0x58,0xff,0x38,0xff,0x38,0xff,0xd4,0xfe,0x50,0xfe,0xac,0xfd,0xab,0xfd,
    0x8b,0xf5,0x2b,0xe5,0x69,0xc4,0xc8,0xab,0x67,0x93,0x27,0x8b,0xc6,0x7a,0x86,0x72,0x25,0x5a,0xe5,0x51,0x84,0x41,0x2b,0x73,
    0xb0,0x9c,0x24,0x29,0xc2,0x18,0xa2,0x18,0x82,0x10,0xa2,0x10,0x62,0x10,0x04,0x21,0x04,0x19,0x82,0x10,0x62,0x08,0x82,0x10,
    0x62,0x08,0x82,0x10,0x62,0x08,0x82,0x10,0x61,0x08,0x62,0x10,0x82,0x10,0x51,0x8c,0x51,0x84,0x8e,0x6b,0x8e,0x6b,0x10,0x84,
    0xf7,0xbd,0x18,0xbe,0xf7,0xbd,0xf7,0xbd,0xf7,0xb5,0xf7,0xb5,0xd6,0xb5,0xd7,0xb5,0xb6,0xad,0xb6,0xb5,0x96,0xad,0x96,0xad,
    0x75,0xad,0x75,0xad,0x75,0xa5,0x75,0xad,0x58,0xc6,0x6d,0x6b,0x00,0x00,0x00,0x00,0x00,0x00,0x00,0x00,0x00,0x00,0x00,0x00,
    0x00,0x00,0x00,0x00,0x00,0x00,0x00,0x00,0x00,0x00,0x00,0x00,0x00,0x00,0x00,0x00,0x00,0x00,0x00,0x00,0x00,0x00,0x00,0x00,
    0x00,0x00,0x00,0x00,0x00,0x00,0x00,0x00,0x00,0x00,0x00,0x00,0x00,0x00,0x00,0x00,0x00,0x00,0x00,0x00,0x00,0x00,0x00,0x00,
    0x00,0x00,0x00,0x00,0x00,0x00,0x00,0x00,0xcb,0x5a,0x9d,0xf7,0x7c,0xef,0x7d,0xef,0x7d,0xef,0x7d,0xef,0x7d,0xef,0x9d,0xf7,
    0x9d,0xf7,0x9d,0xf7,0x9d,0xf7,0xbe,0xf7,0xbe,0xf7,0xbe,0xf7,0xbd,0xf7,0xbe,0xf7,0xbe,0xf7,0xbe,0xf7,0xb2,0x94,0x8f,0x73,
    0x8e,0x6b,0x34,0xa5,0xb2,0x94,0xc4,0x18,0xc3,0x18,0xc3,0x18,0x66,0x29,0x2d,0x63,0xe4,0x18,0xc3,0x18,0x24,0x21,0x46,0x29,
    0x45,0x29,0x45,0x29,0x45,0x29,0x46,0x29,0x45,0x29,0x45,0x29,0x45,0x29,0x45,0x29,0x04,0x21,0xc3,0x18,0xa3,0x10,0xc3,0x18,
    0xa3,0x10,0xa3,0x18,0xa3,0x10,0xa3,0x18,0xa3,0x10,0xa3,0x18,0xc3,0x18,0x25,0x29,0x45,0x29,0x66,0x29,0x45,0x29,0x66,0x31,
    0x65,0x29,0x66,0x29,0x45,0x29,0x66,0x31,0x65,0x29,0x66,0x29,0x45,0x29,0x66,0x31,0x65,0x29,0x86,0x31,0xa6,0x39,0x07,0x4a,
    0x47,0x5a,0xc8,0x72,0x28,0x83,0xeb,0xdc,0x8b,0xfd,0xcc,0xfd,0x0e,0xfe,0x30,0xfe,0x30,0xfe,0x51,0xfe,0x51,0xfe,0x93,0xfe,
    0xd4,0xfe,0x17,0xff,0x38,0xff,0x59,0xff,0x58,0xff,0x59,0xff,0x38,0xff,0x59,0xff,0x58,0xff,0x59,0xff,0x38,0xff,0x59,0xff,
    0xb4,0xfe,0x30,0xfe,0x8b,0xfd,0xac,0xfd,0x4b,0xf5,0x8a,0xcc,0xc8,0xa3,0x88,0x9b,0x27,0x8b,0xc6,0x7a,0x66,0x6a,0x25,0x5a,
    0xc4,0x49,0x84,0x41,0x23,0x31,0x03,0x29,0xc3,0x20,0xc3,0x18,0xa2,0x10,0xa2,0x18,0x82,0x10,0x82,0x10,0x62,0x10,0x82,0x10,
    0x62,0x10,0x82,0x10,0x62,0x08,0xc3,0x18,0x0c,0x63,0x45,0x29,0x62,0x08,0x82,0x10,0x62,0x10,0xcf,0x7b,0x92,0x8c,0x8f,0x73,
    0x8e,0x6b,0x51,0x84,0x17,0xbe,0x18,0xbe,0xf7,0xbd,0xf7,0xbd,0xd7,0xb5,0xd7,0xbd,0xd7,0xb5,0xd7,0xb5,0xb6,0xad,0xb6,0xb5,
    0x96,0xad,0x96,0xad,0x75,0xad,0x76,0xad,0x75,0xad,0xb6,0xad,0x18,0xbe,0xe8,0x39,0x00,0x00,0x00,0x00,0x00,0x00,0x00,0x00,
    0x00,0x00,0x00,0x00,0x00,0x00,0x00,0x00,0x00,0x00,0x00,0x00,0x00,0x00,0x00,0x00,0x00,0x00,0x00,0x00,0x00,0x00,0x00,0x00,
    0x00,0x00,0x00,0x00,0x00,0x00,0x00,0x00,0x00,0x00,0x00,0x00,0x00,0x00,0x00,0x00,0x00,0x00,0x00,0x00,0x00,0x00,0x00,0x00,
    0x00,0x00,0x00,0x00,0x00,0x00,0x00,0x00,0x24,0x21,0x3c,0xe7,0x7c,0xef,0x5c,0xef,0x5c,0xe7,0x7d,0xef,0x7c,0xef,0x9d,0xef,
    0x7c,0xef,0x9d,0xf7,0x9d,0xef,0xbd,0xf7,0x9d,0xef,0xbe,0xf7,0xbd,0xf7,0xbe,0xf7,0xbd,0xf7,0xbd,0xf7,0xd3,0x94,0x8e,0x6b,
    0x6e,0x6b,0xd3,0x94,0xd2,0x94,0xc3,0x18,0xa3,0x10,0xa3,0x18,0xa3,0x10,0xc3,0x18,0x49,0x4a,0xec,0x5a,0x25,0x21,0x45,0x29,
    0x25,0x21,0x45,0x29,0x45,0x21,0x45,0x29,0x25,0x21,0x45,0x29,0x25,0x21,0x25,0x29,0xc3,0x10,0xa3,0x10,0xa2,0x10,0xa3,0x10,
    0xa2,0x10,0xa3,0x10,0xa2,0x10,0xa3,0x10,0x82,0x10,0xe3,0x18,0x24,0x21,0x66,0x29,0x45,0x29,0x66,0x29,0x45,0x29,0x66,0x29,
    0x45,0x29,0x66,0x29,0x45,0x29,0x66,0x29,0x45,0x29,0x66,0x29,0x45,0x29,0x66,0x29,0x45,0x29,0x65,0x31,0x85,0x31,0xa6,0x39,
    0xc6,0x41,0x27,0x52,0x67,0x62,0xe8,0x7a,0x68,0x8b,0xea,0xdc,0x6b,0xf5,0xab,0xfd,0x8b,0xfd,0xab,0xfd,0x8b,0xfd,0xab,0xfd,
    0x8b,0xfd,0xab,0xfd,0x8b,0xfd,0xab,0xfd,0xcd,0xfd,0x30,0xfe,0x92,0xfe,0xf5,0xfe,0x38,0xff,0x58,0xff,0x38,0xff,0x58,0xff,
    0x38,0xff,0x58,0xff,0x38,0xff,0x17,0xff,0x51,0xfe,0xac,0xfd,0x8b,0xfd,0x6b,0xf5,0x89,0xcc,0xc8,0xab,0x67,0x93,0x27,0x8b,
    0xa6,0x72,0x45,0x62,0xe4,0x51,0xa4,0x49,0x43,0x31,0x03,0x29,0xe2,0x20,0xc3,0x18,0x81,0x10,0x82,0x10,0x81,0x08,0x62,0x10,
    0x61,0x08,0x62,0x10,0x61,0x08,0x82,0x10,0xcb,0x52,0x49,0x4a,0x61,0x08,0x62,0x10,0x61,0x08,0x62,0x08,0x61,0x08,0x30,0x84,
    0x51,0x84,0x8e,0x6b,0x8e,0x6b,0x51,0x8c,0xf7,0xbd,0xf7,0xbd,0xf7,0xb5,0xf7,0xbd,0xd6,0xb5,0xd7,0xb5,0xb6,0xb5,0xb6,0xb5,
    0x96,0xad,0x96,0xad,0x95,0xad,0x96,0xad,0x75,0xa5,0x75,0xad,0x55,0xa5,0xd7,0xb5,0x75,0xad,0xa3,0x10,0x00,0x00,0x00,0x00,
    0x00,0x00,0x00,0x00,0x00,0x00,0x00,0x00,0x00,0x00,0x00,0x00,0x00,0x00,0x00,0x00,0x00,0x00,0x00,0x00,0x00,0x00,0x00,0x00,
    0x00,0x00,0x00,0x00,0x00,0x00,0x00,0x00,0x00,0x00,0x00,0x00,0x00,0x00,0x00,0x00,0x00,0x00,0x00,0x00,0x00,0x00,0x00,0x00,
    0x00,0x00,0x00,0x00,0x00,0x00,0x00,0x00,0x21,0x08,0x58,0xce,0x7d,0xef,0x5d,0xef,0x5c,0xef,0x7d,0xef,0x7c,0xef,0x9d,0xef,
    0x7d,0xef,0x9d,0xf7,0x9d,0xef,0xbe,0xf7,0xbd,0xf7,0xbe,0xf7,0xbd,0xf7,0xbe,0xf7,0xbd,0xf7,0xbe,0xf7,0x34,0xa5,0x8f,0x73,
    0x8e,0x6b,0x92,0x8c,0x95,0xad,0xc4,0x18,0xc3,0x18,0xc3,0x18,0xa3,0x10,0xc3,0x18,0xa3,0x10,0xc4,0x18,0x2c,0x63,0xec,0x5a,
    0x45,0x29,0x45,0x29,0x45,0x29,0x45,0x29,0x45,0x29,0x45,0x29,0x25,0x21,0x04,0x21,0xa3,0x10,0xa3,0x18,0xa3,0x10,0xa3,0x18,
    0xa3,0x10,0xa3,0x18,0xa3,0x10,0xa3,0x18,0xc3,0x18,0x45,0x29,0x45,0x29,0x66,0x31,0x65,0x29,0x66,0x29,0x45,0x29,0x66,0x31,
    0x65,0x29,0x66,0x29,0x45,0x29,0x66,0x31,0x65,0x29,0x66,0x29,0x45,0x29,0x66,0x31,0x65,0x29,0x66,0x29,0x45,0x29,0x45,0x29,
    0x45,0x29,0x65,0x31,0x64,0x39,0xc5,0x49,0x25,0x5a,0x86,0x72,0xe6,0x7a,0x47,0x93,0x87,0x9b,0xe9,0xab,0x28,0xb4,0x69,0xc4,
    0x69,0xc4,0xaa,0xd4,0xca,0xd4,0x0b,0xe5,0x2a,0xe5,0x6b,0xf5,0x8b,0xfd,0xac,0xfd,0x8b,0xfd,0xab,0xfd,0xee,0xfd,0x72,0xfe,
    0xf6,0xfe,0x58,0xff,0x38,0xff,0x59,0xff,0x38,0xff,0x58,0xff,0x37,0xff,0x93,0xfe,0xcd,0xfd,0xab,0xfd,0x6b,0xf5,0x6a,0xcc,
    0xa7,0xa3,0x67,0x93,0xe6,0x82,0xa6,0x72,0x25,0x5a,0xc5,0x49,0x64,0x39,0x44,0x31,0x03,0x29,0xc3,0x20,0xa1,0x10,0x82,0x18,
    0x82,0x10,0x62,0x10,0x62,0x08,0x62,0x10,0x6a,0x4a,0xab,0x52,0x62,0x08,0x62,0x10,0x62,0x08,0x62,0x10,0x61,0x08,0x62,0x10,
    0x82,0x10,0x71,0x8c,0x10,0x7c,0x8f,0x73,0x8e,0x6b,0x92,0x8c,0xf7,0xbd,0xf8,0xbd,0xf7,0xb5,0xd7,0xbd,0xd6,0xb5,0xd7,0xb5,
    0xb6,0xb5,0xb6,0xb5,0x96,0xad,0x96,0xad,0x95,0xad,0x76,0xad,0x75,0xa5,0x75,0xad,0x55,0xa5,0x18,0xc6,0x71,0x8c,0x21,0x08,
    0x00,0x00,0x00,0x00,0x00,0x00,0x00,0x00,0x00,0x00,0x00,0x00,0x00,0x00,0x00,0x00,0x00,0x00,0x00,0x00,0x00,0x00,0x00,0x00,
    0x00,0x00,0x00,0x00,0x00,0x00,0x00,0x00,0x00,0x00,0x00,0x00,0x00,0x00,0x00,0x00,0x00,0x00,0x00,0x00,0x00,0x00,0x00,0x00,
    0x00,0x00,0x00,0x00,0x00,0x00,0x00,0x00,0x00,0x00,0x2c,0x63,0x9d,0xef,0x7c,0xef,0x5c,0xe7,0x7c,0xef,0x7c,0xef,0x7d,0xef,
    0x7c,0xef,0x9d,0xef,0x9d,0xef,0x9d,0xf7,0x9d,0xef,0xbe,0xf7,0xbd,0xf7,0xbe,0xf7,0xbd,0xf7,0xbe,0xf7,0x96,0xad,0x8e,0x6b,
    0x8e,0x6b,0x31,0x84,0xb6,0xb5,0xe4,0x20,0xa3,0x10,0xc3,0x18,0xa3,0x10,0xc3,0x18,0xa3,0x10,0xe4,0x18,0x25,0x21,0x66,0x31,
    0x0c,0x5b,0x86,0x31,0x25,0x21,0x45,0x29,0x25,0x21,0x45,0x29,0x25,0x21,0xe4,0x18,0xa2,0x10,0xa3,0x10,0xa3,0x10,0xa3,0x18,
    0xa2,0x10,0xa3,0x10,0xa2,0x10,0xc3,0x18,0x04,0x21,0x66,0x29,0x45,0x29,0x66,0x29,0x45,0x29,0x66,0x29,0x45,0x29,0x66,0x29,
    0x45,0x29,0x66,0x29,0x45,0x29,0x66,0x29,0x45,0x29,0x66,0x29,0x45,0x21,0x25,0x21,0xe3,0x18,0xc3,0x18,0x82,0x10,0xa3,0x18,
    0xa2,0x10,0xc3,0x18,0xe3,0x20,0x24,0x29,0x63,0x31,0xa4,0x49,0x04,0x52,0x66,0x6a,0x86,0x72,0xe6,0x82,0x07,0x83,0x47,0x93,
    0x47,0x93,0x87,0x9b,0x87,0x9b,0xa8,0xa3,0xa8,0xa3,0xc8,0xab,0xe8,0xab,0x09,0xb4,0x89,0xc4,0x0a,0xe5,0x4a,0xf5,0x8b,0xfd,
    0x8b,0xfd,0xab,0xfd,0xcd,0xfd,0x72,0xfe,0xf6,0xfe,0x58,0xff,0x38,0xff,0x58,0xff,0x38,0xff,0x58,0xff,0x93,0xfe,0xcc,0xfd,
    0x8b,0xfd,0x2a,0xed,0x08,0xb4,0x88,0x9b,0x26,0x8b,0xc6,0x7a,0x45,0x62,0xe5,0x51,0x83,0x41,0x43,0x31,0x03,0x29,0xc3,0x20,
    0xa2,0x18,0xa2,0x18,0x82,0x10,0x62,0x10,0xc3,0x18,0x8a,0x52,0x82,0x10,0x62,0x10,0x61,0x08,0x62,0x10,0x61,0x08,0x62,0x10,
    0x61,0x08,0x62,0x08,0x82,0x10,0xf3,0x9c,0xef,0x73,0x8e,0x6b,0x8e,0x6b,0xd3,0x94,0xf7,0xb5,0xf7,0xbd,0xd6,0xb5,0xd7,0xb5,
    0xb6,0xb5,0xb6,0xb5,0x96,0xad,0x96,0xad,0x95,0xad,0x96,0xad,0x75,0xad,0x75,0xad,0x55,0xa5,0x55,0xa5,0x55,0xa5,0x39,0xc6,
    0x48,0x42,0x00,0x00,0x00,0x00,0x00,0x00,0x00,0x00,0x00,0x00,0x00,0x00,0x00,0x00,0x00,0x00,0x00,0x00,0x00,0x00,0x00,0x00,
    0x00,0x00,0x00,0x00,0x00,0x00,0x00,0x00,0x00,0x00,0x00,0x00,0x00,0x00,0x00,0x00,0x00,0x00,0x00,0x00,0x00,0x00,0x00,0x00,
    0x00,0x00,0x00,0x00,0x00,0x00,0x00,0x00,0x00,0x00,0xa3,0x18,0x1b,0xdf,0x7d,0xef,0x5c,0xef,0x7d,0xef,0x5c,0xef,0x7d,0xef,
    0x7d,0xef,0x9d,0xef,0x9d,0xef,0x9e,0xf7,0x9d,0xf7,0xbe,0xf7,0xbd,0xf7,0xbe,0xf7,0xbe,0xf7,0xbe,0xf7,0x79,0xce,0x8f,0x73,
    0x8e,0x6b,0x10,0x7c,0x38,0xc6,0x25,0x21,0xa3,0x18,0xc3,0x18,0xa3,0x10,0xc3,0x18,0xa3,0x18,0xe4,0x20,0x45,0x21,0x45,0x29,
    0x45,0x29,0x45,0x29,0x25,0x21,0x45,0x29,0x45,0x29,0x45,0x29,0x25,0x21,0xc4,0x18,0xa3,0x10,0xa3,0x18,0xa3,0x10,0xa3,0x18,
    0xa3,0x10,0xa3,0x18,0xa3,0x10,0x04,0x21,0x45,0x29,0x66,0x29,0x45,0x29,0x66,0x31,0x65,0x29,0x66,0x29,0x45,0x29,0x66,0x31,
    0x65,0x29,0x66,0x29,0x45,0x29,0x66,0x31,0x45,0x29,0x05,0x21,0xc3,0x18,0xa3,0x18,0x82,0x10,0xa3,0x10,0x82,0x10,0xa3,0x10,
    0x82,0x10,0xa3,0x18,0xc2,0x18,0xe3,0x20,0x03,0x21,0x24,0x31,0x43,0x31,0xa5,0x41,0xe5,0x49,0x05,0x5a,0x45,0x62,0x66,0x6a,
    0x86,0x6a,0xa6,0x72,0xc6,0x7a,0xe7,0x82,0xe6,0x82,0x07,0x8b,0x27,0x8b,0x48,0x93,0x67,0x93,0x88,0xa3,0xa8,0xa3,0xe8,0xb3,
    0x29,0xbc,0xea,0xdc,0x4b,0xed,0xac,0xfd,0x8b,0xfd,0xac,0xfd,0x0f,0xfe,0xf5,0xfe,0x58,0xff,0x59,0xff,0x38,0xff,0x59,0xff,
    0x37,0xff,0x51,0xfe,0xab,0xfd,0x8c,0xfd,0xca,0xd4,0xc8,0xab,0x47,0x93,0x07,0x83,0x86,0x6a,0x25,0x5a,0xa4,0x49,0x64,0x39,
    0x23,0x29,0xe3,0x20,0xa2,0x18,0xa2,0x18,0x82,0x10,0x82,0x10,0x62,0x08,0x62,0x10,0x62,0x08,0x62,0x10,0x62,0x08,0x62,0x10,
    0x62,0x08,0x62,0x10,0x61,0x08,0x62,0x10,0xc3,0x18,0xf4,0x9c,0xcf,0x73,0x8f,0x73,0x8e,0x6b,0x35,0xa5,0xf7,0xb5,0xf7,0xbd,
    0xd7,0xb5,0xd7,0xb5,0xb6,0xb5,0xb6,0xb5,0x96,0xad,0x96,0xad,0x95,0xad,0x96,0xad,0x75,0xad,0x75,0xad,0x55,0xa5,0x55,0xa5,
    0xd7,0xb5,0x96,0xad,0x61,0x08,0x00,0x00,0x00,0x00,0x00,0x00,0x00,0x00,0x00,0x00,0x00,0x00,0x00,0x00,0x00,0x00,0x00,0x00,
    0x00,0x00,0x00,0x00,0x00,0x00,0x00,0x00,0x00,0x00,0x00,0x00,0x00,0x00,0x00,0x00,0x00,0x00,0x00,0x00,0x00,0x00,0x00,0x00,
    0x00,0x00,0x00,0x00,0x00,0x00,0x00,0x00,0x00,0x00,0x00,0x00,0xb2,0x94,0x9d,0xef,0x3c,0xe7,0x5c,0xe7,0x5c,0xe7,0x7d,0xef,
    0x7c,0xe7,0x7d,0xef,0x7c,0xef,0x9d,0xef,0x9d,0xef,0x9d,0xf7,0x9d,0xef,0xbe,0xf7,0xbd,0xf7,0xbe,0xf7,0x1b,0xdf,0xcf,0x73,
    0x6e,0x6b,0xef,0x73,0x38,0xc6,0x66,0x29,0xa2,0x10,0xa3,0x10,0xe7,0x39,0x49,0x4a,0xa2,0x10,0xc3,0x18,0x25,0x21,0x45,0x29,
    0x25,0x21,0x45,0x29,0x25,0x21,0x45,0x29,0x25,0x21,0x25,0x29,0x24,0x21,0xc3,0x18,0x82,0x10,0xa3,0x10,0xa2,0x10,0xa3,0x10,
    0x82,0x10,0xa3,0x10,0xa3,0x10,0x45,0x29,0x45,0x29,0x66,0x29,0x45,0x29,0x66,0x29,0x45,0x29,0x66,0x29,0x45,0x29,0x66,0x29,
    0x45,0x29,0x66,0x29,0x45,0x29,0x25,0x29,0xc3,0x18,0xa3,0x10,0x82,0x10,0xa3,0x10,0x82,0x10,0x82,0x10,0x82,0x10,0x82,0x10,
    0x82,0x10,0x82,0x10,0x82,0x10,0xa2,0x18,0xa2,0x10,0xc3,0x18,0xe3,0x20,0x03,0x29,0x23,0x29,0x64,0x39,0x84,0x39,0xa4,0x41,
    0xa4,0x49,0xe5,0x51,0xe4,0x51,0x05,0x5a,0x05,0x52,0x25,0x5a,0x45,0x62,0x65,0x6a,0x85,0x6a,0xa6,0x72,0xc6,0x7a,0x07,0x83,
    0x27,0x8b,0x67,0x9b,0x87,0x9b,0xe8,0xab,0x28,0xb4,0xea,0xdc,0x6b,0xf5,0xab,0xfd,0x8b,0xfd,0xee,0xfd,0xb3,0xfe,0x58,0xff,
    0x38,0xff,0x58,0xff,0x38,0xff,0x16,0xff,0x0f,0xfe,0xab,0xfd,0x2a,0xed,0x29,0xb4,0x67,0x9b,0x07,0x8b,0x85,0x72,0x45,0x62,
    0xc4,0x49,0x64,0x39,0x03,0x29,0xe3,0x20,0xa2,0x18,0x82,0x10,0x61,0x10,0x82,0x10,0x41,0x08,0x62,0x08,0x61,0x08,0x62,0x08,
    0x41,0x08,0x62,0x08,0x28,0x42,0xa7,0x39,0x41,0x08,0x61,0x08,0xe3,0x18,0x34,0xa5,0xae,0x73,0x8e,0x6b,0x8e,0x6b,0x96,0xad,
    0xd6,0xb5,0xd7,0xb5,0xb6,0xb5,0xb6,0xb5,0x96,0xad,0xb6,0xad,0x95,0xad,0x96,0xad,0x75,0xa5,0x75,0xad,0x55,0xa5,0x55,0xa5,
    0x34,0xa5,0x35,0xa5,0x18,0xbe,0x6e,0x6b,0x00,0x00,0x00,0x00,0x00,0x00,0x00,0x00,0x00,0x00,0x00,0x00,0x00,0x00,0x00,0x00,
    0x00,0x00,0x00,0x00,0x00,0x00,0x00,0x00,0x00,0x00,0x00,0x00,0x00,0x00,0x00,0x00,0x00,0x00,0x00,0x00,0x00,0x00,0x00,0x00,
    0x00,0x00,0x00,0x00,0x00,0x00,0x00,0x00,0x00,0x00,0x00,0x00,0xc7,0x39,0x7d,0xef,0x5c,0xe7,0x5c,0xef,0x5c,0xe7,0x7d,0xef,
    0x7c,0xef,0x7d,0xef,0x7d,0xef,0x9d,0xf7,0x9d,0xef,0x9d,0xf7,0x9d,0xef,0xbe,0xf7,0xbd,0xf7,0xbe,0xf7,0x9d,0xef,0x51,0x84,
    0x8e,0x6b,0xaf,0x73,0x99,0xce,0x29,0x42,0xa3,0x10,0xa3,0x18,0xa3,0x10,0xe4,0x18,0xcb,0x5a,0xcb,0x52,0x45,0x29,0x45,0x29,
    0x45,0x29,0x45,0x29,0x25,0x21,0x45,0x29,0x45,0x29,0x45,0x29,0x04,0x21,0xc3,0x18,0xa3,0x10,0xa3,0x10,0xa2,0x10,0xa3,0x18,
    0xa3,0x10,0xa3,0x10,0xc3,0x18,0x66,0x29,0x65,0x29,0x66,0x29,0x45,0x29,0x66,0x31,0x65,0x29,0x66,0x29,0x45,0x29,0x66,0x31,
    0x65,0x29,0x66,0x29,0x04,0x21,0xc4,0x18,0x82,0x10,0x83,0x10,0x82,0x10,0xa3,0x10,0x82,0x10,0x83,0x10,0x82,0x10,0xa3,0x10,
    0x82,0x10,0x82,0x10,0x82,0x10,0x83,0x10,0x82,0x10,0xa2,0x18,0xa2,0x10,0xc3,0x18,0xc3,0x18,0xe3,0x20,0x03,0x21,0x24,0x31,
    0x23,0x31,0x44,0x31,0x43,0x31,0x64,0x39,0x64,0x39,0x84,0x41,0x84,0x41,0xa4,0x49,0xc4,0x49,0xe5,0x51,0xe4,0x51,0x25,0x5a,
    0x45,0x62,0x86,0x72,0xa6,0x72,0xe7,0x82,0x27,0x8b,0x67,0x9b,0xa7,0xa3,0xe8,0xb3,0x89,0xcc,0x4b,0xed,0x8b,0xfd,0xac,0xfd,
    0xee,0xfd,0xf6,0xfe,0x38,0xff,0x59,0xff,0x38,0xff,0x58,0xff,0xb4,0xfe,0xac,0xfd,0x8b,0xfd,0xaa,0xcc,0xa8,0xa3,0x47,0x93,
    0xc6,0x7a,0x66,0x62,0xe4,0x51,0x84,0x41,0x23,0x31,0xe3,0x28,0xa2,0x18,0xa2,0x18,0x81,0x10,0x62,0x10,0x61,0x08,0x62,0x10,
    0x61,0x08,0x82,0x10,0x8a,0x4a,0xcb,0x5a,0x82,0x10,0x62,0x08,0x41,0x08,0x62,0x10,0x86,0x31,0x75,0xad,0x8e,0x6b,0x8f,0x73,
    0xf0,0x7b,0xd7,0xb5,0xd7,0xb5,0xd7,0xb5,0xb6,0xb5,0xb6,0xb5,0x96,0xad,0x96,0xb5,0x96,0xad,0x96,0xad,0x75,0xa5,0x75,0xad,
    0x55,0xa5,0x55,0xa5,0x34,0xa5,0x96,0xad,0xf7,0xbd,0x24,0x21,0x00,0x00,0x00,0x00,0x00,0x00,0x00,0x00,0x00,0x00,0x00,0x00,
    0x00,0x00,0x00,0x00,0x00,0x00,0x00,0x00,0x00,0x00,0x00,0x00,0x00,0x00,0x00,0x00,0x00,0x00,0x00,0x00,0x00,0x00,0x00,0x00,
    0x00,0x00,0x00,0x00,0x00,0x00,0x00,0x00,0x00,0x00,0x00,0x00,0x00,0x00,0x59,0xce,0x5c,0xe7,0x5c,0xe7,0x5c,0xe7,0x5c,0xef,
    0x5c,0xe7,0x7d,0xef,0x7c,0xef,0x9d,0xef,0x7d,0xef,0x9d,0xf7,0x9d,0xef,0xbd,0xf7,0x9d,0xef,0xbe,0xf7,0xbd,0xf7,0x34,0xa5,
    0x8e,0x6b,0x8e,0x6b,0xb6,0xb5,0x4d,0x6b,0xa3,0x10,0xa3,0x18,0xa3,0x10,0xa3,0x18,0xa2,0x10,0xe3,0x18,0xec,0x5a,0x2d,0x63,
    0x45,0x29,0x25,0x29,0x25,0x21,0x45,0x29,0x24,0x21,0x25,0x29,0x04,0x19,0xa3,0x18,0xa2,0x10,0xa3,0x10,0xa2,0x10,0xa3,0x10,
    0x82,0x10,0xa3,0x10,0x04,0x19,0x66,0x29,0x45,0x29,0x66,0x29,0x45,0x29,0x66,0x29,0x45,0x29,0x66,0x29,0x45,0x29,0x66,0x29,
    0x45,0x29,0x04,0x21,0xa3,0x10,0xa3,0x10,0x82,0x10,0x82,0x10,0x82,0x10,0x83,0x10,0x82,0x10,0x82,0x10,0x82,0x10,0x83,0x10,
    0x82,0x10,0x82,0x10,0x82,0x10,0x82,0x10,0x82,0x10,0x82,0x10,0x82,0x10,0xa2,0x18,0x82,0x10,0xa2,0x18,0xa2,0x18,0xc3,0x18,
    0xc2,0x18,0xe3,0x20,0xe3,0x20,0xe3,0x28,0xe2,0x20,0x03,0x29,0x03,0x29,0x24,0x29,0x03,0x29,0x43,0x31,0x43,0x31,0x64,0x39,
    0x63,0x39,0xa4,0x41,0xc4,0x49,0x05,0x5a,0x25,0x5a,0x86,0x6a,0xa6,0x72,0x07,0x83,0x47,0x8b,0x88,0x9b,0xc7,0xab,0x49,0xc4,
    0x2a,0xe5,0xab,0xfd,0x8b,0xfd,0x50,0xfe,0x17,0xff,0x58,0xff,0x38,0xff,0x58,0xff,0xf6,0xfe,0xee,0xfd,0x8b,0xfd,0x0b,0xe5,
    0xc7,0xab,0x67,0x93,0xc6,0x7a,0x66,0x6a,0xe4,0x51,0x84,0x41,0x23,0x31,0xe3,0x20,0xa2,0x18,0x82,0x18,0x61,0x10,0x62,0x10,
    0x41,0x08,0x82,0x10,0xcb,0x52,0x6a,0x4a,0x61,0x08,0x62,0x08,0x41,0x08,0x62,0x08,0x41,0x08,0x61,0x08,0x8a,0x52,0xf3,0x9c,
    0x8e,0x6b,0x8e,0x6b,0x71,0x84,0xd7,0xb5,0xb6,0xb5,0xb6,0xb5,0xb6,0xad,0xb6,0xb5,0x95,0xad,0x96,0xad,0x75,0xad,0x75,0xad,
    0x55,0xa5,0x55,0xa5,0x34,0xa5,0x35,0xa5,0x34,0x9d,0xf7,0xbd,0x71,0x8c,0x00,0x00,0x00,0x00,0x00,0x00,0x00,0x00,0x00,0x00,
    0x00,0x00,0x00,0x00,0x00,0x00,0x00,0x00,0x00,0x00,0x00,0x00,0x00,0x00,0x00,0x00,0x00,0x00,0x00,0x00,0x00,0x00,0x00,0x00,
    0x00,0x00,0x00,0x00,0x00,0x00,0x00,0x00,0x00,0x00,0x00,0x00,0x00,0x00,0x2d,0x6b,0x7d,0xef,0x5c,0xef,0x5c,0xe7,0x5d,0xef,
    0x5c,0xef,0x7d,0xef,0x7c,0xef,0x9d,0xef,0x7d,0xef,0x9d,0xf7,0x9d,0xef,0xbe,0xf7,0x9d,0xf7,0xbe,0xf7,0xbd,0xf7,0x38,0xc6,
    0x8e,0x6b,0x8e,0x6b,0x92,0x8c,0x14,0xa5,0xa3,0x10,0xa3,0x18,0xa3,0x10,0xa3,0x18,0xa3,0x10,0xa3,0x18,0x24,0x21,0x45,0x29,
    0xab,0x52,0xa7,0x31,0x25,0x21,0x45,0x29,0x25,0x21,0x25,0x29,0xe4,0x18,0xa3,0x18,0xa3,0x10,0xa3,0x18,0xa2,0x10,0xa3,0x18,
    0xa3,0x10,0xc3,0x18,0x25,0x21,0x66,0x31,0x65,0x29,0x66,0x29,0x45,0x29,0x66,0x31,0x65,0x29,0x66,0x29,0x45,0x29,0x66,0x31,
    0x25,0x21,0xa3,0x18,0x82,0x10,0xa3,0x10,0x82,0x10,0xa3,0x10,0x82,0x10,0xa3,0x10,0x82,0x10,0x83,0x10,0x82,0x10,0x83,0x10,
    0x82,0x10,0x83,0x10,0x82,0x10,0x83,0x10,0x82,0x10,0x82,0x10,0x82,0x10,0x83,0x10,0x82,0x10,0x82,0x10,0x82,0x10,0xa3,0x18,
    0xa2,0x10,0xa2,0x18,0xa2,0x18,0xa2,0x18,0xa3,0x18,0xc3,0x18,0xc3,0x18,0xc3,0x20,0xc3,0x18,0xe3,0x20,0xc2,0x20,0xe3,0x28,
    0x03,0x29,0x03,0x29,0x23,0x31,0x64,0x39,0x64,0x39,0xa4,0x41,0xc4,0x49,0x05,0x5a,0x45,0x62,0x86,0x72,0xe6,0x7a,0x47,0x93,
    0x87,0x9b,0xc8,0xab,0x69,0xc4,0x6b,0xf5,0x8b,0xfd,0xcc,0xfd,0xb4,0xfe,0x59,0xff,0x58,0xff,0x59,0xff,0x38,0xff,0x71,0xfe,
    0x8b,0xfd,0x6b,0xf5,0x28,0xb4,0x88,0x9b,0x06,0x83,0x86,0x72,0x04,0x52,0xa4,0x41,0x43,0x31,0x03,0x29,0xa2,0x18,0xa2,0x18,
    0x62,0x10,0x62,0x10,0xe3,0x18,0x29,0x42,0x61,0x08,0x62,0x10,0x61,0x08,0x62,0x10,0x61,0x08,0x62,0x08,0x41,0x08,0x62,0x10,
    0xef,0x7b,0x31,0x84,0x8e,0x6b,0x8f,0x73,0x14,0x9d,0xd7,0xb5,0xb6,0xb5,0xb7,0xb5,0x96,0xad,0x96,0xad,0x95,0xad,0x96,0xad,
    0x75,0xad,0x75,0xad,0x55,0xa5,0x55,0xad,0x35,0xa5,0x35,0xa5,0x34,0xa5,0x38,0xc6,0x49,0x42,0x00,0x00,0x00,0x00,0x00,0x00,
    0x00,0x00,0x00,0x00,0x00,0x00,0x00,0x00,0x00,0x00,0x00,0x00,0x00,0x00,0x00,0x00,0x00,0x00,0x00,0x00,0x00,0x00,0x00,0x00,
    0x00,0x00,0x00,0x00,0x00,0x00,0x00,0x00,0x00,0x00,0x00,0x00,0x00,0x00,0xe3,0x18,0xfb,0xde,0x5c,0xef,0x3b,0xe7,0x5c,0xe7,
    0x5c,0xe7,0x5c,0xef,0x5c,0xe7,0x7d,0xef,0x7c,0xef,0x7d,0xef,0x7d,0xef,0x9d,0xf7,0x9d,0xef,0xbd,0xf7,0x9d,0xf7,0x1b,0xdf,
    0x8e,0x6b,0x8e,0x6b,0xef,0x73,0x58,0xce,0xe3,0x18,0xa3,0x10,0xa2,0x10,0xa3,0x10,0xa2,0x10,0xa3,0x10,0x04,0x21,0x45,0x29,
    0x24,0x21,0x25,0x29,0x25,0x21,0x25,0x29,0x24,0x21,0x25,0x21,0xe4,0x18,0xa3,0x10,0x82,0x10,0xa3,0x10,0x82,0x10,0xa3,0x10,
    0x82,0x10,0xc3,0x18,0x45,0x29,0x66,0x29,0x45,0x29,0x66,0x29,0x45,0x29,0x66,0x29,0x45,0x29,0x66,0x29,0x45,0x29,0x45,0x29,
    0xc3,0x18,0x82,0x10,0x82,0x10,0x82,0x10,0x82,0x10,0x82,0x10,0x82,0x10,0x82,0x10,0x82,0x08,0x82,0x10,0x82,0x10,0x82,0x10,
    0x82,0x08,0x82,0x10,0x82,0x10,0x82,0x10,0x62,0x08,0x82,0x10,0x82,0x08,0x82,0x10,0x62,0x08,0x82,0x10,0x82,0x08,0x82,0x10,
    0x62,0x08,0x82,0x10,0x62,0x10,0x82,0x10,0x82,0x08,0x82,0x10,0x82,0x10,0x82,0x10,0x81,0x10,0x82,0x10,0x82,0x10,0xa2,0x18,
    0x81,0x10,0xa3,0x18,0xa2,0x18,0xe3,0x20,0xc2,0x20,0x03,0x29,0x03,0x29,0x43,0x31,0x63,0x39,0xa4,0x49,0xc4,0x51,0x25,0x62,
    0x65,0x6a,0xc6,0x7a,0x26,0x8b,0x87,0x9b,0xc7,0xab,0xca,0xdc,0x6b,0xf5,0xab,0xfd,0x2f,0xfe,0x37,0xff,0x38,0xff,0x58,0xff,
    0x38,0xff,0xb4,0xfe,0x8b,0xfd,0x8b,0xfd,0x48,0xbc,0x87,0x9b,0x06,0x83,0x86,0x72,0xe4,0x51,0x84,0x41,0x23,0x29,0xe3,0x28,
    0xa2,0x18,0x81,0x10,0x61,0x08,0x61,0x10,0x41,0x08,0x61,0x08,0x41,0x08,0x61,0x08,0x41,0x08,0x61,0x08,0x41,0x08,0x41,0x08,
    0x41,0x08,0x82,0x10,0xd3,0x94,0xcf,0x73,0x6e,0x6b,0x8e,0x6b,0x55,0xa5,0xb6,0xb5,0x96,0xad,0xb6,0xad,0x95,0xad,0x96,0xad,
    0x75,0xa5,0x75,0xad,0x55,0xa5,0x55,0xa5,0x34,0xa5,0x35,0xa5,0x34,0x9d,0x34,0xa5,0x96,0xad,0x75,0xad,0x61,0x08,0x00,0x00,
    0x00,0x00,0x00,0x00,0x00,0x00,0x00,0x00,0x00,0x00,0x00,0x00,0x00,0x00,0x00,0x00,0x00,0x00,0x00,0x00,0x00,0x00,0x00,0x00,
    0x00,0x00,0x00,0x00,0x00,0x00,0x00,0x00,0x00,0x00,0x00,0x00,0x00,0x00,0x00,0x00,0x30,0x84,0x7d,0xef,0x3c,0xe7,0x5c,0xe7,
    0x5c,0xe7,0x5c,0xef,0x5c,0xe7,0x7d,0xef,0x7c,0xef,0x7d,0xef,0x7d,0xef,0x9d,0xf7,0x9d,0xef,0x9d,0xf7,0x9d,0xf7,0x9d,0xf7,
    0x51,0x84,0x8e,0x6b,0x8e,0x6b,0x99,0xce,0xc7,0x39,0xa3,0x18,0xa3,0x10,0xe4,0x20,0xa3,0x10,0xa3,0x18,0x04,0x21,0x45,0x29,
    0x25,0x21,0x25,0x29,0x25,0x21,0x45,0x29,0x25,0x21,0x25,0x29,0x04,0x21,0xa3,0x18,0xa2,0x10,0xa3,0x10,0x82,0x10,0xa3,0x10,
    0xa2,0x10,0xc4,0x18,0x45,0x29,0x66,0x31,0x65,0x29,0x66,0x29,0x45,0x29,0x66,0x31,0x65,0x29,0x66,0x29,0x45,0x29,0x25,0x29,
    0xa3,0x10,0x83,0x10,0x82,0x10,0xa3,0x10,0x82,0x10,0x82,0x10,0x82,0x10,0x83,0x10,0x82,0x10,0x82,0x10,0x82,0x10,0x83,0x10,
    0x82,0x10,0x82,0x10,0x82,0x10,0x82,0x10,0x82,0x10,0x82,0x10,0x82,0x10,0x82,0x10,0x82,0x10,0x82,0x10,0x82,0x10,0x82,0x10,
    0x82,0x10,0x82,0x10,0x62,0x10,0x82,0x10,0x82,0x10,0x82,0x10,0x62,0x08,0x82,0x10,0x82,0x10,0x82,0x10,0x62,0x10,0x82,0x10,
    0x62,0x10,0x82,0x10,0x82,0x10,0x82,0x18,0xa2,0x10,0xa3,0x18,0xa2,0x18,0xe3,0x20,0xe2,0x20,0x03,0x29,0x23,0x31,0x64,0x39,
    0xa4,0x41,0xc5,0x51,0x25,0x5a,0x86,0x72,0xe6,0x7a,0x47,0x93,0xa7,0xa3,0x49,0xbc,0x4b,0xed,0xab,0xfd,0xcc,0xfd,0xf6,0xfe,
    0x38,0xff,0x58,0xff,0x38,0xff,0xf5,0xfe,0xac,0xfd,0xab,0xfd,0x89,0xcc,0xa8,0xa3,0x06,0x8b,0x86,0x72,0x04,0x5a,0xa4,0x49,
    0x23,0x31,0xe2,0x20,0xa2,0x18,0x82,0x10,0x61,0x10,0x62,0x10,0x41,0x08,0x62,0x10,0x41,0x08,0x61,0x08,0x41,0x08,0x62,0x10,
    0xa2,0x10,0x61,0x08,0x41,0x08,0x45,0x29,0x34,0x9d,0x8e,0x6b,0x8e,0x6b,0xf0,0x7b,0xb6,0xb5,0xb6,0xb5,0x96,0xad,0x96,0xb5,
    0x96,0xad,0x96,0xad,0x75,0xa5,0x75,0xad,0x55,0xa5,0x55,0xa5,0x34,0xa5,0x35,0xa5,0x34,0x9d,0x14,0x9d,0xf7,0xbd,0x0c,0x63,
    0x00,0x00,0x00,0x00,0x00,0x00,0x00,0x00,0x00,0x00,0x00,0x00,0x00,0x00,0x00,0x00,0x00,0x00,0x00,0x00,0x00,0x00,0x00,0x00,
    0x00,0x00,0x00,0x00,0x00,0x00,0x00,0x00,0x00,0x00,0x00,0x00,0x00,0x00,0x00,0x00,0xa2,0x10,0x3c,0xe7,0x5c,0xe7,0x3c,0xe7,
    0x3c,0xe7,0x5c,0xe7,0x5c,0xe7,0x7c,0xef,0x5c,0xe7,0x7d,0xef,0x7c,0xef,0x9d,0xef,0x7d,0xef,0x9d,0xf7,0x9d,0xef,0xbe,0xf7,
    0xd6,0xb5,0x8e,0x6b,0x8e,0x6b,0xb6,0xb5,0x4c,0x63,0xa3,0x10,0xa2,0x10,0xe4,0x20,0x2c,0x63,0xe8,0x39,0xe3,0x18,0x25,0x29,
    0x24,0x21,0x25,0x21,0x24,0x21,0x25,0x29,0x24,0x21,0x25,0x21,0x04,0x21,0xa3,0x10,0x82,0x10,0xa3,0x10,0x82,0x10,0xa3,0x10,
    0x82,0x10,0xe4,0x18,0x45,0x29,0x66,0x29,0x45,0x29,0x66,0x29,0x45,0x29,0x66,0x29,0x45,0x29,0x66,0x29,0x45,0x29,0xe4,0x20,
    0x82,0x08,0x82,0x10,0x82,0x10,0x83,0x10,0x82,0x10,0x82,0x10,0x82,0x10,0x82,0x10,0x82,0x10,0x82,0x10,0x82,0x10,0x82,0x10,
    0x82,0x08,0x82,0x10,0x82,0x10,0x82,0x10,0x82,0x08,0x82,0x10,0x82,0x10,0x82,0x10,0x62,0x08,0x82,0x10,0x62,0x08,0x82,0x10,
    0x62,0x08,0x82,0x10,0x62,0x08,0x82,0x10,0x62,0x08,0x82,0x10,0x62,0x08,0x82,0x10,0x62,0x08,0x82,0x10,0x62,0x08,0x82,0x10,
    0x61,0x08,0x62,0x10,0x62,0x08,0x62,0x10,0x61,0x08,0x82,0x10,0x82,0x10,0x82,0x10,0x81,0x10,0xa2,0x18,0xa2,0x18,0xe3,0x20,
    0xe2,0x20,0x03,0x31,0x43,0x39,0xa4,0x41,0xc4,0x51,0x45,0x62,0x85,0x72,0x07,0x8b,0x67,0x93,0xe8,0xab,0xea,0xdc,0xab,0xfd,
    0x8b,0xfd,0x92,0xfe,0x38,0xff,0x58,0xff,0x38,0xff,0xf6,0xfe,0xac,0xfd,0xab,0xfd,0xa9,0xd4,0xa7,0xa3,0x06,0x83,0x86,0x72,
    0xe4,0x51,0x84,0x41,0x23,0x31,0xe2,0x20,0x82,0x10,0x81,0x10,0x61,0x08,0x42,0x10,0x41,0x08,0x41,0x08,0x41,0x08,0x62,0x08,
    0xa7,0x31,0x2d,0x63,0x82,0x10,0x41,0x08,0x41,0x08,0x69,0x4a,0xb2,0x94,0x8e,0x6b,0x8e,0x6b,0xd3,0x94,0xb6,0xad,0xb6,0xb5,
    0x95,0xad,0x96,0xad,0x75,0xad,0x75,0xad,0x55,0xa5,0x55,0xa5,0x35,0xa5,0x35,0xa5,0x34,0x9d,0x34,0xa5,0x14,0x9d,0x96,0xad,
    0x75,0xad,0x61,0x08,0x00,0x00,0x00,0x00,0x00,0x00,0x00,0x00,0x00,0x00,0x00,0x00,0x00,0x00,0x00,0x00,0x00,0x00,0x00,0x00,
    0x00,0x00,0x00,0x00,0x00,0x00,0x00,0x00,0x00,0x00,0x00,0x00,0x00,0x00,0x00,0x00,0x00,0x00,0xef,0x7b,0x7d,0xef,0x3c,0xe7,
    0x3c,0xe7,0x5c,0xe7,0x5c,0xe7,0x5d,0xef,0x5c,0xef,0x7d,0xef,0x7c,0xef,0x9d,0xef,0x9d,0xef,0x9d,0xf7,0x9d,0xef,0xbe,0xf7,
    0x3c,0xe7,0xcf,0x73,0x8e,0x6b,0x51,0x8c,0xf7,0xbd,0xa3,0x18,0xa3,0x10,0xa3,0x18,0xa3,0x10,0x04,0x21,0xec,0x5a,0x4d,0x6b,
    0xa7,0x31,0x25,0x29,0x25,0x21,0x45,0x29,0x25,0x21,0x25,0x29,0x04,0x21,0xa3,0x18,0xa3,0x10,0xa3,0x10,0xa2,0x10,0xa3,0x18,
    0xa2,0x10,0xe4,0x20,0x45,0x29,0x66,0x31,0x65,0x29,0x66,0x29,0x45,0x29,0x66,0x31,0x65,0x29,0x66,0x29,0x25,0x29,0xc3,0x18,
    0x82,0x10,0x83,0x10,0x82,0x10,0x83,0x10,0x82,0x10,0x83,0x10,0x82,0x10,0x83,0x10,0x82,0x10,0x82,0x10,0x82,0x10,0x83,0x10,
    0x82,0x10,0x82,0x10,0x82,0x10,0x83,0x10,0x82,0x10,0x82,0x10,0x82,0x10,0x82,0x10,0x82,0x10,0x82,0x10,0x82,0x10,0x82,0x10,
    0x82,0x10,0x82,0x10,0x82,0x10,0x82,0x10,0x82,0x10,0x82,0x10,0x62,0x10,0x82,0x10,0x62,0x10,0x82,0x10,0x62,0x08,0x82,0x10,
    0x62,0x10,0x82,0x10,0x62,0x08,0x82,0x10,0x62,0x10,0x62,0x10,0x62,0x08,0x62,0x10,0x62,0x10,0x82,0x10,0x82,0x10,0x82,0x18,
    0xa2,0x18,0xc3,0x18,0xc2,0x20,0x03,0x29,0x23,0x31,0x64,0x39,0xa4,0x41,0x05,0x5a,0x65,0x6a,0xe6,0x7a,0x47,0x93,0xc8,0xab,
    0x69,0xc4,0x8b,0xfd,0x8b,0xfd,0x50,0xfe,0x58,0xff,0x59,0xff,0x38,0xff,0x17,0xff,0xcd,0xfd,0xac,0xfd,0xa9,0xd4,0xa8,0xa3,
    0x06,0x8b,0x86,0x72,0x04,0x52,0x84,0x41,0x23,0x31,0xe2,0x20,0xa2,0x18,0x82,0x18,0x61,0x10,0x62,0x10,0x41,0x08,0xe4,0x18,
    0xcb,0x52,0xcc,0x5a,0xa3,0x10,0x42,0x08,0x41,0x08,0x41,0x08,0x41,0x08,0x71,0x8c,0xf0,0x7b,0x8e,0x6b,0xae,0x6b,0x76,0xad,
    0xb6,0xad,0x96,0xad,0x95,0xad,0x96,0xad,0x75,0xad,0x75,0xad,0x55,0xa5,0x55,0xad,0x35,0xa5,0x35,0xa5,0x34,0x9d,0x34,0xa5,
    0x14,0x9d,0x38,0xc6,0x8a,0x52,0x00,0x00,0x00,0x00,0x00,0x00,0x00,0x00,0x00,0x00,0x00,0x00,0x00,0x00,0x00,0x00,0x00,0x00,
    0x00,0x00,0x00,0x00,0x00,0x00,0x00,0x00,0x00,0x00,0x00,0x00,0x00,0x00,0x00,0x00,0x00,0x00,0x62,0x10,0xfb,0xde,0x5c,0xe7,
    0x1b,0xdf,0x3c,0xe7,0x3b,0xe7,0x5c,0xe7,0x5c,0xe7,0x5c,0xef,0x5c,0xe7,0x7d,0xef,0x7c,0xef,0x7d,0xef,0x7d,0xef,0x9d,0xf7,
    0x9d,0xef,0xf3,0x9c,0x8e,0x6b,0x8e,0x6b,0x99,0xce,0xa7,0x39,0xa2,0x10,0xa3,0x10,0x82,0x10,0xa3,0x10,0x82,0x10,0x25,0x21,
    0x8a,0x4a,0x6e,0x6b,0x24,0x21,0x25,0x29,0x24,0x21,0x25,0x21,0x04,0x21,0xa3,0x10,0x82,0x10,0x82,0x10,0x82,0x10,0xa3,0x10,
    0x82,0x10,0xc3,0x18,0x45,0x29,0x66,0x29,0x45,0x29,0x66,0x29,0x45,0x29,0x66,0x29,0x45,0x29,0x66,0x29,0x25,0x21,0xa3,0x10,
    0x82,0x08,0x82,0x10,0x82,0x10,0x82,0x10,0x82,0x08,0x82,0x10,0x82,0x08,0x82,0x10,0x62,0x08,0x82,0x10,0x82,0x08,0x82,0x10,
    0x62,0x08,0x82,0x10,0x62,0x08,0x82,0x10,0x62,0x08,0x82,0x10,0x62,0x08,0x82,0x10,0x62,0x08,0x82,0x10,0x62,0x08,0x82,0x10,
    0x61,0x08,0x62,0x10,0x62,0x08,0x82,0x10,0x61,0x08,0x62,0x10,0x61,0x08,0x62,0x10,0x61,0x08,0x62,0x10,0x61,0x08,0x62,0x10,
    0x61,0x08,0x62,0x08,0x61,0x08,0x62,0x10,0x61,0x08,0x62,0x08,0x61,0x08,0x62,0x10,0x61,0x08,0x62,0x08,0x61,0x08,0x62,0x10,
    0x41,0x08,0x82,0x10,0x61,0x10,0x82,0x18,0xa2,0x10,0xc2,0x20,0xe2,0x20,0x23,0x31,0x63,0x39,0xc4,0x51,0x24,0x5a,0xa6,0x72,
    0x06,0x83,0x87,0x9b,0x08,0xb4,0x4b,0xf5,0x8b,0xfd,0xee,0xfd,0x17,0xff,0x58,0xff,0x38,0xff,0x17,0xff,0xac,0xfd,0xab,0xfd,
    0xa9,0xcc,0x87,0x9b,0xe6,0x82,0x85,0x6a,0xe4,0x51,0x63,0x41,0x02,0x29,0xc2,0x20,0x81,0x10,0x61,0x10,0x41,0x08,0x41,0x08,
    0x0c,0x5b,0x08,0x3a,0x41,0x08,0x41,0x08,0x41,0x08,0x41,0x08,0x41,0x08,0x41,0x08,0x04,0x21,0x55,0xa5,0x8e,0x6b,0x8e,0x6b,
    0x30,0x84,0xb6,0xad,0x95,0xad,0x96,0xad,0x75,0xa5,0x75,0xad,0x55,0xa5,0x55,0xa5,0x34,0xa5,0x55,0xa5,0x34,0x9d,0x34,0xa5,
    0x14,0x9d,0x14,0x9d,0x96,0xad,0x55,0xa5,0x41,0x08,0x00,0x00,0x00,0x00,0x00,0x00,0x00,0x00,0x00,0x00,0x00,0x00,0x00,0x00,
    0x00,0x00,0x00,0x00,0x00,0x00,0x00,0x00,0x00,0x00,0x00,0x00,0x00,0x00,0x00,0x00,0x00,0x00,0x00,0x00,0x8e,0x73,0x7d,0xef,
    0x1c,0xe7,0x3c,0xe7,0x3c,0xe7,0x5c,0xe7,0x5c,0xe7,0x5c,0xef,0x5c,0xe7,0x7d,0xef,0x7c,0xef,0x7d,0xef,0x7d,0xef,0x9d,0xf7,
    0x9d,0xef,0x9a,0xd6,0x8e,0x6b,0x8f,0x73,0x34,0xa5,0x71,0x8c,0xa2,0x10,0xa3,0x18,0xa3,0x10,0xa3,0x10,0x82,0x10,0xe4,0x20,
    0x25,0x21,0x25,0x29,0x66,0x29,0x25,0x29,0x25,0x21,0x25,0x29,0x24,0x21,0xc3,0x18,0x82,0x10,0xa3,0x10,0x82,0x10,0xa3,0x10,
    0x82,0x10,0xc3,0x18,0x45,0x29,0x66,0x31,0x65,0x29,0x66,0x29,0x45,0x29,0x66,0x31,0x65,0x29,0x66,0x29,0x04,0x21,0xa3,0x10,
    0x82,0x10,0x82,0x10,0x82,0x10,0x83,0x10,0x82,0x10,0x82,0x10,0x82,0x10,0x82,0x10,0x82,0x10,0x82,0x10,0x82,0x10,0x82,0x10,
    0x82,0x10,0x82,0x10,0x62,0x10,0x82,0x10,0x82,0x10,0x82,0x10,0x62,0x08,0x82,0x10,0x82,0x10,0x82,0x10,0x62,0x08,0x82,0x10,
    0x82,0x10,0x82,0x10,0x62,0x08,0x82,0x10,0x62,0x10,0x62,0x10,0x62,0x08,0x82,0x10,0x62,0x08,0x62,0x10,0x62,0x08,0x82,0x10,
    0x62,0x08,0x62,0x10,0x62,0x08,0x62,0x10,0x62,0x08,0x62,0x10,0x61,0x08,0x62,0x10,0x62,0x08,0x62,0x10,0x61,0x08,0x62,0x10,
    0x62,0x08,0x62,0x10,0x61,0x08,0x62,0x10,0x81,0x10,0x82,0x10,0x82,0x10,0xc2,0x18,0xc2,0x20,0x03,0x31,0x43,0x39,0xa4,0x49,
    0x05,0x5a,0x86,0x72,0xe6,0x82,0x68,0x9b,0xe8,0xab,0x2b,0xe5,0x8b,0xfd,0xcd,0xfd,0xf6,0xfe,0x58,0xff,0x38,0xff,0x17,0xff,
    0xcc,0xfd,0xab,0xfd,0x89,0xcc,0x88,0xa3,0xe6,0x82,0x66,0x6a,0xc4,0x51,0x64,0x39,0x02,0x29,0xc2,0x20,0x61,0x10,0x62,0x10,
    0x41,0x08,0xa3,0x18,0x41,0x08,0x42,0x08,0x41,0x08,0x41,0x08,0x41,0x08,0x41,0x08,0x41,0x08,0x41,0x08,0x4d,0x6b,0x72,0x8c,
    0x8e,0x6b,0x8e,0x6b,0x14,0x9d,0x96,0xb5,0x96,0xad,0x96,0xad,0x75,0xa5,0x75,0xad,0x55,0xa5,0x55,0xa5,0x34,0xa5,0x35,0xa5,
    0x34,0x9d,0x14,0x9d,0x14,0x9d,0x14,0x9d,0x38,0xbe,0x69,0x4a,0x00,0x00,0x00,0x00,0x00,0x00,0x00,0x00,0x00,0x00,0x00,0x00,
    0x00,0x00,0x00,0x00,0x00,0x00,0x00,0x00,0x00,0x00,0x00,0x00,0x00,0x00,0x00,0x00,0x00,0x00,0x00,0x00,0x41,0x08,0xfb,0xde,
    0x3c,0xe7,0x3c,0xe7,0x3b,0xe7,0x3c,0xe7,0x3b,0xe7,0x5c,0xe7,0x5c,0xe7,0x5c,0xef,0x5c,0xe7,0x7d,0xef,0x7c,0xef,0x9d,0xef,
    0x7d,0xef,0x7d,0xef,0x10,0x7c,0x8e,0x6b,0xaf,0x73,0xba,0xd6,0xe4,0x18,0xa3,0x10,0x82,0x10,0xa3,0x10,0x82,0x10,0xc3,0x18,
    0x24,0x21,0x25,0x21,0x24,0x21,0x25,0x21,0x04,0x21,0x25,0x21,0x24,0x21,0xc3,0x18,0x82,0x10,0xa3,0x10,0x82,0x10,0x83,0x10,
    0x82,0x10,0xc3,0x18,0x45,0x29,0x66,0x29,0x45,0x29,0x66,0x29,0x45,0x29,0x66,0x29,0x45,0x29,0x66,0x29,0x04,0x21,0x82,0x10,
    0x82,0x10,0x82,0x10,0x82,0x10,0x82,0x10,0x82,0x08,0x82,0x10,0x82,0x10,0x82,0x10,0x82,0x08,0x82,0x10,0x62,0x10,0x82,0x10,
    0x62,0x08,0x82,0x10,0x62,0x08,0x82,0x10,0x62,0x08,0x82,0x10,0x62,0x08,0x82,0x10,0x62,0x08,0x82,0x10,0x62,0x08,0x82,0x10,
    0x62,0x08,0x82,0x10,0x62,0x08,0x62,0x10,0x61,0x08,0x62,0x10,0x62,0x08,0x62,0x10,0x61,0x08,0x62,0x10,0x62,0x08,0x62,0x10,
    0x61,0x08,0x62,0x10,0x61,0x08,0x62,0x10,0x61,0x08,0x62,0x10,0x61,0x08,0x62,0x10,0x61,0x08,0x62,0x08,0x61,0x08,0x62,0x10,
    0x61,0x08,0x62,0x08,0x41,0x08,0x62,0x10,0x41,0x08,0x62,0x10,0x61,0x08,0x82,0x10,0x81,0x10,0xa2,0x18,0xa2,0x18,0x03,0x29,
    0x23,0x31,0x84,0x41,0xe4,0x51,0x65,0x6a,0xc5,0x7a,0x47,0x93,0xc7,0xa3,0xea,0xdc,0x8b,0xfd,0xcc,0xfd,0xf6,0xfe,0x58,0xff,
    0x38,0xff,0xf6,0xfe,0xac,0xfd,0xab,0xfd,0x49,0xc4,0x67,0x9b,0xc6,0x7a,0x45,0x62,0xa3,0x49,0x43,0x39,0xe2,0x20,0xa2,0x18,
    0x61,0x10,0x61,0x10,0x41,0x08,0x41,0x08,0x41,0x08,0x41,0x08,0x41,0x08,0x41,0x08,0x21,0x00,0x41,0x08,0x21,0x08,0x82,0x10,
    0xf3,0x9c,0xaf,0x73,0x8e,0x6b,0xcf,0x73,0x75,0xad,0x96,0xad,0x75,0xad,0x75,0xad,0x55,0xa5,0x55,0xa5,0x35,0xa5,0x35,0xa5,
    0x34,0x9d,0x34,0xa5,0x14,0x9d,0x14,0x9d,0xf3,0x94,0x96,0xad,0x14,0x9d,0x21,0x08,0x00,0x00,0x00,0x00,0x00,0x00,0x00,0x00,
    0x00,0x00,0x00,0x00,0x00,0x00,0x00,0x00,0x00,0x00,0x00,0x00,0x00,0x00,0x00,0x00,0x00,0x00,0x00,0x00,0x00,0x00,0x2c,0x63,
    0x7d,0xef,0x1c,0xe7,0x1b,0xe7,0x3c,0xe7,0x3c,0xe7,0x5c,0xe7,0x5c,0xe7,0x5d,0xef,0x5c,0xef,0x7d,0xef,0x7c,0xef,0x9d,0xef,
    0x7d,0xef,0x9d,0xf7,0x75,0xad,0x8f,0x73,0x8e,0x6b,0x18,0xbe,0xcb,0x5a,0xa3,0x18,0x49,0x42,0xb2,0x94,0xe7,0x39,0xa3,0x18,
    0x04,0x21,0x25,0x29,0x24,0x21,0x25,0x29,0x25,0x21,0x25,0x29,0x24,0x21,0x04,0x21,0x82,0x10,0xa3,0x10,0x82,0x10,0xa3,0x10,
    0x82,0x10,0xc3,0x18,0x45,0x29,0x66,0x31,0x65,0x29,0x66,0x29,0x45,0x29,0x66,0x31,0x65,0x29,0x66,0x29,0xe3,0x18,0x83,0x10,
    0x82,0x10,0x82,0x10,0x82,0x10,0x83,0x10,0x82,0x10,0x82,0x10,0x82,0x10,0x83,0x10,0x82,0x10,0x82,0x10,0x82,0x10,0x82,0x10,
    0x82,0x10,0x82,0x10,0x82,0x10,0x82,0x10,0x82,0x10,0x82,0x10,0x82,0x10,0x82,0x10,0x82,0x10,0x82,0x10,0x62,0x10,0x82,0x10,
    0x62,0x10,0x82,0x10,0x62,0x08,0x82,0x10,0x62,0x10,0x82,0x10,0x62,0x08,0x82,0x10,0x62,0x10,0x62,0x10,0x62,0x08,0x62,0x10,
    0x62,0x08,0x62,0x10,0x62,0x08,0x62,0x10,0x62,0x08,0x62,0x10,0x62,0x08,0x62,0x10,0x62,0x08,0x62,0x10,0x61,0x08,0x62,0x10,
    0x62,0x08,0x62,0x10,0x61,0x08,0x62,0x10,0x62,0x08,0x62,0x10,0x61,0x08,0x62,0x10,0x61,0x10,0x82,0x10,0x61,0x10,0x82,0x18,
    0xa2,0x18,0xe3,0x20,0x03,0x29,0x64,0x41,0xc4,0x49,0x45,0x62,0xa6,0x7a,0x47,0x93,0xc8,0xab,0xca,0xd4,0x8b,0xfd,0xcd,0xfd,
    0x16,0xff,0x59,0xff,0x38,0xff,0xf6,0xfe,0xab,0xfd,0x8b,0xfd,0x08,0xb4,0x67,0x9b,0xc6,0x7a,0x25,0x62,0x83,0x41,0x23,0x31,
    0xc2,0x20,0x82,0x18,0x61,0x10,0x61,0x10,0x41,0x08,0x41,0x08,0x41,0x08,0x41,0x08,0x41,0x08,0xa7,0x39,0x91,0x94,0xe8,0x41,
    0x41,0x08,0x29,0x42,0xd3,0x94,0x8f,0x73,0x8e,0x6b,0x92,0x94,0x95,0xad,0x96,0xad,0x75,0xad,0x75,0xad,0x55,0xa5,0x55,0xad,
    0x35,0xa5,0x35,0xa5,0x34,0x9d,0x34,0xa5,0x14,0x9d,0x14,0x9d,0x14,0x9d,0x18,0xc6,0x28,0x42,0x00,0x00,0x00,0x00,0x00,0x00,
    0x00,0x00,0x00,0x00,0x00,0x00,0x00,0x00,0x00,0x00,0x00,0x00,0x00,0x00,0x00,0x00,0x00,0x00,0x00,0x00,0x00,0x00,0x41,0x08,
    0x99,0xce,0x3c,0xe7,0x1b,0xdf,0x1c,0xe7,0x1b,0xdf,0x3c,0xe7,0x3b,0xe7,0x5c,0xe7,0x5c,0xe7,0x5c,0xef,0x5c,0xe7,0x7d,0xef,
    0x7c,0xe7,0x7d,0xef,0x1b,0xe7,0xaf,0x73,0x6e,0x6b,0x51,0x84,0x95,0xb5,0xa3,0x10,0x82,0x10,0xb5,0xb5,0xda,0xd6,0xda,0xd6,
    0x91,0x8c,0xa7,0x31,0x24,0x21,0x25,0x21,0x04,0x21,0x25,0x21,0x24,0x21,0x25,0x21,0x82,0x10,0x82,0x10,0x82,0x10,0x82,0x10,
    0x82,0x08,0x82,0x10,0x45,0x21,0x66,0x29,0x45,0x29,0x66,0x29,0x45,0x29,0x66,0x29,0x45,0x29,0x66,0x29,0xe3,0x18,0x82,0x10,
    0x62,0x08,0x82,0x10,0x82,0x08,0x82,0x10,0x62,0x08,0x82,0x10,0x62,0x08,0x82,0x10,0x62,0x08,0x82,0x10,0x62,0x08,0x82,0x10,
    0x61,0x08,0x62,0x10,0x62,0x08,0x82,0x10,0x61,0x08,0x62,0x10,0x62,0x08,0x82,0x10,0x61,0x08,0x62,0x10,0x61,0x08,0x62,0x10,
    0x61,0x08,0x62,0x10,0x61,0x08,0x62,0x10,0x61,0x08,0x62,0x08,0x61,0x08,0x62,0x10,0x61,0x08,0x62,0x08,0x61,0x08,0x62,0x10,
    0x41,0x08,0x62,0x08,0x61,0x08,0x62,0x08,0x41,0x08,0x62,0x08,0x61,0x08,0x62,0x08,0x41,0x08,0x62,0x08,0x41,0x08,0x62,0x08,
    0x41,0x08,0x61,0x08,0x41,0x08,0x62,0x08,0x41,0x08,0x61,0x08,0x41,0x08,0x62,0x08,0x41,0x08,0x61,0x08,0x41,0x08,0x61,0x08,
    0x61,0x08,0x81,0x10,0x82,0x10,0xc2,0x20,0xe2,0x28,0x43,0x39,0xa4,0x49,0x25,0x62,0xa5,0x72,0x27,0x8b,0xa7,0xa3,0xca,0xdc,
    0x8b,0xfd,0xcd,0xfd,0xf6,0xfe,0x58,0xff,0x38,0xff,0xb4,0xfe,0x8b,0xfd,0x6b,0xf5,0xc7,0xab,0x27,0x93,0x85,0x72,0x05,0x5a,
    0x63,0x39,0x03,0x29,0xa2,0x18,0x82,0x10,0x41,0x08,0x41,0x08,0x21,0x08,0x41,0x08,0xc3,0x18,0x71,0x8c,0xba,0xd6,0xda,0xde,
    0x74,0xad,0x41,0x08,0x21,0x00,0x51,0x84,0xcf,0x73,0x8e,0x6b,0x8e,0x6b,0x75,0xad,0x75,0xa5,0x75,0xad,0x55,0xa5,0x55,0xa5,
    0x34,0xa5,0x35,0xa5,0x34,0x9d,0x34,0xa5,0x14,0x9d,0x14,0x9d,0xf3,0x94,0xf4,0x9c,0x96,0xad,0xf3,0x9c,0x00,0x00,0x00,0x00,
    0x00,0x00,0x00,0x00,0x00,0x00,0x00,0x00,0x00,0x00,0x00,0x00,0x00,0x00,0x00,0x00,0x00,0x00,0x00,0x00,0x00,0x00,0x00,0x00,
    0x28,0x42,0x5c,0xef,0x1b,0xdf,0x1c,0xe7,0x1b,0xe7,0x3c,0xe7,0x3b,0xe7,0x5c,0xe7,0x5c,0xe7,0x5c,0xef,0x5c,0xe7,0x7d,0xef,
    0x7c,0xef,0x7d,0xef,0x7d,0xef,0x96,0xad,0x8e,0x6b,0x8e,0x6b,0x79,0xce,0x29,0x42,0xa2,0x10,0xa3,0x10,0x69,0x4a,0x38,0xc6,
    0xda,0xd6,0xfb,0xde,0x99,0xce,0xef,0x7b,0x45,0x29,0x25,0x21,0x24,0x21,0x25,0x29,0xc3,0x18,0x82,0x10,0x82,0x10,0x83,0x10,
    0x82,0x10,0x82,0x10,0x04,0x21,0x66,0x31,0x65,0x29,0x66,0x29,0x45,0x29,0x66,0x31,0x65,0x29,0x66,0x29,0x04,0x21,0x82,0x10,
    0x82,0x10,0x82,0x10,0x82,0x10,0x82,0x10,0x82,0x10,0x82,0x10,0x62,0x10,0x82,0x10,0x82,0x10,0x82,0x10,0x62,0x08,0x82,0x10,
    0x82,0x10,0x82,0x10,0x62,0x08,0x82,0x10,0x62,0x10,0x82,0x10,0x62,0x08,0x82,0x10,0x62,0x08,0x62,0x10,0x62,0x08,0x82,0x10,
    0x62,0x08,0x62,0x10,0x62,0x08,0x82,0x10,0x62,0x08,0x62,0x10,0x61,0x08,0x62,0x10,0x62,0x08,0x62,0x10,0x61,0x08,0x62,0x10,
    0x62,0x08,0x62,0x10,0x61,0x08,0x62,0x10,0x62,0x08,0x62,0x10,0x61,0x08,0x62,0x10,0x61,0x08,0x62,0x08,0x41,0x08,0x62,0x10,
    0x61,0x08,0x62,0x08,0x41,0x08,0x62,0x10,0x61,0x08,0x62,0x08,0x41,0x08,0x62,0x10,0x61,0x08,0x62,0x08,0x41,0x08,0x62,0x10,
    0x41,0x08,0x61,0x10,0x61,0x08,0x82,0x10,0x82,0x10,0xc2,0x20,0xe2,0x28,0x44,0x39,0xa4,0x49,0x25,0x5a,0xa5,0x72,0x47,0x93,
    0xa8,0xa3,0xea,0xdc,0x8b,0xfd,0xee,0xfd,0x37,0xff,0x58,0xff,0x38,0xff,0x71,0xfe,0x8b,0xfd,0x4b,0xed,0xa7,0xa3,0x27,0x8b,
    0x65,0x6a,0xe4,0x51,0x43,0x39,0x03,0x29,0xa2,0x18,0x61,0x10,0x41,0x08,0x62,0x10,0x6d,0x6b,0x99,0xd6,0xda,0xd6,0xda,0xde,
    0x37,0xc6,0x28,0x4a,0x21,0x08,0x41,0x08,0x65,0x29,0x14,0x9d,0x8e,0x6b,0x8f,0x73,0x92,0x8c,0x96,0xad,0x75,0xa5,0x75,0xad,
    0x55,0xa5,0x55,0xa5,0x34,0xa5,0x35,0xa5,0x34,0x9d,0x14,0x9d,0x14,0x9d,0x14,0x9d,0xf3,0x9c,0x14,0x9d,0xd7,0xb5,0x86,0x31,
    0x00,0x00,0x00,0x00,0x00,0x00,0x00,0x00,0x00,0x00,0x00,0x00,0x00,0x00,0x00,0x00,0x00,0x00,0x00,0x00,0x00,0x00,0x00,0x00,
    0x00,0x00,0x34,0xa5,0x5c,0xe7,0x1b,0xe7,0x1b,0xdf,0x1c,0xe7,0x3b,0xdf,0x3c,0xe7,0x3b,0xe7,0x5c,0xe7,0x5c,0xe7,0x5c,0xef,
    0x5c,0xe7,0x7d,0xef,0x7c,0xef,0x5c,0xef,0xaf,0x73,0x8e,0x6b,0x30,0x84,0xd7,0xbd,0x82,0x10,0xa3,0x10,0x82,0x10,0xa3,0x10,
    0xc3,0x18,0xef,0x7b,0xb9,0xd6,0xfb,0xde,0xda,0xd6,0x38,0xc6,0xeb,0x5a,0x25,0x21,0xe3,0x18,0x82,0x10,0x82,0x10,0x82,0x10,
    0x82,0x10,0x82,0x10,0xc3,0x18,0x66,0x29,0x45,0x29,0x66,0x29,0x45,0x29,0x66,0x29,0x45,0x29,0x66,0x29,0x04,0x21,0x82,0x10,
    0x82,0x08,0x82,0x10,0x62,0x10,0x82,0x10,0x62,0x08,0x82,0x10,0x62,0x08,0x82,0x10,0x62,0x08,0x82,0x10,0x62,0x08,0x82,0x10,
    0x62,0x08,0x82,0x10,0x62,0x08,0x82,0x10,0x62,0x08,0x82,0x10,0x62,0x08,0x62,0x10,0x61,0x08,0x62,0x10,0x62,0x08,0x62,0x10,
    0x61,0x08,0x62,0x10,0x61,0x08,0x62,0x10,0x61,0x08,0x62,0x10,0x61,0x08,0x62,0x10,0x61,0x08,0x62,0x10,0x61,0x08,0x62,0x10,
    0x61,0x08,0x62,0x08,0x61,0x08,0x62,0x10,0x61,0x08,0x62,0x08,0x41,0x08,0x62,0x10,0x41,0x08,0x62,0x08,0x41,0x08,0x62,0x08,
    0x41,0x08,0x62,0x08,0x41,0x08,0x62,0x08,0x41,0x08,0x61,0x08,0x41,0x08,0x62,0x08,0x41,0x08,0x61,0x08,0x41,0x08,0x42,0x08,
    0x41,0x08,0x41,0x08,0x41,0x08,0x41,0x10,0x61,0x08,0x61,0x10,0x61,0x10,0xa2,0x18,0xe2,0x20,0x23,0x31,0xa3,0x41,0x25,0x5a,
    0xa5,0x72,0x27,0x93,0xa7,0xa3,0x0a,0xe5,0x8b,0xfd,0x0f,0xfe,0x38,0xff,0x58,0xff,0x38,0xff,0x0f,0xfe,0x8b,0xfd,0xca,0xd4,
    0x67,0x9b,0xe6,0x82,0x25,0x62,0xa4,0x49,0x22,0x31,0xc2,0x20,0x81,0x10,0x89,0x52,0xf6,0xbd,0xda,0xd6,0xda,0xd6,0x99,0xd6,
    0x6d,0x6b,0x82,0x10,0x21,0x00,0x41,0x08,0x20,0x00,0x41,0x08,0x50,0x84,0xf0,0x7b,0x8e,0x6b,0xaf,0x73,0x55,0xa5,0x75,0xad,
    0x55,0xa5,0x55,0xa5,0x34,0xa5,0x35,0xa5,0x34,0x9d,0x34,0xa5,0x14,0x9d,0x14,0x9d,0xf3,0x94,0xf4,0x9c,0xd3,0x94,0xd7,0xb5,
    0xae,0x73,0x00,0x00,0x00,0x00,0x00,0x00,0x00,0x00,0x00,0x00,0x00,0x00,0x00,0x00,0x00,0x00,0x00,0x00,0x00,0x00,0x00,0x00,
    0x00,0x00,0xa3,0x18,0x1b,0xdf,0x3c,0xe7,0x1b,0xdf,0x1c,0xe7,0x1b,0xdf,0x3c,0xe7,0x3c,0xe7,0x3c,0xe7,0x3c,0xe7,0x5d,0xef,
    0x5c,0xef,0x7d,0xef,0x7c,0xef,0x7d,0xef,0xb6,0xb5,0x8e,0x6b,0x8e,0x6b,0x59,0xc6,0x8a,0x52,0xa3,0x10,0x82,0x10,0xa3,0x10,
    0x82,0x10,0xa3,0x10,0x24,0x21,0xe8,0x39,0xf3,0x9c,0xfb,0xde,0xda,0xde,0xfb,0xde,0xf3,0x9c,0xa3,0x10,0x82,0x10,0x83,0x10,
    0x82,0x10,0x82,0x10,0xa3,0x10,0x66,0x29,0x65,0x29,0x66,0x29,0x45,0x29,0x66,0x31,0x65,0x29,0x66,0x29,0x24,0x21,0x83,0x10,
    0x82,0x10,0x82,0x10,0x82,0x10,0x82,0x10,0x82,0x10,0x82,0x10,0x82,0x10,0x82,0x10,0x82,0x10,0x82,0x10,0x62,0x10,0x82,0x10,
    0x62,0x10,0x82,0x10,0x62,0x08,0x82,0x10,0x62,0x10,0x82,0x10,0x62,0x08,0x82,0x10,0x62,0x10,0x82,0x10,0x62,0x08,0x82,0x10,
    0x62,0x10,0x62,0x10,0x62,0x08,0x62,0x10,0x62,0x08,0x62,0x10,0x62,0x08,0x62,0x10,0x62,0x08,0x62,0x10,0x61,0x08,0x62,0x10,
    0x62,0x08,0x62,0x10,0x61,0x08,0x62,0x10,0x62,0x08,0x62,0x10,0x61,0x08,0x62,0x10,0x62,0x08,0x62,0x10,0x61,0x08,0x62,0x10,
    0x61,0x08,0x62,0x08,0x41,0x08,0x62,0x10,0x41,0x08,0x62,0x08,0x41,0x08,0x62,0x10,0x41,0x08,0x62,0x08,0x41,0x08,0x62,0x10,
    0x41,0x08,0x62,0x08,0x41,0x08,0x62,0x08,0x41,0x08,0x41,0x10,0x61,0x08,0x62,0x10,0x82,0x10,0xa2,0x18,0xe2,0x20,0x44,0x39,
    0xa4,0x49,0x25,0x62,0xa5,0x72,0x47,0x93,0xc8,0xab,0x4b,0xed,0x8b,0xfd,0x72,0xfe,0x58,0xff,0x59,0xff,0x17,0xff,0xcd,0xfd,
    0x8b,0xfd,0x29,0xbc,0x47,0x93,0xa6,0x7a,0x04,0x5a,0x64,0x41,0x03,0x29,0xd2,0xa4,0xd9,0xd6,0xda,0xde,0xba,0xd6,0x91,0x94,
    0xe4,0x20,0x41,0x08,0x21,0x08,0x41,0x08,0x21,0x08,0x41,0x08,0x21,0x08,0xc7,0x39,0xf3,0x9c,0x8e,0x6b,0x8e,0x6b,0xb3,0x94,
    0x75,0xad,0x75,0xad,0x55,0xa5,0x55,0xa5,0x35,0xa5,0x35,0xa5,0x14,0x9d,0x14,0xa5,0x14,0x9d,0x14,0x9d,0xf3,0x9c,0xf4,0x9c,
    0x55,0xa5,0x76,0xad,0x62,0x08,0x00,0x00,0x00,0x00,0x00,0x00,0x00,0x00,0x00,0x00,0x00,0x00,0x00,0x00,0x00,0x00,0x00,0x00,
    0x00,0x00,0x00,0x00,0xcb,0x5a,0x5d,0xef,0xfb,0xde,0x1b,0xdf,0x1b,0xdf,0x1c,0xe7,0x1b,0xdf,0x3c,0xe7,0x3b,0xe7,0x3c,0xe7,
    0x3c,0xe7,0x5c,0xe7,0x5c,0xe7,0x7d,0xef,0x5c,0xe7,0xf0,0x7b,0x8e,0x6b,0x30,0x84,0x17,0xbe,0x82,0x10,0x82,0x10,0x82,0x10,
    0x82,0x10,0x82,0x10,0xc3,0x18,0x25,0x21,0x04,0x21,0x25,0x21,0x69,0x4a,0xf7,0xbd,0xda,0xd6,0xda,0xde,0xc3,0x10,0x82,0x10,
    0x62,0x08,0x82,0x10,0x82,0x08,0x45,0x29,0x45,0x29,0x66,0x29,0x45,0x29,0x66,0x29,0x45,0x29,0x66,0x29,0x25,0x21,0x82,0x10,
    0x62,0x08,0x82,0x10,0x62,0x08,0x82,0x10,0x61,0x08,0x62,0x10,0x62,0x08,0x82,0x10,0x61,0x08,0x62,0x10,0x62,0x08,0x82,0x10,
    0x61,0x08,0x62,0x10,0x61,0x08,0x62,0x10,0x61,0x08,0x62,0x10,0x61,0x08,0x62,0x10,0x61,0x08,0x62,0x08,0x61,0x08,0x62,0x10,
    0x61,0x08,0x62,0x08,0x61,0x08,0x62,0x10,0x41,0x08,0x62,0x08,0x61,0x08,0x62,0x08,0x41,0x08,0x62,0x08,0x61,0x08,0x62,0x08,
    0x41,0x08,0x62,0x08,0x41,0x08,0x62,0x08,0x41,0x08,0x61,0x08,0x41,0x08,0x62,0x08,0x41,0x08,0x61,0x08,0x41,0x08,0x61,0x08,
    0x41,0x08,0x61,0x08,0x41,0x08,0x61,0x08,0x41,0x08,0x61,0x08,0x41,0x08,0x41,0x08,0x41,0x08,0x41,0x08,0x41,0x08,0x41,0x08,
    0x41,0x08,0x41,0x08,0x41,0x08,0x41,0x08,0x41,0x08,0x41,0x08,0x41,0x08,0x41,0x08,0x41,0x08,0x61,0x10,0x61,0x10,0xa2,0x18,
    0xc2,0x20,0x43,0x31,0xa3,0x41,0x25,0x62,0xc5,0x72,0x67,0x93,0x08,0xb4,0x6b,0xf5,0x8b,0xfd,0xb4,0xfe,0x38,0xff,0x58,0xff,
    0xb4,0xfe,0xab,0xfd,0x4a,0xed,0xa8,0xa3,0x06,0x83,0x65,0x6a,0xa3,0x49,0xa4,0x41,0x98,0xd6,0xb9,0xde,0x94,0xb5,0xc7,0x39,
    0x20,0x08,0x41,0x08,0x21,0x00,0x41,0x08,0x20,0x00,0x41,0x08,0x21,0x00,0x41,0x08,0x21,0x00,0xd3,0x94,0xcf,0x73,0x8e,0x6b,
    0xae,0x6b,0x75,0xa5,0x55,0xa5,0x55,0xa5,0x34,0xa5,0x34,0xa5,0x14,0x9d,0x34,0x9d,0x13,0x9d,0x14,0x9d,0xf3,0x94,0xf4,0x9c,
    0xd3,0x94,0xf3,0x9c,0xf7,0xbd,0xe8,0x39,0x00,0x00,0x00,0x00,0x00,0x00,0x00,0x00,0x00,0x00,0x00,0x00,0x00,0x00,0x00,0x00,
    0x00,0x00,0x00,0x00,0x00,0x00,0x96,0xb5,0x3c,0xe7,0x1b,0xdf,0x1b,0xdf,0x1c,0xe7,0x1b,0xe7,0x3c,0xe7,0x3b,0xe7,0x3c,0xe7,
    0x3c,0xe7,0x5c,0xe7,0x5c,0xe7,0x5d,0xef,0x5c,0xef,0xf7,0xbd,0x8e,0x6b,0x8f,0x73,0xf7,0xbd,0x0c,0x63,0x82,0x10,0xa3,0x10,
    0x82,0x10,0x82,0x10,0x82,0x10,0x25,0x29,0x24,0x21,0x25,0x21,0x04,0x21,0x25,0x21,0x24,0x21,0x2d,0x6b,0xca,0x52,0x82,0x10,
    0x82,0x10,0x82,0x10,0x82,0x10,0xe4,0x18,0x65,0x29,0x66,0x29,0x45,0x29,0x66,0x31,0x65,0x29,0x66,0x29,0x45,0x29,0xa3,0x18,
    0x82,0x10,0x82,0x10,0x62,0x08,0x82,0x10,0x82,0x10,0x82,0x10,0x62,0x08,0x82,0x10,0x62,0x10,0x62,0x10,0x62,0x08,0x82,0x10,
    0x62,0x08,0x62,0x10,0x62,0x08,0x82,0x10,0x62,0x08,0x62,0x10,0x62,0x08,0x62,0x10,0x62,0x08,0x62,0x10,0x61,0x08,0x62,0x10,
    0x62,0x08,0x62,0x10,0x61,0x08,0x62,0x10,0x62,0x08,0x62,0x10,0x61,0x08,0x62,0x10,0x61,0x08,0x62,0x10,0x61,0x08,0x62,0x10,
    0x61,0x08,0x62,0x08,0x41,0x08,0x62,0x10,0x61,0x08,0x62,0x08,0x41,0x08,0x62,0x10,0x61,0x08,0x62,0x08,0x41,0x08,0x62,0x10,
    0x41,0x08,0x62,0x08,0x41,0x08,0x62,0x10,0x41,0x08,0x61,0x08,0x41,0x08,0x62,0x10,0x41,0x08,0x61,0x08,0x41,0x08,0x62,0x08,
    0x41,0x08,0x41,0x08,0x41,0x08,0x42,0x08,0x41,0x08,0x41,0x08,0x41,0x08,0x42,0x08,0x41,0x08,0x41,0x08,0x41,0x08,0x61,0x10,
    0x61,0x10,0xa2,0x18,0xe2,0x20,0x43,0x39,0xa4,0x49,0x45,0x6a,0xe5,0x7a,0x87,0x9b,0x49,0xbc,0x8b,0xfd,0xac,0xfd,0x17,0xff,
    0x38,0xff,0x58,0xff,0x30,0xfe,0xac,0xfd,0xca,0xd4,0x87,0x9b,0xc5,0x7a,0x25,0x62,0x83,0x41,0x2a,0x73,0xea,0x62,0x82,0x18,
    0x41,0x08,0x41,0x08,0x21,0x08,0x41,0x08,0x21,0x08,0x41,0x08,0x21,0x08,0x41,0x08,0x21,0x08,0x41,0x08,0x28,0x42,0xd3,0x94,
    0x8e,0x6b,0x8e,0x6b,0xb2,0x94,0x75,0xad,0x55,0xa5,0x55,0xa5,0x34,0xa5,0x35,0xa5,0x14,0x9d,0x14,0x9d,0x14,0x9d,0x14,0x9d,
    0xf3,0x9c,0xf3,0x9c,0xd3,0x94,0xb7,0xb5,0x10,0x7c,0x00,0x00,0x00,0x00,0x00,0x00,0x00,0x00,0x00,0x00,0x00,0x00,0x00,0x00,
    0x00,0x00,0x00,0x00,0x00,0x00,0xe4,0x20,0x3b,0xe7,0x1b,0xe7,0xfb,0xde,0x1b,0xdf,0x1b,0xdf,0x1b,0xe7,0x1b,0xdf,0x3c,0xe7,
    0x3b,0xe7,0x3c,0xe7,0x3c,0xe7,0x5c,0xef,0x5c,0xe7,0x7c,0xef,0x51,0x84,0x8e,0x6b,0xcf,0x73,0xba,0xd6,0xa2,0x10,0x83,0x10,
    0x04,0x19,0xa7,0x31,0xa2,0x10,0xe4,0x18,0x04,0x21,0x04,0x21,0x04,0x21,0x25,0x21,0x04,0x21,0x04,0x21,0xa3,0x10,0x82,0x10,
    0x82,0x08,0x82,0x10,0x62,0x10,0x83,0x10,0x45,0x21,0x66,0x29,0x45,0x29,0x66,0x29,0x45,0x29,0x66,0x29,0x45,0x29,0xe4,0x18,
    0x62,0x08,0x82,0x10,0x62,0x08,0x82,0x10,0x62,0x08,0x82,0x10,0x62,0x08,0x82,0x10,0x61,0x08,0x62,0x10,0x62,0x08,0x62,0x10,
    0x61,0x08,0x62,0x10,0x62,0x08,0x62,0x10,0x61,0x08,0x62,0x10,0x61,0x08,0x62,0x10,0x61,0x08,0x62,0x10,0x61,0x08,0x62,0x10,
    0x61,0x08,0x62,0x08,0x61,0x08,0x62,0x10,0x61,0x08,0x62,0x08,0x61,0x08,0x62,0x10,0x41,0x08,0x62,0x08,0x41,0x08,0x62,0x08,
    0x41,0x08,0x62,0x08,0x41,0x08,0x62,0x08,0x41,0x08,0x62,0x08,0x41,0x08,0x62,0x08,0x41,0x08,0x61,0x08,0x41,0x08,0x62,0x08,
    0x41,0x08,0x61,0x08,0x41,0x08,0x42,0x08,0x41,0x08,0x41,0x08,0x41,0x08,0x41,0x08,0x41,0x08,0x41,0x08,0x41,0x08,0x41,0x08,
    0x41,0x08,0x41,0x08,0x41,0x08,0x41,0x08,0x41,0x08,0x41,0x08,0x41,0x08,0x41,0x08,0x41,0x08,0x41,0x08,0x41,0x08,0x41,0x08,
    0x41,0x08,0x61,0x10,0x61,0x10,0xa2,0x18,0xe2,0x20,0x43,0x39,0xc3,0x49,0x65,0x6a,0xe6,0x82,0xa8,0xa3,0xc9,0xd4,0xab,0xfd,
    0x0e,0xfe,0x58,0xff,0x38,0xff,0x38,0xff,0xac,0xfd,0x8b,0xfd,0x08,0xb4,0x47,0x93,0x85,0x6a,0xe4,0x51,0x43,0x39,0xe2,0x28,
    0x81,0x18,0x61,0x10,0x41,0x08,0x41,0x08,0x20,0x00,0x41,0x08,0x21,0x00,0x41,0x08,0x65,0x29,0xc3,0x18,0x21,0x00,0x41,0x08,
    0xf3,0x94,0xaf,0x73,0x8e,0x6b,0xf0,0x7b,0x55,0xa5,0x55,0xa5,0x34,0xa5,0x35,0xa5,0x14,0x9d,0x34,0x9d,0x14,0x9d,0x14,0x9d,
    0xf3,0x94,0xf3,0x9c,0xd3,0x94,0xd3,0x94,0x34,0x9d,0x96,0xad,0xa2,0x10,0x00,0x00,0x00,0x00,0x00,0x00,0x00,0x00,0x00,0x00,
    0x00,0x00,0x00,0x00,0x00,0x00,0x00,0x00,0x8e,0x73,0x5d,0xef,0xfb,0xde,0x1b,0xdf,0x1b,0xdf,0x1b,0xe7,0x1b,0xdf,0x3c,0xe7,
    0x3c,0xe7,0x3c,0xe7,0x3c,0xe7,0x5c,0xef,0x5c,0xe7,0x5d,0xef,0xda,0xd6,0x8f,0x73,0x8e,0x6b,0x96,0xad,0x8e,0x73,0x83,0x10,
    0x82,0x10,0x25,0x21,0xcb,0x5a,0x4d,0x6b,0x6a,0x4a,0x66,0x29,0x04,0x21,0x25,0x21,0x04,0x21,0x05,0x21,0x04,0x21,0x83,0x10,
    0x82,0x10,0x82,0x10,0x82,0x10,0x83,0x10,0x04,0x21,0x66,0x29,0x45,0x29,0x66,0x31,0x65,0x29,0x66,0x29,0x45,0x29,0x25,0x29,
    0x82,0x10,0x82,0x10,0x62,0x10,0x82,0x10,0x62,0x10,0x82,0x10,0x62,0x08,0x82,0x10,0x62,0x10,0x82,0x10,0x62,0x08,0x82,0x10,
    0x62,0x10,0x62,0x10,0x62,0x08,0x62,0x10,0x62,0x10,0x62,0x10,0x62,0x08,0x62,0x10,0x62,0x08,0x62,0x10,0x62,0x08,0x62,0x10,
    0x62,0x08,0x62,0x10,0x61,0x08,0x62,0x10,0x62,0x08,0x62,0x10,0x61,0x08,0x62,0x10,0x62,0x08,0x62,0x10,0x61,0x08,0x62,0x10,
    0x61,0x08,0x62,0x10,0x61,0x08,0x62,0x10,0x61,0x08,0x62,0x08,0x41,0x08,0x62,0x10,0x41,0x08,0x62,0x08,0x41,0x08,0x62,0x10,
    0x41,0x08,0x62,0x08,0x41,0x08,0x62,0x10,0x41,0x08,0x62,0x08,0x41,0x08,0x62,0x08,0x41,0x08,0x41,0x08,0x41,0x08,0x42,0x08,
    0x41,0x08,0x41,0x08,0x41,0x08,0x42,0x08,0x41,0x08,0x41,0x08,0x41,0x08,0x41,0x08,0x41,0x08,0x41,0x08,0x41,0x08,0x41,0x08,
    0x41,0x08,0x41,0x08,0x41,0x08,0x61,0x10,0x82,0x10,0xc2,0x20,0xe2,0x28,0x64,0x41,0xe4,0x51,0x86,0x72,0x26,0x8b,0xc8,0xab,
    0x4b,0xed,0xac,0xfd,0xb3,0xfe,0x59,0xff,0x58,0xff,0xb4,0xfe,0x8b,0xfd,0x4b,0xed,0x87,0xa3,0xe6,0x82,0x25,0x62,0xa4,0x49,
    0x22,0x31,0xc2,0x20,0x81,0x10,0x61,0x10,0x21,0x08,0x41,0x08,0x82,0x10,0x08,0x42,0x2d,0x63,0xcc,0x5a,0xc3,0x18,0x41,0x08,
    0x21,0x08,0xab,0x52,0x72,0x8c,0x8f,0x73,0x8e,0x6b,0x34,0xa5,0x55,0xa5,0x55,0xa5,0x34,0xa5,0x35,0xa5,0x14,0x9d,0x14,0xa5,
    0x14,0x9d,0xf4,0x9c,0xf3,0x94,0xf4,0x9c,0xd3,0x94,0xd3,0x94,0xf7,0xbd,0x49,0x4a,0x00,0x00,0x00,0x00,0x00,0x00,0x00,0x00,
    0x00,0x00,0x00,0x00,0x00,0x00,0x00,0x00,0x00,0x00,0x38,0xc6,0x1b,0xdf,0xfb,0xde,0xfb,0xde,0x1b,0xdf,0xfb,0xde,0x1b,0xe7,
    0x1b,0xdf,0x3c,0xe7,0x3b,0xe7,0x3c,0xe7,0x3b,0xe7,0x5c,0xe7,0x5c,0xe7,0x75,0xad,0x6e,0x6b,0x8e,0x6b,0xda,0xd6,0x25,0x21,
    0x82,0x08,0x82,0x10,0x82,0x08,0x82,0x10,0x65,0x29,0xeb,0x5a,0x8e,0x6b,0x04,0x21,0x04,0x21,0x04,0x21,0x04,0x21,0xa3,0x18,
    0x62,0x08,0x82,0x10,0x62,0x08,0x82,0x10,0xa2,0x10,0x66,0x29,0x45,0x29,0x66,0x29,0x45,0x29,0x66,0x29,0x45,0x29,0x45,0x29,
    0x62,0x08,0x62,0x10,0x61,0x08,0x62,0x10,0x61,0x08,0x62,0x10,0x61,0x08,0x62,0x10,0x61,0x08,0x62,0x10,0x61,0x08,0x62,0x10,
    0x61,0x08,0x62,0x08,0x61,0x08,0x62,0x10,0x61,0x08,0x62,0x08,0x61,0x08,0x62,0x08,0x41,0x08,0x62,0x08,0x61,0x08,0x62,0x08,
    0x41,0x08,0x62,0x08,0x41,0x08,0x62,0x08,0x41,0x08,0x61,0x08,0x41,0x08,0x62,0x08,0x41,0x08,0x61,0x08,0x41,0x08,0x62,0x08,
    0x41,0x08,0x61,0x08,0x41,0x08,0x61,0x08,0x41,0x08,0x61,0x08,0x41,0x08,0x61,0x08,0x41,0x08,0x41,0x08,0x41,0x08,0x41,0x08,
    0x41,0x08,0x41,0x08,0x41,0x08,0x41,0x08,0x41,0x08,0x41,0x08,0x41,0x08,0x41,0x08,0x41,0x08,0x41,0x08,0x41,0x08,0x41,0x08,
    0x41,0x08,0x41,0x08,0x41,0x08,0x41,0x08,0x41,0x08,0x41,0x08,0x41,0x08,0x41,0x08,0x21,0x00,0x41,0x08,0x21,0x08,0x41,0x08,
    0x21,0x00,0x41,0x08,0x21,0x08,0x41,0x08,0x41,0x08,0x61,0x08,0x61,0x10,0xc2,0x20,0x02,0x29,0x83,0x41,0x04,0x5a,0xc6,0x7a,
    0x46,0x93,0x29,0xbc,0x8b,0xf5,0xac,0xfd,0x17,0xff,0x58,0xff,0x38,0xff,0xee,0xfd,0x8b,0xfd,0x49,0xbc,0x46,0x93,0x86,0x72,
    0xe4,0x51,0x63,0x39,0xe2,0x20,0x82,0x18,0x40,0x08,0x41,0x08,0x21,0x00,0x2d,0x63,0x49,0x42,0xe4,0x18,0x20,0x00,0x21,0x08,
    0x20,0x00,0x21,0x08,0xa2,0x10,0x34,0xa5,0x6e,0x6b,0x8e,0x6b,0x71,0x84,0x55,0xa5,0x34,0x9d,0x34,0xa5,0x14,0x9d,0x14,0x9d,
    0x13,0x9d,0x14,0x9d,0xf3,0x94,0xf3,0x9c,0xd3,0x94,0xd3,0x94,0xb2,0x94,0x96,0xad,0x71,0x84,0x00,0x00,0x00,0x00,0x00,0x00,
    0x00,0x00,0x00,0x00,0x00,0x00,0x00,0x00,0x00,0x00,0xe4,0x20,0x3c,0xe7,0x1b,0xe7,0xfb,0xde,0xfb,0xde,0xfb,0xde,0x1c,0xe7,
    0x1b,0xdf,0x3c,0xe7,0x3b,0xdf,0x3c,0xe7,0x3c,0xe7,0x5c,0xe7,0x5c,0xe7,0x5c,0xef,0x10,0x7c,0x8e,0x6b,0x51,0x84,0x96,0xb5,
    0x82,0x10,0x82,0x10,0x82,0x10,0x82,0x10,0x82,0x10,0x04,0x21,0x04,0x21,0x45,0x29,0x04,0x21,0x05,0x21,0x04,0x21,0x04,0x21,
    0x82,0x10,0x82,0x10,0x62,0x08,0x82,0x10,0x82,0x10,0x25,0x29,0x45,0x29,0x66,0x31,0x65,0x29,0x66,0x29,0x45,0x29,0x66,0x31,
    0xe3,0x18,0x62,0x10,0x62,0x08,0x82,0x10,0x62,0x08,0x62,0x10,0x62,0x08,0x82,0x10,0x62,0x08,0x62,0x10,0x62,0x08,0x62,0x10,
    0x62,0x08,0x62,0x10,0x61,0x08,0x62,0x10,0x62,0x08,0x62,0x10,0x61,0x08,0x62,0x10,0x62,0x08,0x62,0x10,0x61,0x08,0x62,0x10,
    0x61,0x08,0x62,0x08,0x61,0x08,0x62,0x10,0x61,0x08,0x62,0x08,0x41,0x08,0x62,0x10,0x61,0x08,0x62,0x08,0x41,0x08,0x62,0x10,
    0x61,0x08,0x62,0x08,0x41,0x08,0x62,0x10,0x41,0x08,0x62,0x08,0x41,0x08,0x62,0x10,0x41,0x08,0x61,0x08,0x41,0x08,0x62,0x10,
    0x41,0x08,0x61,0x08,0x41,0x08,0x42,0x08,0x41,0x08,0x41,0x08,0x41,0x08,0x42,0x08,0x41,0x08,0x41,0x08,0x41,0x08,0x42,0x08,
    0x41,0x08,0x41,0x08,0x41,0x08,0x41,0x08,0x41,0x08,0x41,0x08,0x41,0x08,0x41,0x08,0x41,0x08,0x41,0x08,0x41,0x08,0x41,0x08,
    0x41,0x08,0x41,0x08,0x41,0x08,0x41,0x08,0x41,0x08,0x41,0x08,0x41,0x08,0x61,0x10,0x81,0x18,0xe2,0x20,0x22,0x31,0xc4,0x49,
    0x45,0x62,0x06,0x83,0x87,0x9b,0xca,0xdc,0x8b,0xfd,0x51,0xfe,0x38,0xff,0x59,0xff,0xd4,0xfe,0xab,0xfd,0x4a,0xed,0xa8,0xa3,
    0xe6,0x82,0x45,0x62,0x83,0x41,0x23,0x31,0xc2,0x18,0x82,0x10,0x41,0x08,0x41,0x08,0x61,0x08,0x41,0x08,0x21,0x08,0x41,0x08,
    0x21,0x08,0x41,0x08,0x21,0x08,0x41,0x08,0x30,0x84,0xf0,0x7b,0x8e,0x6b,0xcf,0x7b,0x55,0xa5,0x55,0xa5,0x34,0x9d,0x35,0xa5,
    0x14,0x9d,0x14,0x9d,0xf3,0x9c,0xf4,0x9c,0xf3,0x9c,0xf3,0x9c,0xd3,0x94,0xd3,0x94,0x14,0x9d,0x96,0xad,0x82,0x10,0x00,0x00,
    0x00,0x00,0x00,0x00,0x00,0x00,0x00,0x00,0x00,0x00,0x00,0x00,0x8a,0x52,0x5d,0xef,0xda,0xd6,0xfb,0xde,0xfb,0xde,0x1b,0xdf,
    0xfb,0xde,0x1b,0xdf,0x1b,0xdf,0x3c,0xe7,0x1b,0xdf,0x3c,0xe7,0x3c,0xe7,0x5c,0xe7,0x79,0xce,0x8e,0x6b,0x8e,0x6b,0xb6,0xb5,
    0x0c,0x63,0x82,0x10,0x82,0x10,0x82,0x10,0x82,0x08,0xa3,0x18,0x04,0x21,0x04,0x21,0x04,0x21,0x04,0x21,0x04,0x21,0x04,0x21,
    0xa2,0x10,0x82,0x10,0x62,0x08,0x82,0x10,0x62,0x08,0xa3,0x10,0x45,0x29,0x66,0x29,0x45,0x29,0x66,0x29,0x45,0x29,0x66,0x29,
    0x25,0x21,0x62,0x10,0x62,0x08,0x62,0x10,0x61,0x08,0x62,0x10,0x62,0x08,0x62,0x10,0x61,0x08,0x62,0x10,0x61,0x08,0x62,0x10,
    0x61,0x08,0x62,0x10,0x61,0x08,0x62,0x10,0x61,0x08,0x62,0x08,0x61,0x08,0x62,0x10,0x61,0x08,0x62,0x08,0x41,0x08,0x62,0x10,
    0x41,0x08,0x62,0x08,0x41,0x08,0x62,0x08,0x41,0x08,0x62,0x08,0x41,0x08,0x62,0x08,0x41,0x08,0x62,0x08,0x41,0x08,0x62,0x08,
    0x41,0x08,0x61,0x08,0x41,0x08,0x62,0x08,0x41,0x08,0x41,0x08,0x41,0x08,0x41,0x08,0x41,0x08,0x41,0x08,0x41,0x08,0x41,0x08,
    0x41,0x08,0x41,0x08,0x41,0x08,0x41,0x08,0x41,0x08,0x41,0x08,0x41,0x08,0x41,0x08,0x41,0x08,0x41,0x08,0x41,0x08,0x41,0x08,
    0x41,0x08,0x41,0x08,0x41,0x08,0x41,0x08,0x21,0x00,0x41,0x08,0x21,0x08,0x41,0x08,0x21,0x00,0x41,0x08,0x21,0x08,0x41,0x08,
    0x21,0x00,0x41,0x08,0x21,0x00,0x41,0x08,0x20,0x00,0x41,0x08,0x21,0x00,0x41,0x08,0x40,0x08,0x61,0x10,0x81,0x18,0xe3,0x28,
    0x43,0x39,0xe4,0x51,0x85,0x6a,0x47,0x93,0xc7,0xab,0x6b,0xf5,0x8b,0xfd,0x17,0xff,0x38,0xff,0x58,0xff,0xee,0xfd,0xab,0xfd,
    0x49,0xc4,0x47,0x93,0x85,0x72,0xe4,0x51,0x43,0x39,0xe2,0x20,0x81,0x10,0x61,0x10,0x40,0x08,0x21,0x08,0x20,0x00,0x21,0x08,
    0x20,0x00,0x21,0x08,0x20,0x00,0x21,0x08,0x20,0x00,0x28,0x42,0x92,0x8c,0x8e,0x6b,0x8e,0x6b,0xf3,0x9c,0x34,0xa5,0x35,0xa5,
    0x14,0x9d,0x14,0x9d,0xf4,0x9c,0x14,0x9d,0xf3,0x94,0xf3,0x9c,0xd3,0x94,0xd3,0x94,0xb2,0x8c,0xb3,0x94,0xf7,0xbd,0xc7,0x39,
    0x00,0x00,0x00,0x00,0x00,0x00,0x00,0x00,0x00,0x00,0x00,0x00,0x00,0x00,0xd3,0x9c,0x3c,0xe7,0xfb,0xde,0xfb,0xde,0x1b,0xdf,
    0x1b,0xdf,0x1b,0xdf,0x1b,0xdf,0x3c,0xe7,0x3b,0xe7,0x3c,0xe7,0x3c,0xe7,0x5c,0xef,0x5c,0xe7,0x34,0xa5,0x8e,0x6b,0xaf,0x73,
    0xda,0xd6,0xe4,0x18,0x82,0x10,0x83,0x10,0x82,0x10,0x82,0x10,0xe3,0x18,0x25,0x21,0x04,0x21,0x04,0x21,0x04,0x21,0x05,0x21,
    0x04,0x21,0x82,0x10,0x82,0x10,0x82,0x10,0x82,0x10,0x82,0x10,0x04,0x21,0x66,0x31,0x65,0x29,0x66,0x29,0x45,0x29,0x66,0x31,
    0x65,0x29,0xa3,0x18,0x62,0x08,0x82,0x10,0x62,0x10,0x62,0x10,0x62,0x08,0x62,0x10,0x62,0x08,0x62,0x10,0x62,0x08,0x62,0x10,
    0x62,0x08,0x62,0x10,0x62,0x08,0x62,0x10,0x62,0x08,0x62,0x10,0x61,0x08,0x62,0x10,0x62,0x08,0x62,0x10,0x61,0x08,0x62,0x10,
    0x62,0x08,0x62,0x10,0x61,0x08,0x62,0x10,0x61,0x08,0x62,0x10,0x61,0x08,0x62,0x10,0x61,0x08,0x62,0x08,0x41,0x08,0x62,0x10,
    0x41,0x08,0x62,0x08,0x41,0x08,0x62,0x10,0x41,0x08,0x62,0x08,0x41,0x08,0x62,0x10,0x41,0x08,0x42,0x08,0x41,0x08,0x42,0x08,
    0x41,0x08,0x41,0x08,0x41,0x08,0x42,0x08,0x41,0x08,0x41,0x08,0x41,0x08,0x42,0x08,0x41,0x08,0x41,0x08,0x41,0x08,0x41,0x08,
    0x41,0x08,0x41,0x08,0x41,0x08,0x41,0x08,0x41,0x08,0x41,0x08,0x41,0x08,0x41,0x08,0x41,0x08,0x41,0x08,0x41,0x08,0x41,0x08,
    0x41,0x08,0x41,0x08,0x21,0x08,0x41,0x08,0x21,0x08,0x41,0x08,0x21,0x08,0x41,0x08,0x21,0x08,0x41,0x08,0x41,0x08,0x82,0x18,
    0xa2,0x18,0x03,0x31,0x83,0x41,0x25,0x62,0xc6,0x7a,0x87,0x9b,0x89,0xcc,0xac,0xfd,0x30,0xfe,0x59,0xff,0x38,0xff,0x16,0xff,
    0x8b,0xfd,0x4b,0xed,0x87,0xa3,0xe7,0x82,0x24,0x62,0x84,0x41,0x02,0x29,0xa2,0x20,0x61,0x10,0x41,0x08,0x21,0x08,0x41,0x08,
    0x21,0x08,0x41,0x08,0x21,0x00,0x41,0x08,0x21,0x08,0x41,0x08,0x62,0x10,0x14,0x9d,0x8e,0x6b,0x8e,0x6b,0x51,0x84,0x55,0xa5,
    0x34,0xa5,0x34,0xa5,0x14,0x9d,0x14,0x9d,0xf4,0x9c,0xf4,0x9c,0xf3,0x94,0xf4,0x9c,0xd3,0x94,0xd3,0x94,0xb2,0x94,0xb7,0xb5,
    0x6d,0x6b,0x00,0x00,0x00,0x00,0x00,0x00,0x00,0x00,0x00,0x00,0x00,0x00,0x00,0x00,0x58,0xc6,0x1b,0xdf,0xda,0xd6,0xfb,0xde,
    0xfa,0xd6,0xfb,0xde,0xfb,0xde,0x1b,0xe7,0x1b,0xdf,0x1c,0xe7,0x1b,0xdf,0x3c,0xe7,0x3b,0xe7,0x3c,0xe7,0xcf,0x73,0x8e,0x6b,
    0x92,0x8c,0xd3,0x9c,0x62,0x08,0x82,0x10,0x62,0x08,0x82,0x10,0x62,0x08,0x04,0x21,0x04,0x19,0x04,0x21,0x04,0x21,0x04,0x21,
    0xe4,0x18,0xc3,0x18,0x62,0x08,0x82,0x10,0x61,0x08,0x62,0x10,0x82,0x10,0x66,0x29,0x45,0x29,0x66,0x29,0x45,0x29,0x66,0x29,
    0x45,0x29,0x25,0x21,0x61,0x08,0x62,0x10,0x61,0x08,0x62,0x08,0x61,0x08,0x62,0x10,0x41,0x08,0x62,0x08,0x61,0x08,0x62,0x08,
    0x41,0x08,0x62,0x08,0x61,0x08,0x62,0x08,0x41,0x08,0x62,0x08,0x41,0x08,0x62,0x08,0x41,0x08,0x61,0x08,0x41,0x08,0x62,0x08,
    0x41,0x08,0x61,0x08,0x41,0x08,0x62,0x08,0x41,0x08,0x61,0x08,0x41,0x08,0x61,0x08,0x41,0x08,0x61,0x08,0x41,0x08,0x41,0x08,
    0x41,0x08,0x41,0x08,0x41,0x08,0x41,0x08,0x41,0x08,0x41,0x08,0x41,0x08,0x41,0x08,0x41,0x08,0x41,0x08,0x41,0x08,0x41,0x08,
    0x41,0x08,0x41,0x08,0x41,0x08,0x41,0x08,0x41,0x08,0x41,0x08,0x41,0x08,0x41,0x08,0x41,0x08,0x41,0x08,0x21,0x08,0x41,0x08,
    0x21,0x00,0x41,0x08,0x21,0x08,0x41,0x08,0x21,0x00,0x41,0x08,0x21,0x08,0x41,0x08,0x21,0x00,0x41,0x08,0x21,0x00,0x41,0x08,
    0x20,0x00,0x41,0x08,0x21,0x00,0x41,0x08,0x20,0x00,0x41,0x08,0x21,0x00,0x41,0x08,0x20,0x00,0x41,0x08,0x21,0x08,0x41,0x08,
    0x40,0x08,0x82,0x18,0xc2,0x20,0x43,0x39,0xa3,0x49,0x65,0x6a,0x26,0x8b,0xc8,0xab,0x4a,0xed,0xab,0xfd,0xf5,0xfe,0x58,0xff,
    0x38,0xff,0x0f,0xfe,0x8b,0xfd,0x29,0xbc,0x26,0x8b,0x85,0x72,0xc3,0x49,0x43,0x31,0xc2,0x18,0x61,0x10,0x40,0x08,0x21,0x08,
    0x20,0x00,0x21,0x08,0x20,0x00,0x21,0x08,0x20,0x00,0x21,0x08,0x20,0x00,0x21,0x08,0x8e,0x6b,0x10,0x7c,0x8e,0x6b,0xaf,0x73,
    0x34,0x9d,0x34,0xa5,0x14,0x9d,0x14,0x9d,0xf3,0x9c,0xf4,0x9c,0xf3,0x94,0xf3,0x9c,0xd3,0x94,0xd3,0x94,0xb2,0x94,0xb3,0x94,
    0x54,0xa5,0xd3,0x94,0x00,0x00,0x00,0x00,0x00,0x00,0x00,0x00,0x00,0x00,0x00,0x00,0xe3,0x18,0x3c,0xe7,0xfb,0xde,0xfb,0xde,
    0xfb,0xde,0xfb,0xde,0xfb,0xde,0x1b,0xe7,0x1b,0xdf,0x1c,0xe7,0x1b,0xdf,0x3c,0xe7,0x3c,0xe7,0x3c,0xe7,0x79,0xce,0x8f,0x73,
    0x8e,0x6b,0xf7,0xbd,0x69,0x4a,0x82,0x10,0x82,0x10,0x6a,0x4a,0xa7,0x31,0xe4,0x20,0x04,0x21,0x04,0x21,0x04,0x21,0x04,0x21,
    0x04,0x21,0x04,0x21,0x82,0x10,0x82,0x10,0x62,0x08,0x62,0x10,0x62,0x08,0x05,0x21,0x65,0x29,0x66,0x29,0x45,0x29,0x66,0x31,
    0x65,0x29,0x66,0x29,0xa2,0x10,0x62,0x10,0x62,0x08,0x62,0x10,0x61,0x08,0x62,0x10,0x62,0x08,0x62,0x10,0x61,0x08,0x62,0x10,
    0x61,0x08,0x62,0x10,0x61,0x08,0x62,0x10,0x61,0x08,0x62,0x08,0x41,0x08,0x62,0x10,0x61,0x08,0x62,0x08,0x41,0x08,0x62,0x10,
    0x61,0x08,0x62,0x08,0x41,0x08,0x62,0x10,0x41,0x08,0x62,0x08,0x41,0x08,0x62,0x10,0x41,0x08,0x61,0x08,0x41,0x08,0x62,0x10,
    0x41,0x08,0x61,0x08,0x41,0x08,0x62,0x08,0x41,0x08,0x41,0x08,0x41,0x08,0x42,0x08,0x41,0x08,0x41,0x08,0x41,0x08,0x42,0x08,
    0x41,0x08,0x41,0x08,0x41,0x08,0x42,0x08,0x41,0x08,0x41,0x08,0x41,0x08,0x41,0x08,0x41,0x08,0x41,0x08,0x41,0x08,0x41,0x08,
    0x41,0x08,0x41,0x08,0x41,0x08,0x41,0x08,0x41,0x08,0x41,0x08,0x41,0x08,0x41,0x08,0x41,0x08,0x41,0x08,0x21,0x08,0x41,0x08,
    0x21,0x08,0x41,0x08,0x21,0x08,0x41,0x08,0x21,0x08,0x41,0x08,0x21,0x08,0x41,0x08,0x21,0x08,0x41,0x08,0x21,0x08,0x41,0x08,
    0x21,0x08,0x41,0x08,0x61,0x10,0xa2,0x18,0x02,0x29,0x63,0x41,0x04,0x5a,0xc6,0x7a,0x67,0x9b,0x69,0xcc,0x8b,0xfd,0x50,0xfe,
    0x38,0xff,0x58,0xff,0xb4,0xfe,0xac,0xfd,0x0a,0xe5,0x87,0x9b,0xc5,0x7a,0x25,0x62,0x63,0x41,0xe2,0x28,0x81,0x18,0x61,0x10,
    0x41,0x08,0x41,0x08,0x21,0x00,0x41,0x08,0x62,0x10,0xa6,0x31,0x49,0x42,0x41,0x08,0x21,0x08,0xc7,0x39,0xb2,0x8c,0x8f,0x73,
    0x8e,0x6b,0xd3,0x9c,0x34,0x9d,0x34,0xa5,0x14,0x9d,0x14,0x9d,0xf3,0x9c,0xf4,0x9c,0xd3,0x94,0xd3,0x94,0xd3,0x94,0xd3,0x94,
    0xb3,0x94,0x14,0x9d,0x96,0xad,0xa3,0x18,0x00,0x00,0x00,0x00,0x00,0x00,0x00,0x00,0x00,0x00,0xaa,0x52,0x3c,0xe7,0xdb,0xde,
    0xda,0xd6,0xfb,0xde,0xfa,0xde,0xfb,0xde,0xfb,0xde,0x1b,0xdf,0x1b,0xdf,0x1c,0xe7,0x1b,0xdf,0x3c,0xe7,0x3b,0xe7,0x95,0xad,
    0x8e,0x6b,0x8e,0x6b,0xfa,0xde,0xa3,0x18,0x62,0x08,0x82,0x10,0x08,0x3a,0xec,0x5a,0x8e,0x6b,0x0c,0x63,0x86,0x31,0x04,0x21,
    0xe4,0x18,0x04,0x21,0xe3,0x18,0x62,0x10,0x61,0x08,0x62,0x10,0x62,0x08,0x82,0x10,0x45,0x29,0x66,0x29,0x45,0x29,0x66,0x29,
    0x45,0x29,0x66,0x29,0x25,0x21,0x62,0x10,0x61,0x08,0x62,0x10,0x61,0x08,0x62,0x10,0x61,0x08,0x62,0x08,0x61,0x08,0x62,0x10,
    0x61,0x08,0x62,0x08,0x41,0x08,0x62,0x10,0x41,0x08,0x62,0x08,0x41,0x08,0x62,0x08,0x41,0x08,0x62,0x08,0x41,0x08,0x62,0x08,
    0x41,0x08,0x61,0x08,0x41,0x08,0x62,0x08,0x41,0x08,0x61,0x08,0x41,0x08,0x42,0x08,0x41,0x08,0x41,0x08,0x41,0x08,0x41,0x08,
    0x41,0x08,0x41,0x08,0x41,0x08,0x41,0x08,0x41,0x08,0x41,0x08,0x41,0x08,0x41,0x08,0x41,0x08,0x41,0x08,0x41,0x08,0x41,0x08,
    0x41,0x08,0x41,0x08,0x41,0x08,0x41,0x08,0x41,0x08,0x41,0x08,0x21,0x08,0x41,0x08,0x21,0x00,0x41,0x08,0x21,0x08,0x41,0x08,
    0x21,0x00,0x41,0x08,0x21,0x08,0x41,0x08,0x21,0x00,0x41,0x08,0x21,0x00,0x41,0x08,0x20,0x00,0x41,0x08,0x21,0x00,0x41,0x08,
    0x20,0x00,0x41,0x08,0x21,0x00,0x41,0x08,0x20,0x00,0x41,0x08,0x21,0x00,0x41,0x08,0x20,0x00,0x41,0x08,0x21,0x00,0x21,0x08,
    0x20,0x00,0x21,0x08,0x41,0x08,0x61,0x10,0x61,0x10,0xc2,0x20,0x23,0x31,0xc4,0x51,0x65,0x6a,0x27,0x8b,0xc7,0xab,0x6b,0xf5,
    0x8b,0xfd,0x37,0xff,0x38,0xff,0x58,0xff,0xac,0xfd,0x8b,0xfd,0xc7,0xab,0x06,0x8b,0x44,0x62,0xa4,0x49,0x02,0x29,0xa2,0x20,
    0x61,0x10,0x41,0x08,0x20,0x08,0xe4,0x20,0x8a,0x4a,0x6e,0x6b,0xcb,0x5a,0xe8,0x39,0x21,0x00,0x21,0x08,0x41,0x08,0x14,0x9d,
    0x8e,0x6b,0x8e,0x6b,0x71,0x84,0x34,0xa5,0x14,0x9d,0x14,0x9d,0xf3,0x9c,0x14,0x9d,0xd3,0x94,0xf3,0x94,0xd3,0x94,0xd3,0x94,
    0xb2,0x8c,0xb3,0x94,0x92,0x8c,0xf7,0xbd,0xa6,0x31,0x00,0x00,0x00,0x00,0x00,0x00,0x00,0x00,0x00,0x00,0xb2,0x94,0x3c,0xe7,
    0xda,0xd6,0xdb,0xde,0xda,0xd6,0xfb,0xde,0xfb,0xde,0x1b,0xdf,0xfb,0xde,0x1c,0xe7,0x1b,0xdf,0x3c,0xe7,0x3b,0xe7,0x3c,0xe7,
    0x92,0x8c,0x8e,0x6b,0x30,0x84,0xb6,0xb5,0x82,0x10,0x82,0x10,0x62,0x10,0x82,0x10,0x62,0x10,0x66,0x29,0x28,0x42,0xa7,0x39,
    0x04,0x21,0x04,0x21,0x04,0x21,0xc4,0x18,0x62,0x10,0x82,0x10,0x62,0x08,0x82,0x10,0xc3,0x18,0x66,0x29,0x45,0x29,0x66,0x31,
    0x65,0x29,0x66,0x29,0x45,0x29,0xc3,0x18,0x62,0x08,0x62,0x10,0x62,0x08,0x62,0x10,0x62,0x08,0x62,0x10,0x61,0x08,0x62,0x10,
    0x62,0x08,0x62,0x10,0x61,0x08,0x62,0x10,0x62,0x08,0x62,0x10,0x61,0x08,0x62,0x10,0x61,0x08,0x62,0x10,0x61,0x08,0x62,0x10,
    0x61,0x08,0x62,0x08,0x41,0x08,0x62,0x10,0x41,0x08,0x62,0x08,0x41,0x08,0x62,0x10,0x41,0x08,0x62,0x08,0x41,0x08,0x62,0x08,
    0x41,0x08,0x42,0x08,0x41,0x08,0x42,0x08,0x41,0x08,0x41,0x08,0x41,0x08,0x42,0x08,0x41,0x08,0x41,0x08,0x41,0x08,0x42,0x08,
    0x41,0x08,0x41,0x08,0x41,0x08,0x41,0x08,0x41,0x08,0x41,0x08,0x41,0x08,0x41,0x08,0x41,0x08,0x41,0x08,0x41,0x08,0x41,0x08,
    0x41,0x08,0x41,0x08,0x41,0x08,0x41,0x08,0x41,0x08,0x41,0x08,0x21,0x08,0x41,0x08,0x21,0x08,0x41,0x08,0x21,0x08,0x41,0x08,
    0x21,0x08,0x41,0x08,0x21,0x08,0x41,0x08,0x21,0x08,0x41,0x08,0x21,0x08,0x41,0x08,0x21,0x08,0x41,0x08,0x21,0x08,0x41,0x08,
    0x21,0x08,0x41,0x08,0x21,0x08,0x41,0x08,0x41,0x08,0x61,0x10,0xa1,0x18,0x03,0x29,0x83,0x41,0x25,0x62,0xc6,0x7a,0x87,0xa3,
    0xaa,0xd4,0xac,0xfd,0x72,0xfe,0x59,0xff,0x58,0xff,0x92,0xfe,0x8b,0xfd,0xca,0xd4,0x47,0x93,0xa6,0x7a,0xe4,0x51,0x43,0x39,
    0xc2,0x20,0x82,0x18,0x41,0x08,0x41,0x08,0xe4,0x18,0x86,0x31,0x82,0x10,0x41,0x08,0x21,0x08,0x21,0x08,0x21,0x00,0x41,0x08,
    0x10,0x7c,0xcf,0x73,0x8e,0x6b,0x10,0x7c,0x34,0xa5,0x34,0xa5,0x14,0x9d,0x14,0x9d,0xf4,0x9c,0xf4,0x9c,0xd3,0x94,0xf3,0x9c,
    0xd3,0x94,0xb3,0x94,0xb2,0x8c,0xb3,0x94,0x96,0xad,0x6d,0x6b,0x00,0x00,0x00,0x00,0x00,0x00,0x00,0x00,0x00,0x00,0x59,0xce,
    0xfb,0xde,0xda,0xd6,0xda,0xd6,0xfb,0xde,0xda,0xd6,0xfb,0xde,0xfb,0xde,0xfb,0xde,0xfb,0xde,0x1b,0xdf,0x1b,0xdf,0x3c,0xe7,
    0x1b,0xdf,0xaf,0x73,0x8e,0x6b,0x14,0x9d,0xce,0x73,0x62,0x10,0x62,0x08,0x82,0x10,0x61,0x08,0xa3,0x10,0x04,0x19,0x04,0x21,
    0xe4,0x18,0x04,0x21,0xe4,0x18,0x04,0x21,0x62,0x08,0x62,0x08,0x61,0x08,0x62,0x10,0x61,0x08,0x24,0x21,0x45,0x29,0x66,0x29,
    0x45,0x29,0x66,0x29,0x45,0x29,0x45,0x29,0x41,0x08,0x62,0x08,0x61,0x08,0x62,0x08,0x41,0x08,0x62,0x08,0x41,0x08,0x62,0x08,
    0x41,0x08,0x61,0x08,0x41,0x08,0x62,0x08,0x41,0x08,0x61,0x08,0x41,0x08,0x61,0x08,0x41,0x08,0x61,0x08,0x41,0x08,0x61,0x08,
    0x41,0x08,0x61,0x08,0x41,0x08,0x41,0x08,0x41,0x08,0x41,0x08,0x41,0x08,0x41,0x08,0x41,0x08,0x41,0x08,0x41,0x08,0x41,0x08,
    0x41,0x08,0x41,0x08,0x41,0x08,0x41,0x08,0x41,0x08,0x41,0x08,0x41,0x08,0x41,0x08,0x41,0x08,0x41,0x08,0x41,0x08,0x41,0x08,
    0x41,0x08,0x41,0x08,0x21,0x08,0x41,0x08,0x21,0x00,0x41,0x08,0x21,0x08,0x41,0x08,0x21,0x00,0x41,0x08,0x21,0x00,0x41,0x08,
    0x20,0x00,0x41,0x08,0x21,0x00,0x41,0x08,0x20,0x00,0x41,0x08,0x21,0x00,0x41,0x08,0x20,0x00,0x41,0x08,0x21,0x00,0x41,0x08,
    0x20,0x00,0x41,0x08,0x21,0x00,0x21,0x08,0x20,0x00,0x41,0x08,0x21,0x00,0x21,0x08,0x20,0x00,0x41,0x08,0x20,0x00,0x21,0x08,
    0x20,0x00,0x21,0x08,0x20,0x00,0x21,0x08,0x20,0x00,0x41,0x08,0x40,0x08,0x81,0x10,0xa1,0x18,0x43,0x31,0xc3,0x49,0x85,0x72,
    0x26,0x8b,0xe8,0xb3,0x6b,0xf5,0xcd,0xfd,0x38,0xff,0x58,0xff,0x17,0xff,0xab,0xfd,0x2a,0xed,0x87,0xa3,0xc6,0x7a,0x25,0x62,
    0x63,0x39,0xe2,0x28,0x81,0x10,0x61,0x10,0x20,0x00,0x21,0x08,0x20,0x00,0x21,0x08,0x20,0x00,0x21,0x08,0x20,0x00,0x21,0x08,
    0x20,0x00,0xcb,0x52,0x30,0x7c,0x8e,0x6b,0x8e,0x6b,0x14,0x9d,0x14,0x9d,0x14,0x9d,0xf3,0x94,0xf3,0x9c,0xd3,0x94,0xd3,0x94,
    0xd2,0x94,0xd3,0x94,0xb2,0x8c,0xb3,0x94,0x92,0x8c,0x35,0xa5,0xb2,0x94,0x00,0x00,0x00,0x00,0x00,0x00,0x00,0x00,0xe4,0x20,
    0x1c,0xe7,0xfb,0xde,0xda,0xd6,0xfb,0xde,0xfa,0xde,0xfb,0xde,0xfb,0xde,0x1b,0xdf,0xfb,0xde,0x1b,0xdf,0x1b,0xdf,0x1c,0xe7,
    0x1b,0xe7,0x79,0xce,0x8e,0x6b,0x8f,0x73,0xf7,0xbd,0x29,0x42,0x62,0x08,0x82,0x10,0x62,0x08,0x62,0x10,0xc3,0x18,0x04,0x21,
    0x04,0x21,0x04,0x21,0xe4,0x20,0x04,0x21,0xe4,0x18,0x62,0x10,0x61,0x08,0x62,0x10,0x62,0x08,0x82,0x10,0x45,0x29,0x66,0x31,
    0x65,0x29,0x66,0x29,0x45,0x29,0x66,0x31,0xe4,0x18,0x62,0x10,0x61,0x08,0x62,0x10,0x61,0x08,0x62,0x08,0x41,0x08,0x62,0x10,
    0x61,0x08,0x62,0x08,0x41,0x08,0x62,0x10,0x61,0x08,0x62,0x08,0x41,0x08,0x62,0x10,0x41,0x08,0x62,0x08,0x41,0x08,0x62,0x10,
    0x41,0x08,0x61,0x08,0x41,0x08,0x62,0x10,0x41,0x08,0x61,0x08,0x41,0x08,0x62,0x08,0x41,0x08,0x41,0x08,0x41,0x08,0x42,0x08,
    0x41,0x08,0x41,0x08,0x41,0x08,0x42,0x08,0x41,0x08,0x41,0x08,0x41,0x08,0x41,0x08,0x41,0x08,0x41,0x08,0x41,0x08,0x41,0x08,
    0x41,0x08,0x41,0x08,0x41,0x08,0x41,0x08,0x41,0x08,0x41,0x08,0x41,0x08,0x41,0x08,0x41,0x08,0x41,0x08,0x41,0x08,0x41,0x08,
    0x21,0x08,0x41,0x08,0x21,0x08,0x41,0x08,0x21,0x08,0x41,0x08,0x21,0x08,0x41,0x08,0x21,0x08,0x41,0x08,0x21,0x08,0x41,0x08,
    0x21,0x08,0x41,0x08,0x21,0x08,0x41,0x08,0x21,0x08,0x41,0x08,0x21,0x08,0x41,0x08,0x21,0x08,0x41,0x08,0x21,0x08,0x41,0x08,
    0x21,0x08,0x41,0x08,0x21,0x08,0x41,0x08,0x21,0x08,0x41,0x08,0x21,0x08,0x41,0x10,0x61,0x10,0xa2,0x20,0x02,0x29,0xa4,0x49,
    0x25,0x62,0x06,0x83,0xa7,0xa3,0x0a,0xe5,0x8b,0xfd,0xd4,0xfe,0x38,0xff,0x59,0xff,0x0f,0xfe,0xab,0xfd,0xe7,0xab,0x27,0x8b,
    0x45,0x6a,0xa4,0x49,0x02,0x29,0xa2,0x20,0x61,0x10,0x41,0x08,0x21,0x08,0x21,0x08,0x21,0x08,0x21,0x08,0x21,0x00,0x21,0x08,
    0x21,0x08,0x21,0x08,0x65,0x29,0xb3,0x94,0x8e,0x6b,0x8e,0x6b,0xd3,0x94,0x14,0xa5,0x14,0x9d,0x14,0x9d,0xf3,0x9c,0xf4,0x9c,
    0xd3,0x94,0xd3,0x94,0xb3,0x94,0xb3,0x94,0xb2,0x8c,0xb2,0x94,0xf3,0x94,0x96,0xb5,0x82,0x10,0x00,0x00,0x00,0x00,0x00,0x00,
    0x48,0x42,0x3c,0xe7,0xba,0xd6,0xda,0xd6,0xda,0xd6,0xdb,0xde,0xda,0xd6,0xfb,0xde,0xfa,0xd6,0xfb,0xde,0xfb,0xde,0x1b,0xdf,
    0x1b,0xdf,0x1b,0xe7,0x75,0xad,0x8e,0x6b,0x8e,0x6b,0x79,0xce,0xa2,0x10,0x62,0x10,0x61,0x08,0x62,0x10,0x62,0x08,0x04,0x21,
    0xe4,0x18,0x04,0x21,0xe4,0x18,0x04,0x21,0xe3,0x18,0xc3,0x18,0x61,0x08,0x62,0x10,0x61,0x08,0x62,0x08,0xc3,0x18,0x66,0x29,
    0x45,0x29,0x66,0x29,0x45,0x29,0x66,0x29,0x45,0x29,0xa2,0x10,0x41,0x08,0x62,0x08,0x41,0x08,0x62,0x08,0x41,0x08,0x62,0x08,
    0x41,0x08,0x62,0x08,0x41,0x08,0x62,0x08,0x41,0x08,0x61,0x08,0x41,0x08,0x62,0x08,0x41,0x08,0x61,0x08,0x41,0x08,0x42,0x08,
    0x41,0x08,0x41,0x08,0x41,0x08,0x41,0x08,0x41,0x08,0x41,0x08,0x41,0x08,0x41,0x08,0x41,0x08,0x41,0x08,0x41,0x08,0x41,0x08,
    0x41,0x08,0x41,0x08,0x41,0x08,0x41,0x08,0x41,0x08,0x41,0x08,0x41,0x08,0x41,0x08,0x41,0x00,0x41,0x08,0x21,0x08,0x41,0x08,
    0x21,0x00,0x41,0x08,0x21,0x08,0x41,0x08,0x21,0x00,0x41,0x08,0x21,0x00,0x41,0x08,0x20,0x00,0x41,0x08,0x21,0x00,0x41,0x08,
    0x20,0x00,0x41,0x08,0x21,0x00,0x41,0x08,0x20,0x00,0x41,0x08,0x21,0x00,0x41,0x08,0x20,0x00,0x41,0x08,0x21,0x00,0x41,0x08,
    0x20,0x00,0x41,0x08,0x21,0x00,0x21,0x08,0x20,0x00,0x21,0x08,0x21,0x00,0x21,0x08,0x20,0x00,0x21,0x08,0x20,0x00,0x21,0x08,
    0x20,0x00,0x21,0x08,0x20,0x00,0x21,0x08,0x20,0x00,0x21,0x08,0x20,0x00,0x21,0x08,0x20,0x00,0x61,0x10,0x61,0x10,0xe2,0x20,
    0x43,0x39,0xe4,0x51,0x85,0x72,0x67,0x9b,0x48,0xc4,0xab,0xfd,0x2f,0xfe,0x58,0xff,0x38,0xff,0x93,0xfe,0x8b,0xfd,0xaa,0xd4,
    0x46,0x93,0xa5,0x72,0xe4,0x51,0x43,0x39,0xc1,0x18,0x81,0x10,0x40,0x08,0x21,0x08,0x20,0x00,0x21,0x08,0x20,0x00,0x21,0x08,
    0x20,0x00,0x21,0x08,0x20,0x00,0x61,0x08,0xd3,0x94,0x8e,0x6b,0x8e,0x6b,0x72,0x8c,0x14,0x9d,0x14,0x9d,0xf3,0x9c,0xf4,0x9c,
    0xd3,0x94,0xd3,0x94,0xd3,0x94,0xd3,0x94,0xb2,0x8c,0xb2,0x8c,0x92,0x8c,0x92,0x8c,0xb6,0xb5,0x86,0x31,0x00,0x00,0x00,0x00,
    0x00,0x00,0xae,0x73,0x1c,0xe7,0xda,0xd6,0xda,0xd6,0xdb,0xde,0xda,0xd6,0xfb,0xde,0xfb,0xde,0xfb,0xde,0xfb,0xde,0x1b,0xe7,
    0x1b,0xdf,0x1b,0xe7,0x1b,0xdf,0xb3,0x94,0x8e,0x6b,0x10,0x7c,0x14,0xa5,0x82,0x10,0x62,0x10,0x62,0x10,0x62,0x08,0x62,0x10,
    0xe4,0x18,0x04,0x21,0x04,0x21,0x04,0x21,0x04,0x21,0x04,0x21,0x62,0x10,0x62,0x10,0x62,0x08,0x62,0x10,0x61,0x08,0x25,0x21,
    0x65,0x29,0x66,0x29,0x45,0x29,0x66,0x31,0x65,0x29,0x45,0x29,0x61,0x08,0x62,0x10,0x61,0x08,0x62,0x10,0x61,0x08,0x62,0x10,
    0x61,0x08,0x62,0x08,0x41,0x08,0x62,0x10,0x41,0x08,0x62,0x08,0x41,0x08,0x62,0x10,0x41,0x08,0x62,0x08,0x41,0x08,0x62,0x10,
    0x41,0x08,0x62,0x08,0x41,0x08,0x62,0x08,0x41,0x08,0x41,0x08,0x41,0x08,0x42,0x08,0x41,0x08,0x41,0x08,0x41,0x08,0x42,0x08,
    0x41,0x08,0x41,0x08,0x41,0x08,0x41,0x08,0x41,0x08,0x41,0x08,0x41,0x08,0x41,0x08,0x41,0x08,0x41,0x08,0x41,0x08,0x41,0x08,
    0x41,0x08,0x41,0x08,0x41,0x08,0x41,0x08,0x41,0x08,0x41,0x08,0x21,0x08,0x41,0x08,0x21,0x08,0x41,0x08,0x21,0x08,0x41,0x08,
    0x21,0x08,0x41,0x08,0x21,0x08,0x41,0x08,0x21,0x08,0x41,0x08,0x21,0x08,0x41,0x08,0x21,0x08,0x41,0x08,0x21,0x08,0x41,0x08,
    0x21,0x08,0x41,0x08,0x21,0x08,0x41,0x08,0x21,0x08,0x41,0x08,0x21,0x08,0x41,0x08,0x21,0x08,0x41,0x08,0x21,0x08,0x41,0x08,
    0x21,0x08,0x41,0x08,0x21,0x08,0x41,0x08,0x21,0x08,0x41,0x08,0x21,0x00,0x41,0x08,0x21,0x08,0x41,0x08,0x41,0x08,0x82,0x18,
    0xc2,0x20,0x23,0x31,0xa3,0x49,0x65,0x6a,0x26,0x8b,0xc8,0xab,0x6b,0xf5,0xcc,0xfd,0x38,0xff,0x59,0xff,0xf6,0xfe,0xac,0xfd,
    0x2a,0xe5,0x87,0xa3,0xc6,0x7a,0x25,0x62,0x63,0x39,0xe2,0x28,0x81,0x18,0x61,0x10,0x21,0x08,0x21,0x08,0x21,0x00,0x21,0x08,
    0x21,0x08,0x21,0x08,0x21,0x00,0x21,0x08,0x21,0x08,0xf0,0x7b,0xaf,0x73,0x8f,0x73,0x10,0x7c,0x14,0x9d,0x14,0x9d,0x14,0x9d,
    0xf3,0x9c,0xf3,0x9c,0xd3,0x94,0xd3,0x94,0xd3,0x94,0xb3,0x94,0x92,0x8c,0xb3,0x94,0x92,0x8c,0xd7,0xb5,0x8a,0x4a,0x00,0x00,
    0x00,0x00,0x00,0x00,0xb2,0x94,0x1c,0xdf,0xba,0xd6,0xda,0xd6,0xda,0xd6,0xdb,0xde,0xda,0xd6,0xfb,0xde,0xfa,0xd6,0xfb,0xde,
    0xfb,0xde,0x1b,0xdf,0xfb,0xde,0x1b,0xe7,0xef,0x73,0x8e,0x6b,0xd3,0x94,0x6d,0x6b,0x61,0x08,0x62,0x08,0xa7,0x31,0x66,0x29,
    0xa3,0x10,0x82,0x10,0xe4,0x18,0x04,0x21,0xe3,0x18,0x04,0x21,0xc3,0x10,0x62,0x08,0x41,0x08,0x62,0x08,0x41,0x08,0x62,0x08,
    0x45,0x29,0x66,0x29,0x45,0x29,0x66,0x29,0x45,0x29,0x66,0x29,0xc3,0x18,0x62,0x08,0x41,0x08,0x61,0x08,0x41,0x08,0x61,0x08,
    0x41,0x08,0x61,0x08,0x41,0x08,0x61,0x08,0x41,0x08,0x61,0x08,0x41,0x08,0x41,0x08,0x41,0x08,0x41,0x08,0x41,0x08,0x41,0x08,
    0x41,0x08,0x41,0x08,0x41,0x08,0x41,0x08,0x41,0x08,0x41,0x08,0x41,0x08,0x41,0x08,0x41,0x08,0x41,0x08,0x41,0x08,0x41,0x08,
    0x41,0x08,0x41,0x08,0x41,0x08,0x41,0x08,0x41,0x00,0x41,0x08,0x21,0x08,0x41,0x08,0x21,0x00,0x41,0x08,0x21,0x08,0x41,0x08,
    0x21,0x00,0x41,0x08,0x21,0x00,0x41,0x08,0x20,0x00,0x41,0x08,0x21,0x00,0x41,0x08,0x20,0x00,0x41,0x08,0x21,0x00,0x41,0x08,
    0x20,0x00,0x41,0x08,0x21,0x00,0x41,0x08,0x20,0x00,0x41,0x08,0x21,0x00,0x21,0x08,0x20,0x00,0x41,0x08,0x21,0x00,0x21,0x08,
    0x20,0x00,0x41,0x08,0x20,0x00,0x21,0x08,0x20,0x00,0x21,0x08,0x20,0x00,0x21,0x08,0x20,0x00,0x21,0x08,0x20,0x00,0x21,0x08,
    0x20,0x00,0x21,0x08,0x20,0x00,0x21,0x08,0x20,0x00,0x21,0x08,0x20,0x00,0x21,0x08,0x20,0x00,0x21,0x08,0x20,0x00,0x41,0x08,
    0x40,0x08,0x82,0x18,0xe2,0x28,0x83,0x41,0x24,0x5a,0xe6,0x82,0x87,0xa3,0x0a,0xe5,0x8b,0xfd,0xf5,0xfe,0x38,0xff,0x58,0xff,
    0xcd,0xfd,0x8b,0xfd,0xa7,0xa3,0x06,0x83,0x24,0x62,0x83,0x41,0xe2,0x28,0xa2,0x18,0x40,0x08,0x41,0x08,0x20,0x00,0x21,0x08,
    0x20,0x00,0x82,0x10,0x24,0x21,0xa6,0x31,0x20,0x00,0x21,0x08,0xaa,0x52,0x30,0x7c,0x6e,0x6b,0xaf,0x73,0xf3,0x9c,0x14,0x9d,
    0xf3,0x94,0xf3,0x9c,0xd3,0x94,0xd3,0x94,0xb2,0x94,0xb3,0x94,0x92,0x8c,0x92,0x94,0x92,0x8c,0x92,0x8c,0x75,0xad,0x4d,0x6b,
    0x00,0x00,0x00,0x00,0x00,0x00,0xf7,0xbd,0xfb,0xde,0xba,0xd6,0xba,0xd6,0xdb,0xde,0xda,0xd6,0xdb,0xde,0xda,0xd6,0xfb,0xde,
    0xfb,0xde,0xfb,0xde,0xfb,0xde,0x1c,0xe7,0xfb,0xde,0x8e,0x6b,0x8e,0x6b,0x96,0xb5,0xa6,0x31,0x62,0x10,0x61,0x08,0xc7,0x39,
    0x8a,0x52,0x2d,0x63,0x2d,0x63,0xe8,0x39,0xc3,0x18,0xc3,0x18,0xa2,0x10,0x62,0x10,0x61,0x08,0x62,0x08,0x61,0x08,0x62,0x10,
    0x82,0x10,0x66,0x29,0x45,0x29,0x66,0x31,0x65,0x29,0x66,0x29,0x45,0x29,0x83,0x10,0x61,0x08,0x62,0x08,0x41,0x08,0x62,0x10,
    0x41,0x08,0x62,0x08,0x41,0x08,0x62,0x10,0x41,0x08,0x61,0x08,0x41,0x08,0x62,0x10,0x41,0x08,0x61,0x08,0x41,0x08,0x42,0x08,
    0x41,0x08,0x41,0x08,0x41,0x08,0x42,0x08,0x41,0x08,0x41,0x08,0x41,0x08,0x42,0x08,0x41,0x08,0x41,0x08,0x41,0x08,0x41,0x08,
    0x41,0x08,0x41,0x08,0x41,0x08,0x41,0x08,0x41,0x08,0x41,0x08,0x41,0x08,0x41,0x08,0x41,0x08,0x41,0x08,0x41,0x08,0x41,0x08,
    0x41,0x08,0x41,0x08,0x21,0x08,0x41,0x08,0x21,0x08,0x41,0x08,0x21,0x08,0x41,0x08,0x21,0x08,0x41,0x08,0x21,0x08,0x41,0x08,
    0x21,0x08,0x41,0x08,0x21,0x08,0x41,0x08,0x21,0x08,0x41,0x08,0x21,0x08,0x41,0x08,0x21,0x08,0x41,0x08,0x21,0x08,0x41,0x08,
    0x21,0x08,0x41,0x08,0x21,0x08,0x41,0x08,0x21,0x08,0x41,0x08,0x21,0x08,0x41,0x08,0x21,0x08,0x41,0x08,0x21,0x08,0x41,0x08,
    0x21,0x08,0x41,0x08,0x21,0x08,0x41,0x08,0x21,0x08,0x41,0x08,0x21,0x00,0x41,0x08,0x21,0x08,0x41,0x08,0x21,0x00,0x41,0x08,
    0x21,0x08,0x61,0x10,0x61,0x10,0xe2,0x20,0x43,0x39,0xe4,0x59,0xa5,0x72,0x67,0x9b,0x89,0xcc,0xab,0xfd,0x51,0xfe,0x59,0xff,
    0x38,0xff,0x51,0xfe,0x8b,0xfd,0x49,0xc4,0x26,0x8b,0x65,0x6a,0xa3,0x49,0x23,0x31,0xa1,0x18,0x61,0x10,0x41,0x08,0x21,0x08,
    0xa7,0x31,0x2d,0x63,0x2d,0x63,0x8a,0x52,0xa6,0x31,0x21,0x08,0x20,0x00,0x66,0x31,0x71,0x8c,0x8e,0x6b,0x8e,0x6b,0x14,0x9d,
    0xf4,0x9c,0xf4,0x9c,0xf3,0x94,0xf3,0x9c,0xd3,0x94,0xd3,0x94,0xb2,0x94,0xb3,0x94,0x92,0x8c,0x92,0x8c,0x92,0x8c,0x55,0xad,
    0x31,0x84,0x00,0x00,0x00,0x00,0x00,0x00,0x99,0xce,0xfb,0xde,0xba,0xd6,0xda,0xd6,0xba,0xd6,0xda,0xd6,0xda,0xd6,0xfb,0xde,
    0xda,0xd6,0xfb,0xde,0xfb,0xde,0x1b,0xdf,0xfb,0xde,0x79,0xce,0x8e,0x6b,0x8e,0x6b,0xf7,0xbd,0x04,0x21,0x61,0x08,0x62,0x10,
    0x61,0x08,0x62,0x08,0x61,0x08,0xc3,0x18,0xa2,0x10,0x62,0x08,0x41,0x08,0x62,0x10,0x41,0x08,0x62,0x08,0x41,0x08,0x62,0x08,
    0x41,0x08,0xc3,0x18,0x45,0x29,0x66,0x29,0x45,0x29,0x66,0x29,0x45,0x29,0x45,0x29,0x41,0x08,0x61,0x08,0x41,0x08,0x62,0x08,
    0x41,0x08,0x41,0x08,0x41,0x08,0x41,0x08,0x41,0x08,0x41,0x08,0x41,0x08,0x41,0x08,0x41,0x08,0x41,0x08,0x41,0x08,0x41,0x08,
    0x41,0x08,0x41,0x08,0x41,0x08,0x41,0x08,0x41,0x08,0x41,0x08,0x41,0x08,0x41,0x08,0x41,0x08,0x41,0x08,0x41,0x08,0x41,0x08,
    0x21,0x00,0x41,0x08,0x21,0x08,0x41,0x08,0x21,0x00,0x41,0x08,0x21,0x08,0x41,0x08,0x21,0x00,0x41,0x08,0x21,0x00,0x41,0x08,
    0x20,0x00,0x41,0x08,0x21,0x00,0x41,0x08,0x20,0x00,0x41,0x08,0x21,0x00,0x41,0x08,0x20,0x00,0x41,0x08,0x21,0x00,0x41,0x08,
    0x20,0x00,0x41,0x08,0x21,0x00,0x41,0x08,0x20,0x00,0x41,0x08,0x21,0x00,0x21,0x08,0x20,0x00,0x21,0x08,0x21,0x00,0x21,0x08,
    0x20,0x00,0x21,0x08,0x20,0x00,0x21,0x08,0x20,0x00,0x21,0x08,0x20,0x00,0x21,0x08,0x20,0x00,0x21,0x08,0x20,0x00,0x21,0x08,
    0x20,0x00,0x21,0x08,0x20,0x00,0x21,0x08,0x20,0x00,0x21,0x08,0x20,0x00,0x21,0x08,0x20,0x00,0x21,0x08,0x20,0x00,0x21,0x08,
    0x20,0x00,0x21,0x08,0x40,0x08,0x82,0x10,0xa1,0x18,0x23,0x31,0xa3,0x49,0x85,0x72,0x26,0x8b,0xe8,0xb3,0x8b,0xf5,0x0e,0xfe,
    0x38,0xff,0x58,0xff,0xb4,0xfe,0xab,0xfd,0xa9,0xcc,0x67,0x9b,0x85,0x72,0xe4,0x51,0x22,0x31,0xc2,0x20,0x61,0x10,0x41,0x08,
    0x20,0x00,0x82,0x10,0x82,0x10,0x21,0x08,0x20,0x00,0x21,0x08,0x20,0x00,0x21,0x08,0x82,0x10,0xb2,0x8c,0x8e,0x6b,0x8e,0x6b,
    0xb2,0x94,0xf4,0x9c,0xf3,0x94,0xf3,0x9c,0xd3,0x94,0xd3,0x94,0xb2,0x94,0xb3,0x94,0x92,0x8c,0x92,0x8c,0x92,0x8c,0x92,0x8c,
    0x14,0x9d,0x14,0x9d,0x00,0x00,0x00,0x00,0xa2,0x10,0x1b,0xdf,0xda,0xd6,0xba,0xd6,0xba,0xd6,0xda,0xd6,0xda,0xd6,0xdb,0xde,
    0xda,0xd6,0xfb,0xde,0xfb,0xde,0xfb,0xde,0xfb,0xde,0x1b,0xdf,0xf7,0xbd,0x8f,0x73,0x8e,0x6b,0x38,0xc6,0x62,0x08,0x62,0x10,
    0x62,0x08,0x62,0x10,0x61,0x08,0x62,0x10,0x62,0x08,0x62,0x10,0x61,0x08,0x62,0x10,0x62,0x08,0x62,0x10,0x61,0x08,0x62,0x10,
    0x61,0x08,0x62,0x10,0x04,0x21,0x66,0x31,0x65,0x29,0x66,0x29,0x45,0x29,0x66,0x31,0x04,0x21,0x62,0x08,0x41,0x08,0x62,0x10,
    0x41,0x08,0x62,0x08,0x41,0x08,0x62,0x10,0x41,0x08,0x42,0x08,0x41,0x08,0x42,0x08,0x41,0x08,0x41,0x08,0x41,0x08,0x42,0x08,
    0x41,0x08,0x41,0x08,0x41,0x08,0x42,0x08,0x41,0x08,0x41,0x08,0x41,0x08,0x41,0x08,0x41,0x08,0x41,0x08,0x41,0x08,0x41,0x08,
    0x41,0x08,0x41,0x08,0x41,0x08,0x41,0x08,0x41,0x08,0x41,0x08,0x41,0x08,0x41,0x08,0x41,0x08,0x41,0x08,0x21,0x08,0x41,0x08,
    0x21,0x08,0x41,0x08,0x21,0x08,0x41,0x08,0x21,0x08,0x41,0x08,0x21,0x08,0x41,0x08,0x21,0x08,0x41,0x08,0x21,0x08,0x41,0x08,
    0x21,0x08,0x41,0x08,0x21,0x08,0x41,0x08,0x21,0x08,0x41,0x08,0x21,0x08,0x41,0x08,0x21,0x08,0x41,0x08,0x21,0x08,0x41,0x08,
    0x21,0x08,0x41,0x08,0x21,0x08,0x41,0x08,0x21,0x08,0x41,0x08,0x21,0x08,0x41,0x08,0x21,0x08,0x41,0x08,0x21,0x00,0x41,0x08,
    0x21,0x08,0x41,0x08,0x21,0x00,0x41,0x08,0x21,0x08,0x41,0x08,0x21,0x00,0x41,0x08,0x21,0x08,0x41,0x08,0x21,0x00,0x41,0x08,
    0x21,0x08,0x21,0x08,0x21,0x00,0x41,0x10,0x61,0x10,0xa2,0x18,0x02,0x29,0xa4,0x49,0x45,0x62,0x06,0x8b,0xa7,0xab,0x6b,0xf5,
    0xac,0xfd,0x58,0xff,0x38,0xff,0x17,0xff,0x8b,0xfd,0x2b,0xe5,0x87,0x9b,0xc6,0x7a,0x04,0x5a,0x63,0x39,0xc2,0x20,0x82,0x18,
    0x41,0x08,0x21,0x08,0x20,0x00,0x21,0x08,0x21,0x08,0x21,0x08,0x20,0x00,0x21,0x08,0x21,0x08,0x21,0x08,0x92,0x8c,0x8f,0x73,
    0x8e,0x6b,0x92,0x8c,0xf3,0x9c,0xf4,0x9c,0xf3,0x94,0xd3,0x94,0xd3,0x94,0xd3,0x94,0xb3,0x94,0xb3,0x94,0x92,0x8c,0x92,0x8c,
    0x92,0x8c,0xf4,0x9c,0x75,0xad,0x82,0x10,0x00,0x00,0xa6,0x31,0x1b,0xdf,0xba,0xd6,0x99,0xce,0xba,0xd6,0xba,0xd6,0xda,0xd6,
    0xba,0xd6,0xda,0xd6,0xda,0xd6,0xfb,0xde,0xda,0xd6,0xfb,0xde,0xfb,0xde,0x75,0xad,0x6e,0x6b,0x8e,0x6b,0x75,0xad,0x62,0x08,
    0x41,0x08,0x62,0x08,0x41,0x08,0x62,0x08,0x41,0x08,0x61,0x08,0x41,0x08,0x62,0x08,0x41,0x08,0x61,0x08,0x41,0x08,0x62,0x08,
    0x41,0x08,0x61,0x08,0x41,0x08,0x45,0x29,0x45,0x29,0x66,0x29,0x45,0x29,0x66,0x29,0x45,0x29,0xc3,0x18,0x41,0x08,0x41,0x08,
    0x41,0x08,0x41,0x08,0x41,0x08,0x41,0x08,0x41,0x08,0x41,0x08,0x41,0x08,0x41,0x08,0x41,0x08,0x41,0x08,0x41,0x08,0x41,0x08,
    0x41,0x08,0x41,0x08,0x41,0x08,0x41,0x08,0x41,0x08,0x41,0x08,0x21,0x08,0x41,0x08,0x21,0x00,0x41,0x08,0x21,0x08,0x41,0x08,
    0x21,0x00,0x41,0x08,0x21,0x08,0x41,0x08,0x21,0x00,0x41,0x08,0x21,0x00,0x41,0x08,0x20,0x00,0x41,0x08,0x21,0x00,0x41,0x08,
    0x20,0x00,0x41,0x08,0x21,0x00,0x41,0x08,0x20,0x00,0x41,0x08,0x21,0x00,0x41,0x08,0x20,0x00,0x41,0x08,0x21,0x00,0x21,0x08,
    0x20,0x00,0x41,0x08,0x21,0x00,0x21,0x08,0x20,0x00,0x41,0x08,0x20,0x00,0x21,0x08,0x20,0x00,0x21,0x08,0x20,0x00,0x21,0x08,
    0x20,0x00,0x21,0x08,0x20,0x00,0x21,0x08,0x20,0x00,0x21,0x08,0x20,0x00,0x21,0x08,0x20,0x00,0x21,0x08,0x20,0x00,0x21,0x08,
    0x20,0x00,0x21,0x08,0x20,0x00,0x21,0x08,0x20,0x00,0x21,0x08,0x20,0x00,0x21,0x08,0x20,0x00,0x21,0x08,0x20,0x00,0x21,0x08,
    0x20,0x00,0x21,0x08,0x20,0x00,0x21,0x08,0x20,0x00,0x41,0x10,0x81,0x10,0xe2,0x28,0x43,0x39,0x24,0x5a,0xc6,0x7a,0x88,0xa3,
    0xe9,0xdc,0xab,0xfd,0xf6,0xfe,0x58,0xff,0x38,0xff,0xac,0xfd,0x4a,0xed,0xa8,0xa3,0xe5,0x7a,0x24,0x62,0x63,0x39,0xe2,0x28,
    0x81,0x10,0x61,0x08,0x20,0x00,0x21,0x08,0x20,0x00,0x21,0x08,0x20,0x00,0x21,0x08,0x20,0x00,0x21,0x08,0x20,0x00,0x30,0x84,
    0x6e,0x6b,0x8e,0x6b,0x51,0x84,0xf4,0x9c,0xd3,0x94,0xd3,0x94,0xd3,0x94,0xd3,0x94,0xb2,0x8c,0xb3,0x94,0x92,0x8c,0x92,0x8c,
    0x72,0x8c,0x72,0x8c,0x92,0x8c,0xb6,0xb5,0x04,0x21,0x00,0x00,0x8a,0x4a,0x3c,0xe7,0xba,0xce,0xba,0xd6,0xba,0xd6,0xda,0xd6,
    0xda,0xd6,0xda,0xd6,0xda,0xd6,0xfb,0xde,0xfb,0xde,0xfb,0xde,0xfb,0xde,0x1b,0xdf,0xf3,0x9c,0x8e,0x6b,0xcf,0x73,0x92,0x94,
    0x61,0x08,0x62,0x08,0x41,0x08,0x62,0x10,0x61,0x08,0x62,0x08,0x41,0x08,0x62,0x10,0x61,0x08,0x62,0x08,0x41,0x08,0x62,0x10,
    0x61,0x08,0x62,0x08,0x41,0x08,0x62,0x10,0x65,0x29,0x66,0x29,0x45,0x29,0x66,0x31,0x65,0x29,0x66,0x29,0x82,0x10,0x62,0x08,
    0x41,0x08,0x41,0x08,0x41,0x08,0x42,0x08,0x41,0x08,0x41,0x08,0x41,0x08,0x42,0x08,0x41,0x08,0x41,0x08,0x41,0x08,0x42,0x08,
    0x41,0x08,0x41,0x08,0x41,0x08,0x41,0x08,0x41,0x08,0x41,0x08,0x41,0x08,0x41,0x08,0x41,0x08,0x41,0x08,0x41,0x08,0x41,0x08,
    0x41,0x08,0x41,0x08,0x41,0x08,0x41,0x08,0x41,0x08,0x41,0x08,0x21,0x08,0x41,0x08,0x21,0x08,0x41,0x08,0x21,0x08,0x41,0x08,
    0x21,0x08,0x41,0x08,0x21,0x08,0x41,0x08,0x21,0x08,0x41,0x08,0x21,0x08,0x41,0x08,0x21,0x08,0x41,0x08,0x21,0x08,0x41,0x08,
    0x21,0x08,0x41,0x08,0x21,0x08,0x41,0x08,0x21,0x08,0x41,0x08,0x21,0x08,0x41,0x08,0x21,0x08,0x41,0x08,0x21,0x08,0x41,0x08,
    0x21,0x08,0x41,0x08,0x21,0x08,0x41,0x08,0x21,0x08,0x41,0x08,0x21,0x00,0x41,0x08,0x21,0x08,0x41,0x08,0x21,0x00,0x41,0x08,
    0x21,0x08,0x41,0x08,0x21,0x00,0x41,0x08,0x21,0x08,0x41,0x08,0x21,0x00,0x41,0x08,0x21,0x08,0x21,0x08,0x21,0x00,0x21,0x08,
    0x21,0x08,0x21,0x08,0x21,0x00,0x21,0x08,0x21,0x08,0x21,0x08,0x41,0x08,0x82,0x18,0xc2,0x20,0x43,0x39,0xe4,0x51,0xc6,0x7a,
    0x67,0x9b,0xca,0xd4,0x8b,0xfd,0xb4,0xfe,0x38,0xff,0x58,0xff,0x0e,0xfe,0xac,0xfd,0xc7,0xab,0x06,0x8b,0x45,0x62,0x84,0x41,
    0x02,0x29,0xa2,0x18,0x40,0x08,0x21,0x08,0x21,0x08,0x21,0x08,0x20,0x00,0x21,0x08,0x21,0x00,0x21,0x08,0x20,0x00,0x21,0x08,
    0x6d,0x6b,0xaf,0x73,0x8e,0x6b,0x31,0x84,0xf3,0x9c,0xf3,0x9c,0xd3,0x94,0xd3,0x94,0xb3,0x94,0xb3,0x94,0xb2,0x8c,0xb3,0x94,
    0x92,0x8c,0x92,0x8c,0x72,0x8c,0x72,0x8c,0xd7,0xb5,0xa7,0x31,0x00,0x00,0xcf,0x7b,0xfb,0xde,0x9a,0xd6,0x99,0xce,0xba,0xd6,
    0xb9,0xce,0xba,0xd6,0xba,0xd6,0xda,0xd6,0xda,0xd6,0xdb,0xde,0xda,0xd6,0xfb,0xde,0xfa,0xd6,0x71,0x8c,0x8e,0x6b,0x71,0x8c,
    0xae,0x73,0x62,0x08,0x41,0x08,0x62,0x08,0x41,0x08,0x62,0x08,0x41,0x08,0x62,0x08,0x41,0x08,0x61,0x08,0x41,0x08,0x62,0x08,
    0x41,0x08,0x61,0x08,0x41,0x08,0x42,0x08,0x62,0x08,0x66,0x29,0x45,0x29,0x66,0x29,0x45,0x29,0x66,0x29,0x45,0x29,0x82,0x10,
    0x41,0x08,0x41,0x08,0x41,0x08,0x41,0x08,0x41,0x08,0x41,0x08,0x41,0x08,0x41,0x08,0x41,0x08,0x41,0x08,0x41,0x08,0x41,0x08,
    0x41,0x08,0x41,0x08,0x21,0x08,0x41,0x08,0x21,0x00,0x41,0x08,0x21,0x08,0x41,0x08,0x21,0x00,0x41,0x08,0x21,0x08,0x41,0x08,
    0x20,0x00,0x41,0x08,0x21,0x00,0x41,0x08,0x20,0x00,0x41,0x08,0x21,0x00,0x41,0x08,0x20,0x00,0x41,0x08,0x21,0x00,0x41,0x08,
    0x20,0x00,0x41,0x08,0x21,0x00,0x41,0x08,0x20,0x00,0x41,0x08,0x21,0x00,0x21,0x08,0x20,0x00,0x41,0x08,0x21,0x00,0x21,0x08,
    0x20,0x00,0x21,0x08,0x20,0x00,0x21,0x08,0x20,0x00,0x21,0x08,0x20,0x00,0x21,0x08,0x20,0x00,0x21,0x08,0x20,0x00,0x21,0x08,
    0x20,0x00,0x21,0x08,0x20,0x00,0x21,0x08,0x20,0x00,0x21,0x08,0x20,0x00,0x21,0x08,0x20,0x00,0x21,0x08,0x20,0x00,0x21,0x08,
    0x20,0x00,0x21,0x08,0x20,0x00,0x21,0x08,0x20,0x00,0x21,0x08,0x20,0x00,0x21,0x08,0x20,0x00,0x21,0x08,0x20,0x00,0x21,0x08,
    0x20,0x00,0x21,0x08,0x20,0x00,0x21,0x08,0x20,0x00,0x21,0x08,0x20,0x00,0x41,0x08,0x61,0x10,0xc2,0x20,0x23,0x31,0xc4,0x51,
    0x85,0x72,0x47,0x93,0x48,0xbc,0xab,0xfd,0x30,0xfe,0x58,0xff,0x38,0xff,0x71,0xfe,0x8b,0xfd,0x29,0xbc,0x06,0x8b,0x65,0x6a,
    0x83,0x41,0x02,0x31,0x81,0x18,0x61,0x10,0x20,0x00,0x21,0x08,0x20,0x00,0x21,0x08,0x20,0x00,0x21,0x08,0x20,0x00,0x21,0x08,
    0x20,0x00,0xaa,0x52,0xcf,0x73,0x8e,0x6b,0xcf,0x73,0xf3,0x9c,0xd3,0x94,0xd3,0x94,0xb2,0x94,0xb3,0x94,0xb2,0x8c,0xb3,0x94,
    0x92,0x8c,0x92,0x8c,0x72,0x8c,0x92,0x8c,0x71,0x84,0x96,0xad,0xaa,0x52,0x00,0x00,0x91,0x8c,0xfb,0xde,0x99,0xce,0xba,0xd6,
    0xba,0xd6,0xba,0xd6,0xba,0xd6,0xda,0xd6,0xda,0xd6,0xdb,0xde,0xda,0xd6,0xfb,0xde,0xfb,0xde,0xfb,0xde,0xef,0x73,0x8f,0x73,
    0xd3,0x94,0xab,0x52,0x61,0x08,0x62,0x10,0xc7,0x39,0x66,0x31,0x04,0x21,0xa3,0x18,0x41,0x08,0x62,0x08,0x41,0x08,0x62,0x10,
    0x41,0x08,0x62,0x08,0x41,0x08,0x62,0x10,0x41,0x08,0xa3,0x18,0x45,0x29,0x66,0x31,0x65,0x29,0x66,0x29,0x45,0x29,0x66,0x31,
    0x41,0x08,0x41,0x08,0x41,0x08,0x42,0x08,0x41,0x08,0x41,0x08,0x41,0x08,0x42,0x08,0x41,0x08,0x41,0x08,0x41,0x08,0x41,0x08,
    0x41,0x08,0x41,0x08,0x41,0x08,0x41,0x08,0x41,0x08,0x41,0x08,0x41,0x08,0x41,0x08,0x41,0x08,0x41,0x08,0x41,0x08,0x41,0x08,
    0x41,0x08,0x41,0x08,0x21,0x08,0x41,0x08,0x21,0x08,0x41,0x08,0x21,0x08,0x41,0x08,0x21,0x08,0x41,0x08,0x21,0x08,0x41,0x08,
    0x21,0x08,0x41,0x08,0x21,0x08,0x41,0x08,0x21,0x08,0x41,0x08,0x21,0x08,0x41,0x08,0x21,0x08,0x41,0x08,0x21,0x08,0x41,0x08,
    0x21,0x08,0x41,0x08,0x21,0x08,0x41,0x08,0x21,0x08,0x41,0x08,0x21,0x08,0x41,0x08,0x21,0x08,0x41,0x08,0x21,0x08,0x41,0x08,
    0x21,0x08,0x41,0x08,0x21,0x00,0x41,0x08,0x21,0x08,0x41,0x08,0x21,0x00,0x41,0x08,0x21,0x08,0x41,0x08,0x21,0x00,0x41,0x08,
    0x21,0x08,0x21,0x08,0x21,0x00,0x41,0x08,0x21,0x08,0x21,0x08,0x21,0x00,0x21,0x08,0x21,0x08,0x21,0x08,0x21,0x00,0x21,0x08,
    0x21,0x08,0x21,0x08,0x21,0x00,0x21,0x08,0x21,0x08,0x21,0x08,0x21,0x00,0x21,0x08,0x41,0x08,0x61,0x10,0xa1,0x18,0x23,0x31,
    0xc3,0x49,0x65,0x6a,0x26,0x8b,0xe8,0xb3,0x8b,0xfd,0x0f,0xfe,0x38,0xff,0x59,0xff,0x93,0xfe,0xac,0xfd,0x69,0xc4,0x47,0x93,
    0x65,0x72,0xc4,0x51,0x02,0x31,0xc2,0x20,0x61,0x10,0x41,0x08,0x20,0x00,0x21,0x08,0x62,0x10,0xe4,0x20,0x45,0x29,0xa7,0x31,
    0x21,0x08,0x21,0x08,0xe8,0x39,0x31,0x84,0x8e,0x6b,0xaf,0x73,0xf3,0x94,0xf4,0x9c,0xd3,0x94,0xd3,0x94,0xb3,0x94,0xb3,0x94,
    0xb2,0x8c,0x92,0x8c,0x92,0x8c,0x92,0x8c,0x72,0x8c,0x72,0x8c,0x75,0xad,0x4d,0x6b,0x00,0x00,0xb2,0x94,0xfb,0xd6,0x9a,0xce,
    0x99,0xce,0xba,0xd6,0xb9,0xce,0xba,0xd6,0xba,0xd6,0xda,0xd6,0xda,0xd6,0xdb,0xde,0xda,0xd6,0xfb,0xde,0xfa,0xd6,0x8e,0x6b,
    0x6e,0x6b,0x34,0xa5,0xe7,0x39,0x61,0x08,0x62,0x08,0xaa,0x52,0x0c,0x5b,0x6e,0x6b,0x4d,0x63,0x08,0x42,0x41,0x08,0x41,0x08,
    0x41,0x08,0x41,0x08,0x41,0x08,0x41,0x08,0x41,0x08,0x41,0x08,0xa3,0x10,0x66,0x29,0x45,0x29,0x66,0x29,0x45,0x29,0x66,0x29,
    0x24,0x21,0x41,0x08,0x41,0x08,0x41,0x08,0x41,0x08,0x41,0x08,0x41,0x08,0x41,0x08,0x41,0x08,0x41,0x08,0x21,0x08,0x41,0x08,
    0x21,0x00,0x41,0x08,0x21,0x08,0x41,0x08,0x21,0x00,0x41,0x08,0x21,0x00,0x41,0x08,0x21,0x00,0x41,0x08,0x21,0x00,0x41,0x08,
    0x20,0x00,0x41,0x08,0x21,0x00,0x41,0x08,0x20,0x00,0x41,0x08,0x21,0x00,0x41,0x08,0x20,0x00,0x41,0x08,0x21,0x00,0x41,0x08,
    0x20,0x00,0x41,0x08,0x21,0x00,0x21,0x08,0x20,0x00,0x41,0x08,0x21,0x00,0x21,0x08,0x20,0x00,0x21,0x08,0x20,0x00,0xa2,0x18,
    0x86,0x6a,0x48,0x93,0xe9,0xab,0xc9,0xab,0xe6,0x82,0x05,0x5a,0x81,0x10,0x21,0x08,0x20,0x00,0x21,0x08,0x20,0x00,0x21,0x08,
    0x20,0x00,0x21,0x08,0x20,0x00,0x21,0x08,0x20,0x00,0x82,0x18,0x07,0x83,0x2a,0xb4,0x09,0xb4,0xe7,0x82,0xe2,0x20,0x21,0x08,
    0x20,0x00,0x21,0x08,0x20,0x00,0x21,0x08,0x20,0x00,0x21,0x08,0x20,0x00,0x21,0x08,0x20,0x00,0x21,0x08,0x20,0x00,0x21,0x08,
    0x20,0x00,0x21,0x08,0x20,0x00,0x21,0x08,0x20,0x00,0x21,0x08,0x20,0x00,0x21,0x08,0x20,0x00,0x21,0x08,0x40,0x08,0xa2,0x18,
    0xe2,0x28,0x83,0x49,0x45,0x62,0x26,0x8b,0xa7,0xa3,0x8b,0xf5,0xcd,0xfd,0x58,0xff,0x38,0xff,0xd4,0xfe,0x8b,0xfd,0xaa,0xd4,
    0x46,0x93,0x85,0x72,0xc3,0x49,0x23,0x31,0xa1,0x18,0x61,0x10,0x20,0x08,0x21,0x08,0xe7,0x39,0x6e,0x6b,0x6d,0x6b,0x2d,0x63,
    0x8a,0x4a,0x41,0x08,0x20,0x00,0x66,0x29,0x30,0x7c,0x8e,0x6b,0x8e,0x6b,0xf3,0x9c,0xd3,0x94,0xd3,0x94,0xb2,0x94,0xb3,0x94,
    0x92,0x8c,0x92,0x8c,0x92,0x8c,0x92,0x8c,0x71,0x84,0x72,0x8c,0x51,0x84,0x75,0xad,0x6d,0x63,0x00,0x00,0x34,0xa5,0xfb,0xde,
    0x99,0xce,0x9a,0xd6,0x99,0xce,0xba,0xd6,0xba,0xd6,0xba,0xd6,0xba,0xd6,0xdb,0xde,0xda,0xd6,0xdb,0xde,0xda,0xd6,0xdb,0xde,
    0x8e,0x6b,0x8e,0x6b,0x54,0xa5,0xc7,0x39,0x41,0x08,0x62,0x08,0x41,0x08,0x62,0x10,0x62,0x08,0xe4,0x18,0xa3,0x10,0x62,0x10,
    0x41,0x08,0x61,0x08,0x41,0x08,0x62,0x08,0x41,0x08,0x41,0x08,0x41,0x08,0xe4,0x20,0x65,0x29,0x66,0x29,0x45,0x29,0x66,0x31,
    0x65,0x29,0x04,0x21,0x41,0x08,0x41,0x08,0x41,0x08,0x41,0x08,0x41,0x08,0x41,0x08,0x41,0x08,0x41,0x08,0x41,0x08,0x41,0x08,
    0x41,0x08,0x41,0x08,0x41,0x08,0x41,0x08,0x41,0x08,0x41,0x08,0x41,0x08,0x41,0x08,0x21,0x08,0x41,0x08,0x21,0x08,0x41,0x08,
    0x21,0x08,0x41,0x08,0x21,0x08,0x41,0x08,0x21,0x08,0x41,0x08,0x21,0x08,0x41,0x08,0x21,0x08,0x41,0x08,0x21,0x08,0x41,0x08,
    0x21,0x08,0x41,0x08,0x21,0x08,0x41,0x08,0x21,0x08,0x41,0x08,0x21,0x08,0x41,0x08,0x21,0x08,0x41,0x08,0x21,0x08,0xc5,0x49,
    0x6b,0xbc,0xed,0xcc,0xcc,0xcc,0xac,0xcc,0x6b,0xc4,0x2a,0xbc,0xc9,0xab,0x48,0x9b,0x23,0x31,0x41,0x08,0x21,0x00,0x41,0x08,
    0x21,0x08,0x41,0x08,0x21,0x00,0x41,0x08,0x21,0x08,0x43,0x39,0x4b,0xbc,0xb0,0xdd,0xd1,0xdd,0xcc,0xcc,0x0a,0xb4,0x68,0xa3,
    0x83,0x41,0x41,0x08,0x21,0x00,0x21,0x08,0x21,0x08,0x21,0x08,0x21,0x00,0x21,0x08,0x21,0x08,0x21,0x08,0x21,0x00,0x21,0x08,
    0x21,0x08,0x21,0x08,0x21,0x00,0x21,0x08,0x21,0x08,0x21,0x08,0x20,0x00,0x21,0x08,0x21,0x08,0x21,0x08,0x20,0x08,0x61,0x10,
    0x81,0x18,0x02,0x29,0x83,0x41,0x45,0x62,0x06,0x83,0xc8,0xab,0x6b,0xed,0xcc,0xfd,0x38,0xff,0x58,0xff,0xf5,0xfe,0xac,0xfd,
    0xea,0xdc,0x67,0x9b,0xa5,0x72,0xe4,0x51,0x43,0x31,0xc2,0x20,0x61,0x10,0x41,0x08,0x21,0x00,0x83,0x10,0xa3,0x10,0x41,0x08,
    0x21,0x00,0x21,0x08,0x20,0x00,0x21,0x08,0x25,0x21,0x51,0x84,0x8e,0x6b,0x8f,0x73,0xd3,0x94,0xd3,0x94,0xd3,0x94,0xd3,0x94,
    0xb3,0x94,0xb3,0x94,0x92,0x8c,0x92,0x8c,0x72,0x8c,0x72,0x8c,0x71,0x84,0x72,0x8c,0x55,0xa5,0xcf,0x7b,0x00,0x00,0x96,0xad,
    0xda,0xd6,0x99,0xce,0x99,0xce,0xba,0xd6,0x99,0xce,0xba,0xd6,0xba,0xd6,0xda,0xd6,0xba,0xd6,0xda,0xd6,0xda,0xd6,0xdb,0xde,
    0x99,0xce,0x8e,0x6b,0x8e,0x6b,0x75,0xad,0x45,0x29,0x61,0x08,0x41,0x08,0x42,0x08,0x41,0x08,0x41,0x08,0x41,0x08,0x41,0x08,
    0x41,0x08,0x41,0x08,0x41,0x08,0x41,0x08,0x41,0x08,0x41,0x08,0x41,0x08,0x41,0x08,0xe3,0x18,0x66,0x29,0x45,0x29,0x66,0x29,
    0x45,0x29,0x66,0x29,0xe3,0x18,0x41,0x08,0x41,0x00,0x41,0x08,0x21,0x08,0x41,0x08,0x21,0x00,0x41,0x08,0x21,0x08,0x41,0x08,
    0x21,0x00,0x41,0x08,0x21,0x00,0x41,0x08,0x20,0x00,0x41,0x08,0x21,0x00,0x41,0x08,0x20,0x00,0x41,0x08,0x21,0x00,0x41,0x08,
    0x20,0x00,0x41,0x08,0x21,0x00,0x41,0x08,0x20,0x00,0x41,0x08,0x21,0x00,0x41,0x08,0x20,0x00,0x41,0x08,0x21,0x00,0x21,0x08,
    0x20,0x00,0x21,0x08,0x21,0x00,0x21,0x08,0x20,0x00,0x21,0x08,0x20,0x00,0x21,0x08,0x20,0x00,0x21,0x08,0x41,0x08,0x08,0x83,
    0xcc,0xcc,0x0d,0xd5,0x2e,0xd5,0x90,0xdd,0x0d,0xcd,0xcc,0xcc,0x6a,0xbc,0x0a,0xb4,0x88,0xa3,0x47,0x9b,0xc4,0x51,0x41,0x08,
    0x20,0x00,0x21,0x00,0x00,0x00,0x00,0x00,0x00,0x00,0x00,0x00,0xc7,0x7a,0x70,0xdd,0xf8,0xee,0xf8,0xf6,0xed,0xcc,0x4a,0xbc,
    0x88,0xa3,0xc6,0x82,0x41,0x10,0x21,0x08,0x20,0x00,0x21,0x08,0x20,0x00,0x21,0x08,0x20,0x00,0x21,0x08,0x20,0x00,0x21,0x08,
    0x20,0x00,0x21,0x08,0x20,0x00,0x21,0x08,0x20,0x00,0x21,0x08,0x20,0x00,0x21,0x08,0x20,0x00,0x21,0x08,0x20,0x00,0x21,0x08,
    0x40,0x08,0x81,0x18,0xc2,0x20,0x63,0x41,0x04,0x5a,0xe6,0x82,0xa7,0xa3,0x4b,0xed,0x8b,0xfd,0x38,0xff,0x38,0xff,0x17,0xff,
    0x8b,0xfd,0x2a,0xe5,0x67,0x9b,0xc6,0x7a,0xe4,0x51,0x43,0x39,0xc2,0x20,0x61,0x10,0x20,0x08,0x21,0x08,0x20,0x00,0x21,0x08,
    0x20,0x00,0x21,0x08,0x20,0x00,0x21,0x08,0x20,0x00,0xe3,0x18,0x51,0x84,0x8e,0x6b,0x8e,0x6b,0xd3,0x94,0xd3,0x94,0xd3,0x94,
    0xb2,0x8c,0xb3,0x94,0x92,0x8c,0x92,0x8c,0x72,0x8c,0x92,0x8c,0x71,0x84,0x72,0x8c,0x51,0x84,0x55,0xa5,0x10,0x7c,0x00,0x00,
    0xf7,0xbd,0xdb,0xde,0x99,0xce,0x9a,0xd6,0x99,0xce,0xba,0xd6,0xba,0xce,0xba,0xd6,0xba,0xd6,0xda,0xd6,0xba,0xd6,0xdb,0xde,
    0xda,0xd6,0x79,0xce,0x8e,0x6b,0x8f,0x73,0x96,0xad,0xe4,0x20,0x41,0x08,0x62,0x10,0x41,0x08,0x62,0x08,0x41,0x08,0x62,0x08,
    0x41,0x08,0x41,0x08,0x41,0x08,0x42,0x08,0x41,0x08,0x41,0x08,0x41,0x08,0x42,0x08,0x41,0x08,0x04,0x21,0x45,0x29,0x66,0x31,
    0x65,0x29,0x66,0x29,0x45,0x29,0xe4,0x20,0x41,0x08,0x41,0x08,0x41,0x08,0x41,0x08,0x41,0x08,0x41,0x08,0x41,0x08,0x41,0x08,
    0x41,0x08,0x41,0x08,0x21,0x08,0x41,0x08,0x21,0x08,0x41,0x08,0x21,0x08,0x41,0x08,0x21,0x08,0x41,0x08,0x21,0x08,0x41,0x08,
    0x21,0x08,0x41,0x08,0x21,0x08,0x41,0x08,0x21,0x08,0x41,0x08,0x21,0x08,0x41,0x08,0x21,0x08,0x41,0x08,0x21,0x08,0x41,0x08,
    0x21,0x08,0x41,0x08,0x21,0x08,0x41,0x08,0x21,0x08,0x41,0x08,0x21,0x08,0x41,0x08,0x21,0x08,0x41,0x08,0x21,0x08,0xe3,0x28,
    0x8b,0xc4,0x0d,0xd5,0xf2,0xe5,0xf8,0xf6,0xf8,0xf6,0x34,0xe6,0xed,0xcc,0x8c,0xcc,0x2a,0xbc,0xc9,0xab,0x68,0x9b,0xe7,0x8a,
    0x81,0x18,0x00,0x00,0x00,0x00,0x61,0x10,0x43,0x39,0x25,0x62,0xe7,0x82,0x2a,0xbc,0x0e,0xcd,0x34,0xe6,0x6f,0xdd,0xcd,0xcc,
    0x2a,0xbc,0x88,0xa3,0xc6,0x82,0xc2,0x28,0x21,0x08,0x21,0x08,0x21,0x00,0x21,0x08,0x21,0x08,0x21,0x08,0x21,0x00,0x21,0x08,
    0x21,0x08,0x21,0x08,0x20,0x00,0x21,0x08,0x21,0x08,0x21,0x08,0x20,0x00,0x21,0x08,0x21,0x08,0x21,0x08,0x20,0x00,0x21,0x08,
    0x21,0x08,0x41,0x10,0x81,0x10,0xe3,0x28,0x63,0x39,0x24,0x62,0xc6,0x82,0xa8,0xa3,0x0a,0xe5,0xac,0xfd,0xf6,0xfe,0x59,0xff,
    0x38,0xff,0xac,0xfd,0x2a,0xed,0xa7,0xa3,0xc6,0x7a,0x04,0x5a,0x43,0x39,0xc2,0x28,0x61,0x10,0x41,0x08,0x20,0x08,0x21,0x08,
    0x21,0x00,0x21,0x08,0x20,0x00,0x21,0x08,0x21,0x00,0x21,0x08,0x82,0x10,0x72,0x8c,0x8e,0x6b,0x8e,0x6b,0xb3,0x94,0xd3,0x9c,
    0xd3,0x94,0xb3,0x94,0xb2,0x8c,0xb3,0x94,0x92,0x8c,0x92,0x8c,0x72,0x8c,0x92,0x8c,0x72,0x8c,0x72,0x8c,0x34,0xa5,0x51,0x8c,
    0x00,0x00,0x18,0xbe,0xda,0xd6,0x99,0xce,0x79,0xce,0x99,0xce,0x99,0xce,0xba,0xd6,0x99,0xce,0xba,0xd6,0xba,0xd6,0xda,0xd6,
    0xba,0xd6,0xda,0xd6,0x58,0xc6,0x8e,0x6b,0x6e,0x6b,0xb6,0xb5,0x62,0x08,0x41,0x08,0x41,0x08,0x41,0x08,0x41,0x08,0x41,0x08,
    0x41,0x08,0x41,0x08,0x41,0x08,0x41,0x08,0x41,0x08,0x41,0x08,0x41,0x08,0x41,0x08,0x41,0x08,0x41,0x08,0x04,0x21,0x66,0x29,
    0x45,0x29,0x66,0x29,0x45,0x29,0x66,0x29,0xc3,0x18,0x41,0x08,0x21,0x08,0x41,0x08,0x21,0x00,0x41,0x08,0x21,0x00,0x41,0x08,
    0x20,0x00,0x41,0x08,0x21,0x00,0x41,0x08,0x20,0x00,0x41,0x08,0x21,0x00,0x41,0x08,0x20,0x00,0x41,0x08,0x21,0x00,0x41,0x08,
    0x20,0x00,0x41,0x08,0x21,0x00,0x21,0x08,0x20,0x00,0x41,0x08,0x21,0x00,0x21,0x08,0x20,0x00,0x41,0x08,0x21,0x00,0x21,0x08,
    0x20,0x00,0x21,0x08,0x20,0x00,0x21,0x08,0x20,0x00,0x21,0x08,0x20,0x00,0x21,0x08,0x20,0x00,0x21,0x08,0x20,0x00,0x41,0x08,
    0x68,0x9b,0xac,0xcc,0xb1,0xdd,0xf8,0xee,0x18,0xef,0x18,0xf7,0x54,0xe6,0x0d,0xd5,0x8b,0xc4,0x2a,0xbc,0xc9,0xab,0x68,0x9b,
    0xe6,0x8a,0xa6,0x7a,0x07,0x83,0x0a,0xb4,0x6a,0xbc,0x6b,0xc4,0x6a,0xbc,0x4a,0xbc,0xa8,0xab,0x4a,0xbc,0x8b,0xc4,0x8b,0xc4,
    0x2a,0xbc,0xc9,0xab,0x27,0x93,0xa6,0x82,0x02,0x31,0x21,0x08,0x20,0x00,0x21,0x08,0x20,0x00,0x21,0x08,0x20,0x00,0x21,0x08,
    0x20,0x00,0x21,0x08,0x20,0x00,0x21,0x08,0x20,0x00,0x21,0x08,0x20,0x00,0x21,0x08,0x20,0x00,0x21,0x08,0x20,0x00,0x21,0x08,
    0x20,0x00,0x21,0x08,0x40,0x08,0x81,0x18,0xc2,0x20,0x43,0x39,0xe4,0x59,0xc6,0x7a,0x86,0x9b,0xea,0xdc,0x8b,0xfd,0xf5,0xfe,
    0x38,0xff,0x58,0xff,0xab,0xfd,0x4b,0xf5,0x87,0x9b,0xe6,0x82,0x04,0x5a,0x63,0x39,0xc2,0x20,0x81,0x10,0x40,0x08,0x21,0x08,
    0x20,0x00,0x21,0x08,0x20,0x00,0x21,0x08,0x20,0x00,0x21,0x00,0x00,0x00,0x41,0x08,0x51,0x84,0x8e,0x6b,0x8e,0x6b,0xb3,0x94,
    0xb2,0x94,0xb3,0x94,0xb2,0x8c,0xb3,0x94,0x92,0x8c,0x92,0x8c,0x72,0x8c,0x72,0x8c,0x71,0x84,0x72,0x8c,0x51,0x84,0x14,0x9d,
    0x71,0x84,0x00,0x00,0x58,0xc6,0xdb,0xd6,0x99,0xce,0x99,0xce,0x99,0xce,0xba,0xd6,0x9a,0xce,0xba,0xd6,0xba,0xd6,0xba,0xd6,
    0xba,0xd6,0xda,0xd6,0xda,0xd6,0x38,0xc6,0x8e,0x6b,0x8e,0x6b,0x96,0xad,0x42,0x08,0x41,0x08,0x41,0x08,0x41,0x08,0x42,0x08,
    0x41,0x08,0x41,0x08,0x41,0x08,0x42,0x08,0x41,0x08,0x41,0x08,0x41,0x08,0x41,0x08,0x41,0x08,0x41,0x08,0x41,0x08,0x25,0x29,
    0x65,0x29,0x66,0x29,0x45,0x29,0x66,0x31,0x65,0x29,0xc3,0x18,0x41,0x08,0x41,0x08,0x41,0x08,0x41,0x08,0x21,0x08,0x41,0x08,
    0x21,0x08,0x41,0x08,0x21,0x08,0x41,0x08,0x21,0x08,0x41,0x08,0x21,0x08,0x41,0x08,0x21,0x08,0x41,0x08,0x21,0x08,0x41,0x08,
    0x21,0x08,0x41,0x08,0x21,0x08,0x41,0x08,0x21,0x08,0x41,0x08,0x21,0x08,0x41,0x08,0x21,0x08,0x41,0x08,0x21,0x08,0x41,0x08,
    0x21,0x08,0x41,0x08,0x21,0x08,0x41,0x08,0x21,0x08,0x41,0x08,0x21,0x08,0x41,0x08,0x21,0x08,0x41,0x08,0x21,0x08,0x21,0x08,
    0x03,0x31,0x4a,0xbc,0xab,0xc4,0xd2,0xdd,0xd7,0xee,0xf8,0xf6,0xb6,0xee,0x6f,0xdd,0xed,0xcc,0x8b,0xc4,0x2a,0xb4,0xc9,0xab,
    0x68,0x9b,0x07,0x93,0xa5,0x82,0x0a,0xb4,0x6b,0xc4,0x6b,0xc4,0x6a,0xc4,0x6b,0xc4,0x6b,0xc4,0x68,0xa3,0xa8,0xa3,0xea,0xb3,
    0xe9,0xab,0xa9,0xab,0x47,0x9b,0xc6,0x8a,0x65,0x7a,0x82,0x18,0x21,0x00,0x21,0x08,0x21,0x08,0x21,0x08,0x20,0x00,0x21,0x08,
    0x21,0x08,0x21,0x08,0x20,0x00,0x21,0x08,0x21,0x08,0x21,0x08,0x20,0x00,0x21,0x08,0x21,0x08,0x21,0x08,0x20,0x00,0x21,0x08,
    0x21,0x00,0x21,0x08,0x20,0x00,0x41,0x08,0x61,0x10,0xc2,0x28,0x43,0x39,0x04,0x5a,0xc5,0x7a,0x87,0x9b,0xea,0xdc,0xac,0xfd,
    0xd5,0xfe,0x58,0xff,0x38,0xff,0xcc,0xfd,0x4b,0xed,0xa8,0xa3,0xe6,0x82,0x05,0x62,0x63,0x39,0xe2,0x28,0x81,0x10,0x41,0x10,
    0x21,0x08,0x21,0x08,0x20,0x00,0x21,0x08,0x20,0x00,0x21,0x08,0x20,0x00,0x21,0x08,0x20,0x00,0x51,0x84,0x8e,0x6b,0x8f,0x73,
    0x92,0x8c,0xd3,0x94,0xb3,0x94,0xb3,0x94,0x92,0x8c,0x92,0x8c,0x92,0x8c,0x92,0x8c,0x72,0x8c,0x72,0x8c,0x71,0x84,0x72,0x8c,
    0xf4,0x9c,0xd3,0x94,0x00,0x00,0xba,0xd6,0xba,0xce,0x79,0xce,0x79,0xce,0x9a,0xce,0x99,0xce,0x9a,0xd6,0x99,0xce,0xba,0xd6,
    0x99,0xce,0xba,0xd6,0xba,0xd6,0xda,0xd6,0x17,0xbe,0x8e,0x6b,0x8e,0x6b,0x75,0xad,0x41,0x08,0x41,0x08,0x50,0x84,0x34,0xa5,
    0x33,0xa5,0x34,0xa5,0x34,0xa5,0x34,0xa5,0x33,0xa5,0x34,0xa5,0xf3,0x9c,0x28,0x42,0x21,0x00,0x41,0x08,0x21,0x08,0x41,0x08,
    0x24,0x21,0x66,0x29,0x45,0x29,0x66,0x29,0x45,0x29,0x66,0x29,0xa3,0x10,0x41,0x08,0x20,0x00,0x41,0x08,0x21,0x00,0x41,0x08,
    0x20,0x00,0x41,0x08,0x21,0x00,0x41,0x08,0x20,0x00,0x41,0x08,0x21,0x00,0x41,0x08,0x20,0x00,0x41,0x08,0x21,0x00,0x41,0x08,
    0x20,0x00,0x41,0x08,0x21,0x00,0x21,0x08,0x20,0x00,0x21,0x08,0x21,0x00,0x21,0x08,0x20,0x00,0x21,0x08,0x20,0x00,0x21,0x08,
    0x20,0x00,0x21,0x08,0x20,0x00,0x21,0x08,0x20,0x00,0x21,0x08,0x20,0x00,0x21,0x08,0x00,0x00,0x00,0x00,0x00,0x00,0x00,0x00,
    0x00,0x00,0x63,0x41,0x09,0xb4,0x8b,0xc4,0xcc,0xcc,0xd1,0xdd,0xd1,0xdd,0x4e,0xdd,0x0d,0xcd,0xcc,0xcc,0x6a,0xbc,0x0a,0xb4,
    0x88,0xa3,0x47,0x9b,0xc6,0x8a,0xa6,0x82,0x88,0xa3,0x6b,0xc4,0x6a,0xc4,0x6b,0xc4,0xe9,0xab,0x28,0x8b,0x65,0x72,0x07,0x93,
    0x27,0x93,0x27,0x93,0x06,0x8b,0xc6,0x8a,0x65,0x7a,0xa4,0x51,0x20,0x00,0x21,0x08,0x20,0x00,0x21,0x08,0x20,0x00,0x21,0x08,
    0x20,0x00,0x21,0x08,0x20,0x00,0x21,0x08,0x20,0x00,0x21,0x08,0x20,0x00,0x21,0x08,0x20,0x00,0x21,0x08,0x20,0x00,0x21,0x08,
    0x20,0x00,0x21,0x08,0x20,0x00,0x21,0x08,0x20,0x08,0x61,0x10,0xc2,0x20,0x43,0x39,0xe4,0x51,0xc5,0x7a,0x67,0x9b,0xea,0xdc,
    0x8b,0xfd,0xd5,0xfe,0x38,0xff,0x58,0xff,0xac,0xfd,0x6b,0xf5,0xa7,0xa3,0xe6,0x82,0x04,0x5a,0x63,0x41,0x68,0x52,0xf3,0xa4,
    0x33,0xa5,0x14,0xa5,0x13,0xa5,0x34,0xa5,0x13,0xa5,0x34,0xa5,0x13,0xa5,0x50,0x8c,0x21,0x00,0x21,0x00,0x30,0x84,0x8e,0x6b,
    0x8e,0x6b,0x92,0x8c,0xb2,0x94,0xb3,0x94,0x92,0x8c,0x92,0x8c,0x92,0x8c,0x92,0x8c,0x71,0x84,0x72,0x8c,0x71,0x84,0x72,0x8c,
    0x51,0x84,0xf4,0x9c,0xf4,0x9c,0x41,0x08,0xda,0xd6,0xba,0xd6,0x79,0xce,0x9a,0xce,0x99,0xce,0x9a,0xd6,0x99,0xce,0xba,0xd6,
    0xba,0xd6,0xba,0xd6,0xba,0xd6,0xda,0xd6,0xda,0xd6,0x17,0xbe,0x8e,0x6b,0x8f,0x73,0x54,0xa5,0x41,0x08,0xa6,0x31,0xda,0xde,
    0xda,0xd6,0xda,0xde,0xda,0xd6,0xda,0xde,0xda,0xd6,0xda,0xde,0xda,0xd6,0xda,0xde,0x55,0xad,0x41,0x08,0x41,0x08,0x41,0x08,
    0x41,0x08,0x25,0x29,0x45,0x29,0x66,0x31,0x65,0x29,0x66,0x31,0x45,0x29,0xa3,0x18,0x21,0x08,0x41,0x08,0x21,0x08,0x41,0x08,
    0x21,0x08,0x41,0x08,0x21,0x08,0x41,0x08,0x21,0x08,0x41,0x08,0x21,0x08,0x41,0x08,0x21,0x08,0x41,0x08,0x21,0x08,0x41,0x08,
    0x21,0x08,0x41,0x08,0x21,0x08,0x41,0x08,0x21,0x08,0x41,0x08,0x21,0x08,0x41,0x08,0x21,0x08,0x41,0x08,0x21,0x08,0x41,0x08,
    0x21,0x08,0x41,0x08,0x21,0x08,0x21,0x08,0x20,0x00,0x00,0x00,0x00,0x00,0x00,0x00,0x00,0x00,0x00,0x00,0x41,0x10,0x43,0x39,
    0x05,0x5a,0xe7,0x82,0xa8,0xa3,0xea,0xb3,0x4a,0xbc,0x8b,0xc4,0xac,0xcc,0xed,0xd4,0xcc,0xcc,0xac,0xcc,0x6b,0xc4,0x2a,0xbc,
    0xc9,0xab,0x88,0xa3,0x27,0x93,0xc6,0x8a,0x85,0x7a,0xa6,0x7a,0x05,0x5a,0x43,0x39,0x61,0x10,0x00,0x00,0x00,0x00,0x00,0x00,
    0xa3,0x49,0xa6,0x82,0xa5,0x82,0x86,0x82,0x65,0x72,0x04,0x62,0x41,0x08,0x21,0x08,0x21,0x08,0x21,0x08,0x20,0x00,0x21,0x08,
    0x21,0x08,0x21,0x08,0x20,0x00,0x21,0x08,0x21,0x08,0x21,0x08,0x20,0x00,0x21,0x08,0x21,0x08,0x21,0x08,0x20,0x00,0x21,0x08,
    0x21,0x00,0x21,0x08,0x20,0x00,0x21,0x08,0x21,0x00,0x41,0x08,0x61,0x10,0xe2,0x20,0x43,0x39,0xe4,0x59,0xa5,0x7a,0x87,0xa3,
    0xca,0xd4,0xac,0xfd,0xb4,0xfe,0x59,0xff,0x58,0xff,0xcd,0xfd,0x6b,0xf5,0xa8,0xab,0xe6,0x82,0x25,0x62,0x63,0x41,0x12,0xad,
    0xb9,0xde,0xda,0xde,0xba,0xd6,0xda,0xde,0xda,0xd6,0xda,0xde,0xda,0xd6,0xda,0xde,0xda,0xd6,0x08,0x42,0x20,0x00,0x31,0x84,
    0x8e,0x6b,0x8e,0x6b,0x72,0x8c,0xd3,0x94,0xb3,0x94,0xb3,0x94,0x92,0x8c,0x92,0x8c,0x92,0x8c,0x72,0x8c,0x71,0x84,0x72,0x8c,
    0x71,0x84,0x51,0x8c,0xd3,0x94,0x35,0xa5,0x00,0x00,0x9a,0xce,0x9a,0xce,0x79,0xce,0x79,0xc6,0x79,0xce,0x79,0xce,0x99,0xce,
    0x99,0xce,0x9a,0xce,0x99,0xce,0xba,0xd6,0xb9,0xce,0xba,0xd6,0x17,0xbe,0x8e,0x6b,0x6e,0x6b,0x55,0xa5,0x41,0x08,0x41,0x08,
    0x30,0x84,0x34,0xa5,0x13,0xa5,0x34,0xa5,0x13,0x9d,0x34,0xa5,0x13,0xa5,0x34,0xa5,0xf2,0x9c,0x28,0x42,0x21,0x08,0x41,0x08,
    0x21,0x08,0x41,0x08,0x24,0x21,0x66,0x31,0x65,0x29,0x65,0x31,0x65,0x29,0x86,0x31,0xa2,0x10,0x41,0x08,0x41,0x08,0x41,0x08,
    0x20,0x08,0x41,0x08,0x21,0x00,0x41,0x08,0x20,0x00,0x41,0x08,0x21,0x00,0x21,0x08,0x20,0x00,0x41,0x08,0x21,0x00,0x21,0x08,
    0x20,0x00,0x21,0x08,0x20,0x00,0x21,0x08,0x20,0x00,0x21,0x08,0x20,0x00,0x21,0x08,0x20,0x00,0x21,0x08,0x20,0x00,0x21,0x08,
    0x00,0x00,0x00,0x00,0x00,0x00,0x00,0x00,0x00,0x00,0x00,0x00,0x81,0x10,0x63,0x39,0x25,0x5a,0x07,0x83,0xe9,0xab,0x6b,0xc4,
    0x6a,0xbc,0x6b,0xc4,0x6a,0xbc,0x2a,0xbc,0x88,0xa3,0xe9,0xb3,0x2a,0xb4,0x4b,0xbc,0x6a,0xbc,0x6b,0xc4,0x4a,0xbc,0x2a,0xbc,
    0xc9,0xab,0x88,0xa3,0x47,0x93,0xe6,0x8a,0xa5,0x7a,0x65,0x7a,0xa1,0x18,0x00,0x00,0x00,0x00,0x00,0x00,0x00,0x00,0x00,0x00,
    0x20,0x00,0x21,0x08,0x61,0x10,0x02,0x31,0x02,0x31,0xa2,0x20,0x20,0x00,0x21,0x08,0x20,0x00,0x21,0x08,0x20,0x00,0x21,0x08,
    0x20,0x00,0x21,0x08,0x20,0x00,0x21,0x08,0x20,0x00,0x21,0x08,0x20,0x00,0x21,0x08,0x20,0x00,0x21,0x08,0x20,0x00,0x21,0x08,
    0x20,0x00,0x21,0x08,0x20,0x00,0x21,0x08,0x20,0x00,0x21,0x08,0x20,0x08,0x61,0x10,0xc1,0x20,0x43,0x39,0xe4,0x51,0xc6,0x7a,
    0x66,0x9b,0xca,0xd4,0x8b,0xfd,0xd4,0xfe,0x38,0xff,0x58,0xff,0xcc,0xfd,0x6b,0xf5,0x87,0xa3,0xe6,0x82,0x04,0x5a,0x63,0x41,
    0x68,0x52,0xf2,0xa4,0x13,0xa5,0x14,0xa5,0x13,0x9d,0x34,0xa5,0x13,0x9d,0x34,0xa5,0x13,0x9d,0x30,0x84,0x21,0x08,0x00,0x00,
    0x10,0x7c,0x8e,0x6b,0x8e,0x6b,0x92,0x8c,0xb2,0x8c,0xb3,0x94,0x92,0x8c,0x92,0x8c,0x72,0x8c,0x92,0x8c,0x71,0x84,0x72,0x8c,
    0x51,0x84,0x51,0x84,0x51,0x84,0xf3,0x9c,0xf3,0x94,0x00,0x00,0x38,0xc6,0xba,0xd6,0x79,0xce,0x79,0xce,0x79,0xce,0x9a,0xce,
    0x99,0xce,0x9a,0xce,0x99,0xce,0xba,0xd6,0xba,0xd6,0xba,0xd6,0xba,0xd6,0x38,0xc6,0x8e,0x6b,0x8e,0x6b,0x95,0xad,0x41,0x08,
    0x41,0x08,0x41,0x08,0x41,0x08,0x41,0x08,0x41,0x08,0x41,0x08,0x41,0x08,0x41,0x08,0x41,0x08,0x41,0x08,0x41,0x08,0x41,0x08,
    0x41,0x08,0x61,0x08,0x41,0x08,0x45,0x29,0x86,0x31,0xa6,0x39,0x86,0x31,0xa6,0x39,0x86,0x31,0xe4,0x20,0x61,0x10,0x61,0x10,
    0x41,0x08,0x41,0x08,0x21,0x08,0x41,0x08,0x21,0x08,0x41,0x08,0x21,0x08,0x41,0x08,0x21,0x08,0x41,0x08,0x21,0x08,0x41,0x08,
    0x21,0x08,0x41,0x08,0x21,0x08,0x41,0x08,0x21,0x08,0x41,0x08,0x21,0x00,0x21,0x08,0x00,0x00,0x00,0x00,0x00,0x00,0x00,0x00,
    0x00,0x00,0x00,0x00,0xa1,0x20,0xa4,0x49,0x66,0x6a,0x48,0x93,0x0a,0xb4,0x6b,0xc4,0x6b,0xc4,0x6b,0xc4,0x6a,0xc4,0x6b,0xc4,
    0x6b,0xc4,0x6b,0xc4,0x6a,0xc4,0x6b,0xc4,0x4a,0xbc,0x68,0x9b,0x88,0xa3,0xe9,0xab,0xe9,0xb3,0x0a,0xb4,0x09,0xb4,0xea,0xb3,
    0xc9,0xab,0x88,0xa3,0x47,0x9b,0x07,0x93,0xc6,0x82,0x86,0x7a,0x45,0x72,0x61,0x10,0x21,0x00,0x21,0x08,0x21,0x00,0x21,0x08,
    0x21,0x08,0x21,0x08,0x20,0x00,0x21,0x08,0x21,0x08,0x21,0x08,0x20,0x00,0x21,0x08,0x21,0x08,0x21,0x08,0x20,0x00,0x21,0x08,
    0x21,0x08,0x21,0x08,0x20,0x00,0x21,0x08,0x21,0x00,0x21,0x08,0x20,0x00,0x21,0x08,0x21,0x00,0x21,0x08,0x20,0x00,0x21,0x08,
    0x21,0x00,0x21,0x08,0x20,0x00,0x21,0x08,0x21,0x00,0x21,0x08,0x20,0x00,0x41,0x08,0x61,0x10,0xc2,0x20,0x43,0x39,0xe4,0x59,
    0xa5,0x7a,0x87,0x9b,0xca,0xd4,0xac,0xfd,0xd4,0xfe,0x58,0xff,0x38,0xff,0xcd,0xfd,0x6b,0xf5,0xa8,0xa3,0xe6,0x82,0x25,0x62,
    0x63,0x41,0xe2,0x28,0x81,0x10,0x41,0x10,0x20,0x08,0x00,0x00,0x20,0x00,0x00,0x00,0x20,0x00,0x00,0x00,0x20,0x00,0x00,0x00,
    0x20,0x00,0x51,0x84,0x8e,0x6b,0x8f,0x73,0x92,0x8c,0xb3,0x94,0xb2,0x8c,0xb3,0x94,0x92,0x8c,0x92,0x8c,0x72,0x8c,0x72,0x8c,
    0x71,0x84,0x72,0x8c,0x51,0x84,0x51,0x84,0xf4,0x9c,0xb3,0x94,0x00,0x00,0xf7,0xbd,0xba,0xce,0x79,0xce,0x79,0xc6,0x79,0xce,
    0x79,0xce,0x99,0xce,0x99,0xce,0x9a,0xd6,0x99,0xce,0x9a,0xd6,0x99,0xce,0xba,0xd6,0x58,0xc6,0x8e,0x6b,0x8e,0x6b,0x96,0xad,
    0x61,0x08,0x41,0x08,0x21,0x08,0x41,0x08,0x21,0x00,0x41,0x08,0x21,0x08,0x41,0x08,0x21,0x00,0x41,0x08,0x21,0x00,0x41,0x08,
    0x40,0x08,0x61,0x10,0x61,0x08,0x82,0x10,0x44,0x29,0xc6,0x39,0xc6,0x39,0xc6,0x41,0xc5,0x39,0xc6,0x41,0x23,0x29,0xa2,0x18,
    0x61,0x10,0x62,0x10,0x41,0x08,0x41,0x08,0x20,0x08,0x21,0x08,0x21,0x00,0x21,0x08,0x20,0x00,0x21,0x08,0x21,0x00,0x21,0x08,
    0x20,0x00,0x21,0x08,0x20,0x00,0x21,0x08,0x00,0x00,0x00,0x00,0x00,0x00,0x00,0x00,0x00,0x00,0x20,0x08,0xe2,0x28,0xc4,0x51,
    0x86,0x6a,0x68,0x9b,0x2a,0xbc,0x6b,0xc4,0x6a,0xbc,0x6b,0xc4,0x6a,0xc4,0x6b,0xc4,0x6a,0xbc,0x6b,0xc4,0x6a,0xc4,0x6b,0xc4,
    0x6a,0xbc,0x6b,0xc4,0x6a,0xc4,0x0a,0xb4,0x27,0x8b,0x66,0x6a,0x85,0x72,0x48,0x9b,0x67,0x9b,0x88,0xa3,0x88,0xa3,0xa9,0xa3,
    0x88,0xa3,0x68,0x9b,0x27,0x93,0x07,0x93,0xa6,0x82,0xa6,0x82,0x65,0x72,0xa4,0x51,0x20,0x00,0x21,0x08,0x20,0x00,0x21,0x08,
    0x20,0x00,0x21,0x08,0x20,0x00,0x21,0x08,0x20,0x00,0x21,0x08,0x20,0x00,0x21,0x08,0x20,0x00,0x21,0x08,0x20,0x00,0x21,0x08,
    0x20,0x00,0x21,0x08,0x20,0x00,0x21,0x08,0x20,0x00,0x21,0x08,0x20,0x00,0x21,0x08,0x20,0x00,0x21,0x08,0x20,0x00,0x21,0x08,
    0x20,0x00,0x21,0x08,0x20,0x00,0x21,0x08,0x20,0x00,0x21,0x08,0x20,0x00,0x21,0x08,0x40,0x08,0x81,0x18,0xc2,0x20,0x43,0x39,
    0xe4,0x59,0xc6,0x7a,0x87,0x9b,0xea,0xdc,0x8b,0xfd,0xf5,0xfe,0x38,0xff,0x58,0xff,0xab,0xfd,0x6b,0xf5,0x87,0xa3,0xe6,0x82,
    0x04,0x5a,0x63,0x39,0xc2,0x20,0x81,0x18,0x40,0x08,0x21,0x08,0x00,0x00,0x00,0x00,0x00,0x00,0x00,0x00,0x00,0x00,0x00,0x00,
    0x00,0x00,0x41,0x08,0x51,0x84,0x8e,0x6b,0x8e,0x6b,0x92,0x8c,0xb2,0x8c,0xb3,0x94,0x92,0x8c,0x92,0x8c,0x72,0x8c,0x92,0x8c,
    0x71,0x84,0x71,0x8c,0x51,0x84,0x51,0x84,0x31,0x84,0x14,0x9d,0x71,0x84,0x00,0x00,0x96,0xb5,0xba,0xd6,0x59,0xc6,0x79,0xce,
    0x79,0xce,0x79,0xce,0x79,0xce,0x9a,0xd6,0x99,0xce,0x9a,0xd6,0x99,0xce,0xba,0xd6,0xba,0xd6,0x79,0xce,0x8e,0x6b,0x8f,0x73,
    0x75,0xad,0xa3,0x18,0x41,0x08,0x41,0x08,0x41,0x08,0x41,0x08,0x41,0x08,0x41,0x08,0x41,0x08,0x41,0x08,0x21,0x08,0x41,0x08,
    0x21,0x08,0x41,0x08,0x61,0x10,0x82,0x18,0xa2,0x18,0x85,0x39,0xe6,0x49,0x27,0x52,0x26,0x52,0x27,0x52,0x06,0x4a,0x85,0x41,
    0xe2,0x20,0xa2,0x20,0x81,0x18,0x62,0x10,0x41,0x08,0x41,0x08,0x21,0x08,0x41,0x08,0x21,0x08,0x21,0x08,0x20,0x00,0x00,0x00,
    0x00,0x00,0x00,0x00,0x00,0x00,0x00,0x00,0x00,0x00,0x41,0x10,0x03,0x31,0x05,0x5a,0xc7,0x7a,0xa9,0xa3,0x4a,0xbc,0x8b,0xc4,
    0x6b,0xc4,0x6b,0xc4,0x6b,0xc4,0x8b,0xc4,0x6b,0xc4,0x6b,0xc4,0x6b,0xc4,0x8b,0xc4,0x6b,0xc4,0x6b,0xc4,0x6b,0xc4,0xea,0xab,
    0x07,0x83,0x25,0x62,0x43,0x39,0x82,0x18,0x00,0x00,0x00,0x00,0x00,0x00,0x61,0x10,0xc6,0x82,0x07,0x93,0x27,0x93,0x48,0x9b,
    0x27,0x9b,0x27,0x93,0x07,0x93,0xe7,0x8a,0xa6,0x82,0xa6,0x82,0x65,0x72,0x25,0x6a,0x61,0x10,0x21,0x08,0x20,0x00,0x21,0x08,
    0x21,0x08,0x21,0x08,0x20,0x00,0x21,0x08,0x21,0x08,0x21,0x08,0x20,0x00,0x21,0x08,0x21,0x08,0x21,0x08,0x20,0x00,0x21,0x08,
    0x21,0x08,0x21,0x08,0x20,0x00,0x21,0x08,0x21,0x00,0x21,0x08,0x20,0x00,0x21,0x08,0x21,0x00,0x21,0x08,0x20,0x00,0x21,0x08,
    0x21,0x00,0x21,0x08,0x20,0x00,0x21,0x08,0x21,0x00,0x21,0x08,0x20,0x00,0x21,0x08,0x21,0x08,0x41,0x08,0x81,0x10,0xe2,0x28,
    0x63,0x39,0x04,0x5a,0xc6,0x7a,0xa8,0xa3,0x0a,0xe5,0xac,0xfd,0xf6,0xfe,0x59,0xff,0x38,0xff,0xac,0xfd,0x4a,0xed,0xa8,0xa3,
    0xe6,0x82,0x04,0x5a,0x43,0x39,0xe2,0x28,0x81,0x10,0x41,0x08,0x20,0x00,0x00,0x00,0x20,0x00,0x00,0x00,0x20,0x00,0x00,0x00,
    0x20,0x00,0x00,0x00,0x82,0x10,0x51,0x84,0x8e,0x6b,0x8e,0x6b,0x92,0x8c,0xb3,0x94,0xb2,0x8c,0x92,0x8c,0x92,0x8c,0x92,0x8c,
    0x72,0x8c,0x72,0x8c,0x51,0x84,0x72,0x8c,0x51,0x84,0x51,0x84,0x14,0x9d,0x31,0x84,0x00,0x00,0x75,0xad,0xba,0xce,0x79,0xce,
    0x58,0xc6,0x79,0xce,0x79,0xc6,0x79,0xce,0x79,0xce,0x99,0xce,0x99,0xce,0x9a,0xce,0x99,0xce,0xba,0xd6,0x99,0xce,0x8e,0x6b,
    0x6e,0x6b,0x34,0xa5,0xc3,0x18,0x41,0x08,0x20,0x00,0x41,0x08,0x21,0x00,0x41,0x08,0x20,0x00,0x41,0x08,0x21,0x00,0x41,0x08,
    0x20,0x08,0x41,0x08,0x61,0x08,0x82,0x18,0xa1,0x18,0xe2,0x28,0xc5,0x41,0x47,0x5a,0x46,0x5a,0x87,0x62,0x67,0x62,0x67,0x62,
    0xe5,0x49,0x43,0x31,0xe2,0x28,0xc2,0x20,0x81,0x10,0x61,0x10,0x20,0x08,0x00,0x00,0x00,0x00,0x00,0x00,0x00,0x00,0x00,0x00,
    0x00,0x00,0x61,0x10,0x43,0x39,0x25,0x62,0xe7,0x82,0xc9,0xab,0x4a,0xbc,0x6b,0xc4,0x6a,0xbc,0x6b,0xc4,0x6a,0xbc,0x6b,0xc4,
    0x6a,0xbc,0x6b,0xc4,0x6a,0xbc,0x6b,0xc4,0x6a,0xbc,0x6b,0xc4,0x4a,0xbc,0xa9,0xa3,0xc6,0x7a,0x05,0x5a,0x22,0x31,0x41,0x08,
    0x00,0x00,0x00,0x00,0x00,0x00,0x00,0x00,0x00,0x00,0x00,0x00,0x00,0x00,0x21,0x08,0x20,0x00,0x43,0x39,0xa5,0x82,0xc6,0x8a,
    0xc6,0x82,0xc6,0x8a,0xc6,0x82,0xa6,0x82,0x85,0x7a,0x85,0x7a,0x45,0x72,0x45,0x72,0xe2,0x28,0x21,0x08,0x20,0x00,0x21,0x08,
    0x20,0x00,0x21,0x08,0x20,0x00,0x21,0x08,0x20,0x00,0x21,0x08,0x20,0x00,0x21,0x08,0x20,0x00,0x21,0x08,0x20,0x00,0x21,0x08,
    0x20,0x00,0x21,0x08,0x20,0x00,0x21,0x08,0x20,0x00,0x21,0x08,0x20,0x00,0x21,0x08,0x20,0x00,0x21,0x08,0x20,0x00,0x21,0x08,
    0x20,0x00,0x21,0x08,0x20,0x00,0x21,0x08,0x20,0x00,0x21,0x08,0x20,0x00,0x21,0x08,0x20,0x00,0x21,0x08,0x40,0x08,0x81,0x18,
    0xc1,0x20,0x63,0x41,0x04,0x5a,0xe6,0x82,0x87,0x9b,0x2a,0xe5,0x8b,0xfd,0x17,0xff,0x38,0xff,0x17,0xff,0x8b,0xfd,0x2b,0xed,
    0x66,0x9b,0xc6,0x7a,0xe4,0x51,0x43,0x39,0xa1,0x20,0x61,0x10,0x20,0x08,0x21,0x08,0x00,0x00,0x00,0x00,0x00,0x00,0x00,0x00,
    0x00,0x00,0x00,0x00,0x00,0x00,0xa3,0x18,0x30,0x7c,0x8e,0x6b,0x8e,0x6b,0xb3,0x94,0x92,0x8c,0x92,0x8c,0x72,0x8c,0x92,0x8c,
    0x71,0x84,0x72,0x8c,0x51,0x84,0x51,0x84,0x51,0x84,0x51,0x84,0x31,0x84,0x34,0xa5,0xcf,0x73,0x00,0x00,0xf3,0x9c,0xdb,0xd6,
    0x58,0xc6,0x79,0xce,0x59,0xc6,0x79,0xce,0x79,0xce,0x79,0xce,0x79,0xce,0x9a,0xce,0x99,0xce,0x9a,0xd6,0x99,0xce,0xba,0xd6,
    0x8e,0x6b,0x8e,0x6b,0x14,0x9d,0x45,0x29,0x21,0x08,0x41,0x08,0x21,0x08,0x41,0x08,0x41,0x08,0xc3,0x18,0x62,0x08,0x41,0x08,
    0x21,0x08,0x41,0x08,0x41,0x08,0x82,0x10,0xa1,0x18,0xe2,0x28,0x23,0x31,0x06,0x52,0xa7,0x6a,0xe8,0x72,0xe8,0x72,0x08,0x7b,
    0xe7,0x72,0x26,0x5a,0x22,0x31,0xc2,0x20,0x41,0x08,0x00,0x00,0x00,0x00,0x00,0x00,0x00,0x00,0xa2,0x20,0x63,0x41,0x66,0x6a,
    0x28,0x8b,0x0a,0xb4,0x6a,0xc4,0x6b,0xc4,0x6b,0xc4,0x6b,0xc4,0x6a,0xc4,0x6b,0xc4,0x6b,0xc4,0x6b,0xc4,0x6a,0xc4,0x6b,0xc4,
    0x6b,0xc4,0x6b,0xc4,0x2a,0xbc,0x89,0x9b,0x86,0x72,0xc5,0x51,0xe2,0x28,0x21,0x08,0x00,0x00,0x00,0x00,0x00,0x00,0x00,0x00,
    0x00,0x00,0x00,0x00,0x20,0x00,0x21,0x08,0x21,0x08,0x21,0x08,0x21,0x00,0x21,0x08,0x21,0x08,0x21,0x08,0x21,0x00,0xe2,0x28,
    0x65,0x72,0xa6,0x82,0x85,0x7a,0x86,0x82,0x65,0x7a,0x65,0x7a,0x45,0x72,0x05,0x6a,0xc2,0x20,0x21,0x08,0x20,0x00,0x21,0x08,
    0x21,0x08,0x21,0x08,0x20,0x00,0x21,0x08,0x21,0x08,0x21,0x08,0x20,0x00,0x21,0x08,0x21,0x00,0x21,0x08,0x20,0x00,0x21,0x08,
    0x21,0x00,0x21,0x08,0x20,0x00,0x21,0x08,0x21,0x00,0x21,0x08,0x20,0x00,0x21,0x08,0x21,0x00,0x21,0x08,0x20,0x00,0x21,0x08,
    0x21,0x00,0x21,0x08,0x20,0x00,0x21,0x08,0x21,0x00,0x21,0x08,0x20,0x00,0x21,0x08,0x20,0x00,0x21,0x08,0x20,0x08,0x61,0x10,
    0x81,0x18,0xe2,0x28,0x63,0x41,0x25,0x62,0xe6,0x82,0xa8,0xab,0x4a,0xed,0xac,0xfd,0x38,0xff,0x58,0xff,0xf6,0xfe,0xac,0xfd,
    0x0a,0xe5,0x87,0x9b,0xa5,0x7a,0xe4,0x59,0x43,0x39,0xc2,0x20,0x61,0x10,0x41,0x10,0x20,0x08,0x62,0x08,0xa3,0x10,0x41,0x08,
    0x20,0x00,0x00,0x00,0x20,0x00,0x00,0x00,0xc3,0x18,0x31,0x84,0x8e,0x6b,0x8f,0x73,0xb2,0x94,0xb3,0x94,0x92,0x8c,0x92,0x8c,
    0x72,0x8c,0x72,0x8c,0x71,0x84,0x72,0x8c,0x51,0x84,0x51,0x84,0x51,0x84,0x51,0x84,0x34,0xa5,0xaf,0x73,0x00,0x00,0x92,0x94,
    0xba,0xd6,0x59,0xc6,0x58,0xc6,0x79,0xce,0x58,0xc6,0x79,0xce,0x79,0xce,0x99,0xce,0x79,0xce,0x99,0xce,0x99,0xce,0x9a,0xd6,
    0x99,0xce,0xaf,0x73,0x8e,0x6b,0xf3,0x9c,0x86,0x31,0x41,0x08,0x61,0x08,0x8b,0x52,0x0c,0x5b,0x6e,0x6b,0x6d,0x6b,0xe8,0x39,
    0x20,0x00,0x41,0x08,0x41,0x08,0x61,0x10,0x61,0x10,0xc2,0x20,0x02,0x29,0x83,0x41,0x25,0x5a,0x86,0x6a,0x25,0x5a,0x04,0x5a,
    0x02,0x31,0x41,0x08,0x00,0x00,0x00,0x00,0x00,0x00,0xe2,0x20,0xa4,0x49,0x86,0x72,0x48,0x93,0x2a,0xbc,0x6a,0xc4,0x6b,0xc4,
    0x6a,0xbc,0x6b,0xc4,0x6a,0xc4,0x6b,0xc4,0x6a,0xbc,0x6b,0xc4,0x6a,0xc4,0x6b,0xc4,0x6a,0xbc,0x6b,0xc4,0x0a,0xb4,0x48,0x93,
    0x65,0x6a,0x84,0x41,0xa1,0x20,0x00,0x00,0x00,0x00,0x00,0x00,0x00,0x00,0x00,0x00,0x00,0x00,0x00,0x00,0x20,0x00,0x21,0x08,
    0x20,0x00,0x21,0x08,0x20,0x00,0x21,0x08,0x20,0x00,0x21,0x08,0x20,0x00,0x21,0x08,0x20,0x00,0x21,0x08,0x20,0x00,0x21,0x08,
    0x20,0x00,0x61,0x10,0x43,0x41,0xc4,0x59,0x04,0x62,0x04,0x62,0xa3,0x51,0x43,0x39,0x41,0x08,0x21,0x08,0x20,0x00,0x21,0x08,
    0x20,0x00,0x21,0x08,0x20,0x00,0x21,0x08,0x20,0x00,0x21,0x08,0x20,0x00,0x21,0x08,0x20,0x00,0x21,0x08,0x20,0x00,0x21,0x08,
    0x20,0x00,0x21,0x08,0x20,0x00,0x21,0x08,0x20,0x00,0x21,0x08,0x20,0x00,0x21,0x08,0x20,0x00,0x21,0x08,0x20,0x00,0x21,0x08,
    0x20,0x00,0x21,0x00,0x20,0x00,0x21,0x08,0x20,0x00,0x21,0x00,0x20,0x00,0x21,0x08,0x20,0x00,0x21,0x00,0x00,0x00,0x21,0x08,
    0x40,0x08,0x81,0x18,0xe2,0x28,0x84,0x49,0x44,0x62,0x06,0x8b,0xc7,0xab,0x6b,0xf5,0xac,0xfd,0x58,0xff,0x38,0xff,0xf5,0xfe,
    0x8b,0xfd,0xea,0xdc,0x67,0x93,0xa5,0x7a,0xc3,0x51,0x23,0x31,0xa2,0x18,0x61,0x10,0x20,0x00,0x20,0x08,0xe7,0x39,0x6e,0x6b,
    0x6d,0x63,0x2c,0x63,0x8a,0x4a,0x41,0x08,0x00,0x00,0x24,0x21,0x10,0x7c,0x8e,0x6b,0x8e,0x6b,0xb2,0x94,0x92,0x8c,0x92,0x8c,
    0x71,0x84,0x72,0x8c,0x71,0x84,0x72,0x8c,0x51,0x84,0x51,0x84,0x51,0x84,0x51,0x84,0x30,0x84,0x55,0xa5,0x4d,0x63,0x00,0x00,
    0x30,0x84,0xdb,0xd6,0x58,0xc6,0x59,0xce,0x59,0xc6,0x79,0xce,0x79,0xce,0x79,0xce,0x79,0xce,0x99,0xce,0x79,0xce,0x9a,0xd6,
    0x99,0xce,0x9a,0xd6,0xf0,0x7b,0x8f,0x73,0xb2,0x8c,0x49,0x4a,0x21,0x08,0x62,0x10,0xc7,0x39,0x66,0x29,0xe3,0x18,0x82,0x10,
    0x21,0x08,0x41,0x08,0x21,0x08,0x41,0x10,0x61,0x10,0x61,0x10,0x81,0x10,0x82,0x18,0x61,0x10,0x00,0x00,0x00,0x00,0x00,0x00,
    0x20,0x08,0x03,0x31,0xe4,0x51,0xc7,0x7a,0x88,0x9b,0x4b,0xc4,0x6b,0xc4,0x8b,0xc4,0x6b,0xc4,0x6b,0xc4,0x6b,0xc4,0x8b,0xc4,
    0x6b,0xc4,0x6b,0xc4,0x6b,0xc4,0x8b,0xc4,0x6b,0xc4,0x6b,0xc4,0xe9,0xab,0x28,0x8b,0x45,0x62,0x64,0x41,0x81,0x18,0x00,0x00,
    0x00,0x00,0x00,0x00,0x00,0x00,0x00,0x00,0x00,0x00,0x00,0x00,0x20,0x00,0x21,0x08,0x21,0x08,0x21,0x08,0x21,0x00,0x21,0x08,
    0x21,0x08,0x21,0x08,0x21,0x00,0x21,0x08,0x21,0x08,0x21,0x08,0x21,0x00,0x21,0x08,0x21,0x08,0x21,0x08,0x20,0x00,0x21,0x08,
    0x21,0x08,0x21,0x08,0x20,0x00,0x21,0x08,0x21,0x08,0x21,0x08,0x20,0x00,0x21,0x08,0x21,0x08,0x21,0x08,0x20,0x00,0x21,0x08,
    0x21,0x08,0x21,0x08,0x20,0x00,0x21,0x08,0x21,0x00,0x21,0x08,0x20,0x00,0x21,0x08,0x21,0x00,0x21,0x08,0x20,0x00,0x21,0x08,
    0x21,0x00,0x21,0x08,0x20,0x00,0x21,0x08,0x21,0x00,0x21,0x08,0x20,0x00,0x21,0x08,0x21,0x00,0x21,0x08,0x20,0x00,0x21,0x08,
    0x21,0x00,0x21,0x08,0x20,0x00,0x21,0x08,0x21,0x00,0x21,0x08,0x20,0x00,0x21,0x08,0x20,0x00,0x00,0x00,0x20,0x00,0x21,0x08,
    0x40,0x08,0x61,0x10,0xa1,0x18,0x03,0x31,0xa3,0x49,0x65,0x6a,0x26,0x8b,0xe8,0xb3,0x8b,0xfd,0x0f,0xfe,0x38,0xff,0x59,0xff,
    0xb4,0xfe,0xac,0xfd,0xa9,0xcc,0x67,0x9b,0x85,0x72,0xc4,0x51,0x23,0x31,0xc2,0x20,0x61,0x10,0x41,0x08,0x20,0x00,0x00,0x00,
    0x62,0x08,0xe4,0x18,0x45,0x29,0xc7,0x39,0x41,0x08,0x00,0x00,0x86,0x31,0x10,0x7c,0x8e,0x6b,0xcf,0x73,0x92,0x8c,0xb3,0x94,
    0x92,0x8c,0x92,0x8c,0x72,0x8c,0x72,0x8c,0x71,0x8c,0x72,0x8c,0x51,0x84,0x51,0x8c,0x51,0x84,0x51,0x84,0x55,0xa5,0x0c,0x63,
    0x00,0x00,0x6d,0x6b,0xba,0xd6,0x58,0xc6,0x38,0xc6,0x59,0xc6,0x58,0xc6,0x79,0xce,0x58,0xc6,0x79,0xce,0x79,0xce,0x99,0xce,
    0x79,0xce,0x99,0xce,0x99,0xce,0x72,0x8c,0x6e,0x6b,0x30,0x84,0x2c,0x63,0x41,0x08,0x20,0x00,0x41,0x08,0x21,0x00,0x21,0x08,
    0x20,0x00,0x21,0x08,0x00,0x00,0x00,0x00,0x00,0x00,0x00,0x00,0x00,0x00,0x00,0x00,0x40,0x08,0x43,0x39,0x05,0x5a,0xe7,0x82,
    0xa9,0xa3,0x6b,0xc4,0x6a,0xbc,0x6b,0xc4,0x6a,0xbc,0x6b,0xc4,0x6a,0xbc,0x6b,0xc4,0x6a,0xbc,0x6b,0xc4,0x6a,0xbc,0x6b,0xc4,
    0x6a,0xbc,0x6b,0xc4,0xa9,0xa3,0xe7,0x82,0x04,0x52,0x23,0x31,0x40,0x08,0x00,0x00,0x00,0x00,0x00,0x00,0x00,0x00,0x00,0x00,
    0x00,0x00,0x21,0x00,0x20,0x00,0x21,0x08,0x20,0x00,0x21,0x08,0x20,0x00,0x21,0x08,0x20,0x00,0x21,0x08,0x20,0x00,0x21,0x08,
    0x20,0x00,0x21,0x08,0x20,0x00,0x21,0x08,0x20,0x00,0x21,0x08,0x20,0x00,0x21,0x08,0x20,0x00,0x21,0x08,0x20,0x00,0x21,0x08,
    0x20,0x00,0x21,0x08,0x20,0x00,0x21,0x08,0x20,0x00,0x21,0x08,0x20,0x00,0x21,0x08,0x20,0x00,0x21,0x08,0x20,0x00,0x21,0x08,
    0x20,0x00,0x21,0x08,0x20,0x00,0x21,0x08,0x20,0x00,0x21,0x08,0x20,0x00,0x21,0x08,0x20,0x00,0x21,0x08,0x20,0x00,0x21,0x08,
    0x20,0x00,0x21,0x08,0x20,0x00,0x21,0x08,0x20,0x00,0x21,0x08,0x20,0x00,0x21,0x08,0x20,0x00,0x21,0x08,0x20,0x00,0x21,0x08,
    0x20,0x00,0x21,0x00,0x00,0x00,0x21,0x08,0x20,0x00,0x21,0x00,0x00,0x00,0x21,0x08,0x20,0x00,0x21,0x00,0x00,0x00,0x21,0x08,
    0x00,0x00,0x41,0x08,0x61,0x08,0xa1,0x20,0x02,0x31,0xc3,0x49,0x65,0x6a,0x47,0x93,0x28,0xbc,0xab,0xfd,0x50,0xfe,0x58,0xff,
    0x38,0xff,0x71,0xfe,0x8b,0xfd,0x49,0xc4,0x26,0x8b,0x65,0x6a,0xa3,0x49,0x22,0x31,0x81,0x18,0x61,0x10,0x20,0x08,0x00,0x00,
    0x00,0x00,0x00,0x00,0x00,0x00,0x00,0x00,0x00,0x00,0x00,0x00,0x00,0x00,0x49,0x4a,0xae,0x73,0x8e,0x6b,0xcf,0x73,0x92,0x8c,
    0x92,0x8c,0x92,0x8c,0x71,0x84,0x72,0x8c,0x51,0x84,0x71,0x84,0x51,0x84,0x51,0x84,0x31,0x84,0x51,0x84,0x30,0x7c,0x55,0xad,
    0x69,0x4a,0x00,0x00,0x49,0x4a,0xfb,0xde,0x38,0xc6,0x58,0xc6,0x58,0xc6,0x59,0xce,0x59,0xc6,0x79,0xce,0x79,0xc6,0x79,0xce,
    0x79,0xce,0x99,0xce,0x79,0xce,0x9a,0xd6,0xd3,0x94,0x8e,0x6b,0xae,0x73,0x51,0x8c,0x21,0x08,0x41,0x08,0x21,0x08,0x41,0x08,
    0x21,0x08,0x21,0x08,0x00,0x00,0x00,0x00,0x81,0x18,0x64,0x41,0x45,0x62,0x28,0x8b,0xe9,0xab,0x6b,0xc4,0x6a,0xc4,0x6b,0xc4,
    0x6b,0xc4,0x6b,0xc4,0x6a,0xc4,0x6b,0xc4,0x6b,0xc4,0x6b,0xc4,0x6a,0xc4,0x6b,0xc4,0x6b,0xc4,0x4b,0xbc,0x88,0x9b,0xc7,0x7a,
    0xc4,0x51,0x03,0x31,0x20,0x08,0x00,0x00,0x00,0x00,0x00,0x00,0x00,0x00,0x00,0x00,0x00,0x00,0x00,0x00,0x20,0x00,0x21,0x08,
    0x21,0x08,0x21,0x08,0x21,0x00,0x21,0x08,0x21,0x08,0x21,0x08,0x21,0x00,0x21,0x08,0x21,0x08,0x21,0x08,0x21,0x00,0x21,0x08,
    0x21,0x08,0x21,0x08,0x21,0x00,0x21,0x08,0x21,0x08,0x21,0x08,0x20,0x00,0x21,0x08,0x21,0x08,0x21,0x08,0x20,0x00,0x21,0x08,
    0x21,0x08,0x21,0x08,0x20,0x00,0x21,0x08,0x21,0x08,0x21,0x08,0x20,0x00,0x21,0x08,0x21,0x00,0x21,0x08,0x20,0x00,0x21,0x08,
    0x21,0x00,0x21,0x08,0x20,0x00,0x21,0x08,0x21,0x00,0x21,0x08,0x20,0x00,0x21,0x08,0x21,0x00,0x21,0x08,0x20,0x00,0x21,0x08,
    0x21,0x00,0x21,0x08,0x20,0x00,0x21,0x08,0x21,0x00,0x21,0x08,0x20,0x00,0x21,0x08,0x21,0x00,0x21,0x08,0x20,0x00,0x21,0x08,
    0x20,0x00,0x21,0x08,0x20,0x00,0x21,0x08,0x20,0x00,0x00,0x00,0x20,0x00,0x00,0x00,0x20,0x00,0x00,0x00,0x20,0x00,0x00,0x00,
    0x20,0x00,0x21,0x08,0x40,0x08,0x62,0x10,0xc2,0x20,0x43,0x39,0xe4,0x51,0xa6,0x7a,0x67,0x9b,0xaa,0xd4,0x8b,0xfd,0x93,0xfe,
    0x38,0xff,0x58,0xff,0x0f,0xfe,0xac,0xfd,0xc8,0xab,0x07,0x8b,0x45,0x62,0x84,0x49,0x02,0x29,0x81,0x18,0x40,0x08,0x21,0x08,
    0x00,0x00,0x00,0x00,0x00,0x00,0x00,0x00,0x00,0x00,0x00,0x00,0x00,0x00,0x00,0x00,0x0c,0x5b,0x8f,0x73,0x8e,0x6b,0x10,0x7c,
    0x92,0x8c,0x92,0x8c,0x72,0x8c,0x72,0x8c,0x72,0x8c,0x72,0x8c,0x51,0x84,0x72,0x8c,0x51,0x84,0x51,0x84,0x31,0x84,0x51,0x84,
    0xb6,0xb5,0xa6,0x31,0x00,0x00,0x65,0x29,0xba,0xd6,0x58,0xc6,0x38,0xc6,0x59,0xc6,0x38,0xc6,0x59,0xc6,0x58,0xc6,0x79,0xce,
    0x59,0xc6,0x79,0xce,0x79,0xce,0x99,0xce,0x79,0xce,0x34,0xa5,0x8e,0x6b,0x8e,0x6b,0xf3,0x9c,0x41,0x08,0x21,0x00,0x21,0x08,
    0x20,0x00,0x21,0x08,0x00,0x00,0x81,0x18,0x68,0x93,0x6b,0xc4,0x6a,0xc4,0x6b,0xc4,0x6a,0xbc,0x6b,0xc4,0x6a,0xc4,0x6b,0xc4,
    0x6a,0xbc,0x6b,0xc4,0x6a,0xc4,0x6b,0xc4,0x6a,0xbc,0x2a,0xbc,0x48,0x93,0x86,0x72,0xa4,0x41,0xe2,0x20,0x00,0x00,0x00,0x00,
    0x00,0x00,0x00,0x00,0x00,0x00,0x00,0x00,0x00,0x00,0x21,0x00,0x20,0x00,0x21,0x08,0x20,0x00,0x21,0x08,0x20,0x00,0x21,0x08,
    0x20,0x00,0x21,0x08,0x20,0x00,0x21,0x08,0x20,0x00,0x21,0x08,0x20,0x00,0x21,0x08,0x20,0x00,0x21,0x08,0x20,0x00,0x21,0x08,
    0x20,0x00,0x21,0x08,0x20,0x00,0x21,0x08,0x20,0x00,0x21,0x08,0x20,0x00,0x21,0x08,0x20,0x00,0x21,0x08,0x20,0x00,0x21,0x08,
    0x20,0x00,0x21,0x08,0x20,0x00,0x21,0x08,0x20,0x00,0x21,0x08,0x20,0x00,0x21,0x08,0x20,0x00,0x21,0x08,0x20,0x00,0x21,0x08,
    0x20,0x00,0x21,0x08,0x20,0x00,0x21,0x08,0x20,0x00,0x21,0x08,0x20,0x00,0x21,0x08,0x20,0x00,0x21,0x08,0x20,0x00,0x21,0x08,
    0x20,0x00,0x21,0x08,0x20,0x00,0x21,0x08,0x20,0x00,0x21,0x00,0x20,0x00,0x21,0x08,0x20,0x00,0x21,0x00,0x20,0x00,0x21,0x08,
    0x20,0x00,0x21,0x00,0x00,0x00,0x21,0x08,0x00,0x00,0x21,0x00,0x00,0x00,0x21,0x08,0x00,0x00,0x21,0x00,0x00,0x00,0x21,0x08,
    0x00,0x00,0x21,0x00,0x00,0x00,0x41,0x08,0x61,0x10,0xe2,0x20,0x43,0x39,0x04,0x5a,0xc5,0x7a,0x87,0xa3,0xea,0xdc,0xab,0xfd,
    0xd4,0xfe,0x58,0xff,0x38,0xff,0xcd,0xfd,0x6b,0xf5,0xa8,0xa3,0xe6,0x82,0x25,0x62,0x63,0x39,0xe2,0x28,0x61,0x10,0x41,0x08,
    0x00,0x00,0x00,0x00,0x00,0x00,0x00,0x00,0x00,0x00,0x00,0x00,0x00,0x00,0x00,0x00,0x00,0x00,0xae,0x73,0x8e,0x6b,0x8e,0x6b,
    0x10,0x7c,0x92,0x8c,0x72,0x8c,0x92,0x8c,0x71,0x84,0x72,0x8c,0x51,0x84,0x71,0x8c,0x51,0x84,0x51,0x84,0x31,0x84,0x51,0x84,
    0x51,0x84,0x76,0xad,0xe3,0x18,0x00,0x00,0x61,0x08,0xba,0xd6,0x59,0xc6,0x38,0xc6,0x38,0xc6,0x59,0xc6,0x58,0xc6,0x79,0xce,
    0x79,0xce,0x79,0xce,0x79,0xce,0x79,0xce,0x79,0xce,0x99,0xce,0x96,0xad,0x8f,0x73,0x8e,0x6b,0x96,0xb5,0x21,0x08,0x41,0x08,
    0x21,0x08,0x41,0x08,0x21,0x08,0x00,0x00,0xa4,0x49,0x6b,0xc4,0x6b,0xc4,0x8b,0xc4,0x6b,0xc4,0x6b,0xc4,0x6b,0xc4,0x8b,0xc4,
    0x6b,0xc4,0x0a,0xb4,0x27,0x8b,0x66,0x6a,0x63,0x41,0xa2,0x20,0x00,0x00,0x00,0x00,0x00,0x00,0x61,0x10,0xc1,0x20,0x03,0x31,
    0x02,0x29,0xe2,0x28,0xa1,0x18,0x61,0x10,0x41,0x08,0x21,0x08,0x21,0x00,0x41,0x08,0x21,0x08,0x21,0x08,0x21,0x00,0x21,0x08,
    0x21,0x08,0x21,0x08,0x21,0x00,0x21,0x08,0x21,0x08,0x21,0x08,0x21,0x00,0x21,0x08,0x21,0x08,0x21,0x08,0x20,0x00,0x21,0x08,
    0x21,0x08,0x21,0x08,0x20,0x00,0x21,0x08,0x21,0x08,0x21,0x08,0x20,0x00,0x21,0x08,0x21,0x08,0x21,0x08,0x20,0x00,0x21,0x08,
    0x21,0x08,0x21,0x08,0x20,0x00,0x21,0x08,0x21,0x08,0x21,0x08,0x20,0x00,0x21,0x08,0x21,0x00,0x21,0x08,0x20,0x00,0x21,0x08,
    0x21,0x00,0x21,0x08,0x20,0x00,0x21,0x08,0x21,0x00,0x21,0x08,0x20,0x00,0x21,0x08,0x21,0x00,0x21,0x08,0x20,0x00,0x21,0x08,
    0x21,0x00,0x21,0x08,0x20,0x00,0x21,0x08,0x21,0x00,0x21,0x08,0x20,0x00,0x21,0x08,0x20,0x00,0x00,0x00,0x20,0x00,0x21,0x08,
    0x20,0x00,0x00,0x00,0x20,0x00,0x21,0x08,0x20,0x00,0x00,0x00,0x20,0x00,0x00,0x00,0x20,0x00,0x00,0x00,0x20,0x00,0x00,0x00,
    0x20,0x00,0x00,0x00,0x20,0x00,0x41,0x08,0x40,0x10,0xa2,0x18,0xe2,0x28,0x84,0x49,0x45,0x62,0x06,0x8b,0xa7,0xa3,0x4b,0xf5,
    0x8b,0xfd,0x38,0xff,0x38,0xff,0x38,0xff,0x8b,0xfd,0x4b,0xed,0x87,0x9b,0xc6,0x82,0x04,0x5a,0x43,0x39,0xc2,0x20,0x82,0x18,
    0x40,0x08,0x21,0x08,0x00,0x00,0x00,0x00,0x00,0x00,0x00,0x00,0x00,0x00,0x00,0x00,0x00,0x00,0x00,0x00,0x30,0x7c,0x8f,0x73,
    0x8e,0x6b,0x51,0x84,0x92,0x8c,0x92,0x8c,0x72,0x8c,0x72,0x8c,0x71,0x84,0x72,0x8c,0x51,0x84,0x51,0x84,0x51,0x84,0x51,0x84,
    0x31,0x84,0xb3,0x94,0x34,0xa5,0x41,0x08,0x00,0x00,0x00,0x00,0x38,0xc6,0x79,0xce,0x17,0xbe,0x38,0xc6,0x38,0xc6,0x58,0xc6,
    0x38,0xc6,0x59,0xc6,0x58,0xc6,0x79,0xce,0x58,0xc6,0x79,0xce,0x79,0xce,0x17,0xbe,0x6e,0x6b,0x8e,0x6b,0x75,0xad,0xc3,0x18,
    0x20,0x00,0x21,0x08,0x20,0x00,0x21,0x08,0x00,0x00,0xe2,0x28,0x6a,0xbc,0x6b,0xc4,0x4a,0xbc,0xc9,0xa3,0xe7,0x7a,0x25,0x5a,
    0x23,0x31,0x61,0x10,0x00,0x00,0x00,0x00,0x00,0x00,0xc2,0x20,0x27,0x4a,0xac,0x83,0x2a,0xac,0xea,0xdc,0xe8,0xb3,0x47,0x93,
    0x65,0x6a,0xc4,0x51,0x22,0x31,0xc2,0x20,0x61,0x10,0x41,0x08,0x20,0x08,0x21,0x08,0x20,0x00,0x21,0x08,0x20,0x00,0x21,0x08,
    0x20,0x00,0x21,0x08,0x20,0x00,0x21,0x08,0x20,0x00,0x21,0x08,0x20,0x00,0x21,0x08,0x20,0x00,0x21,0x08,0x20,0x00,0x21,0x08,
    0x20,0x00,0x21,0x08,0x20,0x00,0x21,0x08,0x20,0x00,0x21,0x08,0x20,0x00,0x21,0x08,0x20,0x00,0x21,0x08,0x20,0x00,0x21,0x08,
    0x20,0x00,0x21,0x08,0x20,0x00,0x21,0x08,0x20,0x00,0x21,0x08,0x20,0x00,0x21,0x08,0x20,0x00,0x21,0x08,0x20,0x00,0x21,0x08,
    0x20,0x00,0x21,0x08,0x20,0x00,0x21,0x08,0x20,0x00,0x21,0x08,0x20,0x00,0x21,0x08,0x20,0x00,0x21,0x08,0x20,0x00,0x21,0x08,
    0x20,0x00,0x21,0x08,0x20,0x00,0x21,0x08,0x20,0x00,0x21,0x00,0x00,0x00,0x21,0x08,0x20,0x00,0x21,0x00,0x00,0x00,0x21,0x08,
    0x00,0x00,0x21,0x00,0x00,0x00,0x21,0x08,0x00,0x00,0x21,0x00,0x00,0x00,0x00,0x00,0x00,0x00,0x21,0x00,0x00,0x00,0x00,0x00,
    0x00,0x00,0x00,0x00,0x00,0x00,0x21,0x08,0x20,0x00,0x61,0x10,0xa1,0x18,0x23,0x31,0xa3,0x49,0x65,0x6a,0x26,0x8b,0xe8,0xb3,
    0x8b,0xf5,0xee,0xfd,0x38,0xff,0x58,0xff,0xb4,0xfe,0xab,0xfd,0xca,0xd4,0x67,0x9b,0x85,0x72,0xc4,0x51,0x22,0x31,0xc2,0x20,
    0x41,0x10,0x40,0x08,0x00,0x00,0x62,0x08,0x62,0x08,0x00,0x00,0x00,0x00,0x00,0x00,0x00,0x00,0x00,0x00,0x82,0x08,0x51,0x84,
    0x6e,0x6b,0x8e,0x6b,0x51,0x84,0x92,0x8c,0x71,0x84,0x72,0x8c,0x51,0x84,0x72,0x8c,0x51,0x84,0x51,0x84,0x51,0x84,0x51,0x84,
    0x30,0x7c,0x31,0x84,0xd3,0x94,0xd3,0x94,0x00,0x00,0x00,0x00,0x00,0x00,0x76,0xad,0x99,0xce,0x38,0xc6,0x38,0xbe,0x38,0xc6,
    0x38,0xc6,0x59,0xc6,0x58,0xc6,0x79,0xce,0x79,0xc6,0x79,0xce,0x79,0xc6,0x79,0xce,0x79,0xce,0x8e,0x6b,0x8e,0x6b,0x14,0xa5,
    0xc7,0x39,0x41,0x08,0x21,0x08,0xc7,0x39,0x8a,0x4a,0x29,0x42,0x00,0x00,0xa2,0x18,0x02,0x29,0x41,0x08,0x00,0x00,0x00,0x00,
    0x00,0x00,0x41,0x10,0xc1,0x20,0xc4,0x51,0xe6,0x82,0x4b,0xed,0x0f,0xfe,0x59,0xff,0x38,0xff,0x93,0xfe,0x8b,0xfd,0xaa,0xd4,
    0x67,0x9b,0xc6,0x7a,0xe4,0x51,0x63,0x39,0xc2,0x20,0x82,0x18,0x41,0x08,0x21,0x08,0x21,0x08,0x21,0x08,0x21,0x00,0x21,0x08,
    0x21,0x08,0x21,0x08,0x21,0x00,0x21,0x08,0x21,0x08,0x21,0x08,0x21,0x00,0x21,0x08,0x21,0x08,0x21,0x08,0x20,0x00,0x21,0x08,
    0x21,0x08,0x21,0x08,0x20,0x00,0x21,0x08,0x21,0x08,0x21,0x08,0x20,0x00,0x21,0x08,0x21,0x08,0x21,0x08,0x20,0x00,0x21,0x08,
    0x21,0x00,0x21,0x08,0x20,0x00,0x21,0x08,0x21,0x00,0x21,0x08,0x20,0x00,0x21,0x08,0x21,0x00,0x21,0x08,0x20,0x00,0x21,0x08,
    0x21,0x00,0x21,0x08,0x20,0x00,0x21,0x08,0x21,0x00,0x21,0x08,0x20,0x00,0x21,0x08,0x21,0x00,0x21,0x08,0x20,0x00,0x21,0x08,
    0x21,0x00,0x21,0x08,0x20,0x00,0x21,0x08,0x20,0x00,0x21,0x08,0x20,0x00,0x21,0x08,0x20,0x00,0x00,0x00,0x20,0x00,0x00,0x00,
    0x20,0x00,0x00,0x00,0x20,0x00,0x00,0x00,0x20,0x00,0x00,0x00,0x20,0x00,0x00,0x00,0x20,0x00,0x00,0x00,0x20,0x00,0x00,0x00,
    0x20,0x00,0x00,0x00,0x20,0x00,0x00,0x00,0x20,0x08,0x41,0x08,0x61,0x10,0xc2,0x20,0x43,0x39,0xe4,0x59,0xa5,0x72,0x67,0x9b,
    0x89,0xcc,0xab,0xfd,0x71,0xfe,0x59,0xff,0x38,0xff,0x51,0xfe,0x8b,0xfd,0x49,0xc4,0x26,0x8b,0x65,0x6a,0xa3,0x49,0x23,0x31,
    0xa1,0x18,0x61,0x10,0x20,0x08,0x00,0x00,0xc7,0x39,0x2d,0x63,0x2d,0x63,0x8a,0x52,0xa6,0x31,0x00,0x00,0x00,0x00,0x45,0x29,
    0x10,0x7c,0x8e,0x6b,0x8e,0x6b,0x92,0x8c,0x72,0x8c,0x72,0x8c,0x71,0x84,0x72,0x8c,0x51,0x84,0x51,0x84,0x51,0x84,0x51,0x84,
    0x51,0x84,0x31,0x84,0x30,0x7c,0x14,0x9d,0xf0,0x7b,0x00,0x00,0x00,0x00,0x00,0x00,0x51,0x84,0x9a,0xd6,0x17,0xbe,0x38,0xc6,
    0x38,0xbe,0x38,0xc6,0x38,0xc6,0x59,0xc6,0x38,0xc6,0x59,0xc6,0x58,0xc6,0x79,0xce,0x59,0xc6,0x79,0xce,0xcf,0x73,0x8e,0x6b,
    0x71,0x84,0xec,0x5a,0x20,0x00,0x21,0x08,0xa7,0x31,0x25,0x21,0x82,0x10,0x00,0x00,0x00,0x00,0x00,0x00,0x00,0x00,0x41,0x08,
    0x61,0x10,0xe2,0x28,0x63,0x41,0x45,0x62,0xe6,0x82,0xa8,0xa3,0x6b,0xf5,0xac,0xfd,0x38,0xff,0x58,0xff,0x16,0xff,0xab,0xfd,
    0x0a,0xe5,0xa8,0xa3,0xe6,0x82,0x45,0x62,0x63,0x41,0x02,0x29,0x81,0x18,0x61,0x10,0x40,0x08,0x21,0x08,0x20,0x00,0x21,0x08,
    0x20,0x00,0x21,0x08,0x20,0x00,0x21,0x08,0x20,0x00,0x21,0x08,0x20,0x00,0x21,0x08,0x20,0x00,0x21,0x08,0x20,0x00,0x21,0x08,
    0x20,0x00,0x21,0x08,0x20,0x00,0x21,0x08,0x20,0x00,0x21,0x08,0x62,0x08,0xc3,0x18,0x04,0x19,0x25,0x29,0x65,0x29,0x66,0x29,
    0x45,0x29,0x66,0x29,0x65,0x29,0x66,0x29,0x45,0x29,0x66,0x29,0x65,0x29,0x66,0x29,0x45,0x29,0x66,0x29,0x65,0x29,0x66,0x29,
    0x45,0x29,0x66,0x29,0x65,0x29,0x66,0x29,0x45,0x29,0x66,0x29,0x65,0x29,0x66,0x29,0x45,0x29,0x66,0x29,0x65,0x29,0x66,0x29,
    0x45,0x29,0x66,0x29,0x65,0x29,0x66,0x29,0x24,0x21,0x04,0x21,0xa3,0x10,0x82,0x10,0x00,0x00,0x21,0x00,0x00,0x00,0x21,0x08,
    0x00,0x00,0x21,0x00,0x00,0x00,0x00,0x00,0x00,0x00,0x21,0x00,0x00,0x00,0x00,0x00,0x00,0x00,0x00,0x00,0x00,0x00,0x00,0x00,
    0x00,0x00,0x00,0x00,0x00,0x00,0x00,0x00,0x00,0x00,0x40,0x08,0x40,0x08,0x81,0x18,0xe2,0x20,0x63,0x41,0x24,0x5a,0xe6,0x82,
    0x87,0x9b,0x0a,0xe5,0x8b,0xfd,0xf5,0xfe,0x38,0xff,0x58,0xff,0xcd,0xfd,0x8b,0xfd,0xa7,0xa3,0x06,0x8b,0x24,0x62,0x83,0x41,
    0xe2,0x28,0x81,0x18,0x40,0x08,0x21,0x08,0x00,0x00,0x00,0x00,0x00,0x00,0x82,0x10,0x04,0x21,0xa7,0x31,0x00,0x00,0x00,0x00,
    0x49,0x42,0xcf,0x73,0x8e,0x6b,0xaf,0x73,0x71,0x8c,0x72,0x8c,0x71,0x84,0x72,0x8c,0x51,0x84,0x51,0x84,0x51,0x84,0x51,0x84,
    0x30,0x84,0x31,0x84,0x30,0x7c,0x31,0x84,0x34,0xa5,0x2c,0x63,0x00,0x00,0x00,0x00,0x00,0x00,0x4d,0x6b,0xba,0xd6,0x18,0xc6,
    0x18,0xbe,0x38,0xc6,0x38,0xc6,0x39,0xc6,0x38,0xc6,0x59,0xc6,0x58,0xc6,0x79,0xce,0x79,0xce,0x79,0xce,0x79,0xce,0x92,0x8c,
    0x8e,0x6b,0xcf,0x73,0x91,0x8c,0x41,0x08,0x21,0x08,0x41,0x08,0x21,0x00,0x41,0x08,0x21,0x08,0x41,0x08,0x21,0x00,0x41,0x08,
    0x41,0x08,0x82,0x18,0xe2,0x20,0x63,0x41,0x04,0x5a,0xc6,0x7a,0x87,0x9b,0x2b,0xed,0x8b,0xfd,0xf5,0xfe,0x38,0xff,0x59,0xff,
    0xee,0xfd,0x8b,0xfd,0xe8,0xab,0x47,0x93,0x65,0x6a,0xc4,0x51,0x23,0x31,0xc2,0x20,0x61,0x10,0x41,0x08,0x21,0x08,0x21,0x08,
    0x21,0x08,0x21,0x08,0x20,0x00,0x21,0x08,0x21,0x08,0x21,0x08,0x20,0x00,0x21,0x08,0x21,0x08,0x21,0x08,0x20,0x00,0x21,0x08,
    0x21,0x08,0x21,0x08,0x20,0x00,0x21,0x08,0x21,0x08,0x82,0x10,0x24,0x21,0x66,0x31,0x25,0x21,0x04,0x21,0xa2,0x10,0x62,0x10,
    0x61,0x08,0x62,0x10,0x61,0x08,0x62,0x10,0x61,0x08,0x62,0x10,0x61,0x08,0x62,0x10,0x61,0x08,0x62,0x10,0x61,0x08,0x62,0x10,
    0x61,0x08,0x62,0x10,0x61,0x08,0x62,0x10,0x61,0x08,0x62,0x10,0x61,0x08,0x62,0x10,0x61,0x08,0x62,0x10,0x61,0x08,0x62,0x10,
    0x61,0x08,0x62,0x10,0x61,0x08,0x62,0x10,0x62,0x08,0xa3,0x18,0xe3,0x18,0x45,0x29,0x66,0x29,0x25,0x21,0x62,0x08,0x00,0x00,
    0x20,0x00,0x00,0x00,0x20,0x00,0x00,0x00,0x20,0x00,0x00,0x00,0x20,0x00,0x00,0x00,0x20,0x00,0x00,0x00,0x20,0x00,0x00,0x00,
    0x20,0x00,0x00,0x00,0x20,0x00,0x00,0x00,0x20,0x00,0x21,0x08,0x40,0x08,0x61,0x10,0xa1,0x18,0x23,0x31,0xa3,0x49,0x65,0x6a,
    0x26,0x8b,0xc8,0xab,0x6b,0xf5,0xac,0xfd,0x38,0xff,0x59,0xff,0x17,0xff,0xac,0xfd,0x2b,0xed,0x87,0xa3,0xc6,0x7a,0x24,0x62,
    0x63,0x39,0xe2,0x28,0x81,0x10,0x41,0x10,0x20,0x08,0x00,0x00,0x00,0x00,0x00,0x00,0x00,0x00,0x00,0x00,0x00,0x00,0x00,0x00,
    0x00,0x00,0x8e,0x6b,0x8e,0x6b,0x8f,0x73,0xcf,0x73,0x92,0x8c,0x72,0x8c,0x72,0x8c,0x71,0x8c,0x72,0x8c,0x51,0x84,0x51,0x8c,
    0x51,0x84,0x51,0x84,0x31,0x84,0x31,0x84,0x31,0x84,0x96,0xad,0x28,0x42,0x00,0x00,0x00,0x00,0x00,0x00,0x28,0x42,0xba,0xd6,
    0xf7,0xbd,0x18,0xbe,0x17,0xbe,0x38,0xc6,0x17,0xbe,0x38,0xc6,0x38,0xc6,0x58,0xc6,0x38,0xc6,0x59,0xc6,0x58,0xc6,0x79,0xce,
    0x14,0x9d,0x8e,0x6b,0x8e,0x6b,0x96,0xad,0x21,0x00,0x21,0x08,0x20,0x00,0x21,0x08,0x20,0x00,0x21,0x08,0x20,0x00,0x21,0x08,
    0x20,0x00,0x41,0x08,0x61,0x10,0xc2,0x20,0x22,0x31,0xc4,0x51,0x85,0x72,0x67,0x93,0x89,0xcc,0xab,0xfd,0x50,0xfe,0x58,0xff,
    0x38,0xff,0x72,0xfe,0x8b,0xfd,0x8a,0xcc,0x66,0x93,0xa5,0x7a,0xe4,0x51,0x63,0x39,0xc2,0x20,0x81,0x18,0x40,0x08,0x41,0x08,
    0x20,0x00,0x21,0x08,0x20,0x00,0x21,0x08,0x20,0x00,0x21,0x08,0x20,0x00,0x21,0x08,0x20,0x00,0x21,0x08,0x20,0x00,0x21,0x08,
    0x20,0x00,0x21,0x08,0x20,0x00,0x21,0x08,0x20,0x00,0xc3,0x18,0x45,0x29,0x25,0x21,0x21,0x00,0x00,0x00,0x00,0x00,0x00,0x00,
    0x00,0x00,0x00,0x00,0x00,0x00,0x00,0x00,0x00,0x00,0x00,0x00,0x00,0x00,0x00,0x00,0x00,0x00,0x00,0x00,0x00,0x00,0x00,0x00,
    0x00,0x00,0x00,0x00,0x00,0x00,0x00,0x00,0x00,0x00,0x00,0x00,0x00,0x00,0x00,0x00,0x00,0x00,0x00,0x00,0x00,0x00,0x00,0x00,
    0x00,0x00,0x00,0x00,0x00,0x00,0x00,0x00,0x00,0x00,0x00,0x00,0x00,0x00,0x00,0x00,0x00,0x00,0x41,0x08,0x04,0x21,0x66,0x29,
    0xa2,0x10,0x21,0x00,0x00,0x00,0x00,0x00,0x00,0x00,0x00,0x00,0x00,0x00,0x00,0x00,0x00,0x00,0x00,0x00,0x00,0x00,0x00,0x00,
    0x00,0x00,0x00,0x00,0x00,0x00,0x00,0x00,0x00,0x00,0x00,0x00,0x20,0x00,0x41,0x08,0x61,0x10,0xc2,0x20,0x42,0x39,0xe4,0x59,
    0xa5,0x72,0x67,0x9b,0x69,0xc4,0xab,0xfd,0x0f,0xfe,0x58,0xff,0x38,0xff,0xb3,0xfe,0x8b,0xfd,0xaa,0xd4,0x46,0x93,0x85,0x72,
    0xc3,0x49,0x23,0x31,0xa1,0x18,0x61,0x10,0x20,0x08,0x20,0x08,0x00,0x00,0x00,0x00,0x00,0x00,0x00,0x00,0x00,0x00,0x00,0x00,
    0x00,0x00,0x41,0x08,0x51,0x84,0x8e,0x6b,0x6e,0x6b,0x10,0x7c,0x71,0x84,0x72,0x8c,0x51,0x84,0x71,0x84,0x51,0x84,0x51,0x84,
    0x31,0x84,0x51,0x84,0x30,0x7c,0x31,0x84,0x10,0x7c,0x31,0x84,0x75,0xad,0x45,0x29,0x00,0x00,0x00,0x00,0x00,0x00,0xc3,0x18,
    0x99,0xce,0x38,0xc6,0x17,0xbe,0x18,0xc6,0x18,0xbe,0x38,0xc6,0x38,0xbe,0x38,0xc6,0x38,0xc6,0x59,0xc6,0x58,0xc6,0x79,0xce,
    0x59,0xc6,0xd7,0xbd,0x8e,0x6b,0x8f,0x73,0x34,0xa5,0x65,0x29,0x21,0x00,0x41,0x08,0x21,0x08,0x41,0x08,0x21,0x00,0x41,0x08,
    0x21,0x08,0x41,0x08,0x41,0x08,0x61,0x10,0xa1,0x18,0x03,0x31,0xa3,0x49,0x65,0x6a,0x06,0x8b,0xe8,0xab,0x8b,0xfd,0xcd,0xfd,
    0x38,0xff,0x58,0xff,0x16,0xff,0xac,0xfd,0x2a,0xe5,0xa8,0xab,0xe6,0x82,0x45,0x6a,0xa3,0x49,0x02,0x31,0xa1,0x18,0x61,0x10,
    0x41,0x08,0x21,0x08,0x20,0x00,0x21,0x08,0x21,0x08,0x21,0x08,0x20,0x00,0x21,0x08,0x21,0x08,0x21,0x08,0x20,0x00,0x21,0x08,
    0x21,0x08,0x21,0x08,0x20,0x00,0x21,0x08,0x21,0x00,0xc3,0x18,0x45,0x29,0xa3,0x10,0x00,0x00,0x00,0x00,0x00,0x00,0x00,0x00,
    0x00,0x00,0x00,0x00,0x00,0x00,0x00,0x00,0x00,0x00,0x00,0x00,0x00,0x00,0x00,0x00,0x00,0x00,0x00,0x00,0x00,0x00,0x00,0x00,
    0x00,0x00,0x00,0x00,0x00,0x00,0x00,0x00,0x00,0x00,0x00,0x00,0x00,0x00,0x00,0x00,0x00,0x00,0x00,0x00,0x00,0x00,0x00,0x00,
    0x00,0x00,0x00,0x00,0x00,0x00,0x00,0x00,0x00,0x00,0x00,0x00,0x00,0x00,0x00,0x00,0x00,0x00,0x00,0x00,0x00,0x00,0x00,0x00,
    0x82,0x10,0x66,0x29,0xa3,0x10,0x00,0x00,0x20,0x00,0x00,0x00,0x20,0x00,0x00,0x00,0x20,0x00,0x00,0x00,0x20,0x00,0x00,0x00,
    0x20,0x00,0x00,0x00,0x20,0x00,0x00,0x00,0x20,0x00,0x00,0x00,0x20,0x00,0x41,0x08,0x61,0x10,0xa1,0x18,0x02,0x29,0x84,0x49,
    0x25,0x62,0x06,0x83,0xa7,0xa3,0x2b,0xed,0x8b,0xfd,0xd5,0xfe,0x38,0xff,0x59,0xff,0x0e,0xfe,0xab,0xfd,0xe8,0xab,0x27,0x8b,
    0x45,0x6a,0xa3,0x49,0x02,0x29,0xa2,0x18,0x61,0x10,0x41,0x08,0x00,0x00,0x00,0x00,0x00,0x00,0x00,0x00,0x00,0x00,0x00,0x00,
    0x00,0x00,0x00,0x00,0x25,0x21,0x31,0x84,0x8e,0x6b,0x8e,0x6b,0x51,0x84,0x72,0x8c,0x72,0x8c,0x72,0x8c,0x51,0x84,0x72,0x8c,
    0x51,0x84,0x51,0x84,0x31,0x84,0x51,0x84,0x31,0x84,0x31,0x84,0x72,0x8c,0x55,0xa5,0x82,0x10,0x00,0x00,0x00,0x00,0x00,0x00,
    0x00,0x00,0xd7,0xb5,0x58,0xc6,0x18,0xbe,0xf7,0xbd,0x18,0xbe,0x17,0xbe,0x38,0xc6,0x38,0xbe,0x38,0xc6,0x38,0xc6,0x59,0xc6,
    0x38,0xc6,0x59,0xc6,0x58,0xc6,0xaf,0x73,0x8e,0x6b,0x92,0x8c,0xeb,0x5a,0x21,0x08,0x20,0x00,0x21,0x08,0x20,0x00,0x21,0x08,
    0x20,0x00,0x21,0x08,0x20,0x00,0x41,0x08,0x40,0x08,0x81,0x18,0xe2,0x20,0x63,0x41,0x04,0x5a,0xe6,0x82,0x87,0x9b,0x2b,0xed,
    0x8b,0xfd,0xf5,0xfe,0x38,0xff,0x58,0xff,0xcd,0xfd,0x8b,0xfd,0xe8,0xb3,0x47,0x93,0x85,0x72,0xe4,0x51,0x23,0x31,0xc2,0x20,
    0x61,0x10,0x41,0x08,0x20,0x00,0x21,0x08,0x20,0x00,0x21,0x08,0x20,0x00,0x21,0x08,0x20,0x00,0x21,0x08,0x20,0x00,0x21,0x08,
    0x20,0x00,0x21,0x08,0x20,0x00,0x21,0x08,0x20,0x00,0x82,0x10,0x45,0x29,0x41,0x08,0x00,0x00,0x00,0x00,0x00,0x00,0x68,0x52,
    0xc6,0x39,0xe6,0x41,0xc6,0x39,0xe6,0x41,0x06,0x42,0x65,0x31,0x00,0x00,0x00,0x00,0x00,0x00,0x00,0x00,0x00,0x00,0x04,0x21,
    0x41,0x08,0x41,0x08,0x21,0x00,0x41,0x08,0x41,0x08,0x04,0x21,0x00,0x00,0x00,0x00,0x00,0x00,0x00,0x00,0x00,0x00,0x00,0x00,
    0x00,0x00,0x00,0x00,0x00,0x00,0x00,0x00,0x00,0x00,0x00,0x00,0x44,0x29,0xe6,0x41,0xc6,0x39,0xe6,0x41,0xc6,0x39,0x27,0x4a,
    0x64,0x31,0x00,0x00,0x41,0x08,0x66,0x29,0x82,0x08,0x00,0x00,0x06,0x42,0x07,0x42,0xe6,0x41,0xe6,0x41,0xe6,0x41,0x07,0x4a,
    0xe6,0x41,0x00,0x00,0x00,0x00,0x00,0x00,0x00,0x00,0x00,0x00,0x00,0x00,0x21,0x08,0x20,0x08,0x81,0x10,0xc2,0x20,0x23,0x39,
    0xc3,0x51,0x85,0x72,0x27,0x93,0x08,0xb4,0x8b,0xf5,0xcd,0xfd,0x38,0xff,0x58,0xff,0xf6,0xfe,0xab,0xfd,0x2a,0xed,0x88,0xa3,
    0xc5,0x7a,0x04,0x5a,0x63,0x39,0xe2,0x28,0x81,0x10,0x40,0x08,0x20,0x00,0x00,0x00,0x00,0x00,0x00,0x00,0x00,0x00,0x00,0x00,
    0x00,0x00,0x00,0x00,0x00,0x00,0x69,0x4a,0xcf,0x73,0x8e,0x6b,0x8e,0x6b,0x92,0x8c,0x71,0x84,0x72,0x8c,0x51,0x84,0x71,0x8c,
    0x51,0x84,0x51,0x84,0x31,0x84,0x51,0x84,0x30,0x7c,0x31,0x84,0x10,0x7c,0xf3,0x9c,0x71,0x84,0x00,0x00,0x00,0x00,0x00,0x00,
    0x00,0x00,0x00,0x00,0x30,0x84,0x9a,0xd6,0xf7,0xbd,0x18,0xbe,0x17,0xbe,0x18,0xc6,0x18,0xbe,0x38,0xc6,0x38,0xc6,0x39,0xc6,
    0x38,0xc6,0x59,0xc6,0x58,0xc6,0x59,0xce,0x71,0x84,0x8e,0x6b,0xcf,0x73,0x92,0x94,0x21,0x08,0x21,0x08,0x21,0x00,0x41,0x08,
    0x21,0x08,0xa3,0x10,0x66,0x29,0xe4,0x18,0x21,0x08,0x41,0x10,0x61,0x10,0xe2,0x20,0x43,0x39,0xe4,0x51,0x85,0x72,0x67,0x9b,
    0x89,0xcc,0xac,0xfd,0x51,0xfe,0x59,0xff,0x58,0xff,0x93,0xfe,0x8b,0xfd,0xea,0xdc,0x87,0x9b,0xe6,0x82,0x04,0x5a,0x84,0x41,
    0x02,0x29,0xa2,0x20,0x40,0x10,0x41,0x08,0x21,0x08,0x21,0x08,0x20,0x00,0x21,0x08,0x21,0x08,0x21,0x08,0x20,0x00,0x21,0x08,
    0x21,0x00,0x21,0x08,0x20,0x00,0x21,0x08,0x21,0x00,0x41,0x08,0x45,0x29,0xc3,0x18,0x00,0x00,0x00,0x00,0x00,0x00,0x2b,0x73,
    0x58,0xff,0x59,0xff,0x38,0xff,0x59,0xff,0x58,0xff,0x59,0xff,0x17,0xf7,0x00,0x00,0x00,0x00,0x00,0x00,0x00,0x00,0xe3,0x20,
    0x38,0xf7,0x0e,0x8c,0xc3,0x18,0xe4,0x20,0xc3,0x18,0xed,0x8b,0x38,0xff,0x04,0x21,0x00,0x00,0x00,0x00,0x00,0x00,0x00,0x00,
    0x00,0x00,0x00,0x00,0x00,0x00,0x00,0x00,0x00,0x00,0x00,0x00,0x44,0x29,0xe4,0x20,0x93,0xc5,0x59,0xff,0x38,0xff,0x59,0xff,
    0x58,0xff,0x18,0xf7,0x00,0x00,0x00,0x00,0xc3,0x18,0x66,0x29,0x24,0x29,0x59,0xff,0x58,0xff,0x59,0xff,0x38,0xff,0x59,0xff,
    0x58,0xff,0x59,0xff,0xc2,0x18,0x00,0x00,0x00,0x00,0x00,0x00,0x00,0x00,0x21,0x08,0x20,0x08,0x61,0x10,0x81,0x18,0x02,0x31,
    0x83,0x41,0x25,0x62,0xe6,0x82,0x88,0xa3,0xea,0xdc,0xac,0xfd,0x72,0xfe,0x59,0xff,0x58,0xff,0x72,0xfe,0x8b,0xfd,0xaa,0xd4,
    0x47,0x93,0xa5,0x72,0xc4,0x51,0x43,0x39,0xc2,0x20,0x81,0x18,0x20,0x08,0x21,0x08,0xc3,0x18,0x66,0x31,0x82,0x10,0x00,0x00,
    0x00,0x00,0x00,0x00,0x00,0x00,0x00,0x00,0x6e,0x6b,0xaf,0x73,0x8e,0x6b,0xf0,0x7b,0x72,0x8c,0x72,0x8c,0x71,0x84,0x72,0x8c,
    0x51,0x84,0x51,0x84,0x31,0x84,0x51,0x84,0x31,0x84,0x31,0x84,0x10,0x7c,0x31,0x84,0x35,0xa5,0x2d,0x63,0x00,0x00,0x00,0x00,
    0x00,0x00,0x00,0x00,0x00,0x00,0x49,0x4a,0xba,0xce,0xf7,0xbd,0xf7,0xbd,0x17,0xbe,0xf7,0xbd,0x18,0xbe,0x17,0xbe,0x38,0xc6,
    0x17,0xbe,0x38,0xc6,0x38,0xbe,0x58,0xc6,0x38,0xc6,0x14,0x9d,0x8e,0x6b,0x8e,0x6b,0x95,0xad,0x41,0x08,0x20,0x00,0x41,0x08,
    0xe7,0x39,0xeb,0x5a,0x4d,0x63,0x8a,0x52,0xc3,0x18,0x21,0x08,0x40,0x08,0x61,0x10,0x81,0x18,0x02,0x31,0xa3,0x49,0x45,0x6a,
    0x06,0x83,0xc8,0xab,0x8b,0xf5,0xac,0xfd,0x37,0xff,0x58,0xff,0x17,0xff,0xac,0xfd,0x6a,0xf5,0xc8,0xab,0x06,0x8b,0x65,0x6a,
    0xa3,0x49,0x23,0x31,0xa2,0x18,0x81,0x18,0x40,0x08,0x41,0x08,0x20,0x00,0x21,0x08,0x20,0x00,0x21,0x08,0x20,0x00,0x21,0x08,
    0x20,0x00,0x21,0x08,0x20,0x00,0x21,0x08,0x20,0x00,0x21,0x08,0xc3,0x18,0x25,0x21,0x00,0x00,0x00,0x00,0x00,0x00,0x00,0x00,
    0x07,0x4a,0x58,0xff,0x6b,0x73,0xe6,0x41,0xc6,0x39,0xe6,0x41,0x72,0xbd,0xb6,0xee,0x00,0x00,0x00,0x00,0x00,0x00,0x00,0x00,
    0xa2,0x10,0x58,0xff,0x8c,0x7b,0x41,0x08,0x20,0x00,0x41,0x08,0x6b,0x73,0x58,0xff,0xc2,0x18,0x00,0x00,0x00,0x00,0x00,0x00,
    0x00,0x00,0x00,0x00,0x00,0x00,0x00,0x00,0x00,0x00,0x00,0x00,0x00,0x00,0x41,0x08,0xc3,0x18,0x85,0x31,0xc6,0x39,0xe6,0x41,
    0xc6,0x39,0x92,0xc5,0x75,0xde,0x00,0x00,0x00,0x00,0x00,0x00,0x24,0x21,0x86,0x31,0x38,0xff,0x6f,0x9c,0xe6,0x41,0xe6,0x41,
    0xe6,0x41,0x8f,0x9c,0x38,0xff,0xa2,0x18,0x00,0x00,0x00,0x00,0x00,0x00,0x00,0x00,0x20,0x00,0x40,0x08,0x61,0x10,0xc2,0x20,
    0x22,0x31,0xc4,0x51,0x65,0x6a,0x26,0x93,0xe7,0xab,0x8b,0xfd,0x8b,0xfd,0x17,0xff,0x38,0xff,0x38,0xff,0xac,0xfd,0x8b,0xfd,
    0xa7,0xa3,0x06,0x8b,0x24,0x62,0xa3,0x49,0xe1,0x28,0xa1,0x18,0x41,0x08,0x20,0x08,0x00,0x00,0xc3,0x18,0x6a,0x4a,0x6e,0x6b,
    0xcb,0x52,0xe7,0x39,0x00,0x00,0x00,0x00,0x20,0x00,0x51,0x84,0x8e,0x6b,0x8e,0x6b,0xf0,0x7b,0x72,0x8c,0x51,0x84,0x72,0x8c,
    0x51,0x84,0x51,0x84,0x51,0x84,0x51,0x84,0x30,0x7c,0x31,0x84,0x30,0x7c,0x30,0x7c,0x10,0x7c,0x96,0xad,0x86,0x29,0x00,0x00,
    0x00,0x00,0x00,0x00,0x00,0x00,0x00,0x00,0xc3,0x18,0x9a,0xce,0x17,0xbe,0xf7,0xbd,0xf7,0xbd,0x18,0xbe,0xf7,0xbd,0x18,0xc6,
    0x18,0xbe,0x38,0xc6,0x38,0xbe,0x38,0xc6,0x38,0xc6,0x58,0xc6,0xb6,0xb5,0x8f,0x73,0x8e,0x6b,0x34,0xa5,0xa6,0x31,0x21,0x08,
    0x41,0x08,0x6a,0x4a,0x86,0x31,0x82,0x10,0x21,0x08,0x21,0x08,0x21,0x00,0x41,0x08,0x61,0x08,0x82,0x18,0xe2,0x28,0x63,0x41,
    0x04,0x5a,0xc6,0x7a,0x67,0x9b,0x0b,0xe5,0x8b,0xfd,0xb3,0xfe,0x38,0xff,0x59,0xff,0x71,0xfe,0xab,0xfd,0xa9,0xcc,0x87,0xa3,
    0xc6,0x7a,0x24,0x62,0x63,0x41,0x02,0x29,0xa1,0x18,0x61,0x10,0x40,0x08,0x21,0x08,0x21,0x00,0x21,0x08,0x20,0x00,0x21,0x08,
    0x21,0x00,0x21,0x08,0x20,0x00,0x21,0x08,0x21,0x00,0x21,0x08,0x20,0x00,0x66,0x29,0x82,0x10,0x00,0x00,0x00,0x00,0x00,0x00,
    0x00,0x00,0x27,0x4a,0x38,0xff,0x27,0x4a,0x00,0x00,0x00,0x00,0x00,0x00,0xd0,0xac,0x96,0xe6,0x00,0x00,0x00,0x00,0x00,0x00,
    0x00,0x00,0xa2,0x18,0x38,0xff,0x8c,0x7b,0x00,0x00,0x00,0x00,0x00,0x00,0x6c,0x7b,0x38,0xff,0xe3,0x20,0x00,0x00,0x00,0x00,
    0x00,0x00,0x00,0x00,0x00,0x00,0x00,0x00,0x00,0x00,0x00,0x00,0x00,0x00,0x00,0x00,0x41,0x08,0xe4,0x18,0x21,0x08,0x00,0x00,
    0x00,0x00,0x00,0x00,0xf0,0xac,0x76,0xe6,0x00,0x00,0x00,0x00,0x00,0x00,0xa3,0x10,0xe7,0x41,0x58,0xff,0x6b,0x73,0x00,0x00,
    0x00,0x00,0x00,0x00,0x8c,0x7b,0x59,0xff,0xa2,0x18,0x00,0x00,0x00,0x00,0x00,0x00,0x20,0x08,0x41,0x08,0x61,0x10,0xa2,0x18,
    0x02,0x29,0x83,0x41,0x24,0x5a,0xe6,0x82,0x87,0x9b,0xea,0xdc,0x8b,0xfd,0x71,0xfe,0x38,0xff,0x58,0xff,0xb3,0xfe,0xac,0xfd,
    0x0a,0xe5,0x87,0x9b,0xa5,0x7a,0x04,0x5a,0x43,0x39,0xc2,0x28,0x61,0x10,0x41,0x10,0x20,0x08,0x00,0x00,0x00,0x00,0x00,0x00,
    0x61,0x08,0x86,0x31,0x49,0x42,0x21,0x08,0x00,0x00,0x66,0x29,0x10,0x7c,0x8f,0x73,0x8e,0x6b,0x51,0x84,0x71,0x84,0x72,0x8c,
    0x51,0x84,0x51,0x84,0x51,0x84,0x51,0x84,0x31,0x84,0x31,0x84,0x30,0x7c,0x31,0x84,0x10,0x7c,0x72,0x8c,0x34,0xa5,0x82,0x10,
    0x00,0x00,0x00,0x00,0x00,0x00,0x00,0x00,0x00,0x00,0x00,0x00,0xb6,0xb5,0x59,0xc6,0xd7,0xb5,0xf7,0xbd,0xf7,0xbd,0x18,0xbe,
    0xf7,0xbd,0x18,0xbe,0x17,0xbe,0x38,0xc6,0x18,0xbe,0x38,0xc6,0x38,0xc6,0x38,0xc6,0xaf,0x73,0x8e,0x6b,0x30,0x7c,0x10,0x84,
    0x20,0x00,0x21,0x08,0x20,0x00,0x21,0x08,0x20,0x00,0x21,0x08,0x20,0x00,0x21,0x08,0x20,0x00,0x41,0x08,0x61,0x10,0xc2,0x20,
    0x22,0x31,0xc4,0x51,0x65,0x6a,0x47,0x93,0x08,0xb4,0x8b,0xfd,0xcd,0xfd,0x58,0xff,0x38,0xff,0x17,0xff,0x8b,0xfd,0x4b,0xf5,
    0xa7,0xa3,0x27,0x8b,0x65,0x6a,0xc4,0x51,0x22,0x31,0xc2,0x20,0x81,0x10,0x61,0x10,0x20,0x08,0x21,0x08,0x20,0x00,0x21,0x08,
    0x20,0x00,0x21,0x08,0x20,0x00,0x21,0x08,0x20,0x00,0x21,0x08,0x20,0x00,0x82,0x10,0x45,0x29,0x41,0x08,0x00,0x00,0x00,0x00,
    0x00,0x00,0x00,0x00,0x27,0x4a,0x58,0xff,0x07,0x42,0x00,0x00,0x00,0x00,0x00,0x00,0xd0,0xa4,0x96,0xe6,0x00,0x00,0x00,0x00,
    0x00,0x00,0x00,0x00,0xa2,0x18,0x58,0xff,0x8b,0x7b,0x00,0x00,0x00,0x00,0x00,0x00,0x6b,0x73,0x58,0xff,0xc2,0x18,0x00,0x00,
    0x00,0x00,0x00,0x00,0x00,0x00,0x00,0x00,0x20,0x00,0x35,0xde,0x2a,0x6b,0x00,0x00,0x00,0x00,0x41,0x08,0xc3,0x18,0x41,0x08,
    0x00,0x00,0x00,0x00,0x00,0x00,0x11,0xad,0x55,0xde,0x00,0x00,0x00,0x00,0x00,0x00,0x41,0x08,0x08,0x42,0x38,0xff,0x6c,0x7b,
    0x00,0x00,0x00,0x00,0x00,0x00,0xac,0x83,0x38,0xff,0xa2,0x18,0x00,0x00,0x00,0x00,0x00,0x00,0x20,0x08,0x40,0x08,0x81,0x18,
    0xc1,0x20,0x43,0x39,0xc3,0x49,0x85,0x72,0x26,0x8b,0xe8,0xb3,0x6b,0xf5,0xac,0xfd,0x17,0xff,0x58,0xff,0x38,0xff,0xcd,0xfd,
    0x8b,0xfd,0x28,0xbc,0x26,0x8b,0x65,0x6a,0xa3,0x49,0x23,0x31,0xa1,0x18,0x61,0x10,0x20,0x08,0x20,0x08,0x00,0x00,0x00,0x00,
    0x00,0x00,0x00,0x00,0x00,0x00,0x00,0x00,0x00,0x00,0x00,0x00,0xcb,0x5a,0xcf,0x73,0x8e,0x6b,0xaf,0x73,0x71,0x84,0x72,0x8c,
    0x51,0x84,0x51,0x84,0x51,0x84,0x51,0x84,0x30,0x84,0x31,0x84,0x30,0x7c,0x31,0x84,0x10,0x7c,0x10,0x7c,0xd3,0x94,0x72,0x8c,
    0x00,0x00,0x00,0x00,0x00,0x00,0x00,0x00,0x00,0x00,0x00,0x00,0x00,0x00,0x30,0x84,0x79,0xce,0xf7,0xbd,0xf7,0xb5,0xf7,0xbd,
    0xf7,0xbd,0x18,0xbe,0x17,0xbe,0x18,0xc6,0x18,0xbe,0x38,0xc6,0x38,0xbe,0x38,0xc6,0x38,0xc6,0xd3,0x94,0x8e,0x6b,0x8f,0x73,
    0xb6,0xb5,0x82,0x10,0x21,0x00,0x21,0x08,0x21,0x08,0x21,0x08,0x21,0x00,0x21,0x08,0x21,0x08,0x21,0x08,0x40,0x08,0x62,0x10,
    0xa2,0x18,0x03,0x29,0x83,0x41,0x45,0x62,0xe6,0x82,0xa7,0xa3,0x2a,0xed,0xac,0xfd,0xd5,0xfe,0x59,0xff,0x38,0xff,0x51,0xfe,
    0x8b,0xfd,0xaa,0xd4,0x87,0x9b,0xe6,0x82,0x24,0x62,0x84,0x41,0x02,0x29,0xa2,0x20,0x61,0x10,0x41,0x08,0x20,0x08,0x21,0x08,
    0x21,0x00,0x21,0x08,0x20,0x00,0x21,0x08,0x21,0x00,0x21,0x08,0x20,0x00,0x21,0x08,0xc3,0x18,0x66,0x29,0x00,0x00,0x00,0x00,
    0x00,0x00,0x00,0x00,0x00,0x00,0x28,0x4a,0x58,0xff,0x27,0x4a,0x00,0x00,0x00,0x00,0x00,0x00,0xd0,0xac,0x96,0xe6,0x00,0x00,
    0x00,0x00,0x00,0x00,0x00,0x00,0xc3,0x18,0x58,0xff,0x8c,0x7b,0x00,0x00,0x00,0x00,0x00,0x00,0x6c,0x7b,0x38,0xff,0xe3,0x20,
    0x00,0x00,0x00,0x00,0x00,0x00,0x00,0x00,0x00,0x00,0x00,0x00,0x31,0xb5,0xea,0x6a,0x00,0x00,0x00,0x00,0x41,0x08,0xe4,0x20,
    0x21,0x08,0x00,0x00,0x00,0x00,0x00,0x00,0xf1,0xac,0x76,0xe6,0x00,0x00,0x00,0x00,0x00,0x00,0x00,0x00,0x07,0x42,0x59,0xff,
    0x6b,0x73,0x00,0x00,0x00,0x00,0x00,0x00,0x8c,0x7b,0x59,0xff,0xa2,0x18,0x00,0x00,0x20,0x08,0x21,0x08,0x20,0x08,0x61,0x10,
    0xa1,0x18,0x02,0x31,0x83,0x41,0x45,0x62,0xe6,0x82,0x88,0xa3,0xca,0xd4,0xac,0xfd,0x51,0xfe,0x59,0xff,0x38,0xff,0xd4,0xfe,
    0x8b,0xfd,0x2b,0xed,0x87,0x9b,0xe6,0x82,0x24,0x5a,0x63,0x41,0xe2,0x28,0x82,0x18,0x40,0x08,0x20,0x08,0x00,0x00,0x00,0x00,
    0x00,0x00,0x00,0x00,0x00,0x00,0x00,0x00,0x00,0x00,0x00,0x00,0x41,0x08,0x51,0x84,0x8e,0x6b,0x8e,0x6b,0xf0,0x7b,0x72,0x8c,
    0x71,0x84,0x51,0x8c,0x51,0x84,0x51,0x8c,0x51,0x84,0x31,0x84,0x30,0x84,0x31,0x84,0x30,0x7c,0x11,0x84,0x10,0x7c,0x55,0xa5,
    0x0c,0x5b,0x00,0x00,0x00,0x00,0x00,0x00,0x00,0x00,0x00,0x00,0x00,0x00,0x00,0x00,0x28,0x42,0x9a,0xd6,0xd6,0xb5,0xd7,0xbd,
    0xd7,0xb5,0xf7,0xbd,0xf7,0xb5,0xf7,0xbd,0xf7,0xbd,0x17,0xbe,0x17,0xbe,0x18,0xbe,0x17,0xbe,0x38,0xc6,0x96,0xad,0x8e,0x6b,
    0x6e,0x6b,0xf3,0x9c,0x69,0x4a,0x21,0x08,0x20,0x00,0x21,0x08,0x20,0x00,0x21,0x08,0x20,0x00,0x21,0x08,0x20,0x00,0x41,0x08,
    0x40,0x08,0x81,0x10,0xc2,0x20,0x43,0x39,0xc4,0x51,0x85,0x72,0x26,0x93,0x69,0xc4,0x8b,0xfd,0x0f,0xfe,0x38,0xff,0x58,0xff,
    0x17,0xff,0xac,0xfd,0x6b,0xf5,0xe8,0xb3,0x26,0x8b,0x85,0x72,0xc4,0x51,0x63,0x39,0xc2,0x20,0x81,0x18,0x40,0x08,0x41,0x08,
    0x20,0x00,0x21,0x08,0x20,0x00,0x21,0x08,0x20,0x00,0x21,0x08,0x20,0x00,0x21,0x08,0x20,0x00,0xc3,0x18,0x04,0x21,0x00,0x00,
    0x00,0x00,0x00,0x00,0x00,0x00,0x00,0x00,0x47,0x52,0xca,0x5a,0x24,0x21,0xa3,0x10,0x82,0x10,0xa3,0x10,0xe7,0x41,0x0e,0x8c,
    0x00,0x00,0x00,0x00,0x00,0x00,0x00,0x00,0xa2,0x10,0x58,0xff,0x55,0xde,0x72,0xbd,0x72,0xbd,0x72,0xbd,0x75,0xde,0x58,0xff,
    0xc2,0x18,0x00,0x00,0x00,0x00,0x00,0x00,0x00,0x00,0x00,0x00,0x00,0x00,0x00,0x00,0x00,0x00,0x00,0x00,0x00,0x00,0x03,0x21,
    0x51,0xb5,0x92,0xbd,0x72,0xbd,0x72,0xbd,0x72,0xbd,0xf7,0xee,0xf7,0xf6,0x00,0x00,0x00,0x00,0x00,0x00,0x00,0x00,0xc7,0x39,
    0x0a,0x63,0xa6,0x31,0x82,0x10,0xa3,0x10,0x82,0x10,0xa6,0x39,0x4b,0x6b,0xa2,0x18,0x00,0x00,0x20,0x08,0x20,0x08,0x41,0x10,
    0x81,0x10,0xe2,0x28,0x42,0x39,0xe4,0x59,0x85,0x72,0x46,0x93,0xe8,0xb3,0x8b,0xfd,0x8b,0xfd,0x17,0xff,0x38,0xff,0x38,0xff,
    0xcd,0xfd,0xab,0xfd,0x28,0xbc,0x46,0x93,0x65,0x6a,0xc4,0x51,0x22,0x31,0xc2,0x20,0x61,0x10,0x40,0x08,0x20,0x00,0x00,0x00,
    0x00,0x00,0x00,0x00,0x00,0x00,0x00,0x00,0x00,0x00,0x00,0x00,0x00,0x00,0xc7,0x39,0xf0,0x7b,0x8e,0x6b,0x8e,0x6b,0x51,0x84,
    0x51,0x84,0x51,0x84,0x51,0x84,0x51,0x84,0x30,0x7c,0x31,0x84,0x30,0x7c,0x31,0x84,0x10,0x7c,0x10,0x7c,0x10,0x7c,0x10,0x7c,
    0x95,0xad,0x86,0x31,0x00,0x00,0x00,0x00,0x00,0x00,0x00,0x00,0x00,0x00,0x00,0x00,0x00,0x00,0xc3,0x18,0x59,0xc6,0x18,0xbe,
    0xd7,0xb5,0xd7,0xbd,0xd7,0xb5,0xf7,0xbd,0xf7,0xbd,0xf8,0xbd,0xf7,0xbd,0x18,0xc6,0x17,0xbe,0x18,0xc6,0x18,0xbe,0x38,0xc6,
    0xef,0x73,0x8e,0x6b,0xef,0x73,0x92,0x94,0x21,0x08,0x21,0x08,0x20,0x00,0x21,0x08,0x21,0x08,0x21,0x08,0x20,0x00,0x62,0x10,
    0x21,0x08,0x41,0x08,0x61,0x10,0xc2,0x20,0x02,0x29,0xa4,0x49,0x45,0x62,0x06,0x8b,0xa7,0xa3,0x6b,0xf5,0x8b,0xfd,0xf5,0xfe,
    0x38,0xff,0x58,0xff,0x72,0xfe,0xac,0xfd,0xca,0xdc,0x88,0xa3,0xe6,0x82,0x45,0x6a,0xa3,0x49,0x23,0x31,0xc2,0x20,0x82,0x18,
    0x41,0x08,0x41,0x08,0x20,0x08,0x21,0x08,0x21,0x00,0x21,0x08,0x20,0x00,0x21,0x08,0x20,0x00,0x21,0x08,0xc3,0x18,0x04,0x21,
    0x00,0x00,0x00,0x00,0x00,0x00,0x00,0x00,0x00,0x00,0x0a,0x6b,0x04,0x21,0xe4,0x18,0xc3,0x18,0xe4,0x18,0xc3,0x18,0xe4,0x18,
    0x89,0x5a,0x00,0x00,0x00,0x00,0x00,0x00,0x00,0x00,0x82,0x10,0x18,0xf7,0x59,0xff,0x38,0xff,0x58,0xff,0x38,0xff,0x59,0xff,
    0x38,0xff,0xe6,0x41,0x00,0x00,0x00,0x00,0x00,0x00,0x00,0x00,0x00,0x00,0x00,0x00,0x00,0x00,0x00,0x00,0x00,0x00,0x00,0x00,
    0xa5,0x39,0x18,0xf7,0x38,0xff,0x59,0xff,0x38,0xff,0x58,0xff,0x38,0xff,0x38,0xff,0x00,0x00,0x00,0x00,0x00,0x00,0x00,0x00,
    0x48,0x4a,0x66,0x31,0xc3,0x18,0xe4,0x18,0xc3,0x18,0xe4,0x18,0xc3,0x18,0xa6,0x39,0x24,0x29,0x21,0x08,0x20,0x08,0x61,0x10,
    0x61,0x10,0xc2,0x20,0x22,0x31,0xc4,0x51,0x45,0x6a,0x06,0x8b,0xa7,0xa3,0x2b,0xe5,0x8b,0xfd,0x72,0xfe,0x38,0xff,0x59,0xff,
    0xb4,0xfe,0xab,0xfd,0x2a,0xe5,0x87,0xa3,0xc6,0x82,0x25,0x62,0x83,0x41,0x02,0x29,0x81,0x18,0x61,0x10,0x20,0x08,0x00,0x00,
    0x41,0x08,0x00,0x00,0x00,0x00,0x00,0x00,0x00,0x00,0x00,0x00,0x00,0x00,0x00,0x00,0x6d,0x6b,0xaf,0x73,0x8e,0x6b,0xaf,0x73,
    0x71,0x84,0x72,0x8c,0x51,0x84,0x51,0x84,0x51,0x84,0x51,0x84,0x31,0x84,0x31,0x84,0x30,0x7c,0x31,0x84,0x10,0x7c,0x10,0x7c,
    0x71,0x8c,0x14,0x9d,0x82,0x10,0x00,0x00,0x00,0x00,0x00,0x00,0x00,0x00,0x00,0x00,0x00,0x00,0x00,0x00,0x00,0x00,0x55,0xad,
    0x38,0xc6,0xd7,0xb5,0xd6,0xb5,0xd7,0xb5,0xd6,0xb5,0xf7,0xbd,0xf7,0xb5,0xf7,0xbd,0xf7,0xbd,0x18,0xbe,0x17,0xbe,0x18,0xbe,
    0x17,0xbe,0xf3,0x9c,0x8e,0x6b,0x8e,0x6b,0x95,0xad,0xa3,0x18,0x20,0x00,0x21,0x08,0x20,0x00,0x21,0x08,0xe3,0x18,0x6a,0x4a,
    0x2c,0x63,0x21,0x08,0x20,0x08,0x61,0x10,0x81,0x10,0xe2,0x20,0x43,0x39,0xe4,0x59,0x85,0x72,0x47,0x93,0x49,0xc4,0xab,0xfd,
    0xcd,0xfd,0x38,0xff,0x38,0xff,0x38,0xff,0xac,0xfd,0x8b,0xfd,0x08,0xb4,0x67,0x9b,0xa5,0x72,0x04,0x5a,0x63,0x41,0x02,0x29,
    0xa1,0x18,0x61,0x10,0x40,0x08,0x21,0x08,0x20,0x00,0x21,0x00,0x20,0x00,0x21,0x08,0x20,0x00,0x21,0x00,0x00,0x00,0xc3,0x18,
    0x24,0x21,0x00,0x00,0x00,0x00,0x00,0x00,0x00,0x00,0x00,0x00,0x27,0x4a,0x58,0xff,0x07,0x42,0x00,0x00,0x00,0x00,0x00,0x00,
    0xd0,0xa4,0x96,0xe6,0x00,0x00,0x00,0x00,0x00,0x00,0x00,0x00,0x00,0x00,0xe4,0x18,0x61,0x08,0x00,0x00,0x00,0x00,0x00,0x00,
    0x6b,0x73,0x58,0xff,0xc2,0x18,0x00,0x00,0x00,0x00,0x00,0x00,0x00,0x00,0x00,0x00,0x00,0x00,0xa9,0x5a,0x23,0x21,0x00,0x00,
    0x00,0x00,0x41,0x08,0xc3,0x18,0x41,0x08,0x00,0x00,0x00,0x00,0x00,0x00,0x11,0xad,0x55,0xde,0x00,0x00,0x00,0x00,0x00,0x00,
    0x00,0x00,0xe7,0x39,0x38,0xff,0x6c,0x7b,0x00,0x00,0x00,0x00,0x00,0x00,0xac,0x83,0x38,0xff,0xa2,0x18,0x20,0x00,0x40,0x08,
    0x61,0x10,0xa1,0x18,0x02,0x29,0x83,0x41,0x04,0x5a,0xc6,0x7a,0x67,0x9b,0x69,0xc4,0x8b,0xfd,0xcd,0xfd,0x38,0xff,0x58,0xff,
    0x37,0xff,0xcd,0xfd,0x8b,0xfd,0x49,0xbc,0x26,0x8b,0x85,0x72,0xc3,0x51,0x43,0x39,0xc1,0x20,0x61,0x10,0x40,0x08,0x20,0x08,
    0x00,0x00,0x2d,0x63,0x49,0x42,0xc3,0x18,0x00,0x00,0x00,0x00,0x00,0x00,0x00,0x00,0x61,0x08,0x51,0x84,0x8e,0x6b,0x8e,0x6b,
    0xef,0x7b,0x71,0x8c,0x51,0x84,0x51,0x84,0x31,0x84,0x51,0x84,0x30,0x84,0x31,0x84,0x10,0x7c,0x31,0x84,0x10,0x7c,0x10,0x7c,
    0xf0,0x7b,0x14,0x9d,0xef,0x7b,0x00,0x00,0x00,0x00,0x00,0x00,0x00,0x00,0x00,0x00,0x00,0x00,0x00,0x00,0x00,0x00,0x00,0x00,
    0xeb,0x5a,0x9a,0xd6,0xb6,0xb5,0xd7,0xb5,0xd7,0xb5,0xf7,0xbd,0xd7,0xb5,0xf7,0xbd,0xf7,0xbd,0xf7,0xbd,0xf7,0xbd,0x18,0xbe,
    0x18,0xbe,0x18,0xc6,0xd6,0xb5,0x8f,0x73,0x8e,0x6b,0xd3,0x94,0xcb,0x5a,0x21,0x08,0x21,0x08,0xe4,0x20,0xcb,0x52,0x2d,0x63,
    0xe7,0x39,0x82,0x10,0x20,0x00,0x21,0x08,0x41,0x08,0x81,0x10,0xa1,0x18,0x23,0x31,0xa3,0x41,0x45,0x62,0xe6,0x82,0xa8,0xa3,
    0x2b,0xed,0xac,0xfd,0x93,0xfe,0x59,0xff,0x58,0xff,0xb4,0xfe,0x8b,0xfd,0x4b,0xed,0xc7,0xab,0x27,0x8b,0x65,0x6a,0xe4,0x51,
    0x43,0x39,0xe2,0x28,0xa1,0x18,0x62,0x10,0x41,0x08,0x41,0x08,0x20,0x08,0x21,0x08,0x20,0x00,0x00,0x00,0x20,0x00,0x21,0x08,
    0x82,0x10,0x66,0x29,0x00,0x00,0x00,0x00,0x00,0x00,0x00,0x00,0x00,0x00,0x28,0x4a,0x58,0xff,0x27,0x4a,0x00,0x00,0x00,0x00,
    0x00,0x00,0xd0,0xac,0x96,0xe6,0x00,0x00,0x00,0x00,0x00,0x00,0x00,0x00,0x00,0x00,0xc3,0x18,0x62,0x10,0x00,0x00,0x00,0x00,
    0x00,0x00,0x6c,0x7b,0x38,0xff,0xe3,0x20,0x00,0x00,0x00,0x00,0x00,0x00,0x00,0x00,0x00,0x00,0x41,0x08,0x38,0xff,0x2e,0x94,
    0x00,0x00,0x00,0x00,0x41,0x08,0xe4,0x20,0x21,0x08,0x00,0x00,0x00,0x00,0x00,0x00,0xf1,0xac,0x76,0xe6,0x00,0x00,0x00,0x00,
    0x00,0x00,0x00,0x00,0x08,0x42,0x59,0xff,0x6b,0x73,0x00,0x00,0x00,0x00,0x00,0x00,0x8c,0x7b,0x59,0xff,0xc2,0x18,0x41,0x08,
    0x61,0x10,0xa1,0x18,0xe2,0x28,0x63,0x41,0xe4,0x51,0x85,0x72,0x26,0x93,0xe8,0xb3,0x6b,0xf5,0xac,0xfd,0xd5,0xfe,0x59,0xff,
    0x58,0xff,0x72,0xfe,0x8b,0xfd,0x0b,0xe5,0x67,0x9b,0xe6,0x82,0x24,0x62,0x84,0x41,0xe2,0x28,0xa1,0x18,0x61,0x10,0x41,0x08,
    0x00,0x00,0x00,0x00,0x61,0x08,0xe8,0x39,0x2d,0x63,0xcb,0x5a,0xc3,0x18,0x00,0x00,0x00,0x00,0x08,0x42,0xf0,0x73,0x8f,0x73,
    0x8e,0x6b,0x51,0x84,0x51,0x84,0x72,0x8c,0x51,0x84,0x51,0x84,0x31,0x84,0x51,0x84,0x31,0x84,0x31,0x84,0x10,0x7c,0x31,0x84,
    0x10,0x7c,0x10,0x7c,0x96,0xad,0xe8,0x41,0x00,0x00,0x00,0x00,0x00,0x00,0x00,0x00,0x00,0x00,0x00,0x00,0x00,0x00,0x00,0x00,
    0x00,0x00,0xc3,0x18,0x38,0xc6,0x17,0xbe,0xb6,0xad,0xd7,0xb5,0xd6,0xb5,0xd7,0xb5,0xd6,0xb5,0xf7,0xbd,0xf7,0xb5,0xf7,0xbd,
    0xf7,0xb5,0xf7,0xbd,0xf7,0xbd,0x18,0xbe,0x10,0x7c,0x8e,0x6b,0xae,0x73,0x75,0xad,0x21,0x00,0x21,0x08,0xc3,0x18,0x66,0x29,
    0x20,0x00,0x21,0x08,0x20,0x00,0x21,0x08,0x20,0x00,0x41,0x08,0x40,0x08,0x81,0x18,0xc2,0x20,0x43,0x39,0xc4,0x51,0x85,0x72,
    0x26,0x8b,0x08,0xbc,0x8b,0xfd,0xac,0xfd,0x17,0xff,0x58,0xff,0x38,0xff,0x0f,0xfe,0x8b,0xfd,0xca,0xd4,0x87,0x9b,0xe6,0x82,
    0x44,0x62,0xa3,0x49,0x22,0x31,0xc2,0x20,0x81,0x10,0x61,0x10,0x20,0x08,0x21,0x08,0x20,0x00,0x21,0x00,0x00,0x00,0x21,0x08,
    0x20,0x00,0x21,0x08,0x65,0x29,0x61,0x08,0x00,0x00,0x00,0x00,0x00,0x00,0x00,0x00,0x07,0x4a,0x58,0xff,0x07,0x4a,0x00,0x00,
    0x00,0x00,0x00,0x00,0xd0,0xa4,0xb6,0xe6,0x00,0x00,0x00,0x00,0x00,0x00,0x00,0x00,0x00,0x00,0xc3,0x18,0x61,0x08,0x00,0x00,
    0x00,0x00,0x00,0x00,0x6b,0x73,0x58,0xff,0xc2,0x18,0x00,0x00,0x00,0x00,0x00,0x00,0x00,0x00,0x00,0x00,0x00,0x00,0xa6,0x39,
    0xc2,0x18,0x00,0x00,0x00,0x00,0x41,0x08,0xc3,0x18,0x41,0x08,0x00,0x00,0x00,0x00,0x00,0x00,0x11,0xad,0x75,0xde,0x00,0x00,
    0x00,0x00,0x00,0x00,0x41,0x08,0x08,0x42,0x38,0xff,0x6b,0x73,0x00,0x00,0x00,0x00,0x00,0x00,0x8c,0x7b,0x38,0xff,0xc2,0x20,
    0x40,0x08,0x81,0x18,0xc1,0x20,0x43,0x39,0xc3,0x49,0x65,0x6a,0x06,0x83,0xa8,0xa3,0x0a,0xdd,0xab,0xfd,0x30,0xfe,0x58,0xff,
    0x38,0xff,0xf6,0xfe,0x8b,0xfd,0x8b,0xfd,0xc7,0xab,0x06,0x8b,0x64,0x6a,0xc4,0x51,0x22,0x31,0xc2,0x20,0x61,0x10,0x40,0x08,
    0x20,0x00,0x00,0x00,0x00,0x00,0x00,0x00,0x00,0x00,0x21,0x08,0x45,0x29,0xc3,0x18,0x00,0x00,0x21,0x00,0xef,0x7b,0x8e,0x6b,
    0x6e,0x6b,0xcf,0x73,0x51,0x84,0x51,0x84,0x51,0x84,0x51,0x84,0x31,0x84,0x31,0x84,0x30,0x7c,0x31,0x84,0x10,0x7c,0x30,0x7c,
    0x10,0x7c,0x10,0x7c,0x72,0x8c,0xf4,0x9c,0x82,0x08,0x00,0x00,0x00,0x00,0x00,0x00,0x00,0x00,0x00,0x00,0x00,0x00,0x00,0x00,
    0x00,0x00,0x00,0x00,0x00,0x00,0xb3,0x94,0x59,0xc6,0xb7,0xb5,0xb6,0xb5,0xd7,0xb5,0xd7,0xb5,0xd7,0xb5,0xd7,0xb5,0xf7,0xbd,
    0xf7,0xbd,0xf7,0xbd,0xf7,0xbd,0x18,0xbe,0x17,0xbe,0x34,0xa5,0x8e,0x6b,0x8f,0x73,0xf3,0x9c,0x6a,0x4a,0x20,0x00,0x21,0x08,
    0x21,0x00,0x21,0x08,0x20,0x00,0x21,0x08,0x21,0x00,0x21,0x08,0x20,0x08,0x41,0x10,0x61,0x10,0xa9,0x5a,0x26,0x52,0x84,0x49,
    0x24,0x62,0xe6,0x82,0x67,0x9b,0xea,0xe4,0x8b,0xfd,0x50,0xfe,0x38,0xff,0x59,0xff,0x17,0xff,0xcd,0xfd,0x8b,0xfd,0x49,0xc4,
    0x67,0x9b,0xc6,0x82,0x24,0x62,0xa4,0x49,0x23,0x31,0xc2,0x20,0x81,0x10,0x62,0x10,0x40,0x08,0x41,0x08,0x20,0x08,0x00,0x00,
    0x20,0x00,0x00,0x00,0x20,0x00,0x25,0x29,0xe4,0x18,0x00,0x00,0x00,0x00,0x00,0x00,0x00,0x00,0x27,0x4a,0x38,0xff,0x27,0x4a,
    0x00,0x00,0x00,0x00,0x00,0x00,0xd0,0xac,0x96,0xe6,0x00,0x00,0x00,0x00,0x00,0x00,0x00,0x00,0x00,0x00,0xc3,0x18,0x62,0x10,
    0x00,0x00,0x00,0x00,0x00,0x00,0x6c,0x7b,0x38,0xff,0xe3,0x20,0x00,0x00,0x00,0x00,0x00,0x00,0x00,0x00,0x00,0x00,0x00,0x00,
    0x00,0x00,0x00,0x00,0x00,0x00,0x00,0x00,0x41,0x08,0xe4,0x18,0x21,0x08,0x00,0x00,0x00,0x00,0x00,0x00,0xf0,0xac,0x76,0xe6,
    0x00,0x00,0x00,0x00,0x00,0x00,0x04,0x21,0xc7,0x39,0x58,0xff,0x6b,0x73,0x00,0x00,0x00,0x00,0x21,0x08,0x8c,0x7b,0x59,0xff,
    0xe3,0x20,0x81,0x18,0xc1,0x20,0x43,0x39,0xa3,0x49,0x45,0x6a,0xe6,0x82,0x87,0xa3,0x89,0xcc,0xab,0xfd,0xcd,0xfd,0x38,0xff,
    0x38,0xff,0x58,0xff,0xee,0xfd,0xac,0xfd,0xa9,0xcc,0x67,0x9b,0xa5,0x7a,0x04,0x5a,0x63,0x41,0x27,0x52,0x89,0x5a,0x61,0x10,
    0x20,0x08,0x00,0x00,0x00,0x00,0x00,0x00,0x00,0x00,0x00,0x00,0x00,0x00,0x00,0x00,0x00,0x00,0x00,0x00,0xa7,0x31,0x10,0x7c,
    0x8e,0x6b,0x8e,0x6b,0x10,0x7c,0x72,0x8c,0x51,0x84,0x51,0x84,0x31,0x84,0x51,0x84,0x31,0x84,0x31,0x84,0x10,0x7c,0x31,0x84,
    0x10,0x7c,0x10,0x7c,0xf0,0x7b,0x34,0xa5,0x8e,0x6b,0x00,0x00,0x00,0x00,0x00,0x00,0x00,0x00,0x00,0x00,0x00,0x00,0x00,0x00,
    0x00,0x00,0x00,0x00,0x00,0x00,0x00,0x00,0x48,0x42,0x7a,0xce,0xb6,0xb5,0xb6,0xb5,0xb6,0xad,0xd6,0xb5,0xb6,0xb5,0xd7,0xb5,
    0xd6,0xb5,0xf7,0xb5,0xd7,0xb5,0xf7,0xbd,0xf7,0xb5,0xf7,0xbd,0xf7,0xbd,0xef,0x7b,0x8e,0x6b,0xcf,0x73,0x34,0xa5,0x21,0x08,
    0x20,0x00,0x21,0x08,0x20,0x00,0x21,0x08,0x20,0x00,0x21,0x08,0x20,0x00,0x21,0x08,0xc6,0x39,0x95,0xb5,0xb9,0xd6,0x77,0xd6,
    0x43,0x39,0xc3,0x51,0x65,0x6a,0x07,0x8b,0xa7,0xa3,0x6b,0xf5,0x8b,0xfd,0xd4,0xfe,0x38,0xff,0x58,0xff,0xd5,0xfe,0xab,0xfd,
    0x4b,0xed,0xe8,0xb3,0x46,0x93,0xa6,0x7a,0x04,0x5a,0x83,0x41,0x02,0x31,0xc2,0x20,0x61,0x10,0x61,0x10,0x20,0x08,0x21,0x08,
    0x00,0x00,0x21,0x00,0x00,0x00,0x00,0x00,0x82,0x10,0x66,0x29,0x62,0x08,0x00,0x00,0x00,0x00,0x00,0x00,0xc9,0x62,0x58,0xff,
    0x38,0xff,0x58,0xff,0x38,0xff,0x58,0xff,0x38,0xff,0x18,0xf7,0x00,0x00,0x00,0x00,0x00,0x00,0x00,0x00,0x00,0x00,0xe4,0x18,
    0xc3,0x18,0xe3,0x18,0xc3,0x18,0xe4,0x18,0xc3,0x18,0x86,0x31,0xa2,0x18,0x00,0x00,0x00,0x00,0x00,0x00,0x00,0x00,0x00,0x00,
    0x00,0x00,0x00,0x00,0x00,0x00,0x00,0x00,0x00,0x00,0x24,0x29,0xc3,0x18,0xb3,0xc5,0x38,0xff,0x58,0xff,0x38,0xff,0x58,0xff,
    0xf7,0xee,0x00,0x00,0x00,0x00,0x82,0x10,0x45,0x29,0x65,0x31,0x38,0xff,0x58,0xff,0x38,0xff,0x58,0xff,0x38,0xff,0x58,0xff,
    0x38,0xff,0x03,0x29,0xc1,0x20,0x23,0x31,0x83,0x41,0x25,0x62,0xc5,0x7a,0x67,0x9b,0x08,0xb4,0x8b,0xfd,0xac,0xfd,0x16,0xff,
    0x38,0xff,0x58,0xff,0x92,0xfe,0xab,0xfd,0x4a,0xed,0xa7,0xa3,0xe6,0x82,0x45,0x6a,0x83,0x41,0x43,0x39,0x77,0xd6,0xd9,0xde,
    0x74,0xad,0xa6,0x39,0x00,0x00,0x00,0x00,0x00,0x00,0x00,0x00,0x00,0x00,0x00,0x00,0x00,0x00,0x00,0x00,0x00,0x00,0xcf,0x73,
    0x8e,0x6b,0x8e,0x6b,0x8e,0x6b,0x51,0x84,0x51,0x84,0x51,0x84,0x31,0x84,0x51,0x84,0x30,0x7c,0x31,0x84,0x10,0x7c,0x31,0x84,
    0x10,0x7c,0x10,0x7c,0x10,0x7c,0x10,0x7c,0x75,0xad,0x86,0x31,0x00,0x00,0x00,0x00,0x00,0x00,0x00,0x00,0x00,0x00,0x00,0x00,
    0x00,0x00,0x00,0x00,0x00,0x00,0x00,0x00,0x00,0x00,0x82,0x10,0x18,0xbe,0x18,0xbe,0xb6,0xb5,0xb6,0xb5,0xb6,0xb5,0xd7,0xb5,
    0xd7,0xb5,0xd7,0xb5,0xd7,0xb5,0xf7,0xbd,0xf7,0xb5,0xf7,0xbd,0xf7,0xbd,0x18,0xbe,0x14,0x9d,0x8e,0x6b,0x8e,0x6b,0x14,0xa5,
    0x08,0x42,0x21,0x08,0x20,0x00,0x21,0x08,0x21,0x00,0x21,0x08,0x20,0x00,0xe4,0x20,0xb2,0x94,0xda,0xde,0xb9,0xd6,0xda,0xde,
    0x12,0xa5,0x23,0x31,0x63,0x41,0x05,0x5a,0xa5,0x7a,0x67,0x93,0x49,0xbc,0xac,0xfd,0xac,0xfd,0x17,0xff,0x38,0xff,0x59,0xff,
    0x51,0xfe,0xac,0xfd,0x2a,0xe5,0xc8,0xab,0x26,0x93,0xa6,0x7a,0x04,0x5a,0x84,0x41,0x23,0x31,0xc2,0x20,0x81,0x10,0x61,0x10,
    0x40,0x08,0x41,0x08,0x20,0x00,0x00,0x00,0x20,0x00,0x00,0x00,0x04,0x19,0x66,0x29,0x20,0x00,0x00,0x00,0x00,0x00,0xa2,0x18,
    0xf0,0xac,0xcd,0x83,0xac,0x7b,0xad,0x83,0xac,0x83,0x4f,0x94,0xac,0x7b,0x00,0x00,0x00,0x00,0x00,0x00,0x00,0x00,0x00,0x00,
    0x82,0x10,0x82,0x10,0x62,0x08,0x82,0x10,0x62,0x08,0xc3,0x18,0xe7,0x41,0x00,0x00,0x00,0x00,0x00,0x00,0x00,0x00,0x00,0x00,
    0x00,0x00,0x00,0x00,0x00,0x00,0x00,0x00,0x00,0x00,0x00,0x00,0x41,0x08,0x68,0x52,0x8c,0x7b,0xad,0x83,0xac,0x7b,0xad,0x83,
    0x4e,0x94,0xac,0x83,0x00,0x00,0x21,0x08,0x45,0x29,0x04,0x21,0x00,0x00,0xb0,0xa4,0x0d,0x8c,0xad,0x83,0xac,0x83,0xcd,0x83,
    0x2e,0x94,0xaf,0xa4,0xc2,0x20,0x23,0x31,0x83,0x41,0x04,0x62,0xa5,0x72,0x47,0x93,0xc8,0xab,0x6b,0xf5,0x8b,0xfd,0xd5,0xfe,
    0x58,0xff,0x59,0xff,0xf6,0xfe,0xac,0xfd,0x8b,0xf5,0x08,0xb4,0x26,0x8b,0x85,0x72,0xe4,0x51,0x43,0x39,0x03,0x29,0x33,0xad,
    0xd9,0xd6,0xda,0xde,0xba,0xd6,0x92,0x94,0xc3,0x18,0x00,0x00,0x00,0x00,0x00,0x00,0x00,0x00,0x00,0x00,0x00,0x00,0xa7,0x31,
    0x10,0x7c,0x8e,0x6b,0x8e,0x6b,0x11,0x84,0x51,0x84,0x51,0x84,0x51,0x84,0x51,0x84,0x31,0x84,0x31,0x84,0x30,0x7c,0x31,0x84,
    0x10,0x7c,0x10,0x7c,0x10,0x7c,0x10,0x7c,0xb2,0x8c,0xd3,0x9c,0x21,0x08,0x00,0x00,0x00,0x00,0x00,0x00,0x00,0x00,0x00,0x00,
    0x00,0x00,0x00,0x00,0x00,0x00,0x00,0x00,0x00,0x00,0x00,0x00,0x00,0x00,0x51,0x84,0x38,0xc6,0xb6,0xad,0x96,0xad,0xb6,0xb5,
    0xb6,0xad,0xb6,0xb5,0xb6,0xb5,0xd7,0xb5,0xd6,0xb5,0xd7,0xb5,0xd7,0xb5,0xf7,0xbd,0xd7,0xb5,0xf7,0xbd,0xaf,0x73,0x8e,0x6b,
    0xcf,0x73,0xd3,0x94,0x20,0x00,0x21,0x08,0x20,0x00,0x21,0x08,0x61,0x08,0x8e,0x73,0x99,0xce,0xda,0xd6,0xb9,0xd6,0xf6,0xbd,
    0x68,0x4a,0x61,0x10,0xc1,0x18,0x22,0x31,0x83,0x41,0x45,0x62,0xc6,0x7a,0x87,0x9b,0xc9,0xd4,0xab,0xfd,0xee,0xfd,0x58,0xff,
    0x38,0xff,0x58,0xff,0x0e,0xfe,0xab,0xfd,0xea,0xdc,0xa7,0xa3,0x06,0x8b,0x85,0x72,0xe4,0x51,0x83,0x41,0x02,0x29,0xc2,0x20,
    0x61,0x10,0x61,0x10,0x20,0x08,0x41,0x08,0x00,0x00,0x00,0x00,0x00,0x00,0x21,0x08,0x04,0x19,0x24,0x21,0x20,0x00,0x00,0x00,
    0x00,0x00,0x00,0x00,0x00,0x00,0x00,0x00,0x00,0x00,0x00,0x00,0x00,0x00,0x00,0x00,0x00,0x00,0x00,0x00,0x00,0x00,0x00,0x00,
    0x00,0x00,0x00,0x00,0x00,0x00,0x00,0x00,0x00,0x00,0x00,0x00,0x00,0x00,0x00,0x00,0x00,0x00,0x00,0x00,0x00,0x00,0x00,0x00,
    0x00,0x00,0x00,0x00,0x00,0x00,0x00,0x00,0x00,0x00,0x00,0x00,0x00,0x00,0x00,0x00,0x00,0x00,0x00,0x00,0x00,0x00,0x00,0x00,
    0x00,0x00,0x00,0x00,0x00,0x00,0x41,0x08,0x04,0x21,0x04,0x21,0x00,0x00,0x00,0x00,0x00,0x00,0x20,0x08,0x20,0x00,0x20,0x08,
    0x40,0x08,0x81,0x18,0xc1,0x20,0x03,0x31,0x63,0x41,0x04,0x5a,0x85,0x72,0x26,0x93,0xa7,0xa3,0x4b,0xed,0x8b,0xfd,0x71,0xfe,
    0x38,0xff,0x58,0xff,0x37,0xff,0xcd,0xfd,0x8b,0xfd,0x69,0xc4,0x46,0x93,0xa5,0x7a,0x04,0x5a,0x83,0x41,0xe1,0x28,0xa1,0x18,
    0x41,0x08,0x68,0x4a,0xf6,0xbd,0xda,0xde,0xba,0xd6,0x99,0xce,0x6d,0x6b,0x41,0x08,0x00,0x00,0x00,0x00,0x00,0x00,0x00,0x00,
    0x8e,0x6b,0xae,0x73,0x8e,0x6b,0xaf,0x73,0x51,0x84,0x51,0x84,0x51,0x84,0x51,0x84,0x30,0x7c,0x31,0x84,0x30,0x7c,0x31,0x84,
    0x10,0x7c,0x10,0x7c,0x10,0x7c,0x10,0x7c,0xef,0x73,0x34,0xa5,0x2c,0x63,0x00,0x00,0x00,0x00,0x00,0x00,0x00,0x00,0x00,0x00,
    0x00,0x00,0x00,0x00,0x00,0x00,0x00,0x00,0x00,0x00,0x00,0x00,0x00,0x00,0x00,0x00,0xe7,0x39,0x59,0xce,0xb6,0xb5,0xb6,0xb5,
    0xb6,0xad,0xb6,0xb5,0xb6,0xb5,0xd7,0xb5,0xd6,0xb5,0xd7,0xb5,0xd6,0xb5,0xd7,0xbd,0xd7,0xb5,0xf7,0xbd,0xf7,0xb5,0xf4,0x9c,
    0x8e,0x6b,0x8e,0x6b,0x14,0x9d,0xc7,0x39,0x21,0x00,0x21,0x08,0xc7,0x39,0x38,0xc6,0xda,0xd6,0xda,0xde,0x99,0xce,0x4d,0x6b,
    0x41,0x08,0x41,0x08,0x41,0x08,0xa2,0x18,0xe2,0x20,0x43,0x39,0xc3,0x51,0x65,0x72,0x06,0x8b,0xa8,0xa3,0x4a,0xed,0xac,0xfd,
    0x71,0xfe,0x58,0xff,0x38,0xff,0x38,0xff,0xee,0xfd,0xab,0xfd,0xca,0xd4,0xa8,0xa3,0x26,0x8b,0x85,0x72,0x04,0x5a,0x84,0x49,
    0x23,0x31,0xc2,0x20,0x81,0x18,0x61,0x10,0x40,0x08,0x41,0x08,0x20,0x00,0x00,0x00,0x20,0x00,0x21,0x08,0x04,0x19,0x66,0x29,
    0x82,0x10,0x00,0x00,0x00,0x00,0x00,0x00,0x00,0x00,0x00,0x00,0x00,0x00,0x00,0x00,0x00,0x00,0x00,0x00,0x00,0x00,0x00,0x00,
    0x00,0x00,0x00,0x00,0x00,0x00,0x00,0x00,0x00,0x00,0x00,0x00,0x00,0x00,0x00,0x00,0x00,0x00,0x00,0x00,0x00,0x00,0x00,0x00,
    0x00,0x00,0x00,0x00,0x00,0x00,0x00,0x00,0x00,0x00,0x00,0x00,0x00,0x00,0x00,0x00,0x00,0x00,0x00,0x00,0x00,0x00,0x00,0x00,
    0x00,0x00,0x00,0x00,0x00,0x00,0xa3,0x18,0x45,0x29,0x04,0x21,0x00,0x00,0x00,0x00,0x00,0x00,0x00,0x00,0x20,0x08,0x41,0x08,
    0x61,0x10,0x81,0x18,0xc1,0x20,0x23,0x31,0x83,0x41,0x04,0x5a,0x85,0x72,0x27,0x93,0xa7,0xa3,0x2b,0xed,0x8b,0xfd,0x30,0xfe,
    0x38,0xff,0x58,0xff,0x38,0xff,0x51,0xfe,0x8b,0xfd,0x0a,0xe5,0x87,0x9b,0xe6,0x82,0x45,0x62,0xa3,0x49,0x22,0x31,0xc2,0x20,
    0x61,0x10,0x40,0x08,0x20,0x00,0x41,0x08,0x4d,0x6b,0x99,0xd6,0xda,0xd6,0xda,0xde,0x17,0xbe,0xa6,0x39,0x00,0x00,0x00,0x00,
    0x45,0x29,0x10,0x7c,0x8e,0x6b,0x8f,0x73,0x10,0x7c,0x51,0x84,0x51,0x84,0x51,0x84,0x51,0x84,0x31,0x84,0x30,0x7c,0x31,0x84,
    0x30,0x7c,0x10,0x7c,0x10,0x7c,0x10,0x7c,0x10,0x7c,0x31,0x84,0x34,0xa5,0x45,0x29,0x00,0x00,0x00,0x00,0x00,0x00,0x00,0x00,
    0x00,0x00,0x00,0x00,0x00,0x00,0x00,0x00,0x00,0x00,0x00,0x00,0x00,0x00,0x00,0x00,0x00,0x00,0x00,0x00,0x75,0xad,0x18,0xc6,
    0x95,0xad,0x96,0xad,0x96,0xad,0xb6,0xb5,0xb6,0xad,0xb6,0xb5,0xb6,0xb5,0xd7,0xb5,0xd6,0xb5,0xd7,0xb5,0xd6,0xb5,0xf7,0xbd,
    0xd6,0xb5,0xaf,0x73,0x8e,0x6b,0xef,0x7b,0x92,0x8c,0x41,0x08,0x20,0x00,0xb6,0xb5,0xba,0xd6,0xda,0xd6,0x50,0x84,0xc3,0x18,
    0x20,0x00,0x21,0x00,0x20,0x00,0x41,0x08,0x61,0x10,0xa1,0x18,0xe2,0x28,0x63,0x41,0xe4,0x51,0x85,0x72,0x26,0x8b,0xe8,0xb3,
    0x6b,0xf5,0xab,0xfd,0x93,0xfe,0x58,0xff,0x38,0xff,0x17,0xff,0xcc,0xfd,0x8b,0xfd,0xa9,0xd4,0xa8,0xa3,0x06,0x8b,0x85,0x72,
    0xe4,0x59,0x83,0x41,0x22,0x31,0xe2,0x28,0x81,0x18,0x61,0x10,0x40,0x08,0x41,0x08,0x20,0x00,0x20,0x08,0x00,0x00,0x00,0x00,
    0xc3,0x10,0x66,0x29,0x45,0x21,0xe4,0x18,0x61,0x08,0x00,0x00,0x00,0x00,0x00,0x00,0x00,0x00,0x00,0x00,0x00,0x00,0x00,0x00,
    0x00,0x00,0x00,0x00,0x00,0x00,0x00,0x00,0x00,0x00,0x00,0x00,0x00,0x00,0x00,0x00,0x00,0x00,0x00,0x00,0x00,0x00,0x00,0x00,
    0x00,0x00,0x00,0x00,0x00,0x00,0x00,0x00,0x00,0x00,0x00,0x00,0x00,0x00,0x00,0x00,0x00,0x00,0x00,0x00,0x00,0x00,0x00,0x00,
    0x00,0x00,0x82,0x10,0xc3,0x18,0x45,0x29,0x45,0x29,0xc3,0x18,0x00,0x00,0x00,0x00,0x00,0x00,0x20,0x08,0x20,0x00,0x40,0x08,
    0x41,0x10,0x81,0x18,0xc1,0x20,0x23,0x31,0x83,0x41,0x04,0x5a,0x85,0x72,0x27,0x8b,0xa7,0xa3,0xea,0xdc,0x8b,0xfd,0x0f,0xfe,
    0x38,0xff,0x58,0xff,0x38,0xff,0xb4,0xfe,0x8b,0xfd,0x4b,0xf5,0xa7,0xa3,0x06,0x8b,0x64,0x6a,0xc4,0x51,0x42,0x39,0xc2,0x28,
    0x81,0x10,0x61,0x10,0x20,0x08,0x00,0x00,0x00,0x00,0x00,0x00,0xa2,0x10,0x51,0x8c,0xba,0xd6,0xda,0xd6,0x75,0xad,0x00,0x00,
    0x00,0x00,0x8e,0x6b,0x8e,0x6b,0x8e,0x6b,0x8e,0x6b,0x51,0x84,0x51,0x84,0x51,0x84,0x30,0x7c,0x31,0x84,0x30,0x7c,0x31,0x84,
    0x10,0x7c,0x10,0x7c,0x10,0x7c,0x10,0x7c,0xf0,0x7b,0xf0,0x7b,0xf3,0x94,0x51,0x84,0x00,0x00,0x00,0x00,0x00,0x00,0x00,0x00,
    0x00,0x00,0x00,0x00,0x00,0x00,0x00,0x00,0x00,0x00,0x00,0x00,0x00,0x00,0x00,0x00,0x00,0x00,0x00,0x00,0x00,0x00,0x6a,0x52,
    0x79,0xce,0x96,0xad,0x96,0xad,0xb6,0xb5,0x96,0xad,0xb6,0xb5,0xb6,0xad,0xb7,0xb5,0xb6,0xb5,0xd7,0xb5,0xd6,0xb5,0xd7,0xbd,
    0xd7,0xb5,0xf7,0xbd,0xf3,0x9c,0x8f,0x73,0x8e,0x6b,0xd3,0x94,0x6a,0x4a,0x21,0x08,0xeb,0x62,0xd3,0x9c,0x86,0x31,0x21,0x08,
    0x20,0x00,0x00,0x00,0x20,0x00,0x21,0x08,0x40,0x08,0x61,0x10,0x81,0x10,0xc2,0x20,0x02,0x31,0x84,0x41,0x04,0x5a,0xc6,0x7a,
    0x47,0x93,0x49,0xc4,0x8b,0xfd,0xac,0xfd,0xd5,0xfe,0x59,0xff,0x38,0xff,0x17,0xff,0xcd,0xfd,0xac,0xfd,0xca,0xd4,0xc8,0xab,
    0x26,0x8b,0xa6,0x7a,0x04,0x5a,0xa4,0x49,0x23,0x31,0xe2,0x28,0xa1,0x18,0x82,0x18,0x40,0x10,0x41,0x08,0x20,0x08,0x21,0x08,
    0x20,0x00,0x00,0x00,0x21,0x08,0xc4,0x18,0x24,0x21,0x66,0x29,0x65,0x29,0x25,0x21,0x04,0x21,0x04,0x21,0x04,0x21,0x25,0x21,
    0x04,0x21,0x04,0x21,0x04,0x21,0x25,0x21,0x04,0x21,0x04,0x21,0x04,0x21,0x25,0x21,0x04,0x21,0x04,0x21,0x04,0x21,0x25,0x21,
    0x04,0x21,0x04,0x21,0x04,0x21,0x25,0x21,0x04,0x21,0x04,0x21,0x04,0x21,0x25,0x21,0x04,0x21,0x04,0x21,0x04,0x21,0x25,0x21,
    0x24,0x21,0x66,0x29,0x65,0x29,0x25,0x21,0xc3,0x18,0x21,0x08,0x00,0x00,0x00,0x00,0x00,0x00,0x00,0x00,0x20,0x08,0x41,0x10,
    0x61,0x10,0xa1,0x18,0xc2,0x20,0x43,0x39,0x83,0x49,0x05,0x62,0xa5,0x72,0x27,0x93,0xa7,0xa3,0xea,0xdc,0x8b,0xfd,0xee,0xfd,
    0x38,0xff,0x59,0xff,0x38,0xff,0xf6,0xfe,0xac,0xfd,0x8b,0xfd,0xe8,0xb3,0x47,0x93,0x85,0x72,0x04,0x5a,0x63,0x41,0x02,0x29,
    0x81,0x18,0x61,0x10,0x40,0x08,0x21,0x08,0x00,0x00,0x00,0x00,0x00,0x00,0x00,0x00,0x00,0x00,0x86,0x31,0xd2,0x9c,0xeb,0x5a,
    0x00,0x00,0xc7,0x39,0xf0,0x7b,0x8f,0x73,0x8e,0x6b,0x10,0x7c,0x51,0x84,0x51,0x84,0x51,0x84,0x31,0x84,0x30,0x84,0x31,0x84,
    0x30,0x7c,0x11,0x84,0x10,0x7c,0x11,0x84,0x10,0x7c,0x10,0x7c,0x10,0x7c,0x76,0xad,0xc7,0x31,0x00,0x00,0x00,0x00,0x00,0x00,
    0x00,0x00,0x00,0x00,0x00,0x00,0x00,0x00,0x00,0x00,0x00,0x00,0x00,0x00,0x00,0x00,0x00,0x00,0x00,0x00,0x00,0x00,0x00,0x00,
    0x20,0x00,0xb6,0xb5,0xf7,0xbd,0x96,0xad,0x95,0xad,0x96,0xad,0x96,0xad,0xb6,0xb5,0x96,0xad,0xb6,0xb5,0xb6,0xad,0xb7,0xb5,
    0xb6,0xb5,0xd7,0xb5,0xd6,0xb5,0xd7,0xb5,0xef,0x73,0x8e,0x6b,0x8e,0x6b,0x34,0xa5,0x61,0x08,0x21,0x00,0x00,0x00,0x21,0x08,
    0x20,0x00,0x21,0x00,0x00,0x00,0x21,0x08,0x00,0x00,0x21,0x08,0x20,0x08,0x61,0x10,0x61,0x10,0xc2,0x20,0x22,0x31,0xa3,0x49,
    0x24,0x62,0xe6,0x82,0x67,0x9b,0x69,0xcc,0x8b,0xfd,0xac,0xfd,0xf6,0xfe,0x58,0xff,0x38,0xff,0x17,0xff,0xcd,0xfd,0xab,0xfd,
    0xc9,0xd4,0xa7,0xa3,0x26,0x8b,0xc6,0x7a,0x24,0x62,0xc3,0x49,0x42,0x39,0x02,0x29,0xa1,0x18,0x81,0x18,0x61,0x08,0x41,0x08,
    0x20,0x00,0x20,0x08,0x00,0x00,0x00,0x00,0x00,0x00,0x00,0x00,0x00,0x00,0x62,0x08,0xa2,0x10,0xc3,0x18,0xa3,0x10,0xc3,0x18,
    0xa2,0x10,0xc3,0x18,0xa3,0x10,0xc3,0x18,0xa2,0x10,0xc3,0x18,0xa3,0x10,0xc3,0x18,0xa2,0x10,0xc3,0x18,0xa3,0x10,0xc3,0x18,
    0xa2,0x10,0xc3,0x18,0xa3,0x10,0xc3,0x18,0xa2,0x10,0xc3,0x18,0xa3,0x10,0xc3,0x18,0xa2,0x10,0xc3,0x18,0xa3,0x10,0xc3,0x18,
    0xa2,0x10,0xa3,0x10,0x61,0x08,0x00,0x00,0x00,0x00,0x00,0x00,0x00,0x00,0x00,0x00,0x00,0x00,0x20,0x08,0x20,0x08,0x61,0x10,
    0x61,0x10,0xa1,0x18,0xc1,0x20,0x43,0x39,0xa3,0x49,0x25,0x62,0xa5,0x72,0x26,0x93,0xa7,0xa3,0x0a,0xe5,0x8b,0xfd,0xcd,0xfd,
    0x17,0xff,0x58,0xff,0x38,0xff,0xf6,0xfe,0xab,0xfd,0x8b,0xfd,0x28,0xbc,0x47,0x93,0xa5,0x72,0x04,0x5a,0x83,0x41,0x02,0x31,
    0xa1,0x18,0x61,0x10,0x20,0x08,0x20,0x08,0x00,0x00,0x00,0x00,0x00,0x00,0x00,0x00,0x00,0x00,0x00,0x00,0x00,0x00,0x00,0x00,
    0x00,0x00,0x61,0x08,0xef,0x73,0x8e,0x6b,0x6e,0x6b,0xaf,0x73,0x51,0x84,0x51,0x84,0x30,0x7c,0x31,0x84,0x30,0x7c,0x31,0x84,
    0x10,0x7c,0x10,0x7c,0x10,0x7c,0x10,0x7c,0xf0,0x7b,0xf0,0x7b,0xef,0x73,0xd3,0x94,0x71,0x84,0x21,0x08,0x00,0x00,0x00,0x00,
    0x00,0x00,0x00,0x00,0x00,0x00,0x00,0x00,0x00,0x00,0x00,0x00,0x00,0x00,0x00,0x00,0x00,0x00,0x00,0x00,0x00,0x00,0x00,0x00,
    0x00,0x00,0x00,0x00,0xaa,0x52,0x7a,0xce,0x75,0xad,0x96,0xad,0x95,0xad,0x96,0xb5,0x96,0xad,0xb6,0xb5,0x96,0xad,0xb7,0xb5,
    0xb6,0xb5,0xb7,0xb5,0xb6,0xb5,0xd7,0xb5,0xd7,0xb5,0x75,0xad,0x8e,0x6b,0x8f,0x73,0x31,0x84,0x6d,0x6b,0x20,0x00,0x21,0x08,
    0x20,0x00,0x00,0x00,0x20,0x00,0x00,0x00,0x20,0x00,0x00,0x00,0x61,0x08,0x41,0x08,0x40,0x08,0x61,0x10,0x81,0x18,0xe2,0x28,
    0x43,0x39,0xc4,0x51,0x45,0x6a,0xe6,0x82,0x87,0x9b,0xca,0xdc,0x8b,0xfd,0xcd,0xfd,0xf6,0xfe,0x58,0xff,0x38,0xff,0x37,0xff,
    0xcd,0xfd,0xab,0xfd,0x0a,0xe5,0xc8,0xab,0x47,0x93,0xc6,0x82,0x45,0x6a,0xe4,0x51,0x63,0x41,0x22,0x31,0xc2,0x20,0xa2,0x18,
    0x81,0x10,0x61,0x10,0x40,0x08,0x41,0x08,0x20,0x08,0x21,0x08,0x00,0x00,0x00,0x00,0x00,0x00,0x00,0x00,0x00,0x00,0x00,0x00,
    0x00,0x00,0x00,0x00,0x00,0x00,0x00,0x00,0x00,0x00,0x00,0x00,0x00,0x00,0x00,0x00,0x00,0x00,0x00,0x00,0x00,0x00,0x00,0x00,
    0x00,0x00,0x00,0x00,0x00,0x00,0x00,0x00,0x00,0x00,0x00,0x00,0x00,0x00,0x00,0x00,0x00,0x00,0x00,0x00,0x00,0x00,0x00,0x00,
    0x00,0x00,0x00,0x00,0x00,0x00,0x00,0x00,0x00,0x00,0x00,0x00,0x00,0x00,0x00,0x00,0x20,0x08,0x40,0x08,0x40,0x08,0x61,0x10,
    0x81,0x18,0xc2,0x20,0x02,0x29,0x63,0x41,0xc4,0x51,0x45,0x6a,0xc5,0x7a,0x47,0x93,0xc8,0xab,0x2b,0xed,0x8b,0xfd,0xee,0xfd,
    0x17,0xff,0x58,0xff,0x38,0xff,0x17,0xff,0xcc,0xfd,0xab,0xfd,0x69,0xc4,0x67,0x9b,0xc6,0x7a,0x45,0x62,0xa3,0x49,0x23,0x31,
    0xc1,0x20,0x61,0x10,0x41,0x08,0x21,0x08,0x00,0x00,0x62,0x08,0x00,0x00,0x00,0x00,0x00,0x00,0x00,0x00,0x00,0x00,0x00,0x00,
    0x00,0x00,0x00,0x00,0xaa,0x52,0xcf,0x73,0x8e,0x6b,0x8e,0x6b,0x30,0x7c,0x51,0x84,0x51,0x84,0x51,0x84,0x30,0x7c,0x31,0x84,
    0x30,0x7c,0x31,0x84,0x10,0x7c,0x10,0x7c,0x10,0x7c,0x10,0x7c,0xf0,0x7b,0x10,0x7c,0x76,0xad,0x08,0x3a,0x00,0x00,0x00,0x00,
    0x00,0x00,0x00,0x00,0x00,0x00,0x00,0x00,0x00,0x00,0x00,0x00,0x00,0x00,0x00,0x00,0x00,0x00,0x00,0x00,0x00,0x00,0x00,0x00,
    0x00,0x00,0x00,0x00,0x00,0x00,0x62,0x10,0xb6,0xb5,0xf7,0xbd,0x75,0xad,0x96,0xad,0x75,0xad,0x96,0xad,0x95,0xad,0x96,0xad,
    0x96,0xad,0xb6,0xb5,0xb6,0xad,0xb6,0xb5,0xb6,0xad,0xd6,0xb5,0xb6,0xb5,0x72,0x8c,0x8e,0x6b,0x8e,0x6b,0x14,0x9d,0x24,0x21,
    0x00,0x00,0x21,0x00,0x00,0x00,0x21,0x08,0x00,0x00,0x21,0x08,0x08,0x3a,0x0c,0x63,0x00,0x00,0x41,0x08,0x40,0x08,0x61,0x10,
    0x81,0x18,0xe2,0x28,0x43,0x39,0xe4,0x51,0x44,0x6a,0x06,0x8b,0x87,0x9b,0x0a,0xdd,0x8b,0xfd,0xcc,0xfd,0xf6,0xfe,0x58,0xff,
    0x38,0xff,0x37,0xff,0xcd,0xfd,0xab,0xfd,0x4a,0xed,0x08,0xb4,0x67,0x9b,0x06,0x83,0x65,0x6a,0x04,0x5a,0x83,0x41,0x43,0x39,
    0xe2,0x28,0xc2,0x20,0x81,0x10,0x61,0x10,0x40,0x08,0x40,0x08,0x20,0x00,0x21,0x08,0x00,0x00,0x00,0x00,0x00,0x00,0x00,0x00,
    0x00,0x00,0x00,0x00,0x00,0x00,0x00,0x00,0x00,0x00,0x00,0x00,0x00,0x00,0x00,0x00,0x00,0x00,0x00,0x00,0x00,0x00,0x00,0x00,
    0x00,0x00,0x00,0x00,0x00,0x00,0x00,0x00,0x00,0x00,0x00,0x00,0x00,0x00,0x00,0x00,0x00,0x00,0x00,0x00,0x00,0x00,0x00,0x00,
    0x00,0x00,0x00,0x00,0x00,0x00,0x00,0x00,0x00,0x00,0x00,0x00,0x00,0x00,0x20,0x08,0x20,0x08,0x40,0x08,0x41,0x08,0x81,0x18,
    0xa1,0x18,0xe2,0x28,0x22,0x31,0x83,0x41,0xe3,0x51,0x65,0x6a,0xc6,0x82,0x67,0x9b,0xc7,0xab,0x4b,0xed,0x8b,0xfd,0xee,0xfd,
    0x17,0xff,0x58,0xff,0x38,0xff,0x38,0xff,0xcd,0xfd,0xab,0xfd,0x89,0xcc,0x67,0x9b,0xc5,0x7a,0x45,0x62,0xa3,0x49,0x43,0x39,
    0xc1,0x20,0x81,0x18,0x40,0x08,0x20,0x08,0x00,0x00,0x00,0x00,0x0c,0x5b,0x08,0x42,0x00,0x00,0x00,0x00,0x00,0x00,0x00,0x00,
    0x00,0x00,0x00,0x00,0xa3,0x10,0x10,0x7c,0x8e,0x6b,0x8e,0x6b,0xcf,0x73,0x51,0x84,0x30,0x84,0x31,0x84,0x30,0x7c,0x31,0x84,
    0x10,0x7c,0x10,0x7c,0x10,0x7c,0x10,0x7c,0xf0,0x7b,0x10,0x7c,0xf0,0x7b,0xf0,0x7b,0xb2,0x8c,0x92,0x8c,0x41,0x08,0x00,0x00,
    0x00,0x00,0x00,0x00,0x00,0x00,0x00,0x00,0x00,0x00,0x00,0x00,0x00,0x00,0x00,0x00,0x00,0x00,0x00,0x00,0x00,0x00,0x00,0x00,
    0x00,0x00,0x00,0x00,0x00,0x00,0x00,0x00,0x00,0x00,0x2d,0x63,0x59,0xc6,0x76,0xad,0x75,0xad,0x96,0xad,0x95,0xad,0x96,0xb5,
    0x96,0xad,0x96,0xad,0x96,0xad,0xb6,0xb5,0xb6,0xb5,0xb6,0xb5,0xb6,0xb5,0xd7,0xb5,0x96,0xad,0xaf,0x73,0x8e,0x6b,0xcf,0x7b,
    0x31,0x84,0x00,0x00,0x20,0x00,0x00,0x00,0x20,0x00,0xa2,0x10,0xcb,0x5a,0xcb,0x5a,0xa3,0x18,0x00,0x00,0x20,0x00,0x41,0x08,
    0x40,0x08,0x61,0x10,0xa1,0x18,0x02,0x31,0x63,0x39,0xe4,0x51,0x65,0x6a,0x06,0x8b,0x87,0xa3,0xea,0xdc,0x8b,0xfd,0xcd,0xfd,
    0xf6,0xfe,0x59,0xff,0x38,0xff,0x38,0xff,0x2f,0xfe,0xac,0xfd,0x6b,0xf5,0x49,0xc4,0x87,0xa3,0x27,0x8b,0xa5,0x7a,0x45,0x6a,
    0xe4,0x51,0x63,0x41,0x22,0x31,0xe2,0x28,0xa1,0x18,0x81,0x18,0x61,0x10,0x41,0x10,0x40,0x08,0x41,0x08,0x00,0x00,0x21,0x08,
    0x00,0x00,0x00,0x00,0x00,0x00,0x00,0x00,0x00,0x00,0x00,0x00,0x00,0x00,0x00,0x00,0x00,0x00,0x00,0x00,0x00,0x00,0x00,0x00,
    0x00,0x00,0x00,0x00,0x00,0x00,0x00,0x00,0x00,0x00,0x00,0x00,0x00,0x00,0x00,0x00,0x00,0x00,0x00,0x00,0x00,0x00,0x00,0x00,
    0x00,0x00,0x00,0x00,0x00,0x00,0x00,0x00,0x00,0x00,0x00,0x00,0x20,0x08,0x41,0x08,0x40,0x08,0x61,0x10,0x61,0x10,0xa2,0x20,
    0xc2,0x20,0x03,0x31,0x43,0x39,0xc4,0x51,0x24,0x62,0xa5,0x7a,0x06,0x8b,0x87,0xa3,0x28,0xbc,0x6b,0xf5,0x8b,0xfd,0x30,0xfe,
    0x38,0xff,0x59,0xff,0x38,0xff,0x38,0xff,0xcd,0xfd,0xac,0xfd,0xc9,0xd4,0x87,0xa3,0xe6,0x82,0x65,0x6a,0xc3,0x51,0x43,0x39,
    0xe2,0x28,0x81,0x18,0x61,0x10,0x41,0x08,0x20,0x08,0x00,0x00,0x00,0x00,0xa3,0x18,0xab,0x52,0xcb,0x5a,0x62,0x08,0x00,0x00,
    0x00,0x00,0x00,0x00,0x00,0x00,0x4d,0x6b,0x8e,0x6b,0x8e,0x6b,0x8e,0x6b,0x51,0x84,0x51,0x84,0x51,0x84,0x31,0x84,0x31,0x84,
    0x31,0x84,0x31,0x84,0x10,0x7c,0x31,0x84,0x10,0x7c,0x10,0x7c,0xf0,0x7b,0x10,0x7c,0xf0,0x7b,0x76,0xad,0x28,0x42,0x00,0x00,
    0x00,0x00,0x00,0x00,0x00,0x00,0x00,0x00,0x00,0x00,0x00,0x00,0x00,0x00,0x00,0x00,0x00,0x00,0x00,0x00,0x00,0x00,0x00,0x00,
    0x00,0x00,0x00,0x00,0x00,0x00,0x00,0x00,0x00,0x00,0x00,0x00,0x82,0x10,0xf7,0xbd,0xb6,0xb5,0x75,0xad,0x75,0xa5,0x76,0xad,
    0x75,0xa5,0x96,0xad,0x75,0xad,0x96,0xad,0x95,0xad,0xb6,0xad,0x96,0xad,0xb6,0xb5,0x96,0xad,0xb6,0xb5,0xd3,0x94,0x8e,0x6b,
    0x6e,0x6b,0x72,0x8c,0x08,0x3a,0x00,0x00,0x00,0x00,0x62,0x08,0x2c,0x63,0xa7,0x31,0x00,0x00,0x00,0x00,0x00,0x00,0x00,0x00,
    0x00,0x00,0x40,0x08,0x40,0x08,0x81,0x10,0xa1,0x18,0x02,0x31,0x63,0x39,0xe4,0x59,0x65,0x6a,0x06,0x8b,0x87,0x9b,0xea,0xdc,
    0x8b,0xfd,0xac,0xfd,0xd5,0xfe,0x58,0xff,0x38,0xff,0x58,0xff,0x92,0xfe,0xab,0xfd,0x8b,0xf5,0xaa,0xd4,0xa7,0xa3,0x47,0x9b,
    0xe5,0x7a,0x85,0x72,0x04,0x5a,0xa3,0x49,0x42,0x39,0x02,0x31,0xc2,0x20,0xa1,0x18,0x61,0x10,0x61,0x10,0x40,0x08,0x40,0x08,
    0x20,0x00,0x20,0x08,0x00,0x00,0x20,0x08,0x00,0x00,0x00,0x00,0x00,0x00,0x00,0x00,0x00,0x00,0x00,0x00,0x00,0x00,0x00,0x00,
    0x00,0x00,0x00,0x00,0x00,0x00,0x00,0x00,0x00,0x00,0x00,0x00,0x00,0x00,0x00,0x00,0x00,0x00,0x00,0x00,0x00,0x00,0x00,0x00,
    0x00,0x00,0x00,0x00,0x00,0x00,0x00,0x00,0x20,0x00,0x20,0x08,0x20,0x08,0x40,0x08,0x41,0x08,0x61,0x10,0x81,0x18,0xc2,0x20,
    0xe1,0x28,0x43,0x39,0x83,0x41,0xe4,0x59,0x44,0x6a,0xc6,0x82,0x26,0x8b,0xa8,0xa3,0x89,0xcc,0x8b,0xfd,0x8b,0xfd,0x92,0xfe,
    0x38,0xff,0x58,0xff,0x38,0xff,0x17,0xff,0xac,0xfd,0xab,0xfd,0xa9,0xd4,0x87,0x9b,0xe5,0x82,0x65,0x6a,0xc3,0x51,0x43,0x39,
    0xc1,0x20,0x81,0x18,0x41,0x08,0x40,0x08,0x20,0x00,0x00,0x00,0x00,0x00,0x00,0x00,0x00,0x00,0x00,0x00,0x86,0x31,0x2d,0x63,
    0x41,0x08,0x00,0x00,0x00,0x00,0x86,0x31,0xcf,0x73,0x8e,0x6b,0x8e,0x6b,0x10,0x7c,0x30,0x7c,0x31,0x84,0x30,0x7c,0x31,0x84,
    0x10,0x7c,0x30,0x7c,0x10,0x7c,0x10,0x7c,0xf0,0x7b,0x10,0x7c,0xef,0x73,0xf0,0x7b,0xef,0x73,0x92,0x8c,0x92,0x8c,0x62,0x10,
    0x00,0x00,0x00,0x00,0x00,0x00,0x00,0x00,0x00,0x00,0x00,0x00,0x00,0x00,0x00,0x00,0x00,0x00,0x00,0x00,0x00,0x00,0x00,0x00,
    0x00,0x00,0x00,0x00,0x00,0x00,0x00,0x00,0x00,0x00,0x00,0x00,0x00,0x00,0x00,0x00,0x8e,0x6b,0x38,0xc6,0x55,0xa5,0x76,0xad,
    0x75,0xad,0x76,0xad,0x75,0xad,0x96,0xad,0x96,0xad,0x96,0xad,0x96,0xad,0xb6,0xb5,0x96,0xad,0xb6,0xb5,0xb6,0xad,0xb6,0xb5,
    0xf0,0x7b,0x8e,0x6b,0x8e,0x6b,0xf3,0x9c,0x04,0x21,0x00,0x00,0x20,0x00,0x82,0x10,0x20,0x00,0x00,0x00,0x20,0x00,0x00,0x00,
    0x20,0x00,0x00,0x00,0x20,0x00,0x41,0x08,0x41,0x08,0x81,0x10,0xa2,0x18,0x02,0x31,0x63,0x41,0xe4,0x59,0x65,0x6a,0x06,0x8b,
    0x87,0x9b,0xca,0xd4,0x8b,0xfd,0xac,0xfd,0xb3,0xfe,0x58,0xff,0x38,0xff,0x59,0xff,0xf5,0xfe,0xcd,0xfd,0x8b,0xfd,0x4b,0xf5,
    0x28,0xbc,0x87,0xa3,0x26,0x8b,0xc6,0x7a,0x45,0x6a,0x04,0x5a,0x83,0x49,0x63,0x39,0x02,0x29,0xe2,0x28,0xa1,0x18,0xa2,0x18,
    0x61,0x10,0x61,0x10,0x40,0x08,0x41,0x08,0x20,0x08,0x41,0x08,0x20,0x00,0x21,0x08,0x00,0x00,0x00,0x00,0x00,0x00,0x00,0x00,
    0x00,0x00,0x00,0x00,0x00,0x00,0x00,0x00,0x00,0x00,0x00,0x00,0x00,0x00,0x00,0x00,0x00,0x00,0x00,0x00,0x00,0x00,0x00,0x00,
    0x00,0x00,0x00,0x00,0x20,0x08,0x41,0x08,0x40,0x08,0x40,0x10,0x41,0x08,0x81,0x10,0x81,0x18,0xa1,0x20,0xc2,0x20,0x02,0x31,
    0x43,0x39,0xa3,0x49,0xe4,0x51,0x45,0x6a,0xa5,0x72,0x06,0x8b,0x67,0x9b,0x08,0xb4,0x0a,0xe5,0xab,0xfd,0xac,0xfd,0xf5,0xfe,
    0x38,0xff,0x58,0xff,0x38,0xff,0x16,0xff,0xac,0xfd,0xab,0xfd,0x89,0xcc,0x87,0xa3,0xe6,0x82,0x65,0x6a,0xc4,0x51,0x63,0x41,
    0xe2,0x28,0xa1,0x18,0x61,0x10,0x40,0x08,0x20,0x08,0x00,0x00,0x00,0x00,0x00,0x00,0x00,0x00,0x00,0x00,0x00,0x00,0x00,0x00,
    0x62,0x10,0x00,0x00,0x00,0x00,0xc3,0x18,0xef,0x73,0x8e,0x6b,0x8e,0x6b,0xaf,0x73,0x51,0x84,0x51,0x84,0x31,0x84,0x31,0x84,
    0x30,0x7c,0x31,0x84,0x10,0x7c,0x31,0x84,0x10,0x7c,0x10,0x7c,0xf0,0x7b,0x10,0x7c,0xf0,0x7b,0xf0,0x7b,0x34,0xa5,0x8a,0x52,
    0x00,0x00,0x00,0x00,0x00,0x00,0x00,0x00,0x00,0x00,0x00,0x00,0x00,0x00,0x00,0x00,0x00,0x00,0x00,0x00,0x00,0x00,0x00,0x00,
    0x00,0x00,0x00,0x00,0x00,0x00,0x00,0x00,0x00,0x00,0x00,0x00,0x00,0x00,0x00,0x00,0x00,0x00,0xa2,0x10,0x96,0xad,0xd7,0xb5,
    0x55,0xa5,0x75,0xad,0x55,0xa5,0x75,0xad,0x75,0xa5,0x75,0xad,0x75,0xad,0x96,0xad,0x95,0xad,0x96,0xad,0x96,0xad,0xb6,0xb5,
    0x96,0xad,0x55,0xa5,0x8e,0x6b,0x8e,0x6b,0x8e,0x6b,0x92,0x8c,0x41,0x08,0x00,0x00,0x00,0x00,0x00,0x00,0x00,0x00,0x00,0x00,
    0x00,0x00,0x00,0x00,0x00,0x00,0x21,0x08,0x20,0x00,0x40,0x08,0x41,0x08,0x81,0x18,0xc1,0x18,0x03,0x29,0x63,0x39,0xe4,0x59,
    0x64,0x6a,0x06,0x83,0x67,0x9b,0x89,0xcc,0x8b,0xf5,0xab,0xfd,0x30,0xfe,0x38,0xff,0x38,0xff,0x58,0xff,0x37,0xff,0x71,0xfe,
    0x8b,0xfd,0x8b,0xfd,0xea,0xdc,0xc8,0xab,0x66,0x93,0x06,0x8b,0x85,0x72,0x45,0x6a,0xe4,0x51,0x83,0x49,0x42,0x39,0x23,0x31,
    0xe1,0x20,0xc2,0x20,0xa1,0x18,0x81,0x18,0x61,0x10,0x61,0x10,0x41,0x08,0x40,0x08,0x20,0x08,0x40,0x08,0x20,0x00,0x20,0x08,
    0x20,0x00,0x20,0x08,0x20,0x00,0x00,0x00,0x00,0x00,0x20,0x08,0x20,0x00,0x00,0x00,0x20,0x00,0x20,0x08,0x20,0x00,0x20,0x08,
    0x20,0x08,0x40,0x08,0x40,0x08,0x61,0x10,0x41,0x08,0x61,0x10,0x81,0x18,0xa1,0x18,0xa1,0x18,0xe2,0x28,0x02,0x31,0x43,0x39,
    0x83,0x41,0xe4,0x51,0x24,0x62,0x85,0x72,0xe5,0x82,0x67,0x93,0xa7,0xa3,0x89,0xcc,0x6b,0xf5,0xab,0xfd,0xee,0xfd,0x37,0xff,
    0x38,0xff,0x58,0xff,0x38,0xff,0xb4,0xfe,0xab,0xfd,0x8b,0xfd,0x69,0xc4,0x67,0x9b,0xe5,0x82,0x65,0x6a,0xc3,0x51,0x43,0x41,
    0xe1,0x28,0xa1,0x18,0x61,0x10,0x40,0x08,0x20,0x00,0x00,0x00,0x00,0x00,0x00,0x00,0x00,0x00,0x00,0x00,0x00,0x00,0x00,0x00,
    0x00,0x00,0x00,0x00,0x00,0x00,0x41,0x08,0x8e,0x6b,0x8e,0x6b,0x8e,0x6b,0x8e,0x6b,0x10,0x7c,0x31,0x84,0x30,0x84,0x31,0x84,
    0x10,0x7c,0x31,0x84,0x10,0x7c,0x10,0x7c,0x10,0x7c,0x10,0x7c,0xf0,0x7b,0x10,0x7c,0xef,0x73,0xf0,0x7b,0xb2,0x8c,0x92,0x8c,
    0x61,0x08,0x00,0x00,0x00,0x00,0x00,0x00,0x00,0x00,0x00,0x00,0x00,0x00,0x00,0x00,0x00,0x00,0x00,0x00,0x00,0x00,0x00,0x00,
    0x00,0x00,0x00,0x00,0x00,0x00,0x00,0x00,0x00,0x00,0x00,0x00,0x00,0x00,0x00,0x00,0x00,0x00,0x00,0x00,0x00,0x00,0x8a,0x52,
    0x58,0xc6,0x75,0xad,0x55,0xa5,0x76,0xad,0x75,0xad,0x75,0xad,0x75,0xad,0x96,0xad,0x75,0xad,0x96,0xad,0x95,0xad,0x96,0xb5,
    0x96,0xad,0xb6,0xb5,0x96,0xad,0xf4,0x9c,0x8e,0x6b,0x8e,0x6b,0xef,0x7b,0xae,0x73,0x20,0x00,0x00,0x00,0x20,0x00,0x00,0x00,
    0x20,0x00,0x00,0x00,0x00,0x00,0x00,0x00,0xe7,0x39,0x82,0x10,0x20,0x00,0x41,0x08,0x41,0x10,0x81,0x18,0xc2,0x18,0x03,0x31,
    0x63,0x41,0xe4,0x51,0x65,0x6a,0xe6,0x82,0x67,0x9b,0x29,0xbc,0x6b,0xf5,0xac,0xfd,0xee,0xfd,0x17,0xff,0x38,0xff,0x59,0xff,
    0x58,0xff,0xf6,0xfe,0xee,0xfd,0xac,0xfd,0x6b,0xf5,0x69,0xcc,0xa7,0xa3,0x67,0x9b,0xe6,0x82,0xa6,0x7a,0x45,0x62,0x04,0x5a,
    0xa3,0x49,0x63,0x41,0x42,0x39,0x22,0x31,0xe2,0x28,0xc2,0x20,0xa1,0x18,0xa2,0x20,0x81,0x18,0x81,0x18,0x61,0x10,0x61,0x10,
    0x61,0x10,0x41,0x10,0x40,0x08,0x41,0x10,0x40,0x08,0x40,0x08,0x40,0x08,0x41,0x10,0x40,0x08,0x41,0x10,0x41,0x08,0x61,0x10,
    0x61,0x10,0x81,0x10,0x61,0x10,0x81,0x18,0xa1,0x18,0xc2,0x20,0xc2,0x20,0xe2,0x28,0x02,0x31,0x43,0x39,0x63,0x41,0xa4,0x51,
    0x04,0x5a,0x45,0x6a,0x85,0x72,0xe6,0x8a,0x47,0x93,0xa8,0xa3,0x28,0xbc,0x4b,0xed,0x8b,0xfd,0xcc,0xfd,0x93,0xfe,0x59,0xff,
    0x58,0xff,0x59,0xff,0x38,0xff,0x71,0xfe,0x8b,0xfd,0x8b,0xfd,0x49,0xbc,0x67,0x9b,0xe6,0x82,0x65,0x6a,0xc3,0x51,0x63,0x41,
    0xe2,0x28,0xa1,0x20,0x61,0x10,0x41,0x10,0x20,0x08,0x00,0x00,0x82,0x10,0xe8,0x39,0x00,0x00,0x00,0x00,0x00,0x00,0x00,0x00,
    0x00,0x00,0x00,0x00,0x00,0x00,0x00,0x00,0xab,0x52,0xaf,0x73,0x8e,0x6b,0x8f,0x73,0x10,0x7c,0x51,0x84,0x31,0x84,0x51,0x84,
    0x31,0x84,0x31,0x84,0x10,0x7c,0x31,0x84,0x10,0x7c,0x10,0x7c,0xf0,0x7b,0x10,0x7c,0xf0,0x7b,0xf0,0x7b,0x10,0x7c,0x55,0xad,
    0xa7,0x31,0x00,0x00,0x00,0x00,0x00,0x00,0x00,0x00,0x00,0x00,0x00,0x00,0x00,0x00,0x00,0x00,0x00,0x00,0x00,0x00,0x00,0x00,
    0x00,0x00,0x00,0x00,0x00,0x00,0x00,0x00,0x00,0x00,0x00,0x00,0x00,0x00,0x00,0x00,0x00,0x00,0x00,0x00,0x00,0x00,0x00,0x00,
    0x20,0x00,0xf3,0x9c,0xf7,0xbd,0x55,0xa5,0x54,0xa5,0x55,0xa5,0x55,0xa5,0x75,0xad,0x75,0xa5,0x75,0xad,0x75,0xa5,0x76,0xad,
    0x75,0xad,0x96,0xad,0x95,0xad,0x96,0xad,0x95,0xad,0x71,0x84,0x8e,0x6b,0x8e,0x6b,0x51,0x84,0x29,0x42,0x00,0x00,0x00,0x00,
    0x00,0x00,0x00,0x00,0x00,0x00,0x21,0x08,0x49,0x4a,0xab,0x52,0x41,0x08,0x21,0x08,0x20,0x00,0x40,0x08,0x41,0x08,0x81,0x18,
    0xa1,0x18,0xe2,0x28,0x42,0x39,0xc4,0x51,0x44,0x62,0xc6,0x7a,0x46,0x93,0xc8,0xab,0x2a,0xe5,0xab,0xfd,0xab,0xfd,0x93,0xfe,
    0x38,0xff,0x58,0xff,0x38,0xff,0x58,0xff,0x92,0xfe,0xac,0xfd,0x8b,0xfd,0x2b,0xe5,0x08,0xb4,0xa7,0xa3,0x46,0x93,0x06,0x8b,
    0xa5,0x72,0x65,0x6a,0x04,0x5a,0xc4,0x51,0x83,0x41,0x63,0x41,0x42,0x39,0x23,0x31,0xe1,0x28,0xe2,0x28,0xc1,0x20,0xc2,0x20,
    0xa1,0x18,0xa1,0x18,0x81,0x18,0x81,0x18,0x81,0x10,0x81,0x18,0x81,0x10,0x81,0x18,0x81,0x10,0x81,0x18,0x81,0x18,0xa1,0x18,
    0xa1,0x18,0xa2,0x20,0xa1,0x20,0xe2,0x28,0xe1,0x28,0x02,0x31,0x22,0x31,0x43,0x39,0x63,0x41,0xa3,0x49,0xc3,0x51,0x25,0x62,
    0x44,0x6a,0xa5,0x7a,0xe5,0x82,0x47,0x93,0x87,0x9b,0x28,0xbc,0x0a,0xe5,0xab,0xfd,0x8b,0xfd,0x30,0xfe,0x17,0xff,0x58,0xff,
    0x38,0xff,0x58,0xff,0x16,0xff,0xee,0xfd,0x8b,0xfd,0x6b,0xf5,0x08,0xb4,0x47,0x93,0xc5,0x7a,0x45,0x6a,0xc3,0x49,0x43,0x39,
    0xe1,0x28,0xa1,0x18,0x61,0x10,0x41,0x08,0x20,0x00,0x00,0x00,0x00,0x00,0x41,0x08,0xaa,0x52,0x69,0x4a,0x00,0x00,0x00,0x00,
    0x00,0x00,0x00,0x00,0x00,0x00,0x00,0x00,0x86,0x31,0xcf,0x73,0x8e,0x6b,0x8e,0x6b,0xcf,0x73,0x51,0x84,0x30,0x7c,0x31,0x84,
    0x10,0x7c,0x30,0x7c,0x10,0x7c,0x10,0x7c,0x10,0x7c,0x10,0x7c,0xf0,0x7b,0x10,0x7c,0xef,0x73,0xf0,0x7b,0xcf,0x73,0x14,0x9d,
    0xce,0x73,0x00,0x00,0x00,0x00,0x00,0x00,0x00,0x00,0x00,0x00,0x00,0x00,0x00,0x00,0x00,0x00,0x00,0x00,0x00,0x00,0x00,0x00,
    0x00,0x00,0x00,0x00,0x00,0x00,0x00,0x00,0x00,0x00,0x00,0x00,0x00,0x00,0x00,0x00,0x00,0x00,0x00,0x00,0x00,0x00,0x00,0x00,
    0x00,0x00,0x00,0x00,0x65,0x29,0x18,0xbe,0x96,0xad,0x55,0xa5,0x55,0xa5,0x55,0xad,0x55,0xa5,0x75,0xad,0x75,0xa5,0x76,0xad,
    0x75,0xad,0x96,0xad,0x75,0xad,0x96,0xad,0x96,0xad,0x96,0xad,0x75,0xad,0xf0,0x7b,0x8e,0x6b,0x8e,0x6b,0xd3,0x94,0xe3,0x18,
    0x00,0x00,0x00,0x00,0x00,0x00,0x62,0x08,0xab,0x52,0x6a,0x4a,0x20,0x00,0x00,0x00,0x00,0x00,0x21,0x08,0x20,0x00,0x41,0x08,
    0x41,0x08,0x81,0x10,0xa1,0x18,0xe2,0x28,0x43,0x39,0xa4,0x51,0x24,0x62,0xa6,0x7a,0x26,0x8b,0xa8,0xa3,0xc9,0xd4,0xac,0xfd,
    0x8b,0xfd,0xee,0xfd,0xf5,0xfe,0x59,0xff,0x38,0xff,0x58,0xff,0x17,0xff,0x50,0xfe,0x8b,0xfd,0x8b,0xfd,0x0a,0xe5,0x69,0xc4,
    0xa7,0xa3,0x67,0x9b,0x06,0x8b,0xe6,0x82,0x85,0x72,0x65,0x6a,0x24,0x5a,0xe4,0x59,0xc3,0x49,0x83,0x49,0x63,0x41,0x63,0x41,
    0x43,0x39,0x23,0x31,0x02,0x31,0x02,0x31,0x02,0x29,0x02,0x29,0xe2,0x28,0xe2,0x28,0xe2,0x28,0xe2,0x28,0xe2,0x28,0x02,0x31,
    0x02,0x31,0x23,0x31,0x22,0x31,0x43,0x39,0x63,0x41,0x83,0x49,0xa3,0x49,0xc4,0x51,0x04,0x5a,0x45,0x62,0x65,0x6a,0xa6,0x7a,
    0xe6,0x82,0x26,0x93,0x66,0x9b,0xc8,0xab,0x28,0xbc,0x2b,0xed,0x8b,0xfd,0xac,0xfd,0x0f,0xfe,0xf6,0xfe,0x38,0xff,0x59,0xff,
    0x38,0xff,0x58,0xff,0x93,0xfe,0xcc,0xfd,0x8b,0xfd,0x0a,0xe5,0xa7,0xa3,0x27,0x93,0xa5,0x7a,0x25,0x62,0xa3,0x49,0x43,0x39,
    0xe2,0x28,0xa1,0x18,0x61,0x10,0x41,0x10,0x20,0x08,0x00,0x00,0x00,0x00,0x00,0x00,0x00,0x00,0x00,0x00,0x8a,0x4a,0xab,0x52,
    0x21,0x08,0x00,0x00,0x00,0x00,0x00,0x00,0xc3,0x18,0xf0,0x7b,0x8e,0x6b,0x8f,0x73,0xae,0x73,0x31,0x84,0x31,0x84,0x51,0x84,
    0x31,0x84,0x31,0x84,0x10,0x7c,0x31,0x84,0x10,0x7c,0x10,0x7c,0xf0,0x7b,0x10,0x7c,0xf0,0x7b,0xf0,0x7b,0xef,0x73,0x72,0x8c,
    0xf3,0x9c,0x04,0x21,0x00,0x00,0x00,0x00,0x00,0x00,0x00,0x00,0x00,0x00,0x00,0x00,0x00,0x00,0x00,0x00,0x00,0x00,0x00,0x00,
    0x00,0x00,0x00,0x00,0x00,0x00,0x00,0x00,0x00,0x00,0x00,0x00,0x00,0x00,0x00,0x00,0x00,0x00,0x00,0x00,0x00,0x00,0x00,0x00,
    0x00,0x00,0x00,0x00,0x00,0x00,0x00,0x00,0x8e,0x6b,0x38,0xc6,0x34,0xa5,0x55,0xa5,0x34,0xa5,0x55,0xa5,0x55,0xa5,0x55,0xad,
    0x55,0xa5,0x75,0xad,0x75,0xa5,0x75,0xad,0x75,0xa5,0x75,0xad,0x75,0xad,0x96,0xad,0x34,0xa5,0xaf,0x73,0x8e,0x6b,0xaf,0x73,
    0x50,0x84,0x82,0x10,0x00,0x00,0x00,0x00,0xa6,0x31,0x29,0x42,0x00,0x00,0x00,0x00,0x00,0x00,0x00,0x00,0x00,0x00,0x21,0x08,
    0x20,0x00,0x20,0x08,0x40,0x08,0x81,0x10,0x81,0x18,0xe2,0x28,0x22,0x31,0xa3,0x49,0x04,0x5a,0x85,0x72,0xe6,0x82,0x67,0x9b,
    0x08,0xb4,0x4b,0xed,0x8b,0xfd,0xac,0xfd,0x30,0xfe,0x38,0xff,0x38,0xff,0x58,0xff,0x38,0xff,0xf6,0xfe,0x30,0xfe,0xac,0xfd,
    0x8b,0xfd,0x4b,0xf5,0xa9,0xcc,0xe8,0xb3,0x87,0x9b,0x67,0x9b,0x06,0x8b,0xe6,0x82,0xa5,0x72,0x85,0x72,0x44,0x62,0x45,0x62,
    0x04,0x5a,0xe4,0x59,0xc3,0x51,0xc3,0x51,0xa3,0x49,0x83,0x49,0x83,0x41,0x83,0x41,0x63,0x41,0x83,0x41,0x83,0x41,0xa3,0x49,
    0x83,0x41,0xa3,0x49,0xa3,0x49,0xe4,0x51,0xe3,0x59,0x24,0x62,0x44,0x62,0x65,0x6a,0x85,0x72,0xc6,0x7a,0xe6,0x82,0x27,0x93,
    0x46,0x93,0xa7,0xa3,0xc7,0xab,0xaa,0xd4,0x2a,0xed,0x8b,0xfd,0x8b,0xfd,0x2f,0xfe,0xd5,0xfe,0x58,0xff,0x38,0xff,0x58,0xff,
    0x38,0xff,0x16,0xff,0xee,0xfd,0xab,0xfd,0x6b,0xf5,0x69,0xc4,0x87,0x9b,0x06,0x8b,0x85,0x72,0x04,0x5a,0xa3,0x49,0x43,0x39,
    0xc1,0x20,0xa1,0x18,0x61,0x10,0x41,0x08,0x20,0x00,0x00,0x00,0x00,0x00,0x00,0x00,0x00,0x00,0x00,0x00,0x00,0x00,0x00,0x00,
    0x28,0x42,0x86,0x31,0x00,0x00,0x00,0x00,0x41,0x08,0x8e,0x6b,0x8e,0x6b,0x8e,0x6b,0x8e,0x6b,0x31,0x84,0x30,0x84,0x31,0x84,
    0x10,0x7c,0x31,0x84,0x10,0x7c,0x10,0x7c,0x10,0x7c,0x10,0x7c,0xf0,0x7b,0x10,0x7c,0xef,0x73,0xf0,0x7b,0xef,0x73,0xf0,0x7b,
    0x55,0xa5,0x8a,0x52,0x00,0x00,0x00,0x00,0x00,0x00,0x00,0x00,0x00,0x00,0x00,0x00,0x00,0x00,0x00,0x00,0x00,0x00,0x00,0x00,
    0x00,0x00,0x00,0x00,0x00,0x00,0x00,0x00,0x00,0x00,0x00,0x00,0x00,0x00,0x00,0x00,0x00,0x00,0x00,0x00,0x00,0x00,0x00,0x00,
    0x00,0x00,0x00,0x00,0x00,0x00,0x00,0x00,0x00,0x00,0xa3,0x18,0x95,0xad,0xd7,0xb5,0x35,0xa5,0x55,0xa5,0x55,0xa5,0x55,0xad,
    0x55,0xa5,0x55,0xad,0x55,0xa5,0x76,0xad,0x75,0xad,0x75,0xad,0x75,0xad,0x76,0xad,0x75,0xad,0x96,0xad,0xf3,0x9c,0x8f,0x73,
    0x8e,0x6b,0xaf,0x73,0x30,0x84,0x62,0x10,0x00,0x00,0x00,0x00,0x00,0x00,0x00,0x00,0x00,0x00,0x00,0x00,0x00,0x00,0x00,0x00,
    0x00,0x00,0x21,0x08,0x20,0x00,0x41,0x08,0x40,0x08,0x61,0x10,0x81,0x18,0xe2,0x28,0x23,0x31,0x83,0x41,0xe4,0x51,0x65,0x6a,
    0xc5,0x7a,0x47,0x93,0xa7,0xa3,0xaa,0xd4,0x6b,0xf5,0xac,0xfd,0xcc,0xfd,0xd5,0xfe,0x58,0xff,0x59,0xff,0x38,0xff,0x59,0xff,
    0x17,0xff,0x72,0xfe,0xcc,0xfd,0xac,0xfd,0x8b,0xf5,0x0a,0xe5,0x28,0xbc,0xe8,0xb3,0xa7,0xa3,0x87,0x9b,0x46,0x93,0x27,0x8b,
    0xe6,0x82,0xe6,0x82,0xa6,0x7a,0xa6,0x7a,0x85,0x72,0x65,0x72,0x65,0x6a,0x65,0x6a,0x45,0x62,0x45,0x6a,0x44,0x62,0x45,0x6a,
    0x45,0x6a,0x65,0x6a,0x65,0x6a,0x85,0x72,0xa5,0x72,0xc6,0x82,0xe6,0x82,0x07,0x8b,0x26,0x8b,0x67,0x9b,0x87,0x9b,0xc8,0xab,
    0xe8,0xab,0x69,0xc4,0x0a,0xdd,0x8b,0xfd,0x8b,0xfd,0xac,0xfd,0x51,0xfe,0x16,0xff,0x58,0xff,0x59,0xff,0x38,0xff,0x59,0xff,
    0x38,0xff,0x72,0xfe,0xab,0xfd,0xac,0xfd,0x2a,0xe5,0xe8,0xb3,0x47,0x93,0xe6,0x82,0x65,0x6a,0x04,0x5a,0x83,0x41,0x23,0x31,
    0xc2,0x20,0x81,0x18,0x61,0x10,0x40,0x08,0x20,0x08,0x00,0x00,0x00,0x00,0x00,0x00,0x00,0x00,0x00,0x00,0x00,0x00,0x00,0x00,
    0x00,0x00,0x00,0x00,0x00,0x00,0x00,0x00,0x41,0x08,0x6e,0x6b,0x8e,0x6b,0x8f,0x73,0x8e,0x6b,0x10,0x7c,0x31,0x84,0x51,0x84,
    0x31,0x84,0x31,0x84,0x10,0x7c,0x31,0x84,0x10,0x7c,0x10,0x7c,0xf0,0x7b,0x10,0x7c,0xf0,0x7b,0xf0,0x7b,0xef,0x73,0xf0,0x7b,
    0xb2,0x94,0x92,0x8c,0x41,0x08,0x00,0x00,0x00,0x00,0x00,0x00,0x00,0x00,0x00,0x00,0x00,0x00,0x00,0x00,0x00,0x00,0x00,0x00,
    0x00,0x00,0x00,0x00,0x00,0x00,0x00,0x00,0x00,0x00,0x00,0x00,0x00,0x00,0x00,0x00,0x00,0x00,0x00,0x00,0x00,0x00,0x00,0x00,
    0x00,0x00,0x00,0x00,0x00,0x00,0x00,0x00,0x00,0x00,0x00,0x00,0x00,0x00,0x49,0x4a,0x18,0xbe,0x55,0xa5,0x34,0x9d,0x35,0xa5,
    0x34,0x9d,0x55,0xa5,0x34,0xa5,0x55,0xa5,0x54,0xa5,0x55,0xa5,0x55,0xa5,0x75,0xad,0x55,0xa5,0x75,0xad,0x75,0xa5,0x76,0xad,
    0x92,0x8c,0x8e,0x6b,0x8e,0x6b,0xcf,0x73,0xef,0x7b,0x21,0x08,0x00,0x00,0x00,0x00,0x00,0x00,0x00,0x00,0x00,0x00,0x00,0x00,
    0x00,0x00,0x41,0x08,0x69,0x4a,0x62,0x10,0x00,0x00,0x20,0x08,0x40,0x08,0x61,0x10,0x81,0x10,0xc2,0x20,0xe2,0x28,0x43,0x39,
    0xa3,0x49,0x24,0x5a,0x85,0x72,0x06,0x8b,0x46,0x93,0xe8,0xb3,0x0a,0xe5,0xab,0xfd,0x8b,0xfd,0x0f,0xfe,0x16,0xff,0x58,0xff,
    0x38,0xff,0x58,0xff,0x38,0xff,0x38,0xff,0x93,0xfe,0xee,0xfd,0x8b,0xfd,0xab,0xfd,0x6a,0xed,0x2a,0xe5,0xa9,0xd4,0x49,0xc4,
    0xc7,0xab,0xa7,0xa3,0x87,0x9b,0x87,0x9b,0x46,0x93,0x46,0x93,0x26,0x8b,0x26,0x8b,0x06,0x83,0x06,0x8b,0x06,0x83,0x06,0x8b,
    0x06,0x83,0x06,0x8b,0x26,0x8b,0x46,0x93,0x26,0x93,0x67,0x9b,0x86,0x9b,0xa7,0xa3,0xa7,0xa3,0x08,0xbc,0x69,0xcc,0x0a,0xe5,
    0x4a,0xed,0x8b,0xfd,0x8b,0xfd,0xab,0xfd,0xed,0xfd,0x93,0xfe,0x17,0xff,0x58,0xff,0x38,0xff,0x58,0xff,0x38,0xff,0x38,0xff,
    0x92,0xfe,0xcd,0xfd,0x8b,0xfd,0x6b,0xf5,0x48,0xbc,0x87,0x9b,0x06,0x8b,0xa5,0x7a,0x24,0x62,0xc4,0x51,0x62,0x39,0x02,0x31,
    0xa1,0x18,0x81,0x18,0x40,0x08,0x40,0x08,0x00,0x00,0x00,0x00,0x61,0x08,0x6a,0x4a,0x41,0x08,0x00,0x00,0x00,0x00,0x00,0x00,
    0x00,0x00,0x00,0x00,0x00,0x00,0x00,0x00,0x20,0x00,0x2d,0x63,0x8e,0x6b,0x8e,0x6b,0x6e,0x6b,0xf0,0x7b,0x30,0x7c,0x31,0x84,
    0x10,0x7c,0x30,0x7c,0x10,0x7c,0x10,0x7c,0x10,0x7c,0x10,0x7c,0xf0,0x7b,0x10,0x7c,0xef,0x73,0xf0,0x7b,0xef,0x73,0xf0,0x7b,
    0xef,0x7b,0x55,0xa5,0xa6,0x31,0x00,0x00,0x00,0x00,0x00,0x00,0x00,0x00,0x00,0x00,0x00,0x00,0x00,0x00,0x00,0x00,0x00,0x00,
    0x00,0x00,0x00,0x00,0x00,0x00,0x00,0x00,0x00,0x00,0x00,0x00,0x00,0x00,0x00,0x00,0x00,0x00,0x00,0x00,0x00,0x00,0x00,0x00,
    0x00,0x00,0x00,0x00,0x00,0x00,0x00,0x00,0x00,0x00,0x00,0x00,0x00,0x00,0x00,0x00,0x00,0x00,0xb3,0x94,0xf7,0xbd,0x35,0xa5,
    0x34,0xa5,0x35,0xa5,0x34,0xa5,0x55,0xa5,0x55,0xa5,0x55,0xa5,0x55,0xa5,0x55,0xad,0x55,0xa5,0x75,0xad,0x75,0xa5,0x76,0xad,
    0x75,0xad,0x76,0xad,0x51,0x84,0x8f,0x73,0x8e,0x6b,0xf0,0x7b,0x8e,0x6b,0x21,0x08,0x00,0x00,0x00,0x00,0x00,0x00,0x00,0x00,
    0x00,0x00,0x00,0x00,0xaa,0x52,0x49,0x4a,0x00,0x00,0x00,0x00,0x00,0x00,0x41,0x08,0x20,0x08,0x61,0x10,0x61,0x10,0xa2,0x20,
    0xe2,0x28,0x23,0x31,0x83,0x41,0xe4,0x59,0x45,0x6a,0xc6,0x7a,0x06,0x8b,0x87,0xa3,0x49,0xbc,0x6b,0xf5,0x8b,0xfd,0xac,0xfd,
    0x30,0xfe,0xf5,0xfe,0x38,0xff,0x59,0xff,0x38,0xff,0x58,0xff,0x38,0xff,0x17,0xff,0x93,0xfe,0x30,0xfe,0xac,0xfd,0xac,0xfd,
    0x8b,0xfd,0x8b,0xfd,0x4b,0xed,0x0b,0xe5,0xca,0xdc,0xaa,0xd4,0x69,0xc4,0x49,0xbc,0x08,0xb4,0xc8,0xab,0xc7,0xab,0xc8,0xab,
    0xc7,0xab,0xc8,0xab,0xc8,0xab,0x08,0xb4,0x28,0xbc,0x69,0xc4,0x89,0xcc,0x0a,0xe5,0x2a,0xed,0x8b,0xfd,0x8b,0xfd,0xac,0xfd,
    0x8b,0xfd,0xac,0xfd,0x0e,0xfe,0x92,0xfe,0xf6,0xfe,0x58,0xff,0x38,0xff,0x59,0xff,0x38,0xff,0x58,0xff,0x38,0xff,0x93,0xfe,
    0xcc,0xfd,0xab,0xfd,0x6b,0xf5,0xaa,0xd4,0xa7,0xa3,0x47,0x93,0xe5,0x7a,0x65,0x72,0x04,0x5a,0xa3,0x49,0x42,0x39,0xe2,0x28,
    0xa1,0x18,0x61,0x10,0x41,0x08,0x40,0x08,0x20,0x08,0x00,0x00,0x00,0x00,0x00,0x00,0x49,0x4a,0xab,0x52,0x00,0x00,0x00,0x00,
    0x00,0x00,0x00,0x00,0x00,0x00,0x00,0x00,0x00,0x00,0x0c,0x5b,0xae,0x6b,0x8f,0x73,0x8e,0x6b,0xf0,0x7b,0x31,0x84,0x51,0x84,
    0x31,0x84,0x31,0x84,0x10,0x7c,0x31,0x84,0x10,0x7c,0x10,0x7c,0x10,0x7c,0x10,0x7c,0xf0,0x7b,0xf0,0x7b,0xef,0x73,0xf0,0x7b,
    0xcf,0x73,0x34,0xa5,0x6e,0x6b,0x00,0x00,0x00,0x00,0x00,0x00,0x00,0x00,0x00,0x00,0x00,0x00,0x00,0x00,0x00,0x00,0x00,0x00,
    0x00,0x00,0x00,0x00,0x00,0x00,0x00,0x00,0x00,0x00,0x00,0x00,0x00,0x00,0x00,0x00,0x00,0x00,0x00,0x00,0x00,0x00,0x00,0x00,
    0x00,0x00,0x00,0x00,0x00,0x00,0x00,0x00,0x00,0x00,0x00,0x00,0x00,0x00,0x00,0x00,0x00,0x00,0x00,0x00,0xa2,0x10,0x76,0xad,
    0xb6,0xad,0x34,0xa5,0x14,0x9d,0x35,0xa5,0x34,0x9d,0x35,0xa5,0x34,0xa5,0x55,0xa5,0x34,0xa5,0x55,0xa5,0x55,0xa5,0x55,0xad,
    0x55,0xa5,0x75,0xad,0x55,0xa5,0x75,0xad,0x10,0x7c,0x8e,0x6b,0x8e,0x6b,0x10,0x7c,0x2c,0x63,0x00,0x00,0x00,0x00,0x00,0x00,
    0x00,0x00,0x00,0x00,0x28,0x42,0xcb,0x5a,0x20,0x00,0x00,0x00,0x00,0x00,0x00,0x00,0x00,0x00,0x20,0x08,0x20,0x08,0x40,0x10,
    0x41,0x10,0x81,0x18,0xc1,0x20,0x02,0x31,0x42,0x39,0xa3,0x49,0x04,0x5a,0x65,0x72,0xc5,0x7a,0x46,0x93,0x87,0x9b,0x8a,0xcc,
    0x2a,0xed,0xab,0xfd,0x8b,0xfd,0xed,0xfd,0x72,0xfe,0x38,0xff,0x38,0xff,0x58,0xff,0x38,0xff,0x58,0xff,0x38,0xff,0x58,0xff,
    0xd5,0xfe,0x72,0xfe,0xee,0xfd,0xab,0xfd,0x8b,0xfd,0xab,0xfd,0x8b,0xfd,0xab,0xfd,0x8b,0xfd,0xab,0xfd,0x8b,0xf5,0x6b,0xf5,
    0x4a,0xed,0x6b,0xf5,0x6b,0xf5,0xab,0xfd,0x8b,0xfd,0xab,0xfd,0x8b,0xfd,0xab,0xfd,0x8b,0xfd,0xab,0xfd,0xac,0xfd,0x0f,0xfe,
    0x51,0xfe,0xd5,0xfe,0x38,0xff,0x58,0xff,0x38,0xff,0x58,0xff,0x38,0xff,0x58,0xff,0x38,0xff,0xf5,0xfe,0x50,0xfe,0xac,0xfd,
    0x8b,0xfd,0x6b,0xf5,0xa9,0xcc,0xc8,0xab,0x46,0x93,0xe6,0x82,0x85,0x72,0x25,0x62,0xa3,0x49,0x63,0x41,0x02,0x31,0xc2,0x20,
    0x81,0x10,0x61,0x10,0x20,0x08,0x20,0x08,0x00,0x00,0x00,0x00,0x00,0x00,0x00,0x00,0x00,0x00,0x21,0x08,0xab,0x52,0x29,0x42,
    0x00,0x00,0x00,0x00,0x00,0x00,0x00,0x00,0x00,0x00,0x8a,0x52,0xaf,0x73,0x8e,0x6b,0x8e,0x6b,0xcf,0x73,0x30,0x84,0x31,0x84,
    0x10,0x7c,0x31,0x84,0x10,0x7c,0x10,0x7c,0x10,0x7c,0x10,0x7c,0xf0,0x7b,0x10,0x7c,0xef,0x73,0xf0,0x7b,0xef,0x73,0xf0,0x7b,
    0xcf,0x73,0xb3,0x94,0x71,0x84,0x82,0x10,0x00,0x00,0x00,0x00,0x00,0x00,0x00,0x00,0x00,0x00,0x00,0x00,0x00,0x00,0x00,0x00,
    0x00,0x00,0x00,0x00,0x00,0x00,0x00,0x00,0x00,0x00,0x00,0x00,0x00,0x00,0x00,0x00,0x00,0x00,0x00,0x00,0x00,0x00,0x00,0x00,
    0x00,0x00,0x00,0x00,0x00,0x00,0x00,0x00,0x00,0x00,0x00,0x00,0x00,0x00,0x00,0x00,0x00,0x00,0x00,0x00,0x00,0x00,0x00,0x00,
    0xe8,0x39,0xf8,0xbd,0x55,0xa5,0x35,0xa5,0x34,0xa5,0x35,0xa5,0x34,0xa5,0x35,0xa5,0x35,0xa5,0x55,0xa5,0x55,0xa5,0x55,0xa5,
    0x55,0xa5,0x55,0xa5,0x55,0xa5,0x75,0xad,0x55,0xa5,0x75,0xad,0x10,0x7c,0x8f,0x73,0x8e,0x6b,0x51,0x84,0xeb,0x5a,0x00,0x00,
    0x00,0x00,0x00,0x00,0x04,0x21,0x0d,0x63,0x61,0x08,0x00,0x00,0x00,0x00,0x00,0x00,0x00,0x00,0x00,0x00,0x00,0x00,0x00,0x00,
    0x20,0x08,0x41,0x08,0x61,0x10,0x81,0x18,0xa1,0x18,0xe2,0x28,0x22,0x31,0x84,0x41,0xc3,0x51,0x25,0x62,0x85,0x72,0xe6,0x82,
    0x46,0x93,0xa8,0xa3,0x49,0xbc,0x2b,0xed,0x8b,0xfd,0xac,0xfd,0xab,0xfd,0x51,0xfe,0xf5,0xfe,0x59,0xff,0x38,0xff,0x59,0xff,
    0x58,0xff,0x59,0xff,0x38,0xff,0x59,0xff,0x38,0xff,0xf5,0xfe,0xb3,0xfe,0x93,0xfe,0x71,0xfe,0x50,0xfe,0x0e,0xfe,0xee,0xfd,
    0xac,0xfd,0xac,0xfd,0xac,0xfd,0xee,0xfd,0xee,0xfd,0x2f,0xfe,0x30,0xfe,0x71,0xfe,0x72,0xfe,0xd5,0xfe,0x17,0xff,0x59,0xff,
    0x58,0xff,0x59,0xff,0x38,0xff,0x59,0xff,0x58,0xff,0x59,0xff,0x38,0xff,0x37,0xff,0x72,0xfe,0xed,0xfd,0x8b,0xfd,0xac,0xfd,
    0x6b,0xf5,0xaa,0xd4,0xa7,0xa3,0x67,0x9b,0x06,0x8b,0xa5,0x7a,0x44,0x62,0xe4,0x59,0x83,0x41,0x43,0x39,0xe2,0x28,0xc2,0x20,
    0x81,0x18,0x61,0x10,0x20,0x08,0x20,0x08,0x00,0x00,0x00,0x00,0x00,0x00,0x00,0x00,0x00,0x00,0x00,0x00,0x00,0x00,0x62,0x10,
    0x0c,0x63,0x04,0x21,0x00,0x00,0x00,0x00,0x00,0x00,0x49,0x4a,0xcf,0x73,0x8f,0x73,0x8e,0x6b,0xcf,0x73,0x31,0x84,0x51,0x84,
    0x31,0x84,0x31,0x84,0x10,0x7c,0x31,0x84,0x10,0x7c,0x10,0x7c,0xf0,0x7b,0x10,0x7c,0xf0,0x7b,0xf0,0x7b,0xef,0x73,0xf0,0x7b,
    0xef,0x73,0x51,0x84,0x14,0x9d,0x66,0x29,0x00,0x00,0x00,0x00,0x00,0x00,0x00,0x00,0x00,0x00,0x00,0x00,0x00,0x00,0x00,0x00,
    0x00,0x00,0x00,0x00,0x00,0x00,0x00,0x00,0x00,0x00,0x00,0x00,0x00,0x00,0x00,0x00,0x00,0x00,0x00,0x00,0x00,0x00,0x00,0x00,
    0x00,0x00,0x00,0x00,0x00,0x00,0x00,0x00,0x00,0x00,0x00,0x00,0x00,0x00,0x00,0x00,0x00,0x00,0x00,0x00,0x00,0x00,0x00,0x00,
    0x00,0x00,0x00,0x00,0x2c,0x63,0x38,0xc6,0x13,0x9d,0x14,0x9d,0x14,0x9d,0x34,0xa5,0x14,0x9d,0x34,0xa5,0x34,0x9d,0x35,0xa5,
    0x34,0x9d,0x55,0xa5,0x34,0xa5,0x55,0xa5,0x54,0xa5,0x55,0xa5,0x55,0xa5,0x55,0xa5,0xcf,0x73,0x8e,0x6b,0x8e,0x6b,0x31,0x84,
    0x8e,0x6b,0x41,0x08,0x00,0x00,0x00,0x00,0x00,0x00,0x00,0x00,0x00,0x00,0x00,0x00,0x00,0x00,0x00,0x00,0x00,0x00,0xa2,0x10,
    0xa2,0x10,0x20,0x08,0x20,0x00,0x20,0x08,0x40,0x08,0x61,0x10,0xe2,0x20,0x90,0x9c,0xa8,0x5a,0x43,0x39,0x83,0x41,0xc4,0x51,
    0x24,0x62,0x85,0x72,0xc5,0x7a,0x26,0x93,0x66,0x9b,0x09,0xb4,0xca,0xd4,0x6b,0xf5,0x8b,0xfd,0xab,0xfd,0xcc,0xfd,0x50,0xfe,
    0x93,0xfe,0x17,0xff,0x38,0xff,0x58,0xff,0x38,0xff,0x58,0xff,0x38,0xff,0x58,0xff,0x38,0xff,0x58,0xff,0x38,0xff,0x58,0xff,
    0x38,0xff,0x58,0xff,0x38,0xff,0x58,0xff,0x38,0xff,0x58,0xff,0x38,0xff,0x58,0xff,0x38,0xff,0x58,0xff,0x38,0xff,0x58,0xff,
    0x38,0xff,0x58,0xff,0x38,0xff,0x58,0xff,0x38,0xff,0xf6,0xfe,0x72,0xfe,0xee,0xfd,0x8b,0xfd,0xab,0xfd,0x6b,0xf5,0x0a,0xe5,
    0x49,0xc4,0xa7,0xa3,0x46,0x93,0x06,0x8b,0x85,0x72,0x45,0x6a,0xe3,0x51,0xa3,0x49,0x22,0x31,0xc9,0x62,0x70,0x94,0xe2,0x20,
    0x40,0x08,0x41,0x08,0x20,0x00,0x20,0x08,0x00,0x00,0xa3,0x10,0x82,0x10,0x00,0x00,0x00,0x00,0x00,0x00,0x00,0x00,0x00,0x00,
    0x00,0x00,0x00,0x00,0x00,0x00,0x00,0x00,0x20,0x00,0xeb,0x5a,0xaf,0x73,0x8e,0x6b,0x6e,0x6b,0xaf,0x73,0x30,0x7c,0x31,0x84,
    0x10,0x7c,0x30,0x7c,0x10,0x7c,0x10,0x7c,0x10,0x7c,0x10,0x7c,0xf0,0x7b,0x10,0x7c,0xef,0x73,0xf0,0x7b,0xef,0x73,0xf0,0x7b,
    0xcf,0x73,0xcf,0x73,0x75,0xa5,0x6a,0x4a,0x00,0x00,0x00,0x00,0x00,0x00,0x00,0x00,0x00,0x00,0x00,0x00,0x00,0x00,0x00,0x00,
    0x00,0x00,0x00,0x00,0x00,0x00,0x00,0x00,0x00,0x00,0x00,0x00,0x00,0x00,0x00,0x00,0x00,0x00,0x00,0x00,0x00,0x00,0x00,0x00,
    0x00,0x00,0x00,0x00,0x00,0x00,0x00,0x00,0x00,0x00,0x00,0x00,0x00,0x00,0x00,0x00,0x00,0x00,0x00,0x00,0x00,0x00,0x00,0x00,
    0x00,0x00,0x00,0x00,0x00,0x00,0x41,0x08,0x92,0x8c,0xd7,0xbd,0x14,0x9d,0x14,0xa5,0x14,0x9d,0x34,0xa5,0x34,0x9d,0x35,0xa5,
    0x34,0x9d,0x35,0xa5,0x34,0xa5,0x55,0xa5,0x34,0xa5,0x55,0xa5,0x54,0xa5,0x55,0xa5,0x55,0xa5,0x35,0xa5,0xcf,0x73,0x8f,0x73,
    0x8e,0x6b,0x10,0x7c,0xef,0x7b,0x62,0x10,0x00,0x00,0x00,0x00,0x00,0x00,0x00,0x00,0x00,0x00,0x00,0x00,0x00,0x00,0x41,0x08,
    0x0c,0x5b,0x86,0x31,0x00,0x00,0x00,0x00,0x00,0x00,0x20,0x08,0x40,0x08,0x51,0x8c,0xb9,0xde,0x57,0xd6,0xc1,0x20,0x02,0x31,
    0x43,0x39,0x83,0x49,0xc4,0x51,0x45,0x62,0x85,0x72,0xe6,0x82,0x06,0x8b,0x67,0x9b,0xa7,0xa3,0xaa,0xcc,0x4b,0xed,0xac,0xfd,
    0x8b,0xfd,0xab,0xfd,0x8b,0xfd,0xed,0xfd,0x50,0xfe,0xb4,0xfe,0x17,0xff,0x59,0xff,0x38,0xff,0x58,0xff,0x38,0xff,0x59,0xff,
    0x38,0xff,0x58,0xff,0x38,0xff,0x59,0xff,0x38,0xff,0x58,0xff,0x38,0xff,0x59,0xff,0x38,0xff,0x58,0xff,0x38,0xff,0x59,0xff,
    0x38,0xff,0x17,0xff,0xd5,0xfe,0xb3,0xfe,0x50,0xfe,0xcd,0xfd,0x8b,0xfd,0xac,0xfd,0x6b,0xf5,0x0b,0xe5,0x69,0xc4,0xc8,0xab,
    0x67,0x9b,0x26,0x93,0xe6,0x82,0x85,0x7a,0x44,0x62,0x04,0x5a,0xa3,0x49,0x63,0x39,0x02,0x31,0xc2,0x28,0x77,0xd6,0xd9,0xde,
    0x50,0x8c,0x40,0x08,0x20,0x00,0x00,0x00,0x00,0x00,0x00,0x00,0x86,0x31,0x0c,0x63,0x21,0x08,0x00,0x00,0x00,0x00,0x00,0x00,
    0x00,0x00,0x00,0x00,0x00,0x00,0x00,0x00,0x21,0x08,0x2d,0x63,0xaf,0x73,0x8f,0x73,0x8e,0x6b,0xaf,0x73,0x30,0x7c,0x31,0x84,
    0x30,0x7c,0x31,0x84,0x10,0x7c,0x31,0x84,0x10,0x7c,0x10,0x7c,0xf0,0x7b,0x10,0x7c,0xf0,0x7b,0xf0,0x7b,0xef,0x73,0xf0,0x7b,
    0xef,0x73,0xcf,0x7b,0x14,0x9d,0xaf,0x73,0x21,0x08,0x00,0x00,0x00,0x00,0x00,0x00,0x00,0x00,0x00,0x00,0x00,0x00,0x00,0x00,
    0x00,0x00,0x00,0x00,0x00,0x00,0x00,0x00,0x00,0x00,0x00,0x00,0x00,0x00,0x00,0x00,0x00,0x00,0x00,0x00,0x00,0x00,0x00,0x00,
    0x00,0x00,0x00,0x00,0x00,0x00,0x00,0x00,0x00,0x00,0x00,0x00,0x00,0x00,0x00,0x00,0x00,0x00,0x00,0x00,0x00,0x00,0x00,0x00,
    0x00,0x00,0x00,0x00,0x00,0x00,0x00,0x00,0x00,0x00,0xe3,0x18,0x75,0xad,0x96,0xad,0xf3,0x9c,0x14,0x9d,0x14,0x9d,0x14,0x9d,
    0x14,0x9d,0x34,0x9d,0x14,0x9d,0x34,0xa5,0x34,0x9d,0x35,0xa5,0x34,0xa5,0x35,0xa5,0x34,0xa5,0x55,0xa5,0x34,0xa5,0x35,0xa5,
    0xef,0x73,0x8e,0x6b,0x8e,0x6b,0xf0,0x7b,0x10,0x7c,0x82,0x10,0x00,0x00,0x00,0x00,0x00,0x00,0x00,0x00,0x00,0x00,0x00,0x00,
    0x69,0x4a,0xab,0x52,0x00,0x00,0x00,0x00,0x00,0x00,0x00,0x00,0x00,0x00,0x86,0x31,0xb9,0xd6,0xd9,0xde,0x91,0x94,0x61,0x18,
    0x81,0x18,0xc2,0x20,0xe2,0x28,0x43,0x39,0x63,0x41,0xc4,0x51,0x04,0x5a,0x65,0x6a,0xa5,0x72,0x06,0x8b,0x46,0x93,0x87,0x9b,
    0xc7,0xab,0x89,0xcc,0xea,0xdc,0x4b,0xf5,0x8b,0xf5,0xab,0xfd,0x8b,0xfd,0xab,0xfd,0xab,0xfd,0xcd,0xfd,0xee,0xfd,0x2f,0xfe,
    0x30,0xfe,0x72,0xfe,0x92,0xfe,0xd4,0xfe,0xd4,0xfe,0xb4,0xfe,0x93,0xfe,0x92,0xfe,0x51,0xfe,0x51,0xfe,0x2f,0xfe,0x0f,0xfe,
    0xcd,0xfd,0xab,0xfd,0x8b,0xfd,0xab,0xfd,0x8b,0xfd,0x8b,0xfd,0x2a,0xed,0xca,0xdc,0x28,0xbc,0xa8,0xa3,0x66,0x9b,0x47,0x93,
    0xe5,0x82,0xa6,0x7a,0x65,0x6a,0x25,0x62,0xc3,0x51,0x83,0x49,0x42,0x39,0x02,0x31,0xc1,0x20,0xa1,0x18,0x61,0x10,0xb2,0x9c,
    0xb9,0xd6,0xda,0xde,0x65,0x29,0x00,0x00,0x00,0x00,0x00,0x00,0x00,0x00,0x00,0x00,0xaa,0x52,0x49,0x4a,0x00,0x00,0x00,0x00,
    0x00,0x00,0x00,0x00,0x00,0x00,0x00,0x00,0x61,0x08,0x6e,0x6b,0xae,0x6b,0x8e,0x6b,0x8e,0x6b,0xaf,0x73,0x10,0x7c,0x31,0x84,
    0x10,0x7c,0x31,0x84,0x10,0x7c,0x10,0x7c,0x10,0x7c,0x10,0x7c,0xf0,0x7b,0x10,0x7c,0xef,0x73,0xf0,0x7b,0xef,0x73,0xf0,0x7b,
    0xcf,0x73,0xcf,0x73,0x92,0x8c,0x92,0x8c,0xa2,0x10,0x00,0x00,0x00,0x00,0x00,0x00,0x00,0x00,0x00,0x00,0x00,0x00,0x00,0x00,
    0x00,0x00,0x00,0x00,0x00,0x00,0x00,0x00,0x00,0x00,0x00,0x00,0x00,0x00,0x00,0x00,0x00,0x00,0x00,0x00,0x00,0x00,0x00,0x00,
    0x00,0x00,0x00,0x00,0x00,0x00,0x00,0x00,0x00,0x00,0x00,0x00,0x00,0x00,0x00,0x00,0x00,0x00,0x00,0x00,0x00,0x00,0x00,0x00,
    0x00,0x00,0x00,0x00,0x00,0x00,0x00,0x00,0x00,0x00,0x00,0x00,0x00,0x00,0xe8,0x41,0xf7,0xbd,0x55,0xa5,0xf4,0x9c,0x14,0x9d,
    0x14,0x9d,0x14,0x9d,0x14,0x9d,0x34,0xa5,0x14,0x9d,0x34,0xa5,0x34,0x9d,0x35,0xa5,0x34,0xa5,0x35,0xa5,0x34,0xa5,0x55,0xa5,
    0x35,0xa5,0x35,0xa5,0x10,0x7c,0x8f,0x73,0x8e,0x6b,0xcf,0x73,0x71,0x8c,0xe4,0x20,0x00,0x00,0x00,0x00,0x00,0x00,0x00,0x00,
    0x66,0x29,0x4d,0x63,0x61,0x08,0x00,0x00,0x00,0x00,0x00,0x00,0x00,0x00,0x00,0x00,0x54,0xad,0xda,0xde,0x99,0xd6,0x03,0x21,
    0x40,0x08,0x61,0x10,0x61,0x10,0xa1,0x18,0xc2,0x20,0x02,0x29,0x22,0x31,0x83,0x41,0xa3,0x49,0x04,0x5a,0x24,0x62,0x85,0x72,
    0xc6,0x7a,0x06,0x8b,0x26,0x93,0x87,0x9b,0xa7,0xa3,0xc8,0xab,0x49,0xc4,0xea,0xdc,0x2a,0xed,0x8b,0xfd,0x8b,0xfd,0xac,0xfd,
    0x8b,0xfd,0xac,0xfd,0x8b,0xfd,0xac,0xfd,0x8b,0xfd,0xac,0xfd,0x8b,0xfd,0xac,0xfd,0x8b,0xfd,0xac,0xfd,0x8b,0xfd,0xac,0xfd,
    0x8b,0xfd,0x8b,0xfd,0x4a,0xed,0x0b,0xe5,0xa9,0xd4,0x49,0xc4,0xa7,0xab,0xa8,0xa3,0x47,0x93,0x27,0x93,0xe6,0x82,0xc6,0x7a,
    0x85,0x72,0x45,0x6a,0xe4,0x59,0xc4,0x51,0x83,0x41,0x43,0x39,0x02,0x29,0xc2,0x28,0xa1,0x18,0x81,0x18,0x41,0x10,0x41,0x10,
    0xe3,0x20,0xb9,0xd6,0xda,0xd6,0x55,0xad,0x00,0x00,0x00,0x00,0x00,0x00,0x00,0x00,0x00,0x00,0x62,0x10,0x2d,0x63,0x66,0x29,
    0x00,0x00,0x00,0x00,0x00,0x00,0x00,0x00,0xa2,0x10,0xaf,0x73,0xae,0x6b,0x8f,0x73,0x8e,0x6b,0xaf,0x73,0x30,0x7c,0x31,0x84,
    0x31,0x84,0x31,0x84,0x10,0x7c,0x31,0x84,0x10,0x7c,0x10,0x7c,0xf0,0x7b,0x10,0x7c,0xf0,0x7b,0xf0,0x7b,0xef,0x73,0xf0,0x7b,
    0xef,0x73,0xd0,0x7b,0x30,0x84,0x14,0xa5,0x66,0x29,0x00,0x00,0x00,0x00,0x00,0x00,0x00,0x00,0x00,0x00,0x00,0x00,0x00,0x00,
    0x00,0x00,0x00,0x00,0x00,0x00,0x00,0x00,0x00,0x00,0x00,0x00,0x00,0x00,0x00,0x00,0x00,0x00,0x00,0x00,0x00,0x00,0x00,0x00,
    0x00,0x00,0x00,0x00,0x00,0x00,0x00,0x00,0x00,0x00,0x00,0x00,0x00,0x00,0x00,0x00,0x00,0x00,0x00,0x00,0x00,0x00,0x00,0x00,
    0x00,0x00,0x00,0x00,0x00,0x00,0x00,0x00,0x00,0x00,0x00,0x00,0x00,0x00,0x00,0x00,0x00,0x00,0x4d,0x63,0x17,0xbe,0xf4,0x9c,
    0xf3,0x94,0x14,0x9d,0xf3,0x9c,0x14,0x9d,0x13,0x9d,0x14,0x9d,0x14,0x9d,0x14,0x9d,0x14,0x9d,0x34,0x9d,0x14,0x9d,0x34,0xa5,
    0x34,0x9d,0x34,0xa5,0x34,0x9d,0x34,0xa5,0x10,0x7c,0x8e,0x6b,0x8e,0x6b,0xcf,0x73,0x92,0x8c,0x86,0x31,0x00,0x00,0x00,0x00,
    0x00,0x00,0x66,0x29,0x04,0x21,0x00,0x00,0x00,0x00,0x00,0x00,0x00,0x00,0x00,0x00,0x69,0x4a,0xda,0xd6,0xda,0xd6,0xae,0x73,
    0x00,0x00,0x20,0x08,0x20,0x08,0x40,0x08,0x40,0x08,0x61,0x10,0x81,0x18,0xc2,0x20,0xc1,0x20,0x02,0x31,0x42,0x39,0xa3,0x49,
    0xc3,0x49,0x04,0x5a,0x24,0x62,0x85,0x72,0xa5,0x72,0xe6,0x82,0x06,0x83,0x46,0x93,0x46,0x93,0x87,0x9b,0x87,0xa3,0xc7,0xab,
    0x08,0xb4,0x49,0xbc,0x49,0xc4,0x89,0xcc,0xa9,0xcc,0xca,0xd4,0xc9,0xd4,0xca,0xd4,0xa9,0xcc,0x89,0xcc,0x49,0xc4,0x49,0xc4,
    0x08,0xb4,0xe8,0xab,0xa7,0xa3,0x87,0xa3,0x66,0x93,0x47,0x93,0x26,0x8b,0x06,0x8b,0xc5,0x7a,0xa5,0x72,0x44,0x6a,0x25,0x62,
    0xe3,0x51,0xa3,0x49,0x83,0x41,0x43,0x39,0x02,0x29,0xe2,0x28,0xa1,0x20,0xa1,0x18,0x60,0x10,0x61,0x10,0x20,0x08,0x20,0x08,
    0x00,0x00,0x00,0x00,0x8e,0x73,0xda,0xde,0xba,0xd6,0x69,0x4a,0x00,0x00,0x00,0x00,0x00,0x00,0x00,0x00,0x00,0x00,0x04,0x21,
    0x45,0x29,0x00,0x00,0x00,0x00,0x00,0x00,0x45,0x29,0xef,0x73,0x8e,0x6b,0x8e,0x6b,0x6e,0x6b,0xcf,0x73,0x30,0x7c,0x31,0x84,
    0x10,0x7c,0x30,0x7c,0x10,0x7c,0x10,0x7c,0x10,0x7c,0x10,0x7c,0xf0,0x7b,0x10,0x7c,0xef,0x73,0xf0,0x7b,0xef,0x73,0xf0,0x7b,
    0xcf,0x73,0xcf,0x73,0xcf,0x73,0x55,0xad,0x49,0x42,0x00,0x00,0x00,0x00,0x00,0x00,0x00,0x00,0x00,0x00,0x00,0x00,0x00,0x00,
    0x00,0x00,0x00,0x00,0x00,0x00,0x00,0x00,0x00,0x00,0x00,0x00,0x00,0x00,0x00,0x00,0x00,0x00,0x00,0x00,0x00,0x00,0x00,0x00,
    0x00,0x00,0x00,0x00,0x00,0x00,0x00,0x00,0x00,0x00,0x00,0x00,0x00,0x00,0x00,0x00,0x00,0x00,0x00,0x00,0x00,0x00,0x00,0x00,
    0x00,0x00,0x00,0x00,0x00,0x00,0x00,0x00,0x00,0x00,0x00,0x00,0x00,0x00,0x00,0x00,0x00,0x00,0x00,0x00,0x20,0x00,0x10,0x7c,
    0x18,0xbe,0xf4,0x9c,0xf3,0x9c,0x14,0x9d,0xf4,0x9c,0x14,0x9d,0x14,0x9d,0x14,0x9d,0x14,0x9d,0x14,0x9d,0x14,0x9d,0x34,0xa5,
    0x14,0x9d,0x34,0xa5,0x34,0x9d,0x35,0xa5,0x34,0xa5,0x34,0xa5,0x30,0x84,0x8f,0x73,0x8e,0x6b,0xaf,0x73,0xb2,0x8c,0xec,0x5a,
    0x21,0x08,0x00,0x00,0x00,0x00,0x00,0x00,0x00,0x00,0x00,0x00,0x00,0x00,0x00,0x00,0x41,0x08,0x38,0xc6,0xda,0xd6,0x58,0xce,
    0x41,0x08,0x00,0x00,0x00,0x00,0x00,0x00,0x20,0x08,0x40,0x08,0x40,0x08,0x61,0x10,0x61,0x10,0x81,0x18,0xa1,0x18,0xe2,0x28,
    0xe2,0x28,0x23,0x31,0x42,0x39,0xa3,0x49,0xa3,0x49,0xe4,0x59,0x04,0x5a,0x45,0x6a,0x65,0x6a,0xa5,0x72,0xc5,0x7a,0xe6,0x82,
    0xe6,0x82,0x26,0x8b,0x26,0x8b,0x47,0x93,0x46,0x93,0x47,0x9b,0x46,0x93,0x67,0x9b,0x46,0x93,0x47,0x9b,0x46,0x93,0x47,0x93,
    0x26,0x8b,0x26,0x8b,0xe6,0x82,0xe6,0x82,0xc6,0x7a,0xa5,0x7a,0x85,0x72,0x65,0x6a,0x24,0x62,0x04,0x5a,0xc4,0x51,0xa3,0x49,
    0x83,0x41,0x43,0x39,0x02,0x31,0x02,0x31,0xc1,0x20,0xa2,0x20,0x81,0x10,0x81,0x18,0x41,0x08,0x40,0x08,0x20,0x08,0x20,0x08,
    0x00,0x00,0x00,0x00,0x00,0x00,0x62,0x10,0x38,0xc6,0xda,0xde,0x17,0xbe,0x41,0x08,0x00,0x00,0x00,0x00,0x00,0x00,0x00,0x00,
    0x00,0x00,0x00,0x00,0x00,0x00,0x41,0x08,0x8a,0x52,0x10,0x7c,0x8e,0x6b,0x8f,0x73,0x8e,0x6b,0xd0,0x7b,0x30,0x7c,0x31,0x84,
    0x30,0x7c,0x31,0x84,0x10,0x7c,0x31,0x84,0x10,0x7c,0x10,0x7c,0xf0,0x7b,0x10,0x7c,0xf0,0x7b,0xf0,0x7b,0xef,0x73,0xf0,0x7b,
    0xcf,0x73,0xcf,0x7b,0xcf,0x73,0x75,0xad,0x0c,0x5b,0x21,0x08,0x00,0x00,0x00,0x00,0x00,0x00,0x00,0x00,0x00,0x00,0x00,0x00,
    0x00,0x00,0x00,0x00,0x00,0x00,0x00,0x00,0x00,0x00,0x00,0x00,0x00,0x00,0x00,0x00,0x00,0x00,0x00,0x00,0x00,0x00,0x00,0x00,
    0x00,0x00,0x00,0x00,0x00,0x00,0x00,0x00,0x00,0x00,0x00,0x00,0x00,0x00,0x00,0x00,0x00,0x00,0x00,0x00,0x00,0x00,0x00,0x00,
    0x00,0x00,0x00,0x00,0x00,0x00,0x00,0x00,0x00,0x00,0x00,0x00,0x00,0x00,0x00,0x00,0x00,0x00,0x00,0x00,0x00,0x00,0x00,0x00,
    0x61,0x08,0x72,0x8c,0xd7,0xb5,0xf4,0x9c,0xf3,0x94,0xf4,0x9c,0xf3,0x94,0x14,0x9d,0xf3,0x94,0x14,0x9d,0xf4,0x9c,0x14,0x9d,
    0x14,0x9d,0x14,0x9d,0x14,0x9d,0x14,0xa5,0x14,0x9d,0x34,0x9d,0x14,0x9d,0x34,0xa5,0x51,0x84,0x8e,0x6b,0x8e,0x6b,0x8e,0x6b,
    0x30,0x84,0x30,0x84,0xc3,0x18,0x00,0x00,0x00,0x00,0x00,0x00,0x00,0x00,0x00,0x00,0x00,0x00,0x8d,0x73,0xda,0xd6,0xda,0xde,
    0x89,0x52,0x00,0x00,0x00,0x00,0x00,0x00,0x00,0x00,0x00,0x00,0x00,0x00,0x20,0x08,0x20,0x00,0x40,0x08,0x40,0x08,0x61,0x10,
    0x61,0x10,0x81,0x18,0xa1,0x18,0xc2,0x28,0xe1,0x28,0x22,0x31,0x42,0x39,0x63,0x41,0x83,0x41,0xa3,0x49,0xc3,0x51,0x04,0x5a,
    0x04,0x5a,0x25,0x62,0x44,0x62,0x65,0x6a,0x64,0x6a,0x65,0x6a,0x65,0x6a,0x85,0x72,0x85,0x6a,0x85,0x72,0x65,0x6a,0x65,0x72,
    0x44,0x6a,0x65,0x6a,0x44,0x62,0x25,0x62,0x04,0x5a,0x04,0x5a,0xc3,0x51,0xc3,0x51,0x83,0x41,0x63,0x41,0x42,0x39,0x43,0x39,
    0xe2,0x28,0xe2,0x28,0xa1,0x20,0xa1,0x20,0x80,0x10,0x61,0x10,0x40,0x08,0x41,0x08,0x20,0x08,0x20,0x08,0x00,0x00,0x00,0x00,
    0x00,0x00,0x00,0x00,0x00,0x00,0x00,0x00,0x00,0x00,0xaa,0x52,0xda,0xd6,0xda,0xde,0x6d,0x6b,0x00,0x00,0x00,0x00,0x00,0x00,
    0x00,0x00,0x00,0x00,0x00,0x00,0xc3,0x18,0x8e,0x6b,0xcf,0x73,0x8e,0x6b,0x8e,0x6b,0x8e,0x6b,0xf0,0x7b,0x30,0x7c,0x31,0x84,
    0x10,0x7c,0x10,0x7c,0x10,0x7c,0x10,0x7c,0xf0,0x7b,0x10,0x7c,0xf0,0x7b,0x10,0x7c,0xef,0x73,0xf0,0x7b,0xef,0x73,0xf0,0x7b,
    0xcf,0x73,0xcf,0x73,0xcf,0x73,0x35,0xa5,0x4d,0x63,0x41,0x08,0x00,0x00,0x00,0x00,0x00,0x00,0x00,0x00,0x00,0x00,0x00,0x00,
    0x00,0x00,0x00,0x00,0x00,0x00,0x00,0x00,0x00,0x00,0x00,0x00,0x00,0x00,0x00,0x00,0x00,0x00,0x00,0x00,0x00,0x00,0x00,0x00,
    0x00,0x00,0x00,0x00,0x00,0x00,0x00,0x00,0x00,0x00,0x00,0x00,0x00,0x00,0x00,0x00,0x00,0x00,0x00,0x00,0x00,0x00,0x00,0x00,
    0x00,0x00,0x00,0x00,0x00,0x00,0x00,0x00,0x00,0x00,0x00,0x00,0x00,0x00,0x00,0x00,0x00,0x00,0x00,0x00,0x00,0x00,0x00,0x00,
    0x00,0x00,0x00,0x00,0xa3,0x10,0xd3,0x94,0xd7,0xb5,0xf4,0x9c,0xf3,0x94,0xf4,0x9c,0xf3,0x9c,0xf4,0x9c,0xf3,0x9c,0x14,0x9d,
    0xf4,0x9c,0x14,0x9d,0x14,0x9d,0x14,0x9d,0x14,0x9d,0x14,0x9d,0x14,0x9d,0x34,0xa5,0x14,0x9d,0x34,0xa5,0xb2,0x8c,0xaf,0x73,
    0x8e,0x6b,0x8e,0x6b,0xcf,0x73,0xd3,0x94,0xe8,0x39,0x00,0x00,0x00,0x00,0x00,0x00,0x00,0x00,0x82,0x10,0x99,0xce,0xda,0xde,
    0x75,0xad,0x00,0x00,0x00,0x00,0x00,0x00,0x00,0x00,0x00,0x00,0xa2,0x10,0xe4,0x20,0x00,0x00,0x00,0x00,0x00,0x00,0x21,0x08,
    0x20,0x08,0x40,0x08,0x41,0x08,0x61,0x10,0x61,0x10,0x81,0x18,0xa1,0x18,0xc2,0x20,0xe2,0x28,0x02,0x29,0x02,0x31,0x23,0x39,
    0x43,0x39,0x63,0x41,0x63,0x41,0x83,0x49,0x83,0x49,0xa3,0x49,0xa3,0x49,0xc4,0x51,0xc3,0x49,0xc4,0x51,0xa3,0x49,0xc4,0x51,
    0xa3,0x49,0xa3,0x49,0x83,0x41,0xa3,0x49,0x83,0x41,0x63,0x41,0x42,0x39,0x43,0x39,0x22,0x31,0x02,0x31,0xe2,0x20,0xc2,0x28,
    0xa1,0x18,0xa1,0x18,0x81,0x18,0x81,0x18,0x41,0x10,0x41,0x10,0x20,0x08,0x20,0x08,0x20,0x00,0x00,0x00,0x00,0x00,0x00,0x00,
    0xe3,0x18,0xa3,0x18,0x00,0x00,0x00,0x00,0x00,0x00,0x00,0x00,0x00,0x00,0x95,0xb5,0xda,0xd6,0xba,0xd6,0x62,0x10,0x00,0x00,
    0x00,0x00,0x00,0x00,0x00,0x00,0xc8,0x39,0x10,0x7c,0xaf,0x73,0x8e,0x6b,0x8f,0x73,0x8e,0x6b,0x10,0x7c,0x30,0x7c,0x31,0x84,
    0x30,0x7c,0x31,0x84,0x10,0x7c,0x11,0x84,0x10,0x7c,0x10,0x7c,0xf0,0x7b,0x10,0x7c,0xf0,0x7b,0xf0,0x7b,0xef,0x73,0xf0,0x7b,
    0xcf,0x73,0xd0,0x7b,0xcf,0x73,0x14,0xa5,0xcf,0x73,0x62,0x10,0x00,0x00,0x00,0x00,0x00,0x00,0x00,0x00,0x00,0x00,0x00,0x00,
    0x00,0x00,0x00,0x00,0x00,0x00,0x00,0x00,0x00,0x00,0x00,0x00,0x00,0x00,0x00,0x00,0x00,0x00,0x00,0x00,0x00,0x00,0x00,0x00,
    0x00,0x00,0x00,0x00,0x00,0x00,0x00,0x00,0x00,0x00,0x00,0x00,0x00,0x00,0x00,0x00,0x00,0x00,0x00,0x00,0x00,0x00,0x00,0x00,
    0x00,0x00,0x00,0x00,0x00,0x00,0x00,0x00,0x00,0x00,0x00,0x00,0x00,0x00,0x00,0x00,0x00,0x00,0x00,0x00,0x00,0x00,0x00,0x00,
    0x00,0x00,0x00,0x00,0x00,0x00,0x00,0x00,0xc3,0x18,0x14,0x9d,0x96,0xad,0xd3,0x94,0xd3,0x94,0xf3,0x9c,0xd3,0x94,0xf3,0x9c,
    0xf3,0x94,0xf3,0x9c,0xf3,0x94,0xf4,0x9c,0xf3,0x94,0x14,0x9d,0xf3,0x9c,0x14,0x9d,0x13,0x9d,0x14,0x9d,0x14,0x9d,0x14,0x9d,
    0xd3,0x94,0xcf,0x73,0x8e,0x6b,0x8e,0x6b,0x8e,0x6b,0x92,0x8c,0x4d,0x63,0x41,0x08,0x00,0x00,0x00,0x00,0x04,0x21,0xda,0xd6,
    0xb9,0xd6,0x86,0x31,0x00,0x00,0x00,0x00,0x00,0x00,0x00,0x00,0x00,0x00,0xcb,0x52,0x65,0x29,0x00,0x00,0x00,0x00,0x00,0x00,
    0x00,0x00,0x00,0x00,0x00,0x00,0x20,0x08,0x20,0x00,0x40,0x08,0x40,0x08,0x61,0x10,0x60,0x10,0x61,0x18,0x81,0x10,0xa1,0x18,
    0xa1,0x18,0xa2,0x20,0xc1,0x20,0xe2,0x28,0xe1,0x28,0xe2,0x28,0x01,0x29,0x02,0x31,0x02,0x29,0x02,0x31,0xa4,0x41,0xa5,0x49,
    0x02,0x29,0x02,0x31,0x01,0x29,0x02,0x29,0xe1,0x20,0xe2,0x28,0xc1,0x20,0xc2,0x20,0xa1,0x18,0xa1,0x18,0x81,0x10,0x81,0x18,
    0x60,0x10,0x61,0x10,0x40,0x08,0x41,0x08,0x20,0x08,0x20,0x08,0x00,0x00,0x00,0x00,0x00,0x00,0x00,0x00,0x00,0x00,0x00,0x00,
    0x00,0x00,0x86,0x31,0x8a,0x52,0x00,0x00,0x00,0x00,0x00,0x00,0x00,0x00,0x00,0x00,0x85,0x29,0xda,0xd6,0xb9,0xd6,0x04,0x21,
    0x00,0x00,0x00,0x00,0x41,0x08,0xec,0x5a,0xf0,0x7b,0x8e,0x6b,0x8e,0x6b,0x8e,0x6b,0x8e,0x6b,0x10,0x7c,0x30,0x7c,0x31,0x84,
    0x10,0x7c,0x10,0x7c,0x10,0x7c,0x10,0x7c,0xf0,0x7b,0x10,0x7c,0xef,0x73,0xf0,0x7b,0xef,0x73,0xf0,0x7b,0xcf,0x73,0xef,0x7b,
    0xcf,0x73,0xcf,0x73,0xcf,0x73,0xd3,0x9c,0x10,0x7c,0xa3,0x10,0x00,0x00,0x00,0x00,0x00,0x00,0x00,0x00,0x00,0x00,0x00,0x00,
    0x00,0x00,0x00,0x00,0x00,0x00,0x00,0x00,0x00,0x00,0x00,0x00,0x00,0x00,0x00,0x00,0x00,0x00,0x00,0x00,0x00,0x00,0x00,0x00,
    0x00,0x00,0x00,0x00,0x00,0x00,0x00,0x00,0x00,0x00,0x00,0x00,0x00,0x00,0x00,0x00,0x00,0x00,0x00,0x00,0x00,0x00,0x00,0x00,
    0x00,0x00,0x00,0x00,0x00,0x00,0x00,0x00,0x00,0x00,0x00,0x00,0x00,0x00,0x00,0x00,0x00,0x00,0x00,0x00,0x00,0x00,0x00,0x00,
    0x00,0x00,0x00,0x00,0x00,0x00,0x00,0x00,0x00,0x00,0x00,0x00,0x45,0x21,0x55,0xa5,0x76,0xad,0xd3,0x94,0xd3,0x94,0xf3,0x9c,
    0xd3,0x94,0xf3,0x9c,0xf3,0x94,0xf4,0x9c,0xf3,0x9c,0xf4,0x9c,0xf3,0x9c,0x14,0x9d,0xf4,0x9c,0x14,0x9d,0xf3,0x9c,0x14,0x9d,
    0x14,0x9d,0x14,0x9d,0x14,0x9d,0x51,0x84,0x8e,0x6b,0x8e,0x6b,0x8e,0x6b,0x10,0x84,0xb3,0x94,0x8a,0x52,0x21,0x08,0x00,0x00,
    0x08,0x42,0xe7,0x41,0x00,0x00,0x00,0x00,0x00,0x00,0x00,0x00,0x00,0x00,0xe3,0x18,0x4d,0x63,0x41,0x08,0x00,0x00,0x00,0x00,
    0x00,0x00,0x00,0x00,0x00,0x00,0x00,0x00,0x00,0x00,0x00,0x00,0x00,0x00,0x20,0x08,0x20,0x08,0x20,0x08,0x40,0x08,0x41,0x10,
    0x41,0x08,0x61,0x10,0x61,0x10,0x81,0x18,0x61,0x10,0x81,0x18,0x81,0x18,0xa1,0x18,0xa1,0x18,0xa1,0x18,0x23,0x29,0xb9,0xde,
    0xb8,0xde,0x44,0x31,0x81,0x18,0xa1,0x18,0x81,0x18,0x81,0x18,0x61,0x10,0x81,0x18,0x61,0x10,0x61,0x10,0x40,0x08,0x41,0x10,
    0x40,0x08,0x40,0x08,0x20,0x08,0x20,0x08,0x20,0x00,0x00,0x00,0x00,0x00,0x00,0x00,0x00,0x00,0x00,0x00,0x00,0x00,0x00,0x00,
    0x00,0x00,0x00,0x00,0x21,0x00,0x6e,0x6b,0xa2,0x10,0x00,0x00,0x00,0x00,0x00,0x00,0x00,0x00,0x00,0x00,0xe7,0x39,0x08,0x42,
    0x00,0x00,0x21,0x08,0x08,0x42,0x30,0x7c,0xcf,0x73,0x8e,0x6b,0x8e,0x6b,0x8f,0x73,0xcf,0x73,0x31,0x84,0x30,0x7c,0x31,0x84,
    0x30,0x7c,0x10,0x7c,0x10,0x7c,0x10,0x7c,0x10,0x7c,0x10,0x7c,0xf0,0x7b,0x10,0x7c,0xf0,0x7b,0xf0,0x7b,0xcf,0x73,0xf0,0x7b,
    0xcf,0x73,0xcf,0x73,0xcf,0x73,0xb3,0x94,0x51,0x84,0x04,0x21,0x00,0x00,0x00,0x00,0x00,0x00,0x00,0x00,0x00,0x00,0x00,0x00,
    0x00,0x00,0x00,0x00,0x00,0x00,0x00,0x00,0x00,0x00,0x00,0x00,0x00,0x00,0x00,0x00,0x00,0x00,0x00,0x00,0x00,0x00,0x00,0x00,
    0x00,0x00,0x00,0x00,0x00,0x00,0x00,0x00,0x00,0x00,0x00,0x00,0x00,0x00,0x00,0x00,0x00,0x00,0x00,0x00,0x00,0x00,0x00,0x00,
    0x00,0x00,0x00,0x00,0x00,0x00,0x00,0x00,0x00,0x00,0x00,0x00,0x00,0x00,0x00,0x00,0x00,0x00,0x00,0x00,0x00,0x00,0x00,0x00,
    0x00,0x00,0x00,0x00,0x00,0x00,0x00,0x00,0x00,0x00,0x00,0x00,0x00,0x00,0x00,0x00,0x65,0x29,0x14,0x9d,0x96,0xad,0xd3,0x94,
    0xd3,0x94,0xd3,0x94,0xd3,0x94,0xf3,0x9c,0xd3,0x94,0xf3,0x94,0xf3,0x94,0xf4,0x9c,0xf3,0x94,0xf4,0x9c,0xf3,0x94,0xf4,0x9c,
    0xf3,0x94,0xf4,0x9c,0xf3,0x9c,0x14,0x9d,0xf3,0x9c,0x92,0x8c,0x8e,0x6b,0x8e,0x6b,0x8e,0x6b,0xae,0x73,0x71,0x84,0x71,0x8c,
    0x45,0x29,0x00,0x00,0x00,0x00,0x00,0x00,0x00,0x00,0x00,0x00,0x00,0x00,0x00,0x00,0x29,0x42,0x08,0x42,0x00,0x00,0x00,0x00,
    0x00,0x00,0x00,0x00,0x00,0x00,0x61,0x08,0x0c,0x63,0x00,0x00,0x00,0x00,0x00,0x00,0x00,0x00,0x00,0x00,0x00,0x00,0x00,0x00,
    0x20,0x00,0x20,0x08,0x20,0x00,0x20,0x08,0x20,0x08,0x40,0x08,0x20,0x08,0x41,0x08,0x20,0x08,0x41,0x10,0x40,0x08,0xe7,0x41,
    0xb9,0xd6,0xda,0xde,0xe7,0x39,0x41,0x10,0x20,0x08,0x41,0x08,0x20,0x08,0x40,0x08,0x20,0x08,0x20,0x08,0x20,0x00,0x20,0x08,
    0x00,0x00,0x00,0x00,0x00,0x00,0x00,0x00,0x00,0x00,0x00,0x00,0x00,0x00,0x00,0x00,0x20,0x00,0x2d,0x63,0x41,0x08,0x00,0x00,
    0x00,0x00,0x00,0x00,0x00,0x00,0x00,0x00,0x08,0x3a,0x29,0x42,0x00,0x00,0x00,0x00,0x00,0x00,0x00,0x00,0x00,0x00,0x00,0x00,
    0x00,0x00,0x24,0x21,0xae,0x73,0xf0,0x7b,0x8e,0x6b,0x8e,0x6b,0x8e,0x6b,0x8e,0x6b,0xf0,0x7b,0x31,0x84,0x30,0x7c,0x31,0x84,
    0x10,0x7c,0x10,0x7c,0x10,0x7c,0x10,0x7c,0xf0,0x7b,0x10,0x7c,0xf0,0x7b,0xf0,0x7b,0xef,0x73,0xf0,0x7b,0xcf,0x73,0xf0,0x7b,
    0xcf,0x73,0xcf,0x73,0xcf,0x73,0xf4,0x9c,0x10,0x7c,0x25,0x21,0x00,0x00,0x00,0x00,0x00,0x00,0x00,0x00,0x00,0x00,0x00,0x00,
    0x00,0x00,0x00,0x00,0x00,0x00,0x00,0x00,0x00,0x00,0x00,0x00,0x00,0x00,0x00,0x00,0x00,0x00,0x00,0x00,0x00,0x00,0x00,0x00,
    0x00,0x00,0x00,0x00,0x00,0x00,0x00,0x00,0x00,0x00,0x00,0x00,0x00,0x00,0x00,0x00,0x00,0x00,0x00,0x00,0x00,0x00,0x00,0x00,
    0x00,0x00,0x00,0x00,0x00,0x00,0x00,0x00,0x00,0x00,0x00,0x00,0x00,0x00,0x00,0x00,0x00,0x00,0x00,0x00,0x00,0x00,0x00,0x00,
    0x00,0x00,0x00,0x00,0x00,0x00,0x00,0x00,0x00,0x00,0x00,0x00,0x00,0x00,0x00,0x00,0x00,0x00,0x00,0x00,0x08,0x42,0x76,0xad,
    0x76,0xad,0xd3,0x94,0xd3,0x94,0xd3,0x94,0xd3,0x94,0xd3,0x94,0xd3,0x94,0xf4,0x9c,0xf3,0x94,0xf4,0x9c,0xf3,0x94,0xf4,0x9c,
    0xf3,0x9c,0xf4,0x9c,0xf3,0x9c,0x14,0x9d,0xf4,0x9c,0xf4,0x9c,0xf3,0x9c,0xf3,0x9c,0x10,0x7c,0x8e,0x6b,0x8e,0x6b,0x8f,0x73,
    0xcf,0x73,0xb3,0x94,0x6d,0x6b,0xa3,0x18,0x00,0x00,0x00,0x00,0x00,0x00,0x00,0x00,0x00,0x00,0x4d,0x6b,0x82,0x10,0x00,0x00,
    0x00,0x00,0x00,0x00,0x00,0x00,0x00,0x00,0x65,0x29,0xcb,0x5a,0x00,0x00,0x00,0x00,0x00,0x00,0x00,0x00,0x00,0x00,0x00,0x00,
    0x62,0x10,0x00,0x00,0x00,0x00,0x00,0x00,0x00,0x00,0x00,0x00,0x00,0x00,0x00,0x00,0x20,0x08,0x20,0x08,0x20,0x00,0x20,0x08,
    0xc6,0x39,0xda,0xde,0xd9,0xd6,0xe7,0x41,0x20,0x00,0x20,0x08,0x20,0x00,0x00,0x00,0x00,0x00,0x00,0x00,0x00,0x00,0x00,0x00,
    0x00,0x00,0x00,0x00,0x00,0x00,0x82,0x10,0x00,0x00,0x00,0x00,0x00,0x00,0x00,0x00,0x00,0x00,0x00,0x00,0xcb,0x52,0x66,0x29,
    0x00,0x00,0x00,0x00,0x00,0x00,0x00,0x00,0x00,0x00,0xa2,0x10,0x2d,0x63,0x00,0x00,0x00,0x00,0x00,0x00,0x00,0x00,0x00,0x00,
    0x82,0x10,0xec,0x5a,0x10,0x7c,0xaf,0x73,0x8e,0x6b,0x8e,0x6b,0x8e,0x6b,0xcf,0x73,0x30,0x7c,0x31,0x84,0x10,0x7c,0x31,0x84,
    0x10,0x7c,0x11,0x84,0x10,0x7c,0x10,0x7c,0x10,0x7c,0x10,0x7c,0xf0,0x7b,0x10,0x7c,0xf0,0x7b,0xf0,0x7b,0xcf,0x73,0xf0,0x7b,
    0xcf,0x73,0xcf,0x73,0xcf,0x73,0xd3,0x9c,0x92,0x8c,0xa7,0x31,0x00,0x00,0x00,0x00,0x00,0x00,0x00,0x00,0x00,0x00,0x00,0x00,
    0x00,0x00,0x00,0x00,0x00,0x00,0x00,0x00,0x00,0x00,0x00,0x00,0x00,0x00,0x00,0x00,0x00,0x00,0x00,0x00,0x00,0x00,0x00,0x00,
    0x00,0x00,0x00,0x00,0x00,0x00,0x00,0x00,0x00,0x00,0x00,0x00,0x00,0x00,0x00,0x00,0x00,0x00,0x00,0x00,0x00,0x00,0x00,0x00,
    0x00,0x00,0x00,0x00,0x00,0x00,0x00,0x00,0x00,0x00,0x00,0x00,0x00,0x00,0x00,0x00,0x00,0x00,0x00,0x00,0x00,0x00,0x00,0x00,
    0x00,0x00,0x00,0x00,0x00,0x00,0x00,0x00,0x00,0x00,0x00,0x00,0x00,0x00,0x00,0x00,0x00,0x00,0x00,0x00,0x00,0x00,0x00,0x00,
    0x65,0x29,0x14,0x9d,0x96,0xad,0xb3,0x94,0xb2,0x8c,0xd3,0x94,0xb2,0x94,0xd3,0x94,0xd2,0x94,0xd3,0x94,0xd3,0x94,0xd3,0x94,
    0xd3,0x94,0xf3,0x94,0xd3,0x94,0xf3,0x9c,0xd3,0x94,0xf3,0x9c,0xd3,0x94,0xf3,0x9c,0xf3,0x94,0xf3,0x9c,0x92,0x8c,0xcf,0x73,
    0x6e,0x6b,0x8e,0x6b,0x8e,0x6b,0x30,0x84,0xb2,0x8c,0xec,0x5a,0xa2,0x10,0x00,0x00,0x00,0x00,0x00,0x00,0x00,0x00,0x00,0x00,
    0x00,0x00,0x00,0x00,0x00,0x00,0x00,0x00,0x00,0x00,0x6a,0x4a,0x86,0x31,0x00,0x00,0x00,0x00,0x00,0x00,0x00,0x00,0x00,0x00,
    0x24,0x21,0x8a,0x4a,0x00,0x00,0x00,0x00,0x00,0x00,0x00,0x00,0x00,0x00,0x21,0x08,0x41,0x08,0x00,0x00,0x00,0x00,0x00,0x00,
    0x00,0x00,0xc7,0x39,0xda,0xd6,0xda,0xde,0xa6,0x31,0x00,0x00,0x00,0x00,0x00,0x00,0x00,0x00,0x41,0x08,0x00,0x00,0x00,0x00,
    0x00,0x00,0x00,0x00,0x00,0x00,0x00,0x00,0x69,0x4a,0x25,0x29,0x00,0x00,0x00,0x00,0x00,0x00,0x00,0x00,0x00,0x00,0xa7,0x31,
    0x49,0x4a,0x00,0x00,0x00,0x00,0x00,0x00,0x00,0x00,0x00,0x00,0x00,0x00,0x00,0x00,0x00,0x00,0x00,0x00,0x00,0x00,0xa2,0x10,
    0x89,0x4a,0x10,0x7c,0xcf,0x73,0x8e,0x6b,0x6e,0x6b,0x8e,0x6b,0x8e,0x6b,0x10,0x7c,0x10,0x7c,0x30,0x7c,0x10,0x7c,0x30,0x7c,
    0x10,0x7c,0x10,0x7c,0x10,0x7c,0x10,0x7c,0xef,0x73,0xf0,0x7b,0xef,0x73,0xf0,0x7b,0xcf,0x73,0xef,0x73,0xcf,0x73,0xef,0x7b,
    0xcf,0x73,0xcf,0x73,0xcf,0x73,0xf4,0x9c,0x30,0x84,0x04,0x21,0x00,0x00,0x00,0x00,0x00,0x00,0x00,0x00,0x00,0x00,0x00,0x00,
    0x00,0x00,0x00,0x00,0x00,0x00,0x00,0x00,0x00,0x00,0x00,0x00,0x00,0x00,0x00,0x00,0x00,0x00,0x00,0x00,0x00,0x00,0x00,0x00,
    0x00,0x00,0x00,0x00,0x00,0x00,0x00,0x00,0x00,0x00,0x00,0x00,0x00,0x00,0x00,0x00,0x00,0x00,0x00,0x00,0x00,0x00,0x00,0x00,
    0x00,0x00,0x00,0x00,0x00,0x00,0x00,0x00,0x00,0x00,0x00,0x00,0x00,0x00,0x00,0x00,0x00,0x00,0x00,0x00,0x00,0x00,0x00,0x00,
    0x00,0x00,0x00,0x00,0x00,0x00,0x00,0x00,0x00,0x00,0x00,0x00,0x00,0x00,0x00,0x00,0x00,0x00,0x00,0x00,0x00,0x00,0x00,0x00,
    0x00,0x00,0x00,0x00,0x04,0x21,0xd3,0x9c,0xb6,0xb5,0xb3,0x94,0xb3,0x94,0xd3,0x94,0xb3,0x94,0xd3,0x94,0xd3,0x94,0xd3,0x94,
    0xd3,0x94,0xd3,0x94,0xd3,0x94,0xd3,0x9c,0xd3,0x94,0xf3,0x9c,0xd3,0x94,0xf3,0x9c,0xd3,0x94,0xf3,0x9c,0xf3,0x94,0xf4,0x9c,
    0xd3,0x94,0x51,0x84,0x8e,0x6b,0x8f,0x73,0x8e,0x6b,0xaf,0x73,0x30,0x84,0xd3,0x94,0x2d,0x63,0xe4,0x20,0x00,0x00,0x00,0x00,
    0x00,0x00,0x00,0x00,0x00,0x00,0x00,0x00,0x00,0x00,0x21,0x08,0x4d,0x63,0x82,0x10,0x00,0x00,0x00,0x00,0x00,0x00,0x00,0x00,
    0x00,0x00,0x29,0x42,0xe7,0x39,0x00,0x00,0x00,0x00,0x00,0x00,0x00,0x00,0x00,0x00,0xa7,0x31,0x08,0x42,0x00,0x00,0x00,0x00,
    0x00,0x00,0x00,0x00,0xa6,0x31,0xda,0xde,0xda,0xd6,0xc7,0x39,0x00,0x00,0x00,0x00,0x00,0x00,0x00,0x00,0x08,0x3a,0xc7,0x39,
    0x00,0x00,0x00,0x00,0x00,0x00,0x00,0x00,0x00,0x00,0xe8,0x39,0x08,0x3a,0x00,0x00,0x00,0x00,0x00,0x00,0x00,0x00,0x00,0x00,
    0x82,0x10,0x4e,0x6b,0x20,0x00,0x00,0x00,0x00,0x00,0x00,0x00,0x00,0x00,0x00,0x00,0x00,0x00,0x00,0x00,0xc3,0x18,0xcb,0x5a,
    0x31,0x84,0xf0,0x7b,0x8e,0x6b,0x8f,0x73,0x8e,0x6b,0x8e,0x73,0xcf,0x73,0x31,0x84,0x30,0x7c,0x31,0x84,0x10,0x7c,0x31,0x84,
    0x10,0x7c,0x10,0x7c,0x10,0x7c,0x10,0x7c,0x10,0x7c,0xf0,0x7b,0xef,0x73,0xf0,0x7b,0xef,0x73,0xf0,0x7b,0xcf,0x73,0xf0,0x7b,
    0xcf,0x73,0xcf,0x73,0xcf,0x73,0x14,0xa5,0x10,0x7c,0xc3,0x18,0x00,0x00,0x00,0x00,0x00,0x00,0x00,0x00,0x00,0x00,0x00,0x00,
    0x00,0x00,0x00,0x00,0x00,0x00,0x00,0x00,0x00,0x00,0x00,0x00,0x00,0x00,0x00,0x00,0x00,0x00,0x00,0x00,0x00,0x00,0x00,0x00,
    0x00,0x00,0x00,0x00,0x00,0x00,0x00,0x00,0x00,0x00,0x00,0x00,0x00,0x00,0x00,0x00,0x00,0x00,0x00,0x00,0x00,0x00,0x00,0x00,
    0x00,0x00,0x00,0x00,0x00,0x00,0x00,0x00,0x00,0x00,0x00,0x00,0x00,0x00,0x00,0x00,0x00,0x00,0x00,0x00,0x00,0x00,0x00,0x00,
    0x00,0x00,0x00,0x00,0x00,0x00,0x00,0x00,0x00,0x00,0x00,0x00,0x00,0x00,0x00,0x00,0x00,0x00,0x00,0x00,0x00,0x00,0x00,0x00,
    0x00,0x00,0x00,0x00,0x00,0x00,0x00,0x00,0xc3,0x18,0x72,0x8c,0xd7,0xb5,0xb3,0x94,0xb2,0x8c,0xb3,0x94,0xb2,0x8c,0xd3,0x94,
    0xb2,0x8c,0xd3,0x94,0xb3,0x94,0xd3,0x94,0xb2,0x94,0xd3,0x94,0xd3,0x94,0xd3,0x94,0xd3,0x94,0xd3,0x94,0xd3,0x94,0xf3,0x94,
    0xd3,0x94,0xd3,0x94,0xd3,0x94,0xb3,0x94,0xcf,0x73,0x8e,0x6b,0x8e,0x6b,0x8e,0x6b,0x8e,0x6b,0x11,0x84,0xb2,0x94,0x8e,0x6b,
    0x24,0x21,0x00,0x00,0x00,0x00,0x00,0x00,0x00,0x00,0x00,0x00,0x41,0x08,0xc7,0x39,0x00,0x00,0x00,0x00,0x00,0x00,0x00,0x00,
    0x00,0x00,0x00,0x00,0xcb,0x52,0x25,0x21,0x00,0x00,0x00,0x00,0x00,0x00,0x00,0x00,0x00,0x00,0x28,0x42,0xc7,0x39,0x00,0x00,
    0x00,0x00,0x00,0x00,0x00,0x00,0xc7,0x39,0xba,0xd6,0xda,0xd6,0xa6,0x31,0x00,0x00,0x00,0x00,0x00,0x00,0x00,0x00,0xe7,0x39,
    0x08,0x3a,0x00,0x00,0x00,0x00,0x00,0x00,0x00,0x00,0x00,0x00,0x24,0x21,0xcb,0x5a,0x00,0x00,0x00,0x00,0x00,0x00,0x00,0x00,
    0x00,0x00,0x00,0x00,0xa7,0x31,0x41,0x08,0x00,0x00,0x00,0x00,0x00,0x00,0x00,0x00,0x00,0x00,0x04,0x21,0x0c,0x5b,0x31,0x84,
    0xcf,0x73,0x8e,0x6b,0x8e,0x6b,0x8e,0x6b,0x8e,0x6b,0xaf,0x73,0x10,0x7c,0x31,0x84,0x10,0x7c,0x31,0x84,0x10,0x7c,0x10,0x7c,
    0x10,0x7c,0x10,0x7c,0x10,0x7c,0x10,0x7c,0xef,0x73,0xf0,0x7b,0xef,0x73,0xf0,0x7b,0xcf,0x73,0xf0,0x7b,0xcf,0x73,0xcf,0x73,
    0xcf,0x73,0xcf,0x73,0xaf,0x73,0x35,0xa5,0xae,0x6b,0xa3,0x10,0x00,0x00,0x00,0x00,0x00,0x00,0x00,0x00,0x00,0x00,0x00,0x00,
    0x00,0x00,0x00,0x00,0x00,0x00,0x00,0x00,0x00,0x00,0x00,0x00,0x00,0x00,0x00,0x00,0x00,0x00,0x00,0x00,0x00,0x00,0x00,0x00,
    0x00,0x00,0x00,0x00,0x00,0x00,0x00,0x00,0x00,0x00,0x00,0x00,0x00,0x00,0x00,0x00,0x00,0x00,0x00,0x00,0x00,0x00,0x00,0x00,
    0x00,0x00,0x00,0x00,0x00,0x00,0x00,0x00,0x00,0x00,0x00,0x00,0x00,0x00,0x00,0x00,0x00,0x00,0x00,0x00,0x00,0x00,0x00,0x00,
    0x00,0x00,0x00,0x00,0x00,0x00,0x00,0x00,0x00,0x00,0x00,0x00,0x00,0x00,0x00,0x00,0x00,0x00,0x00,0x00,0x00,0x00,0x00,0x00,
    0x00,0x00,0x00,0x00,0x00,0x00,0x00,0x00,0x00,0x00,0x00,0x00,0x82,0x10,0x10,0x7c,0xf7,0xbd,0xd3,0x94,0xb2,0x8c,0xb3,0x94,
    0xb3,0x94,0xb3,0x94,0xb2,0x94,0xd3,0x94,0xb3,0x94,0xd3,0x94,0xb3,0x94,0xd3,0x94,0xd3,0x94,0xd3,0x94,0xd3,0x94,0xd3,0x94,
    0xd3,0x94,0xd3,0x94,0xd3,0x94,0xf3,0x9c,0xd3,0x94,0xd3,0x94,0x71,0x8c,0xf0,0x7b,0x8e,0x6b,0x8e,0x6b,0x8e,0x6b,0x8f,0x73,
    0x10,0x7c,0xb3,0x94,0xf0,0x7b,0x69,0x4a,0xa2,0x10,0x00,0x00,0x00,0x00,0x00,0x00,0x00,0x00,0x00,0x00,0x00,0x00,0x00,0x00,
    0x00,0x00,0x00,0x00,0x20,0x00,0x6e,0x6b,0x41,0x08,0x00,0x00,0x00,0x00,0x00,0x00,0x00,0x00,0x00,0x00,0x6a,0x4a,0x86,0x31,
    0x00,0x00,0x00,0x00,0x00,0x00,0x00,0x00,0xc7,0x39,0xda,0xde,0xda,0xd6,0xc7,0x39,0x00,0x00,0x00,0x00,0x00,0x00,0x00,0x00,
    0x66,0x29,0x8a,0x52,0x00,0x00,0x00,0x00,0x00,0x00,0x00,0x00,0x00,0x00,0x82,0x10,0x4d,0x6b,0x00,0x00,0x00,0x00,0x00,0x00,
    0x00,0x00,0x00,0x00,0x00,0x00,0x00,0x00,0x00,0x00,0x00,0x00,0x00,0x00,0x83,0x10,0x08,0x42,0xaf,0x73,0x30,0x7c,0xf0,0x7b,
    0x8e,0x6b,0x8e,0x6b,0x8e,0x6b,0x8f,0x73,0xaf,0x73,0x10,0x7c,0x30,0x7c,0x31,0x84,0x30,0x7c,0x31,0x84,0x10,0x7c,0x31,0x84,
    0x10,0x7c,0x10,0x7c,0xf0,0x7b,0x10,0x7c,0xf0,0x7b,0xf0,0x7b,0xf0,0x7b,0xf0,0x7b,0xf0,0x7b,0xf0,0x7b,0xcf,0x73,0xf0,0x7b,
    0xcf,0x73,0xcf,0x73,0xcf,0x73,0x76,0xad,0x4d,0x63,0x82,0x10,0x00,0x00,0x00,0x00,0x00,0x00,0x00,0x00,0x00,0x00,0x00,0x00,
    0x00,0x00,0x00,0x00,0x00,0x00,0x00,0x00,0x00,0x00,0x00,0x00,0x00,0x00,0x00,0x00,0x00,0x00,0x00,0x00,0x00,0x00,0x00,0x00,
    0x00,0x00,0x00,0x00,0x00,0x00,0x00,0x00,0x00,0x00,0x00,0x00,0x00,0x00,0x00,0x00,0x00,0x00,0x00,0x00,0x00,0x00,0x00,0x00,
    0x00,0x00,0x00,0x00,0x00,0x00,0x00,0x00,0x00,0x00,0x00,0x00,0x00,0x00,0x00,0x00,0x00,0x00,0x00,0x00,0x00,0x00,0x00,0x00,
    0x00,0x00,0x00,0x00,0x00,0x00,0x00,0x00,0x00,0x00,0x00,0x00,0x00,0x00,0x00,0x00,0x00,0x00,0x00,0x00,0x00,0x00,0x00,0x00,
    0x00,0x00,0x00,0x00,0x00,0x00,0x00,0x00,0x00,0x00,0x00,0x00,0x00,0x00,0x00,0x00,0x41,0x08,0xae,0x73,0xb6,0xad,0x14,0x9d,
    0x92,0x8c,0xb2,0x8c,0x92,0x8c,0xb3,0x94,0x92,0x8c,0xb3,0x94,0xb2,0x8c,0xb3,0x94,0xb2,0x8c,0xb3,0x94,0xb2,0x8c,0xb3,0x94,
    0xb2,0x8c,0xd3,0x94,0xb2,0x94,0xd3,0x94,0xb2,0x94,0xd3,0x94,0xb2,0x94,0xd3,0x94,0xb2,0x94,0x92,0x8c,0xcf,0x73,0x8e,0x6b,
    0x6e,0x6b,0x8e,0x6b,0x8e,0x6b,0xef,0x7b,0x51,0x84,0xb3,0x94,0xae,0x6b,0xe8,0x39,0x41,0x08,0x00,0x00,0x00,0x00,0x00,0x00,
    0x00,0x00,0x00,0x00,0x00,0x00,0x00,0x00,0x25,0x21,0x00,0x00,0x00,0x00,0x00,0x00,0x00,0x00,0x00,0x00,0x00,0x00,0xcb,0x5a,
    0x04,0x21,0x00,0x00,0x00,0x00,0x00,0x00,0x00,0x00,0xc7,0x39,0xda,0xd6,0xda,0xde,0xa6,0x31,0x00,0x00,0x00,0x00,0x00,0x00,
    0x00,0x00,0x24,0x21,0xcb,0x52,0x00,0x00,0x00,0x00,0x00,0x00,0x00,0x00,0x00,0x00,0x00,0x00,0x45,0x29,0x00,0x00,0x00,0x00,
    0x00,0x00,0x00,0x00,0x00,0x00,0x00,0x00,0x00,0x00,0x41,0x08,0xa7,0x31,0x4d,0x63,0x30,0x7c,0xf0,0x7b,0xae,0x6b,0x8e,0x6b,
    0x6e,0x6b,0x8e,0x6b,0x8e,0x6b,0xcf,0x73,0xf0,0x7b,0x31,0x84,0x30,0x7c,0x31,0x84,0x10,0x7c,0x10,0x7c,0x10,0x7c,0x10,0x7c,
    0xf0,0x7b,0x10,0x7c,0xf0,0x7b,0x10,0x7c,0xef,0x73,0xf0,0x7b,0xef,0x73,0xf0,0x7b,0xcf,0x73,0xcf,0x73,0xcf,0x73,0xcf,0x73,
    0xaf,0x73,0xcf,0x73,0x51,0x84,0x34,0xa5,0xcb,0x52,0x41,0x08,0x00,0x00,0x00,0x00,0x00,0x00,0x00,0x00,0x00,0x00,0x00,0x00,
    0x00,0x00,0x00,0x00,0x00,0x00,0x00,0x00,0x00,0x00,0x00,0x00,0x00,0x00,0x00,0x00,0x00,0x00,0x00,0x00,0x00,0x00,0x00,0x00,
    0x00,0x00,0x00,0x00,0x00,0x00,0x00,0x00,0x00,0x00,0x00,0x00,0x00,0x00,0x00,0x00,0x00,0x00,0x00,0x00,0x00,0x00,0x00,0x00,
    0x00,0x00,0x00,0x00,0x00,0x00,0x00,0x00,0x00,0x00,0x00,0x00,0x00,0x00,0x00,0x00,0x00,0x00,0x00,0x00,0x00,0x00,0x00,0x00,
    0x00,0x00,0x00,0x00,0x00,0x00,0x00,0x00,0x00,0x00,0x00,0x00,0x00,0x00,0x00,0x00,0x00,0x00,0x00,0x00,0x00,0x00,0x00,0x00,
    0x00,0x00,0x00,0x00,0x00,0x00,0x00,0x00,0x00,0x00,0x00,0x00,0x00,0x00,0x00,0x00,0x00,0x00,0x00,0x00,0x20,0x00,0xcb,0x52,
    0x75,0xad,0x75,0xad,0x92,0x8c,0xb3,0x94,0x92,0x8c,0xb3,0x94,0x92,0x8c,0xb3,0x94,0xb2,0x8c,0xb3,0x94,0xb2,0x8c,0xb3,0x94,
    0xb3,0x94,0xb3,0x94,0xb2,0x94,0xb3,0x94,0xb3,0x94,0xb3,0x94,0xb3,0x94,0xd3,0x94,0xb3,0x94,0xd3,0x94,0xb3,0x94,0xd3,0x94,
    0x92,0x8c,0xf0,0x7b,0x8e,0x6b,0x8f,0x73,0x8e,0x6b,0x8e,0x6b,0x8e,0x6b,0xf0,0x7b,0x51,0x84,0xb3,0x94,0x8e,0x6b,0x49,0x4a,
    0xe4,0x18,0x00,0x00,0x00,0x00,0x00,0x00,0x00,0x00,0x00,0x00,0x00,0x00,0x00,0x00,0x00,0x00,0x00,0x00,0x00,0x00,0x00,0x00,
    0xe7,0x39,0x82,0x10,0x00,0x00,0x00,0x00,0x00,0x00,0x00,0x00,0xa6,0x31,0xda,0xde,0xda,0xd6,0xc7,0x39,0x00,0x00,0x00,0x00,
    0x00,0x00,0x00,0x00,0x82,0x10,0xe8,0x39,0x00,0x00,0x00,0x00,0x00,0x00,0x00,0x00,0x00,0x00,0x00,0x00,0x00,0x00,0x00,0x00,
    0x00,0x00,0x00,0x00,0x00,0x00,0xe4,0x20,0x28,0x42,0x4d,0x6b,0x31,0x84,0x10,0x7c,0xcf,0x73,0x8e,0x6b,0x8e,0x6b,0x8f,0x73,
    0x8e,0x6b,0x8e,0x6b,0xaf,0x73,0x10,0x84,0x31,0x84,0x31,0x84,0x10,0x7c,0x31,0x84,0x10,0x7c,0x10,0x7c,0x10,0x7c,0x10,0x7c,
    0x10,0x7c,0x10,0x7c,0xf0,0x7b,0x10,0x7c,0xf0,0x7b,0xf0,0x7b,0xef,0x73,0xf0,0x7b,0xef,0x73,0xf0,0x7b,0xcf,0x73,0xcf,0x7b,
    0xcf,0x73,0xcf,0x73,0xd3,0x94,0xd3,0x9c,0x08,0x42,0x21,0x08,0x00,0x00,0x00,0x00,0x00,0x00,0x00,0x00,0x00,0x00,0x00,0x00,
    0x00,0x00,0x00,0x00,0x00,0x00,0x00,0x00,0x00,0x00,0x00,0x00,0x00,0x00,0x00,0x00,0x00,0x00,0x00,0x00,0x00,0x00,0x00,0x00,
    0x00,0x00,0x00,0x00,0x00,0x00,0x00,0x00,0x00,0x00,0x00,0x00,0x00,0x00,0x00,0x00,0x00,0x00,0x00,0x00,0x00,0x00,0x00,0x00,
    0x00,0x00,0x00,0x00,0x00,0x00,0x00,0x00,0x00,0x00,0x00,0x00,0x00,0x00,0x00,0x00,0x00,0x00,0x00,0x00,0x00,0x00,0x00,0x00,
    0x00,0x00,0x00,0x00,0x00,0x00,0x00,0x00,0x00,0x00,0x00,0x00,0x00,0x00,0x00,0x00,0x00,0x00,0x00,0x00,0x00,0x00,0x00,0x00,
    0x00,0x00,0x00,0x00,0x00,0x00,0x00,0x00,0x00,0x00,0x00,0x00,0x00,0x00,0x00,0x00,0x00,0x00,0x00,0x00,0x00,0x00,0x00,0x00,
    0x00,0x00,0x66,0x29,0xb2,0x94,0xb7,0xb5,0xb2,0x8c,0x92,0x8c,0x92,0x8c,0x92,0x8c,0x92,0x8c,0x92,0x8c,0x92,0x8c,0xb2,0x94,
    0x92,0x8c,0xb2,0x8c,0xb2,0x8c,0xb3,0x94,0x92,0x8c,0xb3,0x94,0xb2,0x8c,0xb3,0x94,0xb2,0x8c,0xb3,0x94,0xb2,0x8c,0xb3,0x94,
    0xb2,0x8c,0xb3,0x94,0xb2,0x8c,0x92,0x8c,0x10,0x7c,0xaf,0x73,0x8e,0x6b,0x8e,0x6b,0x8e,0x6b,0x8e,0x6b,0x8e,0x6b,0xd0,0x7b,
    0x10,0x7c,0x72,0x8c,0x51,0x84,0x0c,0x63,0xa6,0x31,0x82,0x10,0x00,0x00,0x00,0x00,0x00,0x00,0x00,0x00,0x00,0x00,0x00,0x00,
    0x00,0x00,0x00,0x00,0x00,0x00,0x00,0x00,0x00,0x00,0x00,0x00,0x00,0x00,0x00,0x00,0x30,0x84,0x30,0x84,0x20,0x00,0x00,0x00,
    0x00,0x00,0x00,0x00,0x00,0x00,0x00,0x00,0x00,0x00,0x00,0x00,0x00,0x00,0x00,0x00,0x00,0x00,0x00,0x00,0x00,0x00,0x00,0x00,
    0x61,0x08,0xa6,0x31,0xcb,0x52,0x10,0x7c,0x10,0x7c,0xf0,0x7b,0xaf,0x73,0x8e,0x6b,0x8e,0x6b,0x8e,0x6b,0x8e,0x6b,0x8e,0x6b,
    0x8e,0x6b,0xef,0x7b,0x10,0x7c,0x31,0x84,0x10,0x7c,0x31,0x84,0x10,0x7c,0x31,0x84,0x10,0x7c,0x10,0x7c,0x10,0x7c,0x10,0x7c,
    0xf0,0x7b,0x10,0x7c,0xf0,0x7b,0xf0,0x7b,0xef,0x73,0xf0,0x7b,0xef,0x73,0xf0,0x7b,0xcf,0x73,0xcf,0x73,0xcf,0x73,0xcf,0x73,
    0xaf,0x73,0xf0,0x7b,0x34,0xa5,0x30,0x84,0xe3,0x18,0x00,0x00,0x00,0x00,0x00,0x00,0x00,0x00,0x00,0x00,0x00,0x00,0x00,0x00,
    0x00,0x00,0x00,0x00,0x00,0x00,0x00,0x00,0x00,0x00,0x00,0x00,0x00,0x00,0x00,0x00,0x00,0x00,0x00,0x00,0x00,0x00,0x00,0x00,
    0x00,0x00,0x00,0x00,0x00,0x00,0x00,0x00,0x00,0x00,0x00,0x00,0x00,0x00,0x00,0x00,0x00,0x00,0x00,0x00,0x00,0x00,0x00,0x00,
    0x00,0x00,0x00,0x00,0x00,0x00,0x00,0x00,0x00,0x00,0x00,0x00,0x00,0x00,0x00,0x00,0x00,0x00,0x00,0x00,0x00,0x00,0x00,0x00,
    0x00,0x00,0x00,0x00,0x00,0x00,0x00,0x00,0x00,0x00,0x00,0x00,0x00,0x00,0x00,0x00,0x00,0x00,0x00,0x00,0x00,0x00,0x00,0x00,
    0x00,0x00,0x00,0x00,0x00,0x00,0x00,0x00,0x00,0x00,0x00,0x00,0x00,0x00,0x00,0x00,0x00,0x00,0x00,0x00,0x00,0x00,0x00,0x00,
    0x00,0x00,0x00,0x00,0x00,0x00,0x82,0x10,0x8e,0x6b,0xd7,0xb5,0xf4,0x9c,0x92,0x8c,0x92,0x8c,0x92,0x8c,0x92,0x8c,0xb2,0x94,
    0x92,0x8c,0x92,0x8c,0x92,0x8c,0xb3,0x94,0xb2,0x8c,0xb3,0x94,0x92,0x8c,0xb3,0x94,0xb2,0x8c,0xb3,0x94,0x92,0x8c,0xb3,0x94,
    0xb2,0x8c,0xb3,0x94,0xb2,0x8c,0xb3,0x94,0xb2,0x8c,0xb3,0x94,0xb2,0x8c,0x72,0x8c,0x10,0x7c,0xaf,0x73,0x8e,0x6b,0x8f,0x73,
    0x8e,0x6b,0x8e,0x6b,0x8e,0x6b,0xaf,0x73,0xcf,0x73,0x31,0x84,0x71,0x84,0xcf,0x7b,0xec,0x5a,0x69,0x4a,0xa7,0x31,0x04,0x21,
    0x61,0x08,0x00,0x00,0x00,0x00,0x00,0x00,0x00,0x00,0x00,0x00,0x00,0x00,0x00,0x00,0x00,0x00,0x00,0x00,0x00,0x00,0x00,0x00,
    0x00,0x00,0x00,0x00,0x00,0x00,0x00,0x00,0x00,0x00,0x00,0x00,0x00,0x00,0x62,0x10,0x04,0x21,0xa7,0x31,0x29,0x42,0xec,0x5a,
    0x8e,0x6b,0x31,0x84,0xf0,0x7b,0xcf,0x73,0x8e,0x6b,0x8e,0x6b,0x8e,0x6b,0x8f,0x73,0x8e,0x6b,0x8e,0x6b,0x8e,0x6b,0xf0,0x7b,
    0x10,0x7c,0x31,0x84,0x30,0x84,0x31,0x84,0x31,0x84,0x31,0x84,0x10,0x7c,0x31,0x84,0x10,0x7c,0x10,0x7c,0x10,0x7c,0x10,0x7c,
    0x10,0x7c,0x10,0x7c,0xf0,0x7b,0x10,0x7c,0xf0,0x7b,0xf0,0x7b,0xcf,0x73,0xf0,0x7b,0xcf,0x73,0xd0,0x7b,0xcf,0x73,0xd0,0x7b,
    0xcf,0x73,0x72,0x8c,0x34,0xa5,0x0c,0x63,0x41,0x08,0x00,0x00,0x00,0x00,0x00,0x00,0x00,0x00,0x00,0x00,0x00,0x00,0x00,0x00,
    0x00,0x00,0x00,0x00,0x00,0x00,0x00,0x00,0x00,0x00,0x00,0x00,0x00,0x00,0x00,0x00,0x00,0x00,0x00,0x00,0x00,0x00,0x00,0x00,
    0x00,0x00,0x00,0x00,0x00,0x00,0x00,0x00,0x00,0x00,0x00,0x00,0x00,0x00,0x00,0x00,0x00,0x00,0x00,0x00,0x00,0x00,0x00,0x00,
    0x00,0x00,0x00,0x00,0x00,0x00,0x00,0x00,0x00,0x00,0x00,0x00,0x00,0x00,0x00,0x00,0x00,0x00,0x00,0x00,0x00,0x00,0x00,0x00,
    0x00,0x00,0x00,0x00,0x00,0x00,0x00,0x00,0x00,0x00,0x00,0x00,0x00,0x00,0x00,0x00,0x00,0x00,0x00,0x00,0x00,0x00,0x00,0x00,
    0x00,0x00,0x00,0x00,0x00,0x00,0x00,0x00,0x00,0x00,0x00,0x00,0x00,0x00,0x00,0x00,0x00,0x00,0x00,0x00,0x00,0x00,0x00,0x00,
    0x00,0x00,0x00,0x00,0x00,0x00,0x00,0x00,0x00,0x00,0x00,0x00,0x08,0x3a,0x55,0xa5,0x55,0xa5,0x72,0x8c,0x72,0x8c,0x92,0x8c,
    0x71,0x84,0x92,0x8c,0x72,0x8c,0x92,0x8c,0x92,0x8c,0x92,0x8c,0x92,0x8c,0x92,0x8c,0x92,0x8c,0x92,0x8c,0x92,0x8c,0x92,0x8c,
    0x92,0x8c,0x92,0x8c,0x92,0x8c,0x92,0x8c,0x92,0x8c,0x92,0x8c,0x92,0x8c,0x92,0x8c,0x92,0x8c,0x92,0x8c,0x92,0x8c,0x51,0x84,
    0xcf,0x73,0x8e,0x6b,0x8e,0x6b,0x8e,0x6b,0x6e,0x6b,0x8e,0x6b,0x8e,0x6b,0x8e,0x6b,0x8e,0x6b,0xaf,0x73,0xcf,0x73,0x10,0x7c,
    0x10,0x7c,0x51,0x84,0x10,0x7c,0x8e,0x73,0x2c,0x5b,0xeb,0x5a,0x8a,0x4a,0x49,0x42,0xe7,0x39,0x86,0x31,0x45,0x21,0x45,0x29,
    0x86,0x29,0xe7,0x39,0x28,0x42,0x8a,0x52,0xcb,0x52,0x0c,0x63,0x6d,0x6b,0x10,0x7c,0x10,0x7c,0x10,0x7c,0xef,0x73,0xcf,0x73,
    0x8e,0x6b,0x8e,0x6b,0x8e,0x6b,0x8e,0x6b,0x6e,0x6b,0x8e,0x6b,0x8e,0x6b,0x8e,0x6b,0x6e,0x6b,0xcf,0x73,0x10,0x7c,0x31,0x84,
    0x30,0x7c,0x31,0x84,0x30,0x7c,0x31,0x84,0x10,0x7c,0x10,0x7c,0x10,0x7c,0x10,0x7c,0x10,0x7c,0x10,0x7c,0x10,0x7c,0x10,0x7c,
    0xef,0x73,0xf0,0x7b,0xef,0x73,0xf0,0x7b,0xcf,0x73,0xef,0x73,0xcf,0x73,0xef,0x7b,0xcf,0x73,0xcf,0x73,0xcf,0x73,0xcf,0x73,
    0xae,0x73,0xd3,0x94,0xb2,0x94,0xc7,0x39,0x00,0x00,0x00,0x00,0x00,0x00,0x00,0x00,0x00,0x00,0x00,0x00,0x00,0x00,0x00,0x00,
    0x00,0x00,0x00,0x00,0x00,0x00,0x00,0x00,0x00,0x00,0x00,0x00,0x00,0x00,0x00,0x00,0x00,0x00,0x00,0x00,0x00,0x00,0x00,0x00,
    0x00,0x00,0x00,0x00,0x00,0x00,0x00,0x00,0x00,0x00,0x00,0x00,0x00,0x00,0x00,0x00,0x00,0x00,0x00,0x00,0x00,0x00,0x00,0x00,
    0x00,0x00,0x00,0x00,0x00,0x00,0x00,0x00,0x00,0x00,0x00,0x00,0x00,0x00,0x00,0x00,0x00,0x00,0x00,0x00,0x00,0x00,0x00,0x00,
    0x00,0x00,0x00,0x00,0x00,0x00,0x00,0x00,0x00,0x00,0x00,0x00,0x00,0x00,0x00,0x00,0x00,0x00,0x00,0x00,0x00,0x00,0x00,0x00,
    0x00,0x00,0x00,0x00,0x00,0x00,0x00,0x00,0x00,0x00,0x00,0x00,0x00,0x00,0x00,0x00,0x00,0x00,0x00,0x00,0x00,0x00,0x00,0x00,
    0x00,0x00,0x00,0x00,0x00,0x00,0x00,0x00,0x00,0x00,0x00,0x00,0x00,0x00,0x00,0x00,0xe3,0x18,0x72,0x8c,0x96,0xad,0xf4,0x9c,
    0x72,0x8c,0x92,0x8c,0x72,0x8c,0x92,0x8c,0x72,0x8c,0x92,0x8c,0x72,0x8c,0x92,0x8c,0x92,0x8c,0x92,0x8c,0x92,0x8c,0x92,0x8c,
    0x92,0x8c,0x92,0x8c,0x92,0x8c,0x92,0x8c,0x92,0x8c,0x92,0x8c,0x92,0x8c,0x92,0x8c,0x92,0x8c,0x92,0x8c,0x92,0x8c,0x92,0x94,
    0x92,0x8c,0x92,0x8c,0x92,0x8c,0x51,0x84,0x10,0x7c,0xcf,0x73,0x8e,0x6b,0x8f,0x73,0x8e,0x6b,0x8e,0x6b,0x8e,0x6b,0x8f,0x73,
    0x8e,0x6b,0x8e,0x6b,0x8e,0x6b,0x8f,0x73,0x8e,0x6b,0x8e,0x6b,0x8e,0x6b,0xaf,0x73,0xae,0x73,0xaf,0x73,0xaf,0x73,0xcf,0x73,
    0xaf,0x73,0xaf,0x73,0xae,0x6b,0xaf,0x73,0x8e,0x6b,0x8f,0x73,0x8e,0x6b,0x8f,0x73,0x8e,0x6b,0x8e,0x6b,0x8e,0x6b,0x8f,0x73,
    0x8e,0x6b,0x8e,0x6b,0x8e,0x6b,0x8f,0x73,0x8e,0x6b,0x8f,0x73,0xaf,0x73,0xf0,0x7b,0x10,0x7c,0x31,0x84,0x30,0x7c,0x31,0x84,
    0x31,0x84,0x31,0x84,0x30,0x7c,0x31,0x84,0x30,0x7c,0x10,0x7c,0x10,0x7c,0x10,0x7c,0x10,0x7c,0x10,0x7c,0xf0,0x7b,0x10,0x7c,
    0xf0,0x7b,0xf0,0x7b,0xef,0x73,0xf0,0x7b,0xef,0x73,0xf0,0x7b,0xcf,0x73,0xf0,0x7b,0xcf,0x73,0xcf,0x73,0xcf,0x73,0xcf,0x73,
    0x51,0x84,0x34,0xa5,0xcf,0x73,0xc3,0x18,0x00,0x00,0x00,0x00,0x00,0x00,0x00,0x00,0x00,0x00,0x00,0x00,0x00,0x00,0x00,0x00,
    0x00,0x00,0x00,0x00,0x00,0x00,0x00,0x00,0x00,0x00,0x00,0x00,0x00,0x00,0x00,0x00,0x00,0x00,0x00,0x00,0x00,0x00,0x00,0x00,
    0x00,0x00,0x00,0x00,0x00,0x00,0x00,0x00,0x00,0x00,0x00,0x00,0x00,0x00,0x00,0x00,0x00,0x00,0x00,0x00,0x00,0x00,0x00,0x00,
    0x00,0x00,0x00,0x00,0x00,0x00,0x00,0x00,0x00,0x00,0x00,0x00,0x00,0x00,0x00,0x00,0x00,0x00,0x00,0x00,0x00,0x00,0x00,0x00,
    0x00,0x00,0x00,0x00,0x00,0x00,0x00,0x00,0x00,0x00,0x00,0x00,0x00,0x00,0x00,0x00,0x00,0x00,0x00,0x00,0x00,0x00,0x00,0x00,
    0x00,0x00,0x00,0x00,0x00,0x00,0x00,0x00,0x00,0x00,0x00,0x00,0x00,0x00,0x00,0x00,0x00,0x00,0x00,0x00,0x00,0x00,0x00,0x00,
    0x00,0x00,0x00,0x00,0x00,0x00,0x00,0x00,0x00,0x00,0x00,0x00,0x00,0x00,0x00,0x00,0x00,0x00,0x00,0x00,0x21,0x00,0xcb,0x5a,
    0x55,0xa5,0x75,0xad,0x92,0x8c,0x72,0x8c,0x71,0x84,0x72,0x8c,0x71,0x84,0x92,0x8c,0x71,0x84,0x72,0x8c,0x71,0x84,0x92,0x8c,
    0x71,0x84,0x92,0x8c,0x72,0x8c,0x92,0x8c,0x71,0x84,0x92,0x8c,0x72,0x8c,0x92,0x8c,0x71,0x84,0x92,0x8c,0x72,0x8c,0x92,0x8c,
    0x71,0x84,0x92,0x8c,0x72,0x8c,0x92,0x8c,0x71,0x84,0x92,0x8c,0x72,0x8c,0x92,0x8c,0x31,0x84,0x10,0x7c,0xcf,0x73,0xcf,0x73,
    0x8e,0x6b,0x8e,0x6b,0x8e,0x6b,0x8e,0x6b,0x8e,0x6b,0x8e,0x6b,0x8e,0x6b,0x8e,0x6b,0x8e,0x6b,0x8e,0x6b,0x8e,0x6b,0x8e,0x6b,
    0x8e,0x6b,0x8e,0x6b,0x8e,0x6b,0x8e,0x6b,0x8e,0x6b,0x8e,0x6b,0x8e,0x6b,0x8e,0x6b,0x8e,0x6b,0x8e,0x6b,0x8e,0x6b,0x8e,0x6b,
    0x8e,0x6b,0xaf,0x73,0xaf,0x73,0xcf,0x73,0xef,0x73,0x10,0x7c,0x30,0x84,0x51,0x84,0x30,0x7c,0x31,0x84,0x30,0x7c,0x31,0x84,
    0x10,0x7c,0x31,0x84,0x10,0x7c,0x31,0x84,0x10,0x7c,0x10,0x7c,0x10,0x7c,0x10,0x7c,0xf0,0x7b,0x10,0x7c,0xf0,0x7b,0x10,0x7c,
    0xef,0x73,0xf0,0x7b,0xef,0x73,0xf0,0x7b,0xcf,0x73,0xf0,0x7b,0xcf,0x73,0xcf,0x73,0xcf,0x73,0xcf,0x73,0xcf,0x73,0xf0,0x7b,
    0xd3,0x94,0xf3,0x9c,0x69,0x4a,0x21,0x08,0x00,0x00,0x00,0x00,0x00,0x00,0x00,0x00,0x00,0x00,0x00,0x00,0x00,0x00,0x00,0x00,
    0x00,0x00,0x00,0x00,0x00,0x00,0x00,0x00,0x00,0x00,0x00,0x00,0x00,0x00,0x00,0x00,0x00,0x00,0x00,0x00,0x00,0x00,0x00,0x00,
    0x00,0x00,0x00,0x00,0x00,0x00,0x00,0x00,0x00,0x00,0x00,0x00,0x00,0x00,0x00,0x00,0x00,0x00,0x00,0x00,0x00,0x00,0x00,0x00,
    0x00,0x00,0x00,0x00,0x00,0x00,0x00,0x00,0x00,0x00,0x00,0x00,0x00,0x00,0x00,0x00,0x00,0x00,0x00,0x00,0x00,0x00,0x00,0x00,
    0x00,0x00,0x00,0x00,0x00,0x00,0x00,0x00,0x00,0x00,0x00,0x00,0x00,0x00,0x00,0x00,0x00,0x00,0x00,0x00,0x00,0x00,0x00,0x00,
    0x00,0x00,0x00,0x00,0x00,0x00,0x00,0x00,0x00,0x00,0x00,0x00,0x00,0x00,0x00,0x00,0x00,0x00,0x00,0x00,0x00,0x00,0x00,0x00,
    0x00,0x00,0x00,0x00,0x00,0x00,0x00,0x00,0x00,0x00,0x00,0x00,0x00,0x00,0x00,0x00,0x00,0x00,0x00,0x00,0x00,0x00,0x00,0x00,
    0x00,0x00,0xc3,0x18,0xcf,0x73,0xb7,0xb5,0x14,0x9d,0x72,0x8c,0x71,0x84,0x72,0x8c,0x72,0x8c,0x72,0x8c,0x71,0x84,0x92,0x8c,
    0x72,0x8c,0x72,0x8c,0x72,0x8c,0x92,0x8c,0x72,0x8c,0x72,0x8c,0x72,0x8c,0x92,0x8c,0x72,0x8c,0x72,0x8c,0x72,0x8c,0x92,0x8c,
    0x72,0x8c,0x92,0x8c,0x72,0x8c,0x92,0x8c,0x72,0x8c,0x72,0x8c,0x72,0x8c,0x92,0x8c,0x72,0x8c,0x72,0x8c,0x72,0x8c,0x92,0x8c,
    0x72,0x8c,0x72,0x8c,0x71,0x84,0x52,0x8c,0x31,0x84,0x11,0x7c,0xf0,0x7b,0xf0,0x7b,0xf0,0x73,0xf0,0x7b,0xcf,0x73,0xd0,0x7b,
    0xcf,0x73,0xcf,0x73,0xaf,0x73,0xd0,0x73,0xcf,0x73,0xcf,0x73,0xcf,0x73,0xf0,0x7b,0xef,0x73,0xf0,0x7b,0xf0,0x7b,0x31,0x84,
    0x31,0x84,0x51,0x84,0x31,0x84,0x51,0x84,0x51,0x84,0x31,0x84,0x31,0x84,0x51,0x84,0x31,0x84,0x31,0x84,0x30,0x7c,0x31,0x84,
    0x30,0x7c,0x31,0x84,0x10,0x7c,0x31,0x84,0x10,0x7c,0x10,0x7c,0x10,0x7c,0x10,0x7c,0x10,0x7c,0x10,0x7c,0xf0,0x7b,0x10,0x7c,
    0xf0,0x7b,0xf0,0x7b,0xef,0x73,0xf0,0x7b,0xef,0x73,0xf0,0x7b,0xcf,0x73,0xf0,0x7b,0xcf,0x73,0xcf,0x73,0xaf,0x73,0xb3,0x94,
    0x35,0xa5,0x6e,0x6b,0xa2,0x10,0x00,0x00,0x00,0x00,0x00,0x00,0x00,0x00,0x00,0x00,0x00,0x00,0x00,0x00,0x00,0x00,0x00,0x00,
    0x00,0x00,0x00,0x00,0x00,0x00,0x00,0x00,0x00,0x00,0x00,0x00,0x00,0x00,0x00,0x00,0x00,0x00,0x00,0x00,0x00,0x00,0x00,0x00,
    0x00,0x00,0x00,0x00,0x00,0x00,0x00,0x00,0x00,0x00,0x00,0x00,0x00,0x00,0x00,0x00,0x00,0x00,0x00,0x00,0x00,0x00,0x00,0x00,
    0x00,0x00,0x00,0x00,0x00,0x00,0x00,0x00,0x00,0x00,0x00,0x00,0x00,0x00,0x00,0x00,0x00,0x00,0x00,0x00,0x00,0x00,0x00,0x00,
    0x00,0x00,0x00,0x00,0x00,0x00,0x00,0x00,0x00,0x00,0x00,0x00,0x00,0x00,0x00,0x00,0x00,0x00,0x00,0x00,0x00,0x00,0x00,0x00,
    0x00,0x00,0x00,0x00,0x00,0x00,0x00,0x00,0x00,0x00,0x00,0x00,0x00,0x00,0x00,0x00,0x00,0x00,0x00,0x00,0x00,0x00,0x00,0x00,
    0x00,0x00,0x00,0x00,0x00,0x00,0x00,0x00,0x00,0x00,0x00,0x00,0x00,0x00,0x00,0x00,0x00,0x00,0x00,0x00,0x00,0x00,0x00,0x00,
    0x00,0x00,0x00,0x00,0x00,0x00,0x00,0x00,0x86,0x29,0xd3,0x94,0x96,0xad,0xd3,0x94,0x51,0x84,0x71,0x84,0x51,0x84,0x72,0x8c,
    0x51,0x84,0x72,0x8c,0x51,0x84,0x72,0x8c,0x71,0x84,0x72,0x8c,0x71,0x84,0x72,0x8c,0x71,0x84,0x72,0x8c,0x71,0x84,0x72,0x8c,
    0x71,0x84,0x72,0x8c,0x71,0x84,0x72,0x8c,0x71,0x84,0x72,0x8c,0x71,0x84,0x72,0x8c,0x71,0x84,0x72,0x8c,0x51,0x84,0x72,0x8c,
    0x51,0x84,0x72,0x8c,0x51,0x84,0x72,0x8c,0x51,0x84,0x72,0x8c,0x51,0x84,0x72,0x8c,0x51,0x84,0x71,0x84,0x51,0x84,0x51,0x84,
    0x51,0x84,0x51,0x84,0x51,0x84,0x51,0x84,0x51,0x84,0x51,0x84,0x51,0x84,0x51,0x84,0x31,0x84,0x51,0x84,0x51,0x84,0x51,0x84,
    0x30,0x7c,0x31,0x84,0x30,0x7c,0x51,0x84,0x30,0x7c,0x31,0x84,0x30,0x7c,0x31,0x84,0x10,0x7c,0x30,0x7c,0x10,0x7c,0x30,0x7c,
    0x10,0x7c,0x10,0x7c,0x10,0x7c,0x10,0x7c,0x10,0x7c,0x10,0x7c,0x10,0x7c,0x10,0x7c,0xef,0x73,0xf0,0x7b,0xef,0x73,0xf0,0x7b,
    0xef,0x73,0xf0,0x7b,0xcf,0x73,0xf0,0x7b,0xcf,0x73,0xcf,0x73,0xcf,0x73,0xcf,0x73,0xaf,0x73,0xcf,0x73,0x31,0x84,0x55,0xa5,
    0x30,0x7c,0x45,0x29,0x00,0x00,0x00,0x00,0x00,0x00,0x00,0x00,0x00,0x00,0x00,0x00,0x00,0x00,0x00,0x00,0x00,0x00,0x00,0x00,
    0x00,0x00,0x00,0x00,0x00,0x00,0x00,0x00,0x00,0x00,0x00,0x00,0x00,0x00,0x00,0x00,0x00,0x00,0x00,0x00,0x00,0x00,0x00,0x00,
    0x00,0x00,0x00,0x00,0x00,0x00,0x00,0x00,0x00,0x00,0x00,0x00,0x00,0x00,0x00,0x00,0x00,0x00,0x00,0x00,0x00,0x00,0x00,0x00,
    0x00,0x00,0x00,0x00,0x00,0x00,0x00,0x00,0x00,0x00,0x00,0x00,0x00,0x00,0x00,0x00,0x00,0x00,0x00,0x00,0x00,0x00,0x00,0x00,
    0x00,0x00,0x00,0x00,0x00,0x00,0x00,0x00,0x00,0x00,0x00,0x00,0x00,0x00,0x00,0x00,0x00,0x00,0x00,0x00,0x00,0x00,0x00,0x00,
    0x00,0x00,0x00,0x00,0x00,0x00,0x00,0x00,0x00,0x00,0x00,0x00,0x00,0x00,0x00,0x00,0x00,0x00,0x00,0x00,0x00,0x00,0x00,0x00,
    0x00,0x00,0x00,0x00,0x00,0x00,0x00,0x00,0x00,0x00,0x00,0x00,0x00,0x00,0x00,0x00,0x00,0x00,0x00,0x00,0x00,0x00,0x00,0x00,
    0x00,0x00,0x00,0x00,0x00,0x00,0x00,0x00,0x00,0x00,0x00,0x00,0x41,0x08,0xab,0x52,0x55,0xa5,0x75,0xad,0x92,0x8c,0x72,0x8c,
    0x51,0x84,0x72,0x8c,0x51,0x84,0x72,0x8c,0x71,0x84,0x72,0x8c,0x71,0x84,0x72,0x8c,0x71,0x84,0x72,0x8c,0x71,0x84,0x72,0x8c,
    0x71,0x84,0x72,0x8c,0x71,0x84,0x72,0x8c,0x71,0x84,0x72,0x8c,0x71,0x84,0x72,0x8c,0x71,0x84,0x72,0x8c,0x71,0x84,0x72,0x8c,
    0x71,0x84,0x72,0x8c,0x51,0x84,0x72,0x8c,0x51,0x84,0x72,0x8c,0x51,0x84,0x72,0x8c,0x51,0x84,0x51,0x84,0x51,0x84,0x72,0x8c,
    0x51,0x84,0x51,0x84,0x51,0x84,0x51,0x84,0x51,0x84,0x51,0x84,0x51,0x84,0x51,0x84,0x51,0x84,0x51,0x84,0x31,0x84,0x51,0x84,
    0x31,0x84,0x31,0x84,0x31,0x84,0x51,0x84,0x31,0x84,0x31,0x84,0x30,0x7c,0x31,0x84,0x30,0x7c,0x31,0x84,0x10,0x7c,0x31,0x84,
    0x10,0x7c,0x10,0x7c,0x10,0x7c,0x10,0x7c,0x10,0x7c,0x10,0x7c,0xf0,0x7b,0x10,0x7c,0xf0,0x7b,0xf0,0x7b,0xef,0x73,0xf0,0x7b,
    0xef,0x73,0xf0,0x7b,0xcf,0x73,0xf0,0x7b,0xcf,0x73,0xcf,0x7b,0xcf,0x73,0xcf,0x7b,0xcf,0x73,0x10,0x7c,0xf3,0x9c,0xf3,0x9c,
    0x49,0x42,0x41,0x08,0x00,0x00,0x00,0x00,0x00,0x00,0x00,0x00,0x00,0x00,0x00,0x00,0x00,0x00,0x00,0x00,0x00,0x00,0x00,0x00,
    0x00,0x00,0x00,0x00,0x00,0x00,0x00,0x00,0x00,0x00,0x00,0x00,0x00,0x00,0x00,0x00,0x00,0x00,0x00,0x00,0x00,0x00,0x00,0x00,
    0x00,0x00,0x00,0x00,0x00,0x00,0x00,0x00,0x00,0x00,0x00,0x00,0x00,0x00,0x00,0x00,0x00,0x00,0x00,0x00,0x00,0x00,0x00,0x00,
    0x00,0x00,0x00,0x00,0x00,0x00,0x00,0x00,0x00,0x00,0x00,0x00,0x00,0x00,0x00,0x00,0x00,0x00,0x00,0x00,0x00,0x00,0x00,0x00,
    0x00,0x00,0x00,0x00,0x00,0x00,0x00,0x00,0x00,0x00,0x00,0x00,0x00,0x00,0x00,0x00,0x00,0x00,0x00,0x00,0x00,0x00,0x00,0x00,
    0x00,0x00,0x00,0x00,0x00,0x00,0x00,0x00,0x00,0x00,0x00,0x00,0x00,0x00,0x00,0x00,0x00,0x00,0x00,0x00,0x00,0x00,0x00,0x00,
    0x00,0x00,0x00,0x00,0x00,0x00,0x00,0x00,0x00,0x00,0x00,0x00,0x00,0x00,0x00,0x00,0x00,0x00,0x00,0x00,0x00,0x00,0x00,0x00,
    0x00,0x00,0x00,0x00,0x00,0x00,0x00,0x00,0x00,0x00,0x00,0x00,0x00,0x00,0x00,0x00,0x00,0x00,0xc3,0x18,0xaf,0x73,0x96,0xad,
    0x55,0xa5,0xb2,0x8c,0x51,0x84,0x71,0x8c,0x51,0x84,0x51,0x84,0x51,0x84,0x71,0x8c,0x51,0x84,0x51,0x84,0x51,0x84,0x71,0x8c,
    0x51,0x84,0x51,0x84,0x51,0x84,0x71,0x8c,0x51,0x84,0x51,0x84,0x51,0x84,0x71,0x8c,0x51,0x84,0x51,0x84,0x51,0x84,0x71,0x8c,
    0x51,0x84,0x51,0x84,0x51,0x84,0x71,0x8c,0x51,0x84,0x51,0x84,0x51,0x84,0x51,0x84,0x51,0x84,0x51,0x84,0x51,0x84,0x51,0x84,
    0x51,0x84,0x51,0x84,0x51,0x84,0x51,0x84,0x31,0x84,0x51,0x84,0x31,0x84,0x51,0x84,0x30,0x84,0x31,0x84,0x30,0x84,0x31,0x84,
    0x30,0x7c,0x31,0x84,0x30,0x7c,0x31,0x84,0x10,0x7c,0x31,0x84,0x10,0x7c,0x31,0x84,0x10,0x7c,0x10,0x7c,0x10,0x7c,0x10,0x7c,
    0x10,0x7c,0x10,0x7c,0x10,0x7c,0x10,0x7c,0xf0,0x7b,0x10,0x7c,0xf0,0x7b,0x10,0x7c,0xef,0x73,0xf0,0x7b,0xef,0x73,0xf0,0x7b,
    0xcf,0x73,0xf0,0x7b,0xcf,0x73,0xf0,0x7b,0xcf,0x73,0xcf,0x73,0xcf,0x73,0xcf,0x73,0x10,0x7c,0xf3,0x9c,0x14,0x9d,0x6e,0x6b,
    0x82,0x10,0x00,0x00,0x00,0x00,0x00,0x00,0x00,0x00,0x00,0x00,0x00,0x00,0x00,0x00,0x00,0x00,0x00,0x00,0x00,0x00,0x00,0x00,
    0x00,0x00,0x00,0x00,0x00,0x00,0x00,0x00,0x00,0x00,0x00,0x00,0x00,0x00,0x00,0x00,0x00,0x00,0x00,0x00,0x00,0x00,0x00,0x00,
    0x00,0x00,0x00,0x00,0x00,0x00,0x00,0x00,0x00,0x00,0x00,0x00,0x00,0x00,0x00,0x00,0x00,0x00,0x00,0x00,0x00,0x00,0x00,0x00,
    0x00,0x00,0x00,0x00,0x00,0x00,0x00,0x00,0x00,0x00,0x00,0x00,0x00,0x00,0x00,0x00,0x00,0x00,0x00,0x00,0x00,0x00,0x00,0x00,
    0x00,0x00,0x00,0x00,0x00,0x00,0x00,0x00,0x00,0x00,0x00,0x00,0x00,0x00,0x00,0x00,0x00,0x00,0x00,0x00,0x00,0x00,0x00,0x00,
    0x00,0x00,0x00,0x00,0x00,0x00,0x00,0x00,0x00,0x00,0x00,0x00,0x00,0x00,0x00,0x00,0x00,0x00,0x00,0x00,0x00,0x00,0x00,0x00,
    0x00,0x00,0x00,0x00,0x00,0x00,0x00,0x00,0x00,0x00,0x00,0x00,0x00,0x00,0x00,0x00,0x00,0x00,0x00,0x00,0x00,0x00,0x00,0x00,
    0x00,0x00,0x00,0x00,0x00,0x00,0x00,0x00,0x00,0x00,0x00,0x00,0x00,0x00,0x00,0x00,0x00,0x00,0x00,0x00,0x00,0x00,0x00,0x00,
    0x45,0x29,0xf0,0x7b,0x75,0xad,0x76,0xad,0xb3,0x94,0x51,0x84,0x51,0x84,0x72,0x8c,0x51,0x84,0x51,0x8c,0x51,0x84,0x72,0x8c,
    0x51,0x84,0x51,0x8c,0x51,0x84,0x72,0x8c,0x51,0x84,0x51,0x8c,0x51,0x84,0x72,0x8c,0x51,0x84,0x51,0x8c,0x51,0x84,0x72,0x8c,
    0x51,0x84,0x51,0x84,0x51,0x84,0x51,0x8c,0x51,0x84,0x51,0x84,0x51,0x84,0x51,0x8c,0x51,0x84,0x51,0x84,0x51,0x84,0x51,0x84,
    0x51,0x84,0x51,0x84,0x31,0x84,0x51,0x84,0x51,0x84,0x51,0x84,0x31,0x84,0x51,0x84,0x31,0x84,0x31,0x84,0x30,0x84,0x31,0x84,
    0x31,0x84,0x31,0x84,0x30,0x7c,0x31,0x84,0x31,0x84,0x31,0x84,0x10,0x7c,0x31,0x84,0x10,0x7c,0x11,0x84,0x10,0x7c,0x11,0x84,
    0x10,0x7c,0x10,0x7c,0x10,0x7c,0x10,0x7c,0x10,0x7c,0x10,0x7c,0xf0,0x7b,0x10,0x7c,0xf0,0x7b,0xf0,0x7b,0xef,0x73,0xf0,0x7b,
    0xef,0x73,0xf0,0x7b,0xcf,0x73,0xf0,0x7b,0xcf,0x73,0xcf,0x73,0xcf,0x73,0x51,0x84,0xf4,0x9c,0x14,0xa5,0x8e,0x6b,0x25,0x29,
    0x00,0x00,0x00,0x00,0x00,0x00,0x00,0x00,0x00,0x00,0x00,0x00,0x00,0x00,0x00,0x00,0x00,0x00,0x00,0x00,0x00,0x00,0x00,0x00,
    0x00,0x00,0x00,0x00,0x00,0x00,0x00,0x00,0x00,0x00,0x00,0x00,0x00,0x00,0x00,0x00,0x00,0x00,0x00,0x00,0x00,0x00,0x00,0x00,
    0x00,0x00,0x00,0x00,0x00,0x00,0x00,0x00,0x00,0x00,0x00,0x00,0x00,0x00,0x00,0x00,0x00,0x00,0x00,0x00,0x00,0x00,0x00,0x00,
    0x00,0x00,0x00,0x00,0x00,0x00,0x00,0x00,0x00,0x00,0x00,0x00,0x00,0x00,0x00,0x00,0x00,0x00,0x00,0x00,0x00,0x00,0x00,0x00,
    0x00,0x00,0x00,0x00,0x00,0x00,0x00,0x00,0x00,0x00,0x00,0x00,0x00,0x00,0x00,0x00,0x00,0x00,0x00,0x00,0x00,0x00,0x00,0x00,
    0x00,0x00,0x00,0x00,0x00,0x00,0x00,0x00,0x00,0x00,0x00,0x00,0x00,0x00,0x00,0x00,0x00,0x00,0x00,0x00,0x00,0x00,0x00,0x00,
    0x00,0x00,0x00,0x00,0x00,0x00,0x00,0x00,0x00,0x00,0x00,0x00,0x00,0x00,0x00,0x00,0x00,0x00,0x00,0x00,0x00,0x00,0x00,0x00,
    0x00,0x00,0x00,0x00,0x00,0x00,0x00,0x00,0x00,0x00,0x00,0x00,0x00,0x00,0x00,0x00,0x00,0x00,0x00,0x00,0x00,0x00,0x00,0x00,
    0x00,0x00,0x00,0x00,0x00,0x00,0x25,0x21,0xae,0x73,0x55,0xa5,0x75,0xa5,0xb3,0x94,0x31,0x84,0x51,0x84,0x51,0x84,0x51,0x84,
    0x31,0x84,0x51,0x84,0x51,0x84,0x51,0x84,0x31,0x84,0x51,0x84,0x51,0x84,0x51,0x84,0x31,0x84,0x51,0x84,0x51,0x84,0x51,0x84,
    0x31,0x84,0x51,0x84,0x51,0x84,0x51,0x84,0x31,0x84,0x51,0x84,0x31,0x84,0x51,0x84,0x30,0x7c,0x51,0x84,0x31,0x84,0x51,0x84,
    0x30,0x7c,0x31,0x84,0x30,0x7c,0x51,0x84,0x30,0x7c,0x31,0x84,0x30,0x7c,0x31,0x84,0x30,0x7c,0x31,0x84,0x30,0x7c,0x31,0x84,
    0x10,0x7c,0x30,0x7c,0x10,0x7c,0x30,0x7c,0x10,0x7c,0x10,0x7c,0x10,0x7c,0x10,0x7c,0x10,0x7c,0x10,0x7c,0x10,0x7c,0x10,0x7c,
    0xf0,0x7b,0x10,0x7c,0xf0,0x7b,0x10,0x7c,0xef,0x73,0xf0,0x7b,0xef,0x73,0xf0,0x7b,0xcf,0x73,0xf0,0x7b,0xcf,0x73,0xef,0x7b,
    0xcf,0x73,0xcf,0x73,0xcf,0x73,0xcf,0x73,0xaf,0x73,0xcf,0x73,0x51,0x84,0x14,0x9d,0xf3,0x94,0x4d,0x6b,0xe4,0x18,0x00,0x00,
    0x00,0x00,0x00,0x00,0x00,0x00,0x00,0x00,0x00,0x00,0x00,0x00,0x00,0x00,0x00,0x00,0x00,0x00,0x00,0x00,0x00,0x00,0x00,0x00,
    0x00,0x00,0x00,0x00,0x00,0x00,0x00,0x00,0x00,0x00,0x00,0x00,0x00,0x00,0x00,0x00,0x00,0x00,0x00,0x00,0x00,0x00,0x00,0x00,
    0x00,0x00,0x00,0x00,0x00,0x00,0x00,0x00,0x00,0x00,0x00,0x00,0x00,0x00,0x00,0x00,0x00,0x00,0x00,0x00,0x00,0x00,0x00,0x00,
    0x00,0x00,0x00,0x00,0x00,0x00,0x00,0x00,0x00,0x00,0x00,0x00,0x00,0x00,0x00,0x00,0x00,0x00,0x00,0x00,0x00,0x00,0x00,0x00,
    0x00,0x00,0x00,0x00,0x00,0x00,0x00,0x00,0x00,0x00,0x00,0x00,0x00,0x00,0x00,0x00,0x00,0x00,0x00,0x00,0x00,0x00,0x00,0x00,
    0x00,0x00,0x00,0x00,0x00,0x00,0x00,0x00,0x00,0x00,0x00,0x00,0x00,0x00,0x00,0x00,0x00,0x00,0x00,0x00,0x00,0x00,0x00,0x00,
    0x00,0x00,0x00,0x00,0x00,0x00,0x00,0x00,0x00,0x00,0x00,0x00,0x00,0x00,0x00,0x00,0x00,0x00,0x00,0x00,0x00,0x00,0x00,0x00,
    0x00,0x00,0x00,0x00,0x00,0x00,0x00,0x00,0x00,0x00,0x00,0x00,0x00,0x00,0x00,0x00,0x00,0x00,0x00,0x00,0x00,0x00,0x00,0x00,
    0x00,0x00,0x00,0x00,0x00,0x00,0x00,0x00,0x00,0x00,0x00,0x00,0x04,0x21,0xaf,0x73,0x35,0xa5,0x76,0xad,0xf3,0x9c,0x72,0x8c,
    0x51,0x84,0x51,0x84,0x31,0x84,0x51,0x84,0x51,0x84,0x51,0x84,0x31,0x84,0x51,0x84,0x51,0x84,0x51,0x84,0x31,0x84,0x51,0x84,
    0x51,0x84,0x51,0x84,0x31,0x84,0x51,0x84,0x51,0x84,0x51,0x84,0x31,0x84,0x51,0x84,0x31,0x84,0x31,0x84,0x31,0x84,0x51,0x84,
    0x31,0x84,0x31,0x84,0x30,0x7c,0x51,0x84,0x31,0x84,0x31,0x84,0x30,0x7c,0x31,0x84,0x30,0x7c,0x31,0x84,0x30,0x7c,0x31,0x84,
    0x30,0x7c,0x31,0x84,0x10,0x7c,0x31,0x84,0x10,0x7c,0x10,0x7c,0x10,0x7c,0x10,0x7c,0x10,0x7c,0x10,0x7c,0x10,0x7c,0x10,0x7c,
    0x10,0x7c,0x10,0x7c,0xf0,0x7b,0x10,0x7c,0xf0,0x7b,0xf0,0x7b,0xef,0x73,0xf0,0x7b,0xef,0x73,0xf0,0x7b,0xcf,0x73,0xf0,0x7b,
    0xcf,0x73,0xcf,0x7b,0xcf,0x73,0xcf,0x7b,0xf0,0x7b,0x92,0x8c,0x14,0x9d,0xf3,0x9c,0x0c,0x63,0xe4,0x20,0x00,0x00,0x00,0x00,
    0x00,0x00,0x00,0x00,0x00,0x00,0x00,0x00,0x00,0x00,0x00,0x00,0x00,0x00,0x00,0x00,0x00,0x00,0x00,0x00,0x00,0x00,0x00,0x00,
    0x00,0x00,0x00,0x00,0x00,0x00,0x00,0x00,0x00,0x00,0x00,0x00,0x00,0x00,0x00,0x00,0x00,0x00,0x00,0x00,0x00,0x00,0x00,0x00,
    0x00,0x00,0x00,0x00,0x00,0x00,0x00,0x00,0x00,0x00,0x00,0x00,0x00,0x00,0x00,0x00,0x00,0x00,0x00,0x00,0x00,0x00,0x00,0x00,
    0x00,0x00,0x00,0x00,0x00,0x00,0x00,0x00,0x00,0x00,0x00,0x00,0x00,0x00,0x00,0x00,0x00,0x00,0x00,0x00,0x00,0x00,0x00,0x00,
    0x00,0x00,0x00,0x00,0x00,0x00,0x00,0x00,0x00,0x00,0x00,0x00,0x00,0x00,0x00,0x00,0x00,0x00,0x00,0x00,0x00,0x00,0x00,0x00,
    0x00,0x00,0x00,0x00,0x00,0x00,0x00,0x00,0x00,0x00,0x00,0x00,0x00,0x00,0x00,0x00,0x00,0x00,0x00,0x00,0x00,0x00,0x00,0x00,
    0x00,0x00,0x00,0x00,0x00,0x00,0x00,0x00,0x00,0x00,0x00,0x00,0x00,0x00,0x00,0x00,0x00,0x00,0x00,0x00,0x00,0x00,0x00,0x00,
    0x00,0x00,0x00,0x00,0x00,0x00,0x00,0x00,0x00,0x00,0x00,0x00,0x00,0x00,0x00,0x00,0x00,0x00,0x00,0x00,0x00,0x00,0x00,0x00,
    0x00,0x00,0x00,0x00,0x00,0x00,0x00,0x00,0x00,0x00,0x00,0x00,0x00,0x00,0x00,0x00,0x00,0x00,0x04,0x21,0x4d,0x63,0x14,0x9d,
    0x95,0xad,0x55,0xa5,0xd3,0x94,0x51,0x84,0x30,0x7c,0x31,0x84,0x30,0x84,0x51,0x84,0x30,0x7c,0x31,0x84,0x30,0x84,0x51,0x84,
    0x30,0x7c,0x31,0x84,0x30,0x84,0x31,0x84,0x30,0x7c,0x31,0x84,0x30,0x7c,0x31,0x84,0x30,0x7c,0x31,0x84,0x30,0x7c,0x31,0x84,
    0x30,0x7c,0x31,0x84,0x30,0x7c,0x31,0x84,0x10,0x7c,0x31,0x84,0x10,0x7c,0x31,0x84,0x10,0x7c,0x31,0x84,0x10,0x7c,0x31,0x84,
    0x10,0x7c,0x10,0x7c,0x10,0x7c,0x10,0x7c,0x10,0x7c,0x10,0x7c,0x10,0x7c,0x10,0x7c,0xf0,0x7b,0x10,0x7c,0xf0,0x7b,0x10,0x7c,
    0xef,0x73,0xf0,0x7b,0xef,0x73,0xf0,0x7b,0xef,0x73,0xf0,0x7b,0xef,0x73,0xf0,0x7b,0xcf,0x73,0xcf,0x73,0xcf,0x73,0xcf,0x73,
    0xcf,0x73,0xcf,0x73,0xcf,0x73,0x72,0x8c,0xf3,0x9c,0x55,0xa5,0x92,0x8c,0x0c,0x5b,0xc3,0x10,0x00,0x00,0x00,0x00,0x00,0x00,
    0x00,0x00,0x00,0x00,0x00,0x00,0x00,0x00,0x00,0x00,0x00,0x00,0x00,0x00,0x00,0x00,0x00,0x00,0x00,0x00,0x00,0x00,0x00,0x00,
    0x00,0x00,0x00,0x00,0x00,0x00,0x00,0x00,0x00,0x00,0x00,0x00,0x00,0x00,0x00,0x00,0x00,0x00,0x00,0x00,0x00,0x00,0x00,0x00,
    0x00,0x00,0x00,0x00,0x00,0x00,0x00,0x00,0x00,0x00,0x00,0x00,0x00,0x00,0x00,0x00,0x00,0x00,0x00,0x00,0x00,0x00,0x00,0x00,
    0x00,0x00,0x00,0x00,0x00,0x00,0x00,0x00,0x00,0x00,0x00,0x00,0x00,0x00,0x00,0x00,0x00,0x00,0x00,0x00,0x00,0x00,0x00,0x00,
    0x00,0x00,0x00,0x00,0x00,0x00,0x00,0x00,0x00,0x00,0x00,0x00,0x00,0x00,0x00,0x00,0x00,0x00,0x00,0x00,0x00,0x00,0x00,0x00,
    0x00,0x00,0x00,0x00,0x00,0x00,0x00,0x00,0x00,0x00,0x00,0x00,0x00,0x00,0x00,0x00,0x00,0x00,0x00,0x00,0x00,0x00,0x00,0x00,
    0x00,0x00,0x00,0x00,0x00,0x00,0x00,0x00,0x00,0x00,0x00,0x00,0x00,0x00,0x00,0x00,0x00,0x00,0x00,0x00,0x00,0x00,0x00,0x00,
    0x00,0x00,0x00,0x00,0x00,0x00,0x00,0x00,0x00,0x00,0x00,0x00,0x00,0x00,0x00,0x00,0x00,0x00,0x00,0x00,0x00,0x00,0x00,0x00,
    0x00,0x00,0x00,0x00,0x00,0x00,0x00,0x00,0x00,0x00,0x00,0x00,0x00,0x00,0x00,0x00,0x00,0x00,0x00,0x00,0x00,0x00,0x00,0x00,
    0x62,0x08,0xe8,0x39,0xcf,0x73,0x35,0xa5,0xb6,0xb5,0x35,0xa5,0x92,0x8c,0x31,0x84,0x31,0x84,0x31,0x84,0x30,0x84,0x31,0x84,
    0x31,0x84,0x31,0x84,0x30,0x84,0x31,0x84,0x31,0x84,0x31,0x84,0x30,0x7c,0x31,0x84,0x31,0x84,0x31,0x84,0x30,0x7c,0x31,0x84,
    0x31,0x84,0x31,0x84,0x10,0x7c,0x31,0x84,0x30,0x7c,0x31,0x84,0x10,0x7c,0x31,0x84,0x10,0x7c,0x11,0x84,0x10,0x7c,0x31,0x84,
    0x10,0x7c,0x10,0x7c,0x10,0x7c,0x11,0x84,0x10,0x7c,0x10,0x7c,0x10,0x7c,0x10,0x7c,0x10,0x7c,0x10,0x7c,0xf0,0x7b,0x10,0x7c,
    0xf0,0x7b,0xf0,0x7b,0xf0,0x7b,0xf0,0x7b,0xf0,0x7b,0xf0,0x7b,0xcf,0x73,0xf0,0x7b,0xef,0x73,0xd0,0x7b,0xcf,0x73,0xf0,0x7b,
    0xcf,0x73,0x51,0x84,0xd3,0x94,0x76,0xad,0xd3,0x94,0x8e,0x6b,0xa6,0x31,0x62,0x10,0x00,0x00,0x00,0x00,0x00,0x00,0x00,0x00,
    0x00,0x00,0x00,0x00,0x00,0x00,0x00,0x00,0x00,0x00,0x00,0x00,0x00,0x00,0x00,0x00,0x00,0x00,0x00,0x00,0x00,0x00,0x00,0x00,
    0x00,0x00,0x00,0x00,0x00,0x00,0x00,0x00,0x00,0x00,0x00,0x00,0x00,0x00,0x00,0x00,0x00,0x00,0x00,0x00,0x00,0x00,0x00,0x00,
    0x00,0x00,0x00,0x00,0x00,0x00,0x00,0x00,0x00,0x00,0x00,0x00,0x00,0x00,0x00,0x00,0x00,0x00,0x00,0x00,0x00,0x00,0x00,0x00,
    0x00,0x00,0x00,0x00,0x00,0x00,0x00,0x00,0x00,0x00,0x00,0x00,0x00,0x00,0x00,0x00,0x00,0x00,0x00,0x00,0x00,0x00,0x00,0x00,
    0x00,0x00,0x00,0x00,0x00,0x00,0x00,0x00,0x00,0x00,0x00,0x00,0x00,0x00,0x00,0x00,0x00,0x00,0x00,0x00,0x00,0x00,0x00,0x00,
    0x00,0x00,0x00,0x00,0x00,0x00,0x00,0x00,0x00,0x00,0x00,0x00,0x00,0x00,0x00,0x00,0x00,0x00,0x00,0x00,0x00,0x00,0x00,0x00,
    0x00,0x00,0x00,0x00,0x00,0x00,0x00,0x00,0x00,0x00,0x00,0x00,0x00,0x00,0x00,0x00,0x00,0x00,0x00,0x00,0x00,0x00,0x00,0x00,
    0x00,0x00,0x00,0x00,0x00,0x00,0x00,0x00,0x00,0x00,0x00,0x00,0x00,0x00,0x00,0x00,0x00,0x00,0x00,0x00,0x00,0x00,0x00,0x00,
    0x00,0x00,0x00,0x00,0x00,0x00,0x00,0x00,0x00,0x00,0x00,0x00,0x00,0x00,0x00,0x00,0x00,0x00,0x00,0x00,0x00,0x00,0x00,0x00,
    0x00,0x00,0x00,0x00,0x00,0x00,0x00,0x00,0x82,0x10,0x28,0x42,0x30,0x7c,0x35,0xa5,0x96,0xad,0x14,0x9d,0xb2,0x8c,0x51,0x84,
    0x10,0x7c,0x30,0x7c,0x10,0x7c,0x31,0x84,0x10,0x7c,0x30,0x7c,0x10,0x7c,0x31,0x84,0x10,0x7c,0x30,0x7c,0x10,0x7c,0x30,0x7c,
    0x10,0x7c,0x10,0x7c,0x10,0x7c,0x30,0x7c,0x10,0x7c,0x10,0x7c,0x10,0x7c,0x10,0x7c,0x10,0x7c,0x10,0x7c,0x10,0x7c,0x10,0x7c,
    0xf0,0x7b,0x10,0x7c,0x10,0x7c,0x10,0x7c,0xef,0x73,0x10,0x7c,0xef,0x73,0x10,0x7c,0xef,0x73,0xf0,0x7b,0xef,0x73,0xf0,0x7b,
    0xef,0x73,0xf0,0x7b,0xef,0x73,0xf0,0x7b,0xcf,0x73,0xef,0x73,0xcf,0x73,0xef,0x7b,0xcf,0x73,0xcf,0x73,0xf0,0x7b,0x72,0x8c,
    0xb2,0x94,0x55,0xa5,0xd3,0x94,0xef,0x7b,0xe7,0x39,0x82,0x10,0x00,0x00,0x00,0x00,0x00,0x00,0x00,0x00,0x00,0x00,0x00,0x00,
    0x00,0x00,0x00,0x00,0x00,0x00,0x00,0x00,0x00,0x00,0x00,0x00,0x00,0x00,0x00,0x00,0x00,0x00,0x00,0x00,0x00,0x00,0x00,0x00,
    0x00,0x00,0x00,0x00,0x00,0x00,0x00,0x00,0x00,0x00,0x00,0x00,0x00,0x00,0x00,0x00,0x00,0x00,0x00,0x00,0x00,0x00,0x00,0x00,
    0x00,0x00,0x00,0x00,0x00,0x00,0x00,0x00,0x00,0x00,0x00,0x00,0x00,0x00,0x00,0x00,0x00,0x00,0x00,0x00,0x00,0x00,0x00,0x00,
    0x00,0x00,0x00,0x00,0x00,0x00,0x00,0x00,0x00,0x00,0x00,0x00,0x00,0x00,0x00,0x00,0x00,0x00,0x00,0x00,0x00,0x00,0x00,0x00,
    0x00,0x00,0x00,0x00,0x00,0x00,0x00,0x00,0x00,0x00,0x00,0x00,0x00,0x00,0x00,0x00,0x00,0x00,0x00,0x00,0x00,0x00,0x00,0x00,
    0x00,0x00,0x00,0x00,0x00,0x00,0x00,0x00,0x00,0x00,0x00,0x00,0x00,0x00,0x00,0x00,0x00,0x00,0x00,0x00,0x00,0x00,0x00,0x00,
    0x00,0x00,0x00,0x00,0x00,0x00,0x00,0x00,0x00,0x00,0x00,0x00,0x00,0x00,0x00,0x00,0x00,0x00,0x00,0x00,0x00,0x00,0x00,0x00,
    0x00,0x00,0x00,0x00,0x00,0x00,0x00,0x00,0x00,0x00,0x00,0x00,0x00,0x00,0x00,0x00,0x00,0x00,0x00,0x00,0x00,0x00,0x00,0x00,
    0x00,0x00,0x00,0x00,0x00,0x00,0x00,0x00,0x00,0x00,0x00,0x00,0x00,0x00,0x00,0x00,0x00,0x00,0x00,0x00,0x00,0x00,0x00,0x00,
    0x00,0x00,0x00,0x00,0x00,0x00,0x00,0x00,0x00,0x00,0x00,0x00,0x00,0x00,0x00,0x00,0x04,0x21,0xaa,0x52,0x71,0x8c,0x14,0xa5,
    0x75,0xad,0x76,0xad,0x14,0x9d,0xb3,0x94,0x51,0x84,0x31,0x84,0x10,0x7c,0x31,0x84,0x10,0x7c,0x10,0x7c,0x10,0x7c,0x31,0x84,
    0x10,0x7c,0x10,0x7c,0x10,0x7c,0x31,0x84,0x10,0x7c,0x10,0x7c,0x10,0x7c,0x10,0x7c,0x10,0x7c,0x10,0x7c,0x10,0x7c,0x10,0x7c,
    0x10,0x7c,0x10,0x7c,0xf0,0x7b,0x10,0x7c,0x10,0x7c,0x10,0x7c,0xf0,0x7b,0x10,0x7c,0xf0,0x7b,0xf0,0x7b,0xef,0x73,0xf0,0x7b,
    0xef,0x73,0xf0,0x7b,0xcf,0x73,0xf0,0x7b,0xef,0x73,0xcf,0x7b,0xcf,0x73,0x10,0x7c,0x72,0x8c,0xd3,0x9c,0x34,0xa5,0x55,0xa5,
    0xd3,0x94,0x10,0x84,0x49,0x42,0xe4,0x18,0x00,0x00,0x00,0x00,0x00,0x00,0x00,0x00,0x00,0x00,0x00,0x00,0x00,0x00,0x00,0x00,
    0x00,0x00,0x00,0x00,0x00,0x00,0x00,0x00,0x00,0x00,0x00,0x00,0x00,0x00,0x00,0x00,0x00,0x00,0x00,0x00,0x00,0x00,0x00,0x00,
    0x00,0x00,0x00,0x00,0x00,0x00,0x00,0x00,0x00,0x00,0x00,0x00,0x00,0x00,0x00,0x00,0x00,0x00,0x00,0x00,0x00,0x00,0x00,0x00,
    0x00,0x00,0x00,0x00,0x00,0x00,0x00,0x00,0x00,0x00,0x00,0x00,0x00,0x00,0x00,0x00,0x00,0x00,0x00,0x00,0x00,0x00,0x00,0x00,
    0x00,0x00,0x00,0x00,0x00,0x00,0x00,0x00,0x00,0x00,0x00,0x00,0x00,0x00,0x00,0x00,0x00,0x00,0x00,0x00,0x00,0x00,0x00,0x00,
    0x00,0x00,0x00,0x00,0x00,0x00,0x00,0x00,0x00,0x00,0x00,0x00,0x00,0x00,0x00,0x00,0x00,0x00,0x00,0x00,0x00,0x00,0x00,0x00,
    0x00,0x00,0x00,0x00,0x00,0x00,0x00,0x00,0x00,0x00,0x00,0x00,0x00,0x00,0x00,0x00,0x00,0x00,0x00,0x00,0x00,0x00,0x00,0x00,
    0x00,0x00,0x00,0x00,0x00,0x00,0x00,0x00,0x00,0x00,0x00,0x00,0x00,0x00,0x00,0x00,0x00,0x00,0x00,0x00,0x00,0x00,0x00,0x00,
    0x00,0x00,0x00,0x00,0x00,0x00,0x00,0x00,0x00,0x00,0x00,0x00,0x00,0x00,0x00,0x00,0x00,0x00,0x00,0x00,0x00,0x00,0x00,0x00,
    0x00,0x00,0x00,0x00,0x00,0x00,0x00,0x00,0x00,0x00,0x00,0x00,0x00,0x00,0x00,0x00,0x00,0x00,0x00,0x00,0x00,0x00,0x00,0x00,
    0x00,0x00,0x00,0x00,0x00,0x00,0x00,0x00,0x00,0x00,0x00,0x00,0x00,0x00,0x00,0x00,0x00,0x00,0x00,0x00,0x00,0x00,0x00,0x00,
    0xc3,0x10,0xa7,0x31,0xcb,0x52,0x31,0x84,0xf3,0x9c,0x75,0xad,0x75,0xa5,0x14,0x9d,0xb2,0x94,0x92,0x8c,0x51,0x84,0x10,0x7c,
    0xf0,0x7b,0x10,0x7c,0x10,0x7c,0x10,0x7c,0xf0,0x7b,0x10,0x7c,0x10,0x7c,0x10,0x7c,0xf0,0x7b,0x10,0x7c,0xf0,0x7b,0x10,0x7c,
    0xef,0x73,0xf0,0x7b,0xf0,0x7b,0xf0,0x7b,0xef,0x73,0xf0,0x7b,0xef,0x73,0xf0,0x7b,0xcf,0x73,0xf0,0x7b,0xef,0x73,0xf0,0x7b,
    0xcf,0x73,0xf0,0x7b,0xcf,0x73,0x31,0x84,0x51,0x84,0x92,0x8c,0xd3,0x94,0x55,0xa5,0x34,0xa5,0xd3,0x94,0xef,0x7b,0xab,0x52,
    0x86,0x29,0xc3,0x18,0x00,0x00,0x00,0x00,0x00,0x00,0x00,0x00,0x00,0x00,0x00,0x00,0x00,0x00,0x00,0x00,0x00,0x00,0x00,0x00,
    0x00,0x00,0x00,0x00,0x00,0x00,0x00,0x00,0x00,0x00,0x00,0x00,0x00,0x00,0x00,0x00,0x00,0x00,0x00,0x00,0x00,0x00,0x00,0x00,
    0x00,0x00,0x00,0x00,0x00,0x00,0x00,0x00,0x00,0x00,0x00,0x00,0x00,0x00,0x00,0x00,0x00,0x00,0x00,0x00,0x00,0x00,0x00,0x00,
    0x00,0x00,0x00,0x00,0x00,0x00,0x00,0x00,0x00,0x00,0x00,0x00,0x00,0x00,0x00,0x00,0x00,0x00,0x00,0x00,0x00,0x00,0x00,0x00,
    0x00,0x00,0x00,0x00,0x00,0x00,0x00,0x00,0x00,0x00,0x00,0x00,0x00,0x00,0x00,0x00,0x00,0x00,0x00,0x00,0x00,0x00,0x00,0x00,
    0x00,0x00,0x00,0x00,0x00,0x00,0x00,0x00,0x00,0x00,0x00,0x00,0x00,0x00,0x00,0x00,0x00,0x00,0x00,0x00,0x00,0x00,0x00,0x00,
    0x00,0x00,0x00,0x00,0x00,0x00,0x00,0x00,0x00,0x00,0x00,0x00,0x00,0x00,0x00,0x00,0x00,0x00,0x00,0x00,0x00,0x00,0x00,0x00,
    0x00,0x00,0x00,0x00,0x00,0x00,0x00,0x00,0x00,0x00,0x00,0x00,0x00,0x00,0x00,0x00,0x00,0x00,0x00,0x00,0x00,0x00,0x00,0x00,
    0x00,0x00,0x00,0x00,0x00,0x00,0x00,0x00,0x00,0x00,0x00,0x00,0x00,0x00,0x00,0x00,0x00,0x00,0x00,0x00,0x00,0x00,0x00,0x00,
    0x00,0x00,0x00,0x00,0x00,0x00,0x00,0x00,0x00,0x00,0x00,0x00,0x00,0x00,0x00,0x00,0x00,0x00,0x00,0x00,0x00,0x00,0x00,0x00,
    0x00,0x00,0x00,0x00,0x00,0x00,0x00,0x00,0x00,0x00,0x00,0x00,0x00,0x00,0x00,0x00,0x00,0x00,0x00,0x00,0x00,0x00,0x00,0x00,
    0x00,0x00,0x00,0x00,0x00,0x00,0x00,0x00,0x00,0x00,0x62,0x10,0x45,0x29,0x8a,0x52,0xaf,0x73,0x92,0x94,0x14,0x9d,0x55,0xad,
    0x96,0xad,0x75,0xad,0x14,0x9d,0xf4,0x9c,0xb2,0x94,0x72,0x8c,0x51,0x84,0x51,0x8c,0x51,0x84,0x31,0x84,0x10,0x7c,0x10,0x7c,
    0xf0,0x7b,0xf0,0x7b,0xf0,0x7b,0xf0,0x7b,0xf0,0x7b,0x10,0x7c,0x10,0x7c,0x31,0x84,0x31,0x84,0x51,0x84,0x51,0x84,0x92,0x94,
    0xd3,0x94,0x14,0x9d,0x55,0xa5,0x76,0xad,0x34,0xa5,0xf4,0x9c,0x51,0x84,0x8e,0x73,0x49,0x4a,0x45,0x29,0x41,0x08,0x00,0x00,
    0x00,0x00,0x00,0x00,0x00,0x00,0x00,0x00,0x00,0x00,0x00,0x00,0x00,0x00,0x00,0x00,0x00,0x00,0x00,0x00,0x00,0x00,0x00,0x00,
    0x00,0x00,0x00,0x00,0x00,0x00,0x00,0x00,0x00,0x00,0x00,0x00,0x00,0x00,0x00,0x00,0x00,0x00,0x00,0x00,0x00,0x00,0x00,0x00,
    0x00,0x00,0x00,0x00,0x00,0x00,0x00,0x00,0x00,0x00,0x00,0x00,0x00,0x00,0x00,0x00,0x00,0x00,0x00,0x00,0x00,0x00,0x00,0x00,
    0x00,0x00,0x00,0x00,0x00,0x00,0x00,0x00,0x00,0x00,0x00,0x00,0x00,0x00,0x00,0x00,0x00,0x00,0x00,0x00,0x00,0x00,0x00,0x00,
    0x00,0x00,0x00,0x00,0x00,0x00,0x00,0x00,0x00,0x00,0x00,0x00,0x00,0x00,0x00,0x00,0x00,0x00,0x00,0x00,0x00,0x00,0x00,0x00,
    0x00,0x00,0x00,0x00,0x00,0x00,0x00,0x00,0x00,0x00,0x00,0x00,0x00,0x00,0x00,0x00,0x00,0x00,0x00,0x00,0x00,0x00,0x00,0x00,
    0x00,0x00,0x00,0x00,0x00,0x00,0x00,0x00,0x00,0x00,0x00,0x00,0x00,0x00,0x00,0x00,0x00,0x00,0x00,0x00,0x00,0x00,0x00,0x00,
    0x00,0x00,0x00,0x00,0x00,0x00,0x00,0x00,0x00,0x00,0x00,0x00,0x00,0x00,0x00,0x00,0x00,0x00,0x00,0x00,0x00,0x00,0x00,0x00,
    0x00,0x00,0x00,0x00,0x00,0x00,0x00,0x00,0x00,0x00,0x00,0x00,0x00,0x00,0x00,0x00,0x00,0x00,0x00,0x00,0x00,0x00,0x00,0x00,
    0x00,0x00,0x00,0x00,0x00,0x00,0x00,0x00,0x00,0x00,0x00,0x00,0x00,0x00,0x00,0x00,0x00,0x00,0x00,0x00,0x00,0x00,0x00,0x00,
    0x00,0x00,0x00,0x00,0x00,0x00,0x00,0x00,0x00,0x00,0x00,0x00,0x00,0x00,0x00,0x00,0x00,0x00,0x00,0x00,0x00,0x00,0x00,0x00,
    0x00,0x00,0x00,0x00,0x00,0x00,0x00,0x00,0x00,0x00,0x00,0x00,0x00,0x00,0x00,0x00,0x00,0x00,0x00,0x00,0x00,0x00,0x21,0x08,
    0xa2,0x10,0x45,0x29,0x28,0x42,0x0c,0x63,0xcf,0x73,0x92,0x8c,0xf3,0x9c,0x34,0xa5,0x34,0x9d,0x55,0xa5,0x55,0xa5,0x76,0xad,
    0x75,0xad,0x75,0xad,0x55,0xa5,0x75,0xad,0x75,0xa5,0x96,0xad,0x75,0xa5,0x55,0xa5,0x34,0xa5,0x34,0xa5,0x14,0x9d,0xf4,0x9c,
    0x71,0x8c,0xcf,0x73,0xeb,0x5a,0x29,0x42,0x25,0x21,0xc3,0x18,0x20,0x00,0x00,0x00,0x00,0x00,0x00,0x00,0x00,0x00,0x00,0x00,
    0x00,0x00,0x00,0x00,0x00,0x00,0x00,0x00,0x00,0x00,0x00,0x00,0x00,0x00,0x00,0x00,0x00,0x00,0x00,0x00,0x00,0x00,0x00,0x00,
    0x00,0x00,0x00,0x00,0x00,0x00,0x00,0x00,0x00,0x00,0x00,0x00,0x00,0x00,0x00,0x00,0x00,0x00,0x00,0x00,0x00,0x00,0x00,0x00,
    0x00,0x00,0x00,0x00,0x00,0x00,0x00,0x00,0x00,0x00,0x00,0x00,0x00,0x00,0x00,0x00,0x00,0x00,0x00,0x00,0x00,0x00,0x00,0x00,
    0x00,0x00,0x00,0x00,0x00,0x00,0x00,0x00,0x00,0x00,0x00,0x00,0x00,0x00,0x00,0x00,0x00,0x00,0x00,0x00,0x00,0x00,0x00,0x00,
    0x00,0x00,0x00,0x00,0x00,0x00,0x00,0x00,0x00,0x00,0x00,0x00,0x00,0x00,0x00,0x00,0x00,0x00,0x00,0x00,0x00,0x00,0x00,0x00,
    0x00,0x00,0x00,0x00,0x00,0x00,0x00,0x00,0x00,0x00,0x00,0x00,0x00,0x00,0x00,0x00,0x00,0x00,0x00,0x00,0x00,0x00,0x00,0x00,
    0x00,0x00,0x00,0x00,0x00,0x00,0x00,0x00,0x00,0x00,0x00,0x00,0x00,0x00,0x00,0x00,0x00,0x00,0x00,0x00,0x00,0x00,0x00,0x00,
    0x00,0x00,0x00,0x00,0x00,0x00,0x00,0x00,0x00,0x00,0x00,0x00,0x00,0x00,0x00,0x00,0x00,0x00,0x00,0x00,0x00,0x00,0x00,0x00,
    0x00,0x00,0x00,0x00,0x00,0x00,0x00,0x00,0x00,0x00,0x00,0x00,0x00,0x00,0x00,0x00,0x00,0x00,0x00,0x00,0x00,0x00,0x00,0x00,
    0x00,0x00,0x00,0x00,0x00,0x00,0x00,0x00,0x00,0x00,0x00,0x00,0x00,0x00,0x00,0x00,0x00,0x00,0x00,0x00,0x00,0x00,0x00,0x00,
    0x00,0x00,0x00,0x00,0x00,0x00,0x00,0x00,0x00,0x00,0x00,0x00,0x00,0x00,0x00,0x00,0x00,0x00,0x00,0x00,0x00,0x00,0x00,0x00,
    0x00,0x00,0x00,0x00,0x00,0x00,0x00,0x00,0x00,0x00,0x00,0x00,0x00,0x00,0x00,0x00,0x00,0x00,0x00,0x00,0x00,0x00,0x00,0x00,
    0x00,0x00,0x00,0x00,0x00,0x00,0x00,0x00,0x00,0x00,0x00,0x00,0x00,0x00,0x00,0x00,0x41,0x08,0x82,0x10,0xc3,0x18,0x04,0x21,
    0x25,0x21,0x66,0x31,0xc7,0x31,0x29,0x42,0x08,0x42,0xc7,0x39,0x65,0x29,0x45,0x29,0xe4,0x18,0xc3,0x18,0x82,0x10,0x62,0x10,
    0x00,0x00,0x00,0x00,0x00,0x00,0x00,0x00,0x00,0x00,0x00,0x00,0x00,0x00,0x00,0x00,0x00,0x00,0x00,0x00,0x00,0x00,0x00,0x00,
    0x00,0x00,0x00,0x00,0x00,0x00,0x00,0x00,0x00,0x00,0x00,0x00,0x00,0x00,0x00,0x00,0x00,0x00,0x00,0x00,0x00,0x00,0x00,0x00,
    0x00,0x00,0x00,0x00,0x00,0x00,0x00,0x00,0x00,0x00,0x00,0x00,0x00,0x00,0x00,0x00,0x00,0x00,0x00,0x00,0x00,0x00,0x00,0x00,
    0x00,0x00,0x00,0x00,0x00,0x00,0x00,0x00,0x00,0x00,0x00,0x00,0x00,0x00,0x00,0x00,0x00,0x00,0x00,0x00,0x00,0x00,0x00,0x00,
    0x00,0x00,0x00,0x00,0x00,0x00,0x00,0x00,0x00,0x00,0x00,0x00,0x00,0x00,0x00,0x00,0x00,0x00,0x00,0x00,0x00,0x00,0x00,0x00,
    0x00,0x00,0x00,0x00,0x00,0x00,0x00,0x00,0x00,0x00,0x00,0x00,0x00,0x00,0x00,0x00,0x00,0x00,0x00,0x00,0x00,0x00,0x00,0x00,
    0x00,0x00,0x00,0x00,0x00,0x00,0x00,0x00,0x00,0x00,0x00,0x00,0x00,0x00,0x00,0x00,0x00,0x00,0x00,0x00,
};
const lv_image_dsc_t kTimersImage = [] {
    lv_image_dsc_t image{};
    image.header.magic = LV_IMAGE_HEADER_MAGIC;
    image.header.cf = LV_COLOR_FORMAT_RGB565;
    image.header.w = 181;
    image.header.h = 214;
    image.header.stride = 362;
    image.data_size = sizeof(kTimersPixels);
    image.data = kTimersPixels;
    return image;
}();
alignas(4) static const uint8_t kNotesPixels[] = {
    0x00,0x00,0x00,0x00,0x00,0x00,0x00,0x00,0x00,0x00,0x00,0x00,0x00,0x00,0x00,0x00,0x00,0x00,0x00,0x00,0x00,0x00,0x00,0x00,
    0x00,0x00,0x00,0x00,0x00,0x00,0x00,0x00,0x00,0x00,0x00,0x00,0x00,0x00,0x00,0x00,0x00,0x00,0x00,0x00,0x00,0x00,0x00,0x00,
    0x00,0x00,0x00,0x00,0x00,0x00,0x00,0x00,0x00,0x00,0x00,0x00,0x00,0x00,0x00,0x00,0x00,0x00,0x00,0x00,0x00,0x00,0x00,0x00,
    0x00,0x00,0x00,0x00,0x00,0x00,0x00,0x00,0x00,0x00,0x00,0x00,0x00,0x00,0x00,0x00,0x00,0x00,0x00,0x00,0x00,0x00,0x00,0x00,
    0x00,0x00,0x00,0x00,0x00,0x00,0x00,0x00,0x00,0x00,0x00,0x00,0x00,0x00,0x00,0x00,0x00,0x00,0x00,0x00,0x00,0x00,0x00,0x00,
    0x00,0x00,0x00,0x00,0x00,0x00,0x00,0x00,0x00,0x00,0x00,0x00,0x00,0x00,0x00,0x00,0x00,0x00,0x00,0x00,0x00,0x00,0x00,0x00,
    0x00,0x00,0x00,0x00,0x00,0x00,0x00,0x00,0x00,0x00,0x00,0x00,0x00,0x00,0x00,0x00,0x00,0x00,0x00,0x00,0x00,0x00,0x00,0x00,
    0x41,0x08,0xc3,0x18,0x24,0x21,0x86,0x31,0x28,0x42,0xef,0x83,0xaf,0xa4,0x2e,0x94,0x6b,0x73,0xa9,0x5a,0x85,0x31,0xe3,0x18,
    0x20,0x00,0x00,0x00,0x00,0x00,0x00,0x00,0x00,0x00,0x00,0x00,0x00,0x00,0x00,0x00,0x00,0x00,0x00,0x00,0x00,0x00,0x00,0x00,
    0x00,0x00,0x00,0x00,0x00,0x00,0x00,0x00,0x00,0x00,0x00,0x00,0x00,0x00,0x00,0x00,0x00,0x00,0x00,0x00,0x00,0x00,0x00,0x00,
    0x00,0x00,0x00,0x00,0x00,0x00,0x00,0x00,0x00,0x00,0x00,0x00,0x00,0x00,0x00,0x00,0x00,0x00,0x00,0x00,0x00,0x00,0x00,0x00,
    0x00,0x00,0x00,0x00,0x00,0x00,0x00,0x00,0x00,0x00,0x00,0x00,0x00,0x00,0x00,0x00,0x00,0x00,0x00,0x00,0x00,0x00,0x00,0x00,
    0x00,0x00,0x00,0x00,0x00,0x00,0x00,0x00,0x00,0x00,0x00,0x00,0x00,0x00,0x00,0x00,0x00,0x00,0x00,0x00,0x00,0x00,0x00,0x00,
    0x00,0x00,0x00,0x00,0x00,0x00,0x00,0x00,0x00,0x00,0x00,0x00,0x00,0x00,0x00,0x00,0x00,0x00,0x00,0x00,0x00,0x00,0x00,0x00,
    0x00,0x00,0x00,0x00,0x00,0x00,0x00,0x00,0x00,0x00,0x00,0x00,0x00,0x00,0x00,0x00,0x00,0x00,0x00,0x00,0x00,0x00,0x00,0x00,
    0x00,0x00,0x00,0x00,0x00,0x00,0x00,0x00,0x00,0x00,0x00,0x00,0x00,0x00,0x00,0x00,0x00,0x00,0x00,0x00,0x00,0x00,0x00,0x00,
    0x00,0x00,0x00,0x00,0x00,0x00,0x00,0x00,0x00,0x00,0x00,0x00,0x00,0x00,0x00,0x00,0x00,0x00,0x00,0x00,0x00,0x00,0x00,0x00,
    0x00,0x00,0x00,0x00,0x00,0x00,0x00,0x00,0x00,0x00,0x00,0x00,0x00,0x00,0x00,0x00,0x00,0x00,0x00,0x00,0x00,0x00,0x00,0x00,
    0x00,0x00,0x00,0x00,0x00,0x00,0x00,0x00,0x00,0x00,0x00,0x00,0x00,0x00,0x00,0x00,0x00,0x00,0x00,0x00,0x00,0x00,0x00,0x00,
    0x00,0x00,0x00,0x00,0x00,0x00,0x00,0x00,0x00,0x00,0x00,0x00,0x00,0x00,0x00,0x00,0x00,0x00,0x00,0x00,0x00,0x00,0x00,0x00,
    0x00,0x00,0x00,0x00,0x61,0x08,0xe4,0x20,0x45,0x29,0x08,0x42,0x0c,0x63,0x30,0x8c,0x14,0xa5,0xb6,0xb5,0x38,0xc6,0xfb,0xde,
    0x7d,0xef,0x7d,0xef,0x9d,0xef,0x95,0xf6,0x11,0xee,0x11,0xee,0xf1,0xed,0x11,0xee,0x12,0xe6,0xb2,0xcd,0x2e,0x94,0xc7,0x39,
    0x41,0x08,0x00,0x00,0x00,0x00,0x00,0x00,0x00,0x00,0x00,0x00,0x00,0x00,0x00,0x00,0x00,0x00,0x00,0x00,0x00,0x00,0x00,0x00,
    0x00,0x00,0x00,0x00,0x00,0x00,0x00,0x00,0x00,0x00,0x00,0x00,0x00,0x00,0x00,0x00,0x00,0x00,0x00,0x00,0x00,0x00,0x00,0x00,
    0x00,0x00,0x00,0x00,0x00,0x00,0x00,0x00,0x00,0x00,0x00,0x00,0x00,0x00,0x00,0x00,0x00,0x00,0x00,0x00,0x00,0x00,0x00,0x00,
    0x00,0x00,0x00,0x00,0x00,0x00,0x00,0x00,0x00,0x00,0x00,0x00,0x00,0x00,0x00,0x00,0x00,0x00,0x00,0x00,0x00,0x00,0x00,0x00,
    0x00,0x00,0x00,0x00,0x00,0x00,0x00,0x00,0x00,0x00,0x00,0x00,0x00,0x00,0x00,0x00,0x00,0x00,0x00,0x00,0x00,0x00,0x00,0x00,
    0x00,0x00,0x00,0x00,0x00,0x00,0x00,0x00,0x00,0x00,0x00,0x00,0x00,0x00,0x00,0x00,0x00,0x00,0x00,0x00,0x00,0x00,0x00,0x00,
    0x00,0x00,0x00,0x00,0x00,0x00,0x00,0x00,0x00,0x00,0x00,0x00,0x00,0x00,0x00,0x00,0x00,0x00,0x00,0x00,0x00,0x00,0x00,0x00,
    0x00,0x00,0x00,0x00,0x00,0x00,0x00,0x00,0x00,0x00,0x00,0x00,0x00,0x00,0x00,0x00,0x00,0x00,0x00,0x00,0x00,0x00,0x00,0x00,
    0x00,0x00,0x00,0x00,0x00,0x00,0x00,0x00,0x00,0x00,0x00,0x00,0x00,0x00,0x00,0x00,0x00,0x00,0x00,0x00,0x00,0x00,0x00,0x00,
    0x00,0x00,0x00,0x00,0x00,0x00,0x00,0x00,0x00,0x00,0x00,0x00,0x00,0x00,0x00,0x00,0x00,0x00,0x00,0x00,0x00,0x00,0x00,0x00,
    0x00,0x00,0x00,0x00,0x00,0x00,0x00,0x00,0x00,0x00,0x00,0x00,0x00,0x00,0x00,0x00,0x00,0x00,0x00,0x00,0x00,0x00,0x00,0x00,
    0x00,0x00,0x00,0x00,0x00,0x00,0x21,0x08,0x82,0x10,0x04,0x21,0x45,0x29,0x49,0x4a,0x6d,0x6b,0x71,0x8c,0x34,0xa5,0xd6,0xbd,
    0x58,0xce,0x1b,0xe7,0x7d,0xef,0x7d,0xef,0x5c,0xef,0x7c,0xef,0x5c,0xef,0x7d,0xef,0x5c,0xe7,0x5c,0xef,0x5c,0xe7,0x7d,0xef,
    0xf8,0xee,0xf1,0xed,0xf0,0xe5,0xf1,0xed,0xf0,0xe5,0xf0,0xe5,0xd0,0xe5,0xf0,0xed,0xd0,0xe5,0xb1,0xd5,0xe9,0x6a,0x62,0x10,
    0x00,0x00,0x00,0x00,0x00,0x00,0x00,0x00,0x00,0x00,0x00,0x00,0x00,0x00,0x00,0x00,0x00,0x00,0x00,0x00,0x00,0x00,0x00,0x00,
    0x00,0x00,0x00,0x00,0x00,0x00,0x00,0x00,0x00,0x00,0x00,0x00,0x00,0x00,0x00,0x00,0x00,0x00,0x00,0x00,0x00,0x00,0x00,0x00,
    0x00,0x00,0x00,0x00,0x00,0x00,0x00,0x00,0x00,0x00,0x00,0x00,0x00,0x00,0x00,0x00,0x00,0x00,0x00,0x00,0x00,0x00,0x00,0x00,
    0x00,0x00,0x00,0x00,0x00,0x00,0x00,0x00,0x00,0x00,0x00,0x00,0x00,0x00,0x00,0x00,0x00,0x00,0x00,0x00,0x00,0x00,0x00,0x00,
    0x00,0x00,0x00,0x00,0x00,0x00,0x00,0x00,0x00,0x00,0x00,0x00,0x00,0x00,0x00,0x00,0x00,0x00,0x00,0x00,0x00,0x00,0x00,0x00,
    0x00,0x00,0x00,0x00,0x00,0x00,0x00,0x00,0x00,0x00,0x00,0x00,0x00,0x00,0x00,0x00,0x00,0x00,0x00,0x00,0x00,0x00,0x00,0x00,
    0x00,0x00,0x00,0x00,0x00,0x00,0x00,0x00,0x00,0x00,0x00,0x00,0x00,0x00,0x00,0x00,0x00,0x00,0x00,0x00,0x00,0x00,0x00,0x00,
    0x00,0x00,0x00,0x00,0x00,0x00,0x00,0x00,0x00,0x00,0x00,0x00,0x00,0x00,0x00,0x00,0x00,0x00,0x00,0x00,0x00,0x00,0x00,0x00,
    0x00,0x00,0x00,0x00,0x00,0x00,0x00,0x00,0x00,0x00,0x00,0x00,0x00,0x00,0x00,0x00,0x00,0x00,0x00,0x00,0x00,0x00,0x00,0x00,
    0x00,0x00,0x00,0x00,0x00,0x00,0x00,0x00,0x00,0x00,0x00,0x00,0x00,0x00,0x00,0x00,0x00,0x00,0x00,0x00,0x00,0x00,0x00,0x00,
    0x00,0x00,0x00,0x00,0x00,0x00,0x00,0x00,0x00,0x00,0x41,0x08,0xa2,0x10,0x24,0x21,0x65,0x29,0x8a,0x52,0x8e,0x73,0xb2,0x94,
    0x55,0xad,0x17,0xbe,0x99,0xce,0x5d,0xef,0x7d,0xef,0x7d,0xef,0x7c,0xef,0x7d,0xef,0x7c,0xef,0x7d,0xef,0x7c,0xef,0x7d,0xef,
    0x7c,0xef,0x7d,0xef,0x5c,0xef,0x7d,0xef,0x7c,0xef,0x7d,0xef,0x5c,0xef,0x7d,0xef,0x7c,0xef,0x5b,0xf7,0x11,0xe6,0xf1,0xed,
    0xd0,0xe5,0xd0,0xed,0xd0,0xe5,0xd0,0xed,0xd0,0xe5,0xd0,0xe5,0xb0,0xe5,0xd0,0xe5,0x91,0xd5,0xa9,0x5a,0x21,0x08,0x00,0x00,
    0x00,0x00,0x00,0x00,0x00,0x00,0x00,0x00,0x00,0x00,0x00,0x00,0x00,0x00,0x00,0x00,0x00,0x00,0x00,0x00,0x00,0x00,0x00,0x00,
    0x00,0x00,0x00,0x00,0x00,0x00,0x00,0x00,0x00,0x00,0x00,0x00,0x00,0x00,0x00,0x00,0x00,0x00,0x00,0x00,0x00,0x00,0x00,0x00,
    0x00,0x00,0x00,0x00,0x00,0x00,0x00,0x00,0x00,0x00,0x00,0x00,0x00,0x00,0x00,0x00,0x00,0x00,0x00,0x00,0x00,0x00,0x00,0x00,
    0x00,0x00,0x00,0x00,0x00,0x00,0x00,0x00,0x00,0x00,0x00,0x00,0x00,0x00,0x00,0x00,0x00,0x00,0x00,0x00,0x00,0x00,0x00,0x00,
    0x00,0x00,0x00,0x00,0x00,0x00,0x00,0x00,0x00,0x00,0x00,0x00,0x00,0x00,0x00,0x00,0x00,0x00,0x00,0x00,0x00,0x00,0x00,0x00,
    0x00,0x00,0x00,0x00,0x00,0x00,0x00,0x00,0x00,0x00,0x00,0x00,0x00,0x00,0x00,0x00,0x00,0x00,0x00,0x00,0x00,0x00,0x00,0x00,
    0x00,0x00,0x00,0x00,0x00,0x00,0x00,0x00,0x00,0x00,0x00,0x00,0x00,0x00,0x00,0x00,0x00,0x00,0x00,0x00,0x00,0x00,0x00,0x00,
    0x00,0x00,0x00,0x00,0x00,0x00,0x00,0x00,0x00,0x00,0x00,0x00,0x00,0x00,0x00,0x00,0x00,0x00,0x00,0x00,0x00,0x00,0x00,0x00,
    0x00,0x00,0x00,0x00,0x00,0x00,0x00,0x00,0x00,0x00,0x00,0x00,0x00,0x00,0x00,0x00,0x00,0x00,0x00,0x00,0x00,0x00,0x00,0x00,
    0x00,0x00,0x00,0x00,0x00,0x00,0x00,0x00,0x00,0x00,0x00,0x00,0x00,0x00,0x61,0x08,0xa2,0x10,0x24,0x21,0x86,0x31,0xcb,0x5a,
    0xce,0x73,0xd3,0x9c,0x75,0xad,0x18,0xc6,0xba,0xd6,0x7c,0xef,0x7c,0xef,0x7d,0xef,0x7c,0xe7,0x7c,0xef,0x7c,0xef,0x7d,0xef,
    0x5c,0xe7,0x7c,0xef,0x5c,0xef,0x7d,0xef,0x5c,0xe7,0x7c,0xef,0x5c,0xe7,0x7c,0xef,0x5c,0xe7,0x7c,0xef,0x5c,0xe7,0x5c,0xef,
    0x5c,0xe7,0x5c,0xef,0x5c,0xe7,0x5c,0xef,0x5c,0xe7,0x5c,0xef,0x5c,0xef,0x54,0xee,0xaf,0xdd,0xb0,0xe5,0xaf,0xe5,0xb0,0xe5,
    0xaf,0xdd,0xaf,0xe5,0xaf,0xdd,0xaf,0xe5,0x8f,0xdd,0xaf,0xe5,0x8f,0xdd,0x10,0xbd,0x85,0x31,0x00,0x00,0x00,0x00,0x00,0x00,
    0x00,0x00,0x00,0x00,0x00,0x00,0x00,0x00,0x00,0x00,0x00,0x00,0x00,0x00,0x00,0x00,0x00,0x00,0x00,0x00,0x00,0x00,0x00,0x00,
    0x00,0x00,0x00,0x00,0x00,0x00,0x00,0x00,0x00,0x00,0x00,0x00,0x00,0x00,0x00,0x00,0x00,0x00,0x00,0x00,0x00,0x00,0x00,0x00,
    0x00,0x00,0x00,0x00,0x00,0x00,0x00,0x00,0x00,0x00,0x00,0x00,0x00,0x00,0x00,0x00,0x00,0x00,0x00,0x00,0x00,0x00,0x00,0x00,
    0x00,0x00,0x00,0x00,0x00,0x00,0x00,0x00,0x00,0x00,0x00,0x00,0x00,0x00,0x00,0x00,0x00,0x00,0x00,0x00,0x00,0x00,0x00,0x00,
    0x00,0x00,0x00,0x00,0x00,0x00,0x00,0x00,0x00,0x00,0x00,0x00,0x00,0x00,0x00,0x00,0x00,0x00,0x00,0x00,0x00,0x00,0x00,0x00,
    0x00,0x00,0x00,0x00,0x00,0x00,0x00,0x00,0x00,0x00,0x00,0x00,0x00,0x00,0x00,0x00,0x00,0x00,0x00,0x00,0x00,0x00,0x00,0x00,
    0x00,0x00,0x00,0x00,0x00,0x00,0x00,0x00,0x00,0x00,0x00,0x00,0x00,0x00,0x00,0x00,0x00,0x00,0x00,0x00,0x00,0x00,0x00,0x00,
    0x00,0x00,0x00,0x00,0x00,0x00,0x00,0x00,0x00,0x00,0x00,0x00,0x00,0x00,0x00,0x00,0x00,0x00,0x00,0x00,0x00,0x00,0x00,0x00,
    0x00,0x00,0x00,0x00,0x00,0x00,0x00,0x00,0x00,0x00,0x00,0x00,0x00,0x00,0x00,0x00,0x00,0x00,0x62,0x10,0xc3,0x18,0x45,0x29,
    0xc7,0x39,0x0c,0x63,0x10,0x84,0x14,0xa5,0x96,0xb5,0x38,0xc6,0xda,0xde,0x9d,0xf7,0x7d,0xef,0x9d,0xef,0x7c,0xef,0x7d,0xef,
    0x7c,0xef,0x7d,0xef,0x7c,0xef,0x7d,0xef,0x7c,0xef,0x7d,0xef,0x7c,0xef,0x7d,0xef,0x7c,0xef,0x7d,0xef,0x7c,0xef,0x7d,0xef,
    0x7c,0xef,0x7d,0xef,0x5c,0xef,0x7d,0xef,0x5c,0xef,0x7d,0xef,0x5c,0xe7,0x7d,0xef,0x5c,0xef,0x7d,0xef,0x5c,0xe7,0x7d,0xef,
    0x5c,0xef,0x7c,0xef,0x5c,0xe7,0x7d,0xef,0xd8,0xee,0xb0,0xe5,0x8f,0xdd,0xb0,0xe5,0x8f,0xe5,0xaf,0xe5,0x8f,0xdd,0xaf,0xe5,
    0x8f,0xdd,0x8f,0xe5,0x8f,0xdd,0x8f,0xe5,0x8f,0xdd,0x8f,0xdd,0x6b,0x7b,0x62,0x10,0x00,0x00,0x00,0x00,0x00,0x00,0x00,0x00,
    0x00,0x00,0x00,0x00,0x00,0x00,0x00,0x00,0x00,0x00,0x00,0x00,0x00,0x00,0x00,0x00,0x00,0x00,0x00,0x00,0x00,0x00,0x00,0x00,
    0x00,0x00,0x00,0x00,0x00,0x00,0x00,0x00,0x00,0x00,0x00,0x00,0x00,0x00,0x00,0x00,0x00,0x00,0x00,0x00,0x00,0x00,0x00,0x00,
    0x00,0x00,0x00,0x00,0x00,0x00,0x00,0x00,0x00,0x00,0x00,0x00,0x00,0x00,0x00,0x00,0x00,0x00,0x00,0x00,0x00,0x00,0x00,0x00,
    0x00,0x00,0x00,0x00,0x00,0x00,0x00,0x00,0x00,0x00,0x00,0x00,0x00,0x00,0x00,0x00,0x00,0x00,0x00,0x00,0x00,0x00,0x00,0x00,
    0x00,0x00,0x00,0x00,0x00,0x00,0x00,0x00,0x00,0x00,0x00,0x00,0x00,0x00,0x00,0x00,0x00,0x00,0x00,0x00,0x00,0x00,0x00,0x00,
    0x00,0x00,0x00,0x00,0x00,0x00,0x00,0x00,0x00,0x00,0x00,0x00,0x00,0x00,0x00,0x00,0x00,0x00,0x00,0x00,0x00,0x00,0x00,0x00,
    0x00,0x00,0x00,0x00,0x00,0x00,0x00,0x00,0x00,0x00,0x00,0x00,0x00,0x00,0x00,0x00,0x00,0x00,0x00,0x00,0x00,0x00,0x00,0x00,
    0x00,0x00,0x00,0x00,0x00,0x00,0x00,0x00,0x00,0x00,0x00,0x00,0x00,0x00,0x00,0x00,0x00,0x00,0x00,0x00,0x00,0x00,0x82,0x10,
    0xe3,0x18,0x45,0x29,0x28,0x42,0x4d,0x6b,0x50,0x84,0x34,0xa5,0xb6,0xb5,0x79,0xce,0x1b,0xdf,0x9d,0xef,0x7d,0xef,0x9d,0xef,
    0x7c,0xef,0x7d,0xef,0x7c,0xef,0x7d,0xef,0x7c,0xef,0x7d,0xef,0x7c,0xef,0x7d,0xef,0x7c,0xef,0x7d,0xef,0x7c,0xef,0x7d,0xef,
    0x7c,0xef,0x7d,0xef,0x7c,0xef,0x7d,0xef,0x5c,0xef,0x7d,0xef,0x7c,0xef,0x7d,0xef,0x5c,0xe7,0x7c,0xef,0x5c,0xef,0x7d,0xef,
    0x5c,0xe7,0x5c,0xef,0x5c,0xe7,0x7d,0xef,0x5c,0xe7,0x5c,0xef,0x5c,0xe7,0x7c,0xef,0x5c,0xe7,0x5c,0xef,0x5c,0xe7,0x5c,0xef,
    0x5c,0xe7,0x1a,0xef,0xd0,0xe5,0x8f,0xe5,0x8f,0xdd,0x8f,0xdd,0x6f,0xdd,0x8f,0xdd,0x6e,0xdd,0x6f,0xdd,0x6e,0xdd,0x6f,0xdd,
    0x6e,0xdd,0x6f,0xdd,0x6e,0xdd,0x6f,0xdd,0xaf,0xac,0xe3,0x18,0x00,0x00,0x00,0x00,0x00,0x00,0x00,0x00,0x00,0x00,0x00,0x00,
    0x00,0x00,0x00,0x00,0x00,0x00,0x00,0x00,0x00,0x00,0x00,0x00,0x00,0x00,0x00,0x00,0x00,0x00,0x00,0x00,0x00,0x00,0x00,0x00,
    0x00,0x00,0x00,0x00,0x00,0x00,0x00,0x00,0x00,0x00,0x00,0x00,0x00,0x00,0x00,0x00,0x00,0x00,0x00,0x00,0x00,0x00,0x00,0x00,
    0x00,0x00,0x00,0x00,0x00,0x00,0x00,0x00,0x00,0x00,0x00,0x00,0x00,0x00,0x00,0x00,0x00,0x00,0x00,0x00,0x00,0x00,0x00,0x00,
    0x00,0x00,0x00,0x00,0x00,0x00,0x00,0x00,0x00,0x00,0x00,0x00,0x00,0x00,0x00,0x00,0x00,0x00,0x00,0x00,0x00,0x00,0x00,0x00,
    0x00,0x00,0x00,0x00,0x00,0x00,0x00,0x00,0x00,0x00,0x00,0x00,0x00,0x00,0x00,0x00,0x00,0x00,0x00,0x00,0x00,0x00,0x00,0x00,
    0x00,0x00,0x00,0x00,0x00,0x00,0x00,0x00,0x00,0x00,0x00,0x00,0x00,0x00,0x00,0x00,0x00,0x00,0x00,0x00,0x00,0x00,0x00,0x00,
    0x00,0x00,0x00,0x00,0x00,0x00,0x00,0x00,0x00,0x00,0x00,0x00,0x00,0x00,0x00,0x00,0x00,0x00,0x00,0x00,0x00,0x00,0x00,0x00,
    0x21,0x08,0xa3,0x18,0x04,0x21,0x66,0x31,0x69,0x4a,0x8e,0x73,0x91,0x8c,0x75,0xad,0xf7,0xbd,0x9a,0xd6,0x3c,0xe7,0x9d,0xf7,
    0x9d,0xef,0x9d,0xf7,0x7d,0xef,0x9d,0xf7,0x7d,0xef,0x9d,0xef,0x7d,0xef,0x9d,0xf7,0x7d,0xef,0x7d,0xef,0x7d,0xef,0x9d,0xef,
    0x7d,0xef,0x7d,0xef,0x7c,0xef,0x7d,0xef,0x7d,0xef,0x7d,0xef,0x7c,0xef,0x7d,0xef,0x7d,0xef,0x7d,0xef,0x7c,0xef,0x7d,0xef,
    0x7c,0xef,0x7d,0xef,0x5c,0xef,0x7d,0xef,0x7c,0xef,0x7d,0xef,0x5c,0xef,0x7d,0xef,0x7c,0xef,0x7d,0xef,0x5c,0xef,0x7d,0xef,
    0x5c,0xef,0x7d,0xef,0x5c,0xe7,0x7d,0xef,0x5c,0xef,0x7d,0xef,0x5c,0xe7,0x7d,0xef,0x5c,0xef,0x5d,0xef,0x5c,0xef,0x34,0xee,
    0x6f,0xdd,0x8f,0xdd,0x6e,0xdd,0x6f,0xdd,0x6e,0xdd,0x6f,0xdd,0x6e,0xdd,0x6f,0xdd,0x4e,0xdd,0x6f,0xdd,0x4e,0xd5,0x6f,0xdd,
    0x4e,0xdd,0x4e,0xdd,0x50,0xcd,0xe7,0x41,0x00,0x00,0x00,0x00,0x00,0x00,0x00,0x00,0x00,0x00,0x00,0x00,0x00,0x00,0x00,0x00,
    0x00,0x00,0x00,0x00,0x00,0x00,0x00,0x00,0x00,0x00,0x00,0x00,0x00,0x00,0x00,0x00,0x00,0x00,0x00,0x00,0x00,0x00,0x00,0x00,
    0x00,0x00,0x00,0x00,0x00,0x00,0x00,0x00,0x00,0x00,0x00,0x00,0x00,0x00,0x00,0x00,0x00,0x00,0x00,0x00,0x00,0x00,0x00,0x00,
    0x00,0x00,0x00,0x00,0x00,0x00,0x00,0x00,0x00,0x00,0x00,0x00,0x00,0x00,0x00,0x00,0x00,0x00,0x00,0x00,0x00,0x00,0x00,0x00,
    0x00,0x00,0x00,0x00,0x00,0x00,0x00,0x00,0x00,0x00,0x00,0x00,0x00,0x00,0x00,0x00,0x00,0x00,0x00,0x00,0x00,0x00,0x00,0x00,
    0x00,0x00,0x00,0x00,0x00,0x00,0x00,0x00,0x00,0x00,0x00,0x00,0x00,0x00,0x00,0x00,0x00,0x00,0x00,0x00,0x00,0x00,0x00,0x00,
    0x00,0x00,0x00,0x00,0x00,0x00,0x00,0x00,0x00,0x00,0x00,0x00,0x00,0x00,0x00,0x00,0x00,0x00,0x00,0x00,0x00,0x00,0x00,0x00,
    0x00,0x00,0x00,0x00,0x41,0x08,0xa3,0x18,0x04,0x21,0x86,0x31,0xaa,0x52,0xcf,0x7b,0xb2,0x94,0x75,0xad,0xf7,0xbd,0xba,0xd6,
    0x5c,0xe7,0x9d,0xef,0x7d,0xef,0x7d,0xef,0x7c,0xef,0x7d,0xef,0x7c,0xef,0x7d,0xef,0x7c,0xef,0x7d,0xef,0x7c,0xef,0x7d,0xef,
    0x7c,0xef,0x7d,0xef,0x7c,0xef,0x7d,0xef,0x7c,0xef,0x7d,0xef,0x7c,0xef,0x7d,0xef,0x7c,0xef,0x7d,0xef,0x7c,0xef,0x7d,0xef,
    0x7c,0xe7,0x7c,0xef,0x5c,0xef,0x7d,0xef,0x5c,0xe7,0x7c,0xef,0x5c,0xe7,0x7d,0xef,0x5c,0xe7,0x7c,0xef,0x5c,0xe7,0x7c,0xef,
    0x5c,0xe7,0x5c,0xef,0x5c,0xe7,0x5c,0xef,0x5c,0xe7,0x5c,0xef,0x5c,0xe7,0x5c,0xef,0x5c,0xe7,0x5c,0xef,0x5c,0xe7,0x5c,0xef,
    0x5c,0xe7,0x5c,0xe7,0x5c,0xe7,0x5c,0xef,0x5c,0xe7,0x5c,0xe7,0x5c,0xe7,0x5c,0xef,0xd7,0xe6,0x6e,0xdd,0x4e,0xd5,0x4e,0xdd,
    0x4e,0xd5,0x4e,0xdd,0x4e,0xd5,0x4e,0xdd,0x4e,0xd5,0x4e,0xd5,0x2e,0xd5,0x4e,0xdd,0x2d,0xd5,0x2e,0xd5,0x2d,0xd5,0x2e,0xd5,
    0x4f,0xd5,0xeb,0x62,0x41,0x08,0x00,0x00,0x00,0x00,0x00,0x00,0x00,0x00,0x00,0x00,0x00,0x00,0x00,0x00,0x00,0x00,0x00,0x00,
    0x00,0x00,0x00,0x00,0x00,0x00,0x00,0x00,0x00,0x00,0x00,0x00,0x00,0x00,0x00,0x00,0x00,0x00,0x00,0x00,0x00,0x00,0x00,0x00,
    0x00,0x00,0x00,0x00,0x00,0x00,0x00,0x00,0x00,0x00,0x00,0x00,0x00,0x00,0x00,0x00,0x00,0x00,0x00,0x00,0x00,0x00,0x00,0x00,
    0x00,0x00,0x00,0x00,0x00,0x00,0x00,0x00,0x00,0x00,0x00,0x00,0x00,0x00,0x00,0x00,0x00,0x00,0x00,0x00,0x00,0x00,0x00,0x00,
    0x00,0x00,0x00,0x00,0x00,0x00,0x00,0x00,0x00,0x00,0x00,0x00,0x00,0x00,0x00,0x00,0x00,0x00,0x00,0x00,0x00,0x00,0x00,0x00,
    0x00,0x00,0x00,0x00,0x00,0x00,0x00,0x00,0x00,0x00,0x00,0x00,0x00,0x00,0x00,0x00,0x00,0x00,0x00,0x00,0x00,0x00,0x00,0x00,
    0x00,0x00,0x00,0x00,0x00,0x00,0x00,0x00,0x41,0x08,0xc3,0x18,0x24,0x21,0xc7,0x39,0xeb,0x5a,0x10,0x84,0xf3,0x9c,0xb6,0xb5,
    0x38,0xc6,0xfb,0xde,0x7d,0xef,0x9d,0xf7,0x9d,0xef,0x9d,0xf7,0x7d,0xef,0x9d,0xf7,0x7d,0xef,0x9d,0xef,0x7d,0xef,0x9d,0xf7,
    0x7d,0xef,0x9d,0xef,0x7d,0xef,0x9d,0xf7,0x7d,0xef,0x9d,0xef,0x7c,0xef,0x7d,0xef,0x7d,0xef,0x7d,0xef,0x7c,0xef,0x7d,0xef,
    0x7d,0xef,0x7d,0xef,0x7c,0xef,0x7d,0xef,0x7c,0xef,0x7d,0xef,0x7c,0xef,0x7d,0xef,0x7c,0xef,0x7d,0xef,0x7c,0xef,0x7d,0xef,
    0x7c,0xef,0x7d,0xef,0x7c,0xef,0x7d,0xef,0x5c,0xef,0x7d,0xef,0x5c,0xef,0x7d,0xef,0x5c,0xef,0x7d,0xef,0x5c,0xe7,0x7d,0xef,
    0x5c,0xef,0x7d,0xef,0x5c,0xe7,0x7d,0xef,0x5c,0xe7,0x7c,0xef,0x5c,0xe7,0x5d,0xef,0x5c,0xe7,0x5c,0xef,0x5c,0xe7,0x5d,0xef,
    0x5c,0xe7,0x5c,0xef,0x5c,0xe7,0x5c,0xef,0x5c,0xe7,0x3b,0xef,0x90,0xdd,0x4e,0xdd,0x4e,0xd5,0x4e,0xdd,0x2e,0xd5,0x4e,0xdd,
    0x2e,0xd5,0x4e,0xdd,0x2d,0xd5,0x2e,0xdd,0x2d,0xd5,0x2e,0xd5,0x2d,0xd5,0x2e,0xd5,0x0d,0xd5,0x2e,0xd5,0x6f,0xd5,0x30,0x8c,
    0xc3,0x18,0x00,0x00,0x00,0x00,0x00,0x00,0x00,0x00,0x00,0x00,0x00,0x00,0x00,0x00,0x00,0x00,0x00,0x00,0x00,0x00,0x00,0x00,
    0x00,0x00,0x00,0x00,0x00,0x00,0x00,0x00,0x00,0x00,0x00,0x00,0x00,0x00,0x00,0x00,0x00,0x00,0x00,0x00,0x00,0x00,0x00,0x00,
    0x00,0x00,0x00,0x00,0x00,0x00,0x00,0x00,0x00,0x00,0x00,0x00,0x00,0x00,0x00,0x00,0x00,0x00,0x00,0x00,0x00,0x00,0x00,0x00,
    0x00,0x00,0x00,0x00,0x00,0x00,0x00,0x00,0x00,0x00,0x00,0x00,0x00,0x00,0x00,0x00,0x00,0x00,0x00,0x00,0x00,0x00,0x00,0x00,
    0x00,0x00,0x00,0x00,0x00,0x00,0x00,0x00,0x00,0x00,0x00,0x00,0x00,0x00,0x00,0x00,0x00,0x00,0x00,0x00,0x00,0x00,0x00,0x00,
    0x00,0x00,0x00,0x00,0x00,0x00,0x00,0x00,0x00,0x00,0x00,0x00,0x00,0x00,0x00,0x00,0x20,0x00,0x04,0x21,0x65,0x29,0x2c,0x63,
    0x71,0x8c,0x95,0xb5,0x58,0xc6,0x1c,0xe7,0x9d,0xef,0x9d,0xf7,0x9d,0xef,0x9d,0xf7,0x7d,0xef,0x9d,0xef,0x9d,0xef,0x9d,0xf7,
    0x7d,0xef,0x9d,0xef,0x7d,0xef,0x9d,0xef,0x7c,0xef,0x7d,0xef,0x7d,0xef,0x9d,0xef,0x7c,0xef,0x7d,0xef,0x7d,0xef,0x9d,0xef,
    0x7c,0xef,0x7d,0xef,0x7c,0xef,0x7d,0xef,0x7c,0xef,0x7d,0xef,0x7c,0xef,0x7d,0xef,0x7c,0xef,0x7d,0xef,0x7c,0xef,0x7d,0xef,
    0x7c,0xef,0x7d,0xef,0x7c,0xef,0x7d,0xef,0x5c,0xef,0x7d,0xef,0x7c,0xef,0x7d,0xef,0x5c,0xef,0x7c,0xef,0x7c,0xef,0x7d,0xef,
    0x5c,0xe7,0x5c,0xef,0x5c,0xef,0x7d,0xef,0x5c,0xe7,0x5c,0xef,0x5c,0xe7,0x7d,0xef,0x5c,0xe7,0x5c,0xef,0x5c,0xe7,0x7c,0xef,
    0x5c,0xe7,0x5c,0xef,0x5c,0xe7,0x5c,0xef,0x5c,0xe7,0x5c,0xef,0x5c,0xe7,0x5c,0xef,0x5c,0xe7,0x5c,0xef,0x5c,0xe7,0x5c,0xef,
    0x5c,0xe7,0x5c,0xe7,0x5c,0xef,0x13,0xe6,0x2d,0xd5,0x2e,0xd5,0x2d,0xd5,0x2e,0xd5,0x0d,0xd5,0x2d,0xd5,0x0d,0xd5,0x0d,0xd5,
    0x0d,0xcd,0x0d,0xd5,0x0d,0xcd,0x0d,0xd5,0x0d,0xcd,0x0d,0xd5,0xed,0xcc,0x0d,0xd5,0x70,0xd5,0x34,0xad,0x65,0x29,0x00,0x00,
    0x00,0x00,0x00,0x00,0x00,0x00,0x00,0x00,0x00,0x00,0x00,0x00,0x00,0x00,0x00,0x00,0x00,0x00,0x00,0x00,0x00,0x00,0x00,0x00,
    0x00,0x00,0x00,0x00,0x00,0x00,0x00,0x00,0x00,0x00,0x00,0x00,0x00,0x00,0x00,0x00,0x00,0x00,0x00,0x00,0x00,0x00,0x00,0x00,
    0x00,0x00,0x00,0x00,0x00,0x00,0x00,0x00,0x00,0x00,0x00,0x00,0x00,0x00,0x00,0x00,0x00,0x00,0x00,0x00,0x00,0x00,0x00,0x00,
    0x00,0x00,0x00,0x00,0x00,0x00,0x00,0x00,0x00,0x00,0x00,0x00,0x00,0x00,0x00,0x00,0x00,0x00,0x00,0x00,0x00,0x00,0x00,0x00,
    0x00,0x00,0x00,0x00,0x00,0x00,0x00,0x00,0x00,0x00,0x00,0x00,0x00,0x00,0x00,0x00,0x00,0x00,0x00,0x00,0x00,0x00,0x00,0x00,
    0x00,0x00,0x00,0x00,0x00,0x00,0xc3,0x18,0x49,0x4a,0x34,0xa5,0x99,0xce,0xbe,0xf7,0x9d,0xf7,0x9d,0xf7,0x9d,0xef,0x9d,0xf7,
    0x9d,0xef,0x9d,0xf7,0x9d,0xef,0x9d,0xf7,0x9d,0xef,0x9d,0xf7,0x7d,0xef,0x9d,0xf7,0x9d,0xef,0x9d,0xf7,0x7d,0xef,0x9d,0xf7,
    0x9d,0xef,0x9d,0xf7,0x7d,0xef,0x9d,0xf7,0x7d,0xef,0x9d,0xf7,0x7d,0xef,0x9d,0xf7,0x7d,0xef,0x7d,0xef,0x7d,0xef,0x9d,0xf7,
    0x7d,0xef,0x7d,0xef,0x7c,0xef,0x9d,0xef,0x7d,0xef,0x7d,0xef,0x7c,0xef,0x7d,0xef,0x7d,0xef,0x7d,0xef,0x7c,0xef,0x7d,0xef,
    0x7d,0xef,0x7d,0xef,0x7c,0xef,0x7d,0xef,0x7c,0xef,0x7d,0xef,0x5c,0xef,0x7d,0xef,0x7c,0xef,0x7d,0xef,0x5c,0xef,0x7d,0xef,
    0x7c,0xef,0x7d,0xef,0x5c,0xef,0x7d,0xef,0x5c,0xef,0x7d,0xef,0x5c,0xe7,0x7d,0xef,0x5c,0xef,0x5d,0xef,0x5c,0xe7,0x7d,0xef,
    0x5c,0xef,0x5d,0xef,0x5c,0xe7,0x7d,0xef,0x5c,0xe7,0x5c,0xef,0x5c,0xe7,0x5d,0xef,0x5c,0xe7,0x5c,0xef,0x5c,0xe7,0x7d,0xef,
    0xd8,0xe6,0x2e,0xd5,0x0d,0xd5,0x0e,0xd5,0x0d,0xd5,0x0d,0xd5,0x0d,0xcd,0x0d,0xd5,0x0d,0xd5,0x0d,0xd5,0xed,0xcc,0x0d,0xd5,
    0xed,0xcc,0xed,0xd4,0xec,0xcc,0xed,0xd4,0xec,0xcc,0xed,0xd4,0x70,0xd5,0x38,0xce,0xab,0x5a,0x61,0x08,0x00,0x00,0x00,0x00,
    0x00,0x00,0x00,0x00,0x00,0x00,0x00,0x00,0x00,0x00,0x00,0x00,0x00,0x00,0x00,0x00,0x00,0x00,0x00,0x00,0x00,0x00,0x00,0x00,
    0x00,0x00,0x00,0x00,0x00,0x00,0x00,0x00,0x00,0x00,0x00,0x00,0x00,0x00,0x00,0x00,0x00,0x00,0x00,0x00,0x00,0x00,0x00,0x00,
    0x00,0x00,0x00,0x00,0x00,0x00,0x00,0x00,0x00,0x00,0x00,0x00,0x00,0x00,0x00,0x00,0x00,0x00,0x00,0x00,0x00,0x00,0x00,0x00,
    0x00,0x00,0x00,0x00,0x00,0x00,0x00,0x00,0x00,0x00,0x00,0x00,0x00,0x00,0x00,0x00,0x00,0x00,0x00,0x00,0x00,0x00,0x00,0x00,
    0x00,0x00,0x00,0x00,0x00,0x00,0x00,0x00,0x00,0x00,0x00,0x00,0x00,0x00,0x00,0x00,0x00,0x00,0x00,0x00,0x45,0x29,0xef,0x7b,
    0xf7,0xbd,0x7d,0xef,0x9d,0xef,0x9d,0xf7,0x9d,0xef,0x9d,0xef,0x7d,0xef,0x9d,0xef,0x7c,0xef,0x9d,0xef,0x7d,0xef,0x9d,0xef,
    0x7c,0xef,0x9d,0xef,0x7d,0xef,0x9d,0xef,0x7c,0xef,0x7d,0xef,0x7c,0xef,0x7d,0xef,0x7c,0xef,0x7d,0xef,0x7c,0xef,0x7d,0xef,
    0x7c,0xef,0x7d,0xef,0x7c,0xef,0x7d,0xef,0x7c,0xef,0x7d,0xef,0x7c,0xef,0x7d,0xef,0x7c,0xef,0x7d,0xef,0x7c,0xef,0x7d,0xef,
    0x7c,0xef,0x7c,0xef,0x7c,0xef,0x7d,0xef,0x7c,0xe7,0x7c,0xef,0x5c,0xef,0x7d,0xef,0x5c,0xe7,0x7c,0xef,0x5c,0xe7,0x7c,0xef,
    0x5c,0xe7,0x7c,0xef,0x5c,0xe7,0x7c,0xef,0x5c,0xe7,0x5c,0xef,0x5c,0xe7,0x5c,0xef,0x5c,0xe7,0x5c,0xef,0x5c,0xe7,0x5c,0xef,
    0x5c,0xe7,0x5c,0xef,0x5c,0xe7,0x5c,0xef,0x5c,0xe7,0x5c,0xe7,0x5c,0xe7,0x5c,0xef,0x5c,0xe7,0x5c,0xe7,0x5c,0xe7,0x5c,0xef,
    0x5c,0xe7,0x5c,0xe7,0x5c,0xe7,0x5c,0xe7,0x3c,0xe7,0x5c,0xe7,0x3c,0xe7,0x5c,0xe7,0x3c,0xe7,0x3b,0xef,0x6f,0xd5,0x0d,0xd5,
    0xec,0xcc,0xed,0xcc,0xec,0xcc,0xed,0xd4,0xec,0xcc,0xed,0xcc,0xcc,0xcc,0xed,0xcc,0xcc,0xcc,0xcc,0xcc,0xcc,0xcc,0xcc,0xcc,
    0xcc,0xcc,0xcc,0xcc,0xcc,0xcc,0xcc,0xcc,0x70,0xcd,0xda,0xde,0xef,0x7b,0xc3,0x18,0x00,0x00,0x00,0x00,0x00,0x00,0x00,0x00,
    0x00,0x00,0x00,0x00,0x00,0x00,0x00,0x00,0x00,0x00,0x00,0x00,0x00,0x00,0x00,0x00,0x00,0x00,0x00,0x00,0x00,0x00,0x00,0x00,
    0x00,0x00,0x00,0x00,0x00,0x00,0x00,0x00,0x00,0x00,0x00,0x00,0x00,0x00,0x00,0x00,0x00,0x00,0x00,0x00,0x00,0x00,0x00,0x00,
    0x00,0x00,0x00,0x00,0x00,0x00,0x00,0x00,0x00,0x00,0x00,0x00,0x00,0x00,0x00,0x00,0x00,0x00,0x00,0x00,0x00,0x00,0x00,0x00,
    0x00,0x00,0x00,0x00,0x00,0x00,0x00,0x00,0x00,0x00,0x00,0x00,0x00,0x00,0x00,0x00,0x00,0x00,0x00,0x00,0x00,0x00,0x00,0x00,
    0x00,0x00,0x00,0x00,0x00,0x00,0x00,0x00,0x00,0x00,0x82,0x10,0x0c,0x63,0xba,0xd6,0x9d,0xf7,0x9d,0xf7,0x9d,0xef,0x9d,0xf7,
    0x9d,0xef,0x9d,0xf7,0x9d,0xef,0x9d,0xf7,0x9d,0xef,0x9d,0xf7,0x7d,0xef,0x9d,0xf7,0x7d,0xef,0x9d,0xf7,0x7d,0xef,0x9d,0xf7,
    0x7d,0xef,0x9d,0xef,0x7d,0xef,0x9d,0xf7,0x7d,0xef,0x9d,0xef,0x7c,0xef,0x9d,0xef,0x7d,0xef,0x9d,0xef,0x7c,0xef,0x7d,0xef,
    0x7d,0xef,0x7d,0xef,0x7c,0xef,0x7d,0xef,0x7c,0xef,0x7d,0xef,0x7c,0xef,0x7d,0xef,0x7c,0xef,0x7d,0xef,0x7c,0xef,0x7d,0xef,
    0x7c,0xef,0x7d,0xef,0x7c,0xef,0x7d,0xef,0x7c,0xef,0x7d,0xef,0x5c,0xef,0x7d,0xef,0x5c,0xef,0x7d,0xef,0x5c,0xe7,0x7d,0xef,
    0x5c,0xef,0x7d,0xef,0x5c,0xe7,0x7d,0xef,0x5c,0xef,0x7d,0xef,0x5c,0xe7,0x7d,0xef,0x5c,0xe7,0x7c,0xef,0x5c,0xe7,0x5d,0xef,
    0x5c,0xe7,0x5c,0xef,0x5c,0xe7,0x5c,0xef,0x5c,0xe7,0x5c,0xef,0x5c,0xe7,0x5c,0xef,0x5c,0xe7,0x5c,0xef,0x5c,0xe7,0x5c,0xef,
    0x5c,0xe7,0x5c,0xef,0x5c,0xe7,0x5c,0xef,0x5c,0xe7,0x5c,0xe7,0x5c,0xe7,0x76,0xe6,0xec,0xcc,0xed,0xd4,0xcc,0xcc,0xed,0xd4,
    0xcc,0xcc,0xed,0xcc,0xcc,0xcc,0xcd,0xcc,0xcc,0xcc,0xcc,0xcc,0xcc,0xcc,0xcc,0xcc,0xac,0xcc,0xcc,0xcc,0xac,0xcc,0xcc,0xcc,
    0xac,0xcc,0xac,0xcc,0x70,0xcd,0x3c,0xe7,0x34,0xa5,0x86,0x31,0x00,0x00,0x00,0x00,0x00,0x00,0x00,0x00,0x00,0x00,0x00,0x00,
    0x00,0x00,0x00,0x00,0x00,0x00,0x00,0x00,0x00,0x00,0x00,0x00,0x00,0x00,0x00,0x00,0x00,0x00,0x00,0x00,0x00,0x00,0x00,0x00,
    0x00,0x00,0x00,0x00,0x00,0x00,0x00,0x00,0x00,0x00,0x00,0x00,0x00,0x00,0x00,0x00,0x00,0x00,0x00,0x00,0x00,0x00,0x00,0x00,
    0x00,0x00,0x00,0x00,0x00,0x00,0x00,0x00,0x00,0x00,0x00,0x00,0x00,0x00,0x00,0x00,0x00,0x00,0x00,0x00,0x00,0x00,0x00,0x00,
    0x00,0x00,0x00,0x00,0x00,0x00,0x00,0x00,0x00,0x00,0x00,0x00,0x00,0x00,0x00,0x00,0x00,0x00,0x00,0x00,0x00,0x00,0x00,0x00,
    0x00,0x00,0xa6,0x31,0x34,0xa5,0x9d,0xef,0x9d,0xef,0x9d,0xf7,0x9d,0xef,0x9d,0xf7,0x7d,0xef,0x9d,0xef,0x9d,0xef,0x9d,0xf7,
    0x7d,0xef,0x9d,0xef,0x7d,0xef,0x9d,0xf7,0x7d,0xef,0x7d,0xef,0x7d,0xef,0x9d,0xef,0x7c,0xef,0x7d,0xef,0x7d,0xef,0x9d,0xef,
    0x7c,0xef,0x7d,0xef,0x7c,0xef,0x7d,0xef,0x7c,0xef,0x7d,0xef,0x7c,0xef,0x7d,0xef,0x7c,0xef,0x7d,0xef,0x7c,0xef,0x7d,0xef,
    0x7c,0xef,0x7d,0xef,0x7c,0xef,0x7d,0xef,0x7c,0xef,0x7d,0xef,0x7c,0xef,0x7d,0xef,0x5c,0xef,0x7d,0xef,0x7c,0xef,0x7d,0xef,
    0x5c,0xe7,0x7c,0xef,0x5c,0xef,0x7d,0xef,0x5c,0xe7,0x5c,0xef,0x5c,0xe7,0x7d,0xef,0x5c,0xe7,0x5c,0xef,0x5c,0xe7,0x7c,0xef,
    0x5c,0xe7,0x5c,0xef,0x5c,0xe7,0x5c,0xef,0x5c,0xe7,0x5c,0xef,0x5c,0xe7,0x5c,0xef,0x5c,0xe7,0x5c,0xef,0x5c,0xe7,0x5c,0xef,
    0x5c,0xe7,0x5c,0xe7,0x5c,0xe7,0x5c,0xef,0x5c,0xe7,0x5c,0xe7,0x5c,0xe7,0x5c,0xef,0x3c,0xe7,0x5c,0xe7,0x5c,0xe7,0x5c,0xe7,
    0x3c,0xe7,0x5c,0xe7,0x3c,0xe7,0x5c,0xe7,0xf9,0xe6,0x2e,0xd5,0xcc,0xcc,0xcc,0xcc,0xac,0xcc,0xcc,0xcc,0xac,0xcc,0xcc,0xcc,
    0xac,0xc4,0xac,0xcc,0xac,0xc4,0xac,0xcc,0xab,0xc4,0xac,0xcc,0xab,0xc4,0xac,0xcc,0x8b,0xc4,0x8b,0xc4,0x8b,0xc4,0x8b,0xcc,
    0x50,0xcd,0x3c,0xe7,0x38,0xc6,0xab,0x5a,0x41,0x08,0x00,0x00,0x00,0x00,0x00,0x00,0x00,0x00,0x00,0x00,0x00,0x00,0x00,0x00,
    0x00,0x00,0x00,0x00,0x00,0x00,0x00,0x00,0x00,0x00,0x00,0x00,0x00,0x00,0x00,0x00,0x00,0x00,0x00,0x00,0x00,0x00,0x00,0x00,
    0x00,0x00,0x00,0x00,0x00,0x00,0x00,0x00,0x00,0x00,0x00,0x00,0x00,0x00,0x00,0x00,0x00,0x00,0x00,0x00,0x00,0x00,0x00,0x00,
    0x00,0x00,0x00,0x00,0x00,0x00,0x00,0x00,0x00,0x00,0x00,0x00,0x00,0x00,0x00,0x00,0x00,0x00,0x00,0x00,0x00,0x00,0x00,0x00,
    0x00,0x00,0x00,0x00,0x00,0x00,0x00,0x00,0x00,0x00,0x00,0x00,0x00,0x00,0x00,0x00,0x00,0x00,0x69,0x4a,0x79,0xce,0xbe,0xf7,
    0x9d,0xef,0x9d,0xf7,0x9d,0xef,0x9d,0xf7,0x9d,0xef,0x9d,0xf7,0x7d,0xef,0x9d,0xf7,0x9d,0xef,0x9d,0xf7,0x7d,0xef,0x9d,0xf7,
    0x9d,0xef,0x9d,0xf7,0x7d,0xef,0x9d,0xf7,0x9d,0xef,0x9d,0xf7,0x7d,0xef,0x9d,0xf7,0x7d,0xef,0x9d,0xef,0x7d,0xef,0x9d,0xf7,
    0x7d,0xef,0x7d,0xef,0x7d,0xef,0x9d,0xf7,0x7d,0xef,0x7d,0xef,0x7c,0xef,0x7d,0xef,0x7d,0xef,0x7d,0xef,0x7c,0xef,0x7d,0xef,
    0x7d,0xef,0x7d,0xef,0x7c,0xef,0x7d,0xef,0x7c,0xef,0x7d,0xef,0x5c,0xef,0x7d,0xef,0x7c,0xef,0x7d,0xef,0x5c,0xef,0x7d,0xef,
    0x7c,0xef,0x7d,0xef,0x5c,0xef,0x7d,0xef,0x7c,0xef,0x7d,0xef,0x5c,0xe7,0x7d,0xef,0x5c,0xef,0x7d,0xef,0x5c,0xe7,0x7d,0xef,
    0x5c,0xef,0x5d,0xef,0x5c,0xe7,0x7d,0xef,0x5c,0xe7,0x5c,0xef,0x5c,0xe7,0x5d,0xef,0x5c,0xe7,0x5c,0xef,0x5c,0xe7,0x5d,0xef,
    0x5c,0xe7,0x5c,0xef,0x5c,0xe7,0x5c,0xef,0x5c,0xe7,0x5c,0xef,0x3c,0xe7,0x5c,0xef,0x5c,0xe7,0x5c,0xef,0x3c,0xe7,0x5c,0xef,
    0x5c,0xe7,0x5c,0xef,0xf3,0xdd,0xcc,0xcc,0xac,0xcc,0xac,0xcc,0xab,0xc4,0xac,0xcc,0xac,0xcc,0xac,0xcc,0x8b,0xc4,0xac,0xcc,
    0x8b,0xc4,0xac,0xcc,0x8b,0xc4,0xac,0xcc,0x8b,0xc4,0x8b,0xc4,0x8b,0xc4,0x8b,0xcc,0x8b,0xc4,0x8b,0xc4,0x30,0xcd,0x3c,0xe7,
    0xda,0xde,0xef,0x7b,0xc3,0x18,0x00,0x00,0x00,0x00,0x00,0x00,0x00,0x00,0x00,0x00,0x00,0x00,0x00,0x00,0x00,0x00,0x00,0x00,
    0x00,0x00,0x00,0x00,0x00,0x00,0x00,0x00,0x00,0x00,0x00,0x00,0x00,0x00,0x00,0x00,0x00,0x00,0x00,0x00,0x00,0x00,0x00,0x00,
    0x00,0x00,0x00,0x00,0x00,0x00,0x00,0x00,0x00,0x00,0x00,0x00,0x00,0x00,0x00,0x00,0x00,0x00,0x00,0x00,0x00,0x00,0x00,0x00,
    0x00,0x00,0x00,0x00,0x00,0x00,0x00,0x00,0x00,0x00,0x00,0x00,0x00,0x00,0x00,0x00,0x00,0x00,0x00,0x00,0x00,0x00,0x00,0x00,
    0x00,0x00,0x00,0x00,0x00,0x00,0x00,0x00,0x00,0x00,0x49,0x4a,0x78,0xce,0x9d,0xf7,0x7d,0xef,0x9d,0xef,0x7d,0xef,0x9d,0xef,
    0x7c,0xef,0x9d,0xef,0x7d,0xef,0x9d,0xef,0x7c,0xef,0x9d,0xef,0x7c,0xef,0x7d,0xef,0x7c,0xef,0x7d,0xef,0x7c,0xef,0x7d,0xef,
    0x7c,0xef,0x7d,0xef,0x7c,0xef,0x7d,0xef,0x7c,0xef,0x7d,0xef,0x7c,0xef,0x7d,0xef,0x7c,0xef,0x7d,0xef,0x7c,0xef,0x7d,0xef,
    0x7c,0xef,0x7d,0xef,0x7c,0xef,0x7d,0xef,0x7c,0xe7,0x7c,0xef,0x5c,0xef,0x7d,0xef,0x5c,0xe7,0x7c,0xef,0x5c,0xef,0x7d,0xef,
    0x5c,0xe7,0x7c,0xef,0x5c,0xe7,0x7c,0xef,0x5c,0xe7,0x7c,0xef,0x5c,0xe7,0x5c,0xef,0x5c,0xe7,0x5c,0xef,0x5c,0xe7,0x5c,0xef,
    0x5c,0xe7,0x5c,0xef,0x5c,0xe7,0x5c,0xef,0x5c,0xe7,0x5c,0xef,0x5c,0xe7,0x5c,0xef,0x5c,0xe7,0x5c,0xe7,0x5c,0xe7,0x5c,0xef,
    0x5c,0xe7,0x5c,0xe7,0x5c,0xe7,0x5c,0xe7,0x5c,0xe7,0x5c,0xe7,0x3c,0xe7,0x5c,0xe7,0x3c,0xe7,0x5c,0xe7,0x3c,0xe7,0x5c,0xe7,
    0x3c,0xe7,0x5c,0xe7,0x3c,0xe7,0x5c,0xe7,0x3b,0xe7,0x3c,0xe7,0x3c,0xe7,0x3c,0xe7,0x3b,0xe7,0x3c,0xe7,0x3c,0xe7,0xd9,0xe6,
    0xcc,0xc4,0x8b,0xc4,0x8b,0xc4,0x8b,0xc4,0x8b,0xc4,0x8b,0xc4,0x8b,0xc4,0x8b,0xc4,0x6b,0xc4,0x8b,0xc4,0x6b,0xc4,0x6b,0xc4,
    0x6a,0xbc,0x6b,0xc4,0x6a,0xc4,0x6b,0xc4,0x4a,0xbc,0x6a,0xc4,0x4a,0xbc,0x4b,0xbc,0xee,0xc4,0xfa,0xde,0x3b,0xe7,0x14,0xa5,
    0x65,0x29,0x00,0x00,0x00,0x00,0x00,0x00,0x00,0x00,0x00,0x00,0x00,0x00,0x00,0x00,0x00,0x00,0x00,0x00,0x00,0x00,0x00,0x00,
    0x00,0x00,0x00,0x00,0x00,0x00,0x00,0x00,0x00,0x00,0x00,0x00,0x00,0x00,0x00,0x00,0x00,0x00,0x00,0x00,0x00,0x00,0x00,0x00,
    0x00,0x00,0x00,0x00,0x00,0x00,0x00,0x00,0x00,0x00,0x00,0x00,0x00,0x00,0x00,0x00,0x00,0x00,0x00,0x00,0x00,0x00,0x00,0x00,
    0x00,0x00,0x00,0x00,0x00,0x00,0x00,0x00,0x00,0x00,0x00,0x00,0x00,0x00,0x00,0x00,0x00,0x00,0x00,0x00,0x00,0x00,0x00,0x00,
    0x00,0x00,0x49,0x4a,0x99,0xce,0x9d,0xf7,0x9d,0xef,0x9d,0xf7,0x9d,0xef,0x9d,0xf7,0x9d,0xef,0x9d,0xf7,0x7d,0xef,0x9d,0xf7,
    0x7d,0xef,0x9d,0xef,0x7d,0xef,0x9d,0xf7,0x7d,0xef,0x9d,0xef,0x7d,0xef,0x9d,0xf7,0x7d,0xef,0x9d,0xef,0x7c,0xef,0x9d,0xef,
    0x7d,0xef,0x7d,0xef,0x7c,0xef,0x7d,0xef,0x7d,0xef,0x7d,0xef,0x7c,0xef,0x7d,0xef,0x7c,0xef,0x7d,0xef,0x7c,0xef,0x7d,0xef,
    0x7c,0xef,0x7d,0xef,0x7c,0xef,0x7d,0xef,0x7c,0xef,0x7d,0xef,0x7c,0xef,0x7d,0xef,0x5c,0xef,0x7d,0xef,0x5c,0xef,0x7d,0xef,
    0x5c,0xef,0x7d,0xef,0x5c,0xe7,0x7d,0xef,0x5c,0xef,0x7d,0xef,0x5c,0xe7,0x7d,0xef,0x5c,0xef,0x7c,0xef,0x5c,0xe7,0x7d,0xef,
    0x5c,0xe7,0x5c,0xef,0x5c,0xe7,0x5d,0xef,0x5c,0xe7,0x5c,0xef,0x5c,0xe7,0x5c,0xef,0x5c,0xe7,0x5c,0xef,0x5c,0xe7,0x5c,0xef,
    0x5c,0xe7,0x5c,0xef,0x5c,0xe7,0x5c,0xef,0x5c,0xe7,0x5c,0xef,0x5c,0xe7,0x5c,0xef,0x3c,0xe7,0x5c,0xe7,0x3c,0xe7,0x5c,0xef,
    0x3c,0xe7,0x5c,0xe7,0x3c,0xe7,0x5c,0xe7,0x3c,0xe7,0x5c,0xe7,0x3c,0xe7,0x5c,0xe7,0x3c,0xe7,0x91,0xd5,0x8b,0xc4,0x8b,0xc4,
    0x6b,0xc4,0x8b,0xc4,0x6b,0xc4,0x6b,0xc4,0x6b,0xc4,0x6b,0xc4,0x6a,0xbc,0x6b,0xc4,0x4a,0xbc,0x6b,0xc4,0x4a,0xbc,0x6b,0xc4,
    0x4a,0xbc,0x4a,0xbc,0x2a,0xbc,0x4a,0xbc,0x2a,0xbc,0x2a,0xbc,0x8c,0xbc,0xda,0xe6,0x3c,0xe7,0x38,0xc6,0xaa,0x52,0x41,0x08,
    0x00,0x00,0x00,0x00,0x00,0x00,0x00,0x00,0x00,0x00,0x00,0x00,0x00,0x00,0x00,0x00,0x00,0x00,0x00,0x00,0x00,0x00,0x00,0x00,
    0x00,0x00,0x00,0x00,0x00,0x00,0x00,0x00,0x00,0x00,0x00,0x00,0x00,0x00,0x00,0x00,0x00,0x00,0x00,0x00,0x00,0x00,0x00,0x00,
    0x00,0x00,0x00,0x00,0x00,0x00,0x00,0x00,0x00,0x00,0x00,0x00,0x00,0x00,0x00,0x00,0x00,0x00,0x00,0x00,0x00,0x00,0x00,0x00,
    0x00,0x00,0x00,0x00,0x00,0x00,0x00,0x00,0x00,0x00,0x00,0x00,0x00,0x00,0x00,0x00,0x00,0x00,0x24,0x21,0x17,0xbe,0x9d,0xf7,
    0x7d,0xef,0x9d,0xef,0x9d,0xef,0x9d,0xf7,0x7d,0xef,0x9d,0xef,0x7d,0xef,0x9d,0xef,0x7c,0xef,0x7d,0xef,0x7d,0xef,0x9d,0xef,
    0x7c,0xef,0x7d,0xef,0x7d,0xef,0x9d,0xef,0x7c,0xef,0x7d,0xef,0x7c,0xef,0x7d,0xef,0x7c,0xef,0x7d,0xef,0x7c,0xef,0x7d,0xef,
    0x7c,0xef,0x7d,0xef,0x7c,0xef,0x7d,0xef,0x7c,0xef,0x7d,0xef,0x7c,0xef,0x7d,0xef,0x7c,0xef,0x7d,0xef,0x7c,0xef,0x7d,0xef,
    0x5c,0xef,0x7d,0xef,0x7c,0xef,0x7d,0xef,0x5c,0xe7,0x7c,0xef,0x5c,0xef,0x7d,0xef,0x5c,0xe7,0x5c,0xef,0x5c,0xe7,0x7d,0xef,
    0x5c,0xe7,0x5c,0xef,0x5c,0xe7,0x7c,0xef,0x5c,0xe7,0x5c,0xef,0x5c,0xe7,0x5c,0xef,0x5c,0xe7,0x5c,0xef,0x5c,0xe7,0x5c,0xef,
    0x5c,0xe7,0x5c,0xef,0x5c,0xe7,0x5c,0xef,0x5c,0xe7,0x5c,0xe7,0x5c,0xe7,0x5c,0xef,0x5c,0xe7,0x5c,0xe7,0x5c,0xe7,0x5c,0xef,
    0x3c,0xe7,0x5c,0xe7,0x5c,0xe7,0x5c,0xe7,0x3c,0xe7,0x5c,0xe7,0x3c,0xe7,0x5c,0xe7,0x3c,0xe7,0x3c,0xe7,0x3c,0xe7,0x5c,0xe7,
    0x3c,0xe7,0x3c,0xe7,0x3c,0xe7,0x5c,0xe7,0x3b,0xe7,0x3c,0xe7,0xb8,0xe6,0x6b,0xc4,0x4a,0xbc,0x6b,0xc4,0x4a,0xbc,0x6b,0xc4,
    0x4a,0xbc,0x4a,0xbc,0x4a,0xbc,0x4a,0xbc,0x2a,0xbc,0x2a,0xbc,0x2a,0xb4,0x2a,0xbc,0x2a,0xb4,0x2a,0xb4,0x0a,0xb4,0x2a,0xb4,
    0x09,0xb4,0x0a,0xb4,0x09,0xb4,0x0a,0xb4,0x2b,0xb4,0x78,0xd6,0x1b,0xdf,0xdb,0xde,0xae,0x73,0xc3,0x18,0x00,0x00,0x00,0x00,
    0x00,0x00,0x00,0x00,0x00,0x00,0x00,0x00,0x00,0x00,0x00,0x00,0x00,0x00,0x00,0x00,0x00,0x00,0x00,0x00,0x00,0x00,0x00,0x00,
    0x00,0x00,0x00,0x00,0x00,0x00,0x00,0x00,0x00,0x00,0x00,0x00,0x00,0x00,0x00,0x00,0x00,0x00,0x00,0x00,0x00,0x00,0x00,0x00,
    0x00,0x00,0x00,0x00,0x00,0x00,0xc7,0x39,0xcb,0x5a,0xcf,0x7b,0x71,0x8c,0x8e,0x6b,0x69,0x4a,0x04,0x21,0x00,0x00,0x00,0x00,
    0x00,0x00,0x00,0x00,0x00,0x00,0x00,0x00,0x00,0x00,0x00,0x00,0xef,0x7b,0x9e,0xf7,0x9d,0xef,0x9d,0xf7,0x7d,0xef,0x9d,0xf7,
    0x9d,0xef,0x9d,0xf7,0x7d,0xef,0x9d,0xf7,0x9d,0xef,0x9d,0xf7,0x7d,0xef,0x9d,0xf7,0x7d,0xef,0x9d,0xf7,0x7d,0xef,0x9d,0xf7,
    0x7d,0xef,0x9d,0xef,0x7d,0xef,0x9d,0xf7,0x7d,0xef,0x7d,0xef,0x7c,0xef,0x9d,0xef,0x7d,0xef,0x7d,0xef,0x7c,0xef,0x7d,0xef,
    0x7d,0xef,0x7d,0xef,0x7c,0xef,0x7d,0xef,0x7d,0xef,0x7d,0xef,0x7c,0xef,0x7d,0xef,0x7c,0xef,0x7d,0xef,0x5c,0xef,0x7d,0xef,
    0x7c,0xef,0x7d,0xef,0x5c,0xef,0x7d,0xef,0x7c,0xef,0x7d,0xef,0x5c,0xef,0x7d,0xef,0x5c,0xef,0x7d,0xef,0x5c,0xe7,0x7d,0xef,
    0x5c,0xef,0x7d,0xef,0x5c,0xe7,0x7d,0xef,0x5c,0xef,0x5d,0xef,0xf3,0x9c,0x2c,0x63,0xae,0x73,0xd7,0xbd,0x5c,0xe7,0x5d,0xef,
    0x5c,0xe7,0x5c,0xef,0x5c,0xe7,0x5d,0xef,0x5c,0xe7,0x5c,0xef,0x5c,0xe7,0x5c,0xef,0x5c,0xe7,0x5c,0xef,0x3c,0xe7,0x5c,0xef,
    0x5c,0xe7,0x5c,0xef,0x3c,0xe7,0x5c,0xef,0x5c,0xe7,0x5c,0xe7,0x3c,0xe7,0x5c,0xef,0x3c,0xe7,0x5c,0xe7,0x3c,0xe7,0x5c,0xef,
    0x3c,0xe7,0x3c,0xe7,0x3c,0xe7,0x5c,0xef,0x2f,0xcd,0x4b,0xbc,0x2a,0xbc,0x4b,0xbc,0x2a,0xbc,0x2a,0xbc,0x2a,0xb4,0x2a,0xbc,
    0x2a,0xb4,0x2a,0xbc,0x0a,0xb4,0x2a,0xb4,0x0a,0xb4,0x0a,0xb4,0xe9,0xb3,0x0a,0xb4,0xe9,0xb3,0xea,0xb3,0xe9,0xab,0xea,0xb3,
    0xe9,0xab,0xea,0xab,0xea,0xab,0x37,0xd6,0x3b,0xe7,0x3c,0xe7,0xf3,0x9c,0x86,0x31,0x00,0x00,0x00,0x00,0x00,0x00,0x00,0x00,
    0x00,0x00,0x00,0x00,0x00,0x00,0x00,0x00,0x00,0x00,0x00,0x00,0x00,0x00,0x00,0x00,0x00,0x00,0x00,0x00,0x00,0x00,0x00,0x00,
    0x00,0x00,0x00,0x00,0x00,0x00,0x00,0x00,0x00,0x00,0x00,0x00,0x00,0x00,0x00,0x00,0x00,0x00,0x00,0x00,0x41,0x08,0x71,0x8c,
    0x99,0xce,0x9a,0xd6,0x79,0xce,0x79,0xce,0x38,0xc6,0x18,0xc6,0xd7,0xb5,0xcb,0x5a,0x00,0x00,0x00,0x00,0x00,0x00,0x00,0x00,
    0x00,0x00,0x00,0x00,0x86,0x31,0xfb,0xde,0x7c,0xef,0x9d,0xef,0x7d,0xef,0x9d,0xef,0x7c,0xef,0x7d,0xef,0x7c,0xef,0x7d,0xef,
    0x7c,0xef,0x7d,0xef,0x7c,0xef,0x7d,0xef,0x7c,0xef,0x7d,0xef,0x7c,0xef,0x7d,0xef,0x7c,0xef,0x7d,0xef,0x7c,0xef,0x7d,0xef,
    0x7c,0xef,0x7d,0xef,0x7c,0xef,0x7d,0xef,0x7c,0xef,0x7d,0xef,0x7c,0xef,0x7d,0xef,0x7c,0xe7,0x7c,0xef,0x5c,0xef,0x7d,0xef,
    0x5c,0xe7,0x7c,0xef,0x5c,0xe7,0x7d,0xef,0x5c,0xe7,0x7c,0xef,0x5c,0xe7,0x7c,0xef,0x5c,0xe7,0x5c,0xef,0x5c,0xe7,0x5c,0xef,
    0x5c,0xe7,0x5c,0xef,0x5c,0xe7,0x5c,0xef,0x1b,0xdf,0xf7,0xbd,0xda,0xd6,0x5c,0xef,0x5c,0xe7,0x5c,0xe7,0x5c,0xe7,0x5c,0xef,
    0x5c,0xe7,0x5c,0xe7,0x75,0xad,0x8a,0x52,0x4d,0x6b,0x66,0x29,0xa7,0x31,0xfb,0xde,0x5c,0xe7,0x5c,0xe7,0x3c,0xe7,0x5c,0xe7,
    0x3c,0xe7,0x5c,0xe7,0x3c,0xe7,0x5c,0xe7,0x3b,0xe7,0x5c,0xe7,0x3c,0xe7,0x5c,0xe7,0x3b,0xe7,0x3c,0xe7,0x3c,0xe7,0x3c,0xe7,
    0x3b,0xe7,0x3c,0xe7,0x3b,0xe7,0x3c,0xe7,0x3b,0xe7,0x3c,0xe7,0x3b,0xe7,0x3c,0xe7,0x3b,0xe7,0x3c,0xe7,0x3b,0xe7,0x3c,0xe7,
    0x3b,0xe7,0x77,0xde,0x0a,0xb4,0x2a,0xb4,0x09,0xb4,0x0a,0xb4,0x09,0xb4,0x0a,0xb4,0xe9,0xab,0xea,0xb3,0xe9,0xab,0xea,0xb3,
    0xe9,0xab,0xe9,0xab,0xe9,0xab,0xe9,0xab,0xc9,0xab,0xc9,0xab,0xc9,0xab,0xc9,0xab,0xa9,0xa3,0xc9,0xab,0xa9,0xa3,0xc9,0xa3,
    0xa9,0xa3,0xd4,0xcd,0x1b,0xdf,0x3c,0xe7,0x17,0xbe,0x8a,0x52,0x21,0x08,0x00,0x00,0x00,0x00,0x00,0x00,0x00,0x00,0x00,0x00,
    0x00,0x00,0x00,0x00,0x00,0x00,0x00,0x00,0x00,0x00,0x00,0x00,0x00,0x00,0x00,0x00,0x00,0x00,0x00,0x00,0x00,0x00,0x00,0x00,
    0x00,0x00,0x00,0x00,0x00,0x00,0x00,0x00,0x00,0x00,0x00,0x00,0x24,0x21,0x96,0xb5,0xba,0xce,0xda,0xd6,0xda,0xd6,0xda,0xd6,
    0x99,0xce,0x59,0xc6,0x38,0xbe,0x17,0xbe,0xb6,0xb5,0x10,0x7c,0x61,0x08,0x00,0x00,0x00,0x00,0x00,0x00,0x00,0x00,0xf3,0xa4,
    0x7d,0xef,0x9d,0xf7,0x7d,0xef,0x9d,0xf7,0x7d,0xef,0x9d,0xef,0x7d,0xef,0x9d,0xf7,0x7d,0xef,0x9d,0xef,0x7c,0xef,0x9d,0xf7,
    0x7d,0xef,0x9d,0xef,0x7c,0xef,0x7d,0xef,0x7d,0xef,0x7d,0xef,0x7c,0xef,0x7d,0xef,0x7d,0xef,0x7d,0xef,0x7c,0xef,0x7d,0xef,
    0x7c,0xef,0x7d,0xef,0x7c,0xef,0x7d,0xef,0x7c,0xef,0x7d,0xef,0x7c,0xef,0x7d,0xef,0x7c,0xef,0x7d,0xef,0x5c,0xef,0x7d,0xef,
    0x5c,0xef,0x7d,0xef,0x5c,0xef,0x7d,0xef,0x5c,0xef,0x7d,0xef,0x5c,0xe7,0x7d,0xef,0x5c,0xef,0x7d,0xef,0x5c,0xe7,0x7d,0xef,
    0x78,0xce,0x29,0x42,0xa7,0x31,0x86,0x31,0x10,0x84,0x5c,0xef,0x5c,0xe7,0x5d,0xef,0x5c,0xe7,0x5c,0xef,0x5c,0xe7,0x10,0x84,
    0xec,0x5a,0x71,0x8c,0x65,0x29,0x86,0x31,0x51,0x8c,0x5c,0xef,0x5c,0xe7,0x5c,0xef,0x5c,0xe7,0x5c,0xef,0x3c,0xe7,0x5c,0xef,
    0x3c,0xe7,0x5c,0xe7,0x3c,0xe7,0x5c,0xef,0x3c,0xe7,0x5c,0xe7,0x3c,0xe7,0x5c,0xe7,0x3c,0xe7,0x5c,0xe7,0x3c,0xe7,0x5c,0xe7,
    0x3c,0xe7,0x5c,0xe7,0x3c,0xe7,0x3c,0xe7,0x3c,0xe7,0x3c,0xe7,0x3b,0xe7,0x3c,0xe7,0x3c,0xe7,0x3c,0xe7,0x3b,0xe7,0x0f,0xc5,
    0xe9,0xb3,0xea,0xb3,0xe9,0xab,0xea,0xb3,0xe9,0xab,0xea,0xab,0xc9,0xab,0xea,0xab,0xc9,0xab,0xc9,0xab,0xc9,0xa3,0xc9,0xab,
    0xc9,0xa3,0xc9,0xab,0xa9,0xa3,0xa9,0xab,0xa9,0xa3,0xa9,0xa3,0x88,0xa3,0xa9,0xa3,0x88,0xa3,0x89,0xa3,0x88,0x9b,0x11,0xbd,
    0xfb,0xde,0x3c,0xe7,0xba,0xd6,0xcf,0x7b,0xa3,0x18,0x00,0x00,0x00,0x00,0x00,0x00,0x00,0x00,0x00,0x00,0x00,0x00,0x00,0x00,
    0x00,0x00,0x00,0x00,0x00,0x00,0x00,0x00,0x00,0x00,0x00,0x00,0x00,0x00,0x00,0x00,0x00,0x00,0x00,0x00,0x00,0x00,0x00,0x00,
    0x00,0x00,0x00,0x00,0x41,0x08,0xb6,0xb5,0xba,0xd6,0xfb,0xde,0x3c,0xe7,0x7d,0xef,0x3c,0xe7,0xda,0xd6,0x79,0xce,0x59,0xc6,
    0x18,0xbe,0xf7,0xbd,0xb6,0xad,0xaf,0x73,0x00,0x00,0x00,0x00,0x00,0x00,0xc3,0x18,0x1b,0xdf,0x9d,0xef,0x7d,0xef,0x9d,0xef,
    0x7c,0xef,0x7d,0xef,0x7d,0xef,0x9d,0xef,0x7c,0xef,0x7d,0xef,0x7d,0xef,0x9d,0xef,0x7c,0xef,0x7d,0xef,0x7c,0xef,0x7d,0xef,
    0x7c,0xef,0x7d,0xef,0x7c,0xef,0x7d,0xef,0x7c,0xef,0x7d,0xef,0x7c,0xef,0x7d,0xef,0x7c,0xef,0x7d,0xef,0x7c,0xef,0x7d,0xef,
    0x5c,0xef,0x7d,0xef,0x7c,0xef,0x7d,0xef,0x5c,0xe7,0x7c,0xef,0x7c,0xef,0x7d,0xef,0x5c,0xe7,0x5c,0xef,0x3b,0xe7,0x10,0x84,
    0xeb,0x5a,0x30,0x84,0x99,0xce,0x7d,0xef,0x5c,0xe7,0x5c,0xef,0x5c,0xe7,0x5c,0xef,0x5c,0xe7,0x8e,0x6b,0xcf,0x7b,0x30,0x84,
    0x65,0x29,0x86,0x31,0xfa,0xde,0x5c,0xef,0x5c,0xe7,0x5c,0xe7,0x5c,0xe7,0x5c,0xef,0x34,0xa5,0x66,0x29,0x65,0x29,0x66,0x29,
    0x65,0x29,0xb6,0xb5,0x5c,0xe7,0x5c,0xe7,0x3c,0xe7,0x5c,0xe7,0x3c,0xe7,0x5c,0xe7,0x3c,0xe7,0x3c,0xe7,0x3c,0xe7,0x5c,0xe7,
    0x3c,0xe7,0x3c,0xe7,0x3c,0xe7,0x5c,0xe7,0x3b,0xe7,0x3c,0xe7,0x3c,0xe7,0x3c,0xe7,0x3b,0xe7,0x3c,0xe7,0x3c,0xe7,0x3c,0xe7,
    0x3b,0xe7,0x3c,0xe7,0x3b,0xe7,0x3c,0xe7,0x3b,0xe7,0x3c,0xe7,0x3b,0xe7,0x3c,0xe7,0x98,0xde,0x0a,0xac,0xc9,0xab,0xc9,0xab,
    0xa9,0xa3,0xc9,0xab,0xa9,0xa3,0xa9,0xab,0xa8,0xa3,0xa9,0xa3,0xa8,0xa3,0xa9,0xa3,0x88,0xa3,0xa8,0xa3,0x88,0x9b,0x89,0xa3,
    0x88,0x9b,0x88,0x9b,0x68,0x9b,0x88,0x9b,0x68,0x9b,0x68,0x9b,0x68,0x9b,0x68,0x9b,0x67,0x93,0x0c,0xa4,0xb9,0xd6,0x1b,0xe7,
    0x1b,0xdf,0xf3,0x9c,0x45,0x29,0x00,0x00,0x00,0x00,0x00,0x00,0x00,0x00,0x00,0x00,0x00,0x00,0x00,0x00,0x00,0x00,0x00,0x00,
    0x00,0x00,0x00,0x00,0x00,0x00,0x00,0x00,0x00,0x00,0x00,0x00,0x00,0x00,0x00,0x00,0x00,0x00,0x00,0x00,0x00,0x00,0xcf,0x7b,
    0x99,0xce,0xda,0xd6,0x5c,0xef,0xbe,0xf7,0xbd,0xf7,0x9e,0xf7,0xda,0xd6,0xba,0xd6,0x58,0xc6,0x38,0xbe,0xf7,0xb5,0xb6,0xb5,
    0x75,0xa5,0x86,0x31,0x00,0x00,0x00,0x00,0x8a,0x52,0x9d,0xf7,0x7d,0xef,0x9d,0xf7,0x9d,0xef,0x9d,0xf7,0x7d,0xef,0x9d,0xf7,
    0x7d,0xef,0x9d,0xf7,0x7d,0xef,0x9d,0xf7,0x7d,0xef,0x7d,0xef,0x7d,0xef,0x9d,0xf7,0x7d,0xef,0x7d,0xef,0x7c,0xef,0x9d,0xef,
    0x7d,0xef,0x7d,0xef,0x7c,0xef,0x7d,0xef,0x7d,0xef,0x7d,0xef,0x7c,0xef,0x7d,0xef,0x7c,0xef,0x7d,0xef,0x7c,0xef,0x7d,0xef,
    0x7c,0xef,0x7d,0xef,0x5c,0xef,0x7d,0xef,0x7c,0xef,0x7d,0xef,0x5c,0xef,0xcf,0x7b,0x4d,0x63,0xab,0x52,0x66,0x29,0x6e,0x6b,
    0x5c,0xef,0x7d,0xef,0x5c,0xe7,0x7d,0xef,0x5c,0xef,0x5d,0xef,0x6d,0x6b,0x49,0x4a,0x6a,0x4a,0x66,0x31,0x66,0x29,0xf7,0xc5,
    0x5c,0xe7,0x5c,0xef,0x5c,0xe7,0x5d,0xef,0x5c,0xe7,0x1b,0xe7,0x49,0x42,0x86,0x31,0x66,0x29,0xcf,0x7b,0x3b,0xe7,0x5c,0xef,
    0x5c,0xe7,0x5c,0xef,0x3c,0xe7,0x5c,0xef,0x5c,0xe7,0x5c,0xef,0x3c,0xe7,0x5c,0xef,0x5c,0xe7,0x5c,0xe7,0x3c,0xe7,0x5c,0xef,
    0x3c,0xe7,0x5c,0xe7,0x3c,0xe7,0x5c,0xe7,0x3c,0xe7,0x3c,0xe7,0x3c,0xe7,0x5c,0xe7,0x3c,0xe7,0x3c,0xe7,0x3c,0xe7,0x3c,0xe7,
    0x3c,0xe7,0x3c,0xe7,0x3b,0xe7,0x3c,0xe7,0x3c,0xe7,0x5c,0xef,0x72,0xc5,0xa9,0xab,0xa9,0xa3,0xa9,0xa3,0xa8,0xa3,0xa9,0xa3,
    0x88,0xa3,0xa9,0xa3,0x88,0x9b,0x89,0xa3,0x88,0x9b,0x88,0xa3,0x68,0x9b,0x88,0x9b,0x68,0x9b,0x68,0x9b,0x68,0x9b,0x68,0x9b,
    0x48,0x9b,0x68,0x9b,0x48,0x93,0x48,0x9b,0x48,0x93,0x48,0x93,0x27,0x93,0x89,0x9b,0x16,0xce,0x1c,0xe7,0x1b,0xdf,0xf7,0xbd,
    0xc7,0x39,0x00,0x00,0x00,0x00,0x00,0x00,0x00,0x00,0x00,0x00,0x00,0x00,0x00,0x00,0x00,0x00,0x00,0x00,0x00,0x00,0x00,0x00,
    0x00,0x00,0x00,0x00,0x00,0x00,0x00,0x00,0x00,0x00,0x00,0x00,0x00,0x00,0x41,0x08,0x18,0xbe,0x9a,0xd6,0x1b,0xdf,0xbe,0xf7,
    0xbe,0xf7,0xde,0xf7,0x9d,0xef,0xfb,0xde,0xba,0xce,0x59,0xce,0x38,0xbe,0xf8,0xbd,0xb6,0xb5,0x96,0xad,0xcf,0x73,0x00,0x00,
    0x00,0x00,0xb2,0x94,0x7c,0xef,0x7d,0xef,0x7c,0xef,0x7d,0xef,0x7c,0xef,0x7d,0xef,0x7c,0xef,0x7d,0xef,0x7c,0xef,0x7d,0xef,
    0x7c,0xef,0x7d,0xef,0x7c,0xef,0x7d,0xef,0x7c,0xef,0x7d,0xef,0x7c,0xef,0x7d,0xef,0x7c,0xef,0x7c,0xef,0x7c,0xef,0x7d,0xef,
    0x5c,0xe7,0x7c,0xef,0x5c,0xef,0x7d,0xef,0x5c,0xe7,0x18,0xc6,0x8a,0x4a,0x86,0x31,0xeb,0x5a,0x58,0xc6,0x5c,0xe7,0x5c,0xef,
    0x5c,0xe7,0x5c,0xef,0x5c,0xe7,0x5c,0xef,0x08,0x42,0xef,0x7b,0x6d,0x6b,0x66,0x29,0x86,0x29,0x99,0xd6,0x5c,0xe7,0x5c,0xef,
    0x5c,0xe7,0x5c,0xe7,0x5c,0xe7,0x95,0xad,0x65,0x29,0x66,0x29,0x65,0x29,0x86,0x31,0xda,0xd6,0x5c,0xe7,0x5c,0xe7,0x5c,0xe7,
    0x3c,0xe7,0x5c,0xe7,0x3c,0xe7,0x5c,0xe7,0x37,0xc6,0x79,0xce,0x3c,0xe7,0x5c,0xe7,0x3b,0xe7,0x5c,0xe7,0x3c,0xe7,0x3c,0xe7,
    0x3b,0xe7,0x3c,0xe7,0x3c,0xe7,0x3c,0xe7,0x3b,0xe7,0x3c,0xe7,0x3b,0xe7,0x3c,0xe7,0x3b,0xe7,0x3c,0xe7,0x3b,0xe7,0x3c,0xe7,
    0x3b,0xe7,0x3c,0xe7,0x3b,0xe7,0x3c,0xe7,0x3b,0xdf,0x3c,0xe7,0x3b,0xe7,0x3c,0xe7,0x3b,0xdf,0x3c,0xe7,0x3b,0xdf,0x3c,0xe7,
    0x1b,0xdf,0x3c,0xe7,0x1b,0xdf,0xb8,0xde,0x2b,0xac,0x88,0x9b,0x68,0x9b,0x88,0x9b,0x68,0x9b,0x68,0x9b,0x68,0x9b,0x68,0x9b,
    0x47,0x93,0x48,0x9b,0x47,0x93,0x48,0x9b,0x47,0x93,0x48,0x93,0x47,0x93,0x48,0x93,0x27,0x93,0x27,0x93,0x27,0x93,0x27,0x93,
    0x07,0x8b,0x07,0x8b,0x07,0x8b,0x07,0x8b,0x07,0x8b,0x07,0x8b,0xf1,0xb4,0x1b,0xdf,0x1b,0xdf,0x38,0xc6,0x49,0x4a,0x00,0x00,
    0x00,0x00,0x00,0x00,0x00,0x00,0x00,0x00,0x00,0x00,0x00,0x00,0x00,0x00,0x00,0x00,0x00,0x00,0x00,0x00,0x00,0x00,0x00,0x00,
    0x00,0x00,0x00,0x00,0x00,0x00,0x00,0x00,0x85,0x29,0x38,0xc6,0x79,0xce,0x1c,0xe7,0x7d,0xef,0x9d,0xf7,0x7d,0xef,0x1b,0xe7,
    0xda,0xd6,0x99,0xce,0x58,0xc6,0x18,0xbe,0xd7,0xb5,0xb6,0xb5,0x75,0xa5,0xd3,0x94,0x20,0x00,0xa3,0x18,0xf7,0xbd,0x9d,0xf7,
    0x7d,0xef,0x9d,0xef,0x7c,0xef,0x9d,0xef,0x7d,0xef,0x7d,0xef,0x7c,0xef,0x7d,0xef,0x7d,0xef,0x7d,0xef,0x7c,0xef,0x7d,0xef,
    0x7c,0xef,0x7d,0xef,0x7c,0xef,0x3c,0xe7,0x13,0x9d,0x92,0x94,0x38,0xc6,0x7d,0xef,0x7c,0xef,0x7d,0xef,0x7c,0xef,0x7d,0xef,
    0x7c,0xef,0x7d,0xef,0x49,0x4a,0x72,0x94,0x2c,0x63,0x66,0x31,0x0c,0x63,0x7d,0xef,0x5c,0xef,0x7d,0xef,0x5c,0xe7,0x7d,0xef,
    0x5c,0xef,0xec,0x5a,0x65,0x29,0x86,0x31,0x66,0x29,0x66,0x31,0xfb,0xde,0x5d,0xef,0x5c,0xe7,0x5c,0xef,0x5c,0xe7,0x5c,0xef,
    0x3c,0xe7,0xd3,0x9c,0x0c,0x63,0x6d,0x6b,0xb6,0xb5,0x5c,0xef,0x5c,0xe7,0x5c,0xef,0x5c,0xe7,0x5c,0xef,0x5c,0xe7,0x5c,0xef,
    0x5c,0xe7,0x5c,0xe7,0x3c,0xe7,0x5c,0xef,0x3c,0xe7,0x5c,0xe7,0x3c,0xe7,0x5c,0xef,0x3c,0xe7,0x5c,0xe7,0x3c,0xe7,0x5c,0xe7,
    0x3c,0xe7,0x5c,0xe7,0x3c,0xe7,0x5c,0xe7,0x3c,0xe7,0x3c,0xe7,0x3b,0xe7,0x3c,0xe7,0x3c,0xe7,0x3c,0xe7,0x3b,0xe7,0x3c,0xe7,
    0x3c,0xe7,0x3c,0xe7,0x3b,0xe7,0x3c,0xe7,0x3c,0xe7,0x3c,0xe7,0x3b,0xe7,0x3c,0xe7,0x3c,0xe7,0x3c,0xe7,0x3b,0xe7,0x3c,0xe7,
    0x3c,0xe7,0x16,0xd6,0x48,0x9b,0x68,0x9b,0x48,0x93,0x48,0x9b,0x47,0x93,0x48,0x9b,0x48,0x93,0x48,0x93,0x27,0x93,0x48,0x93,
    0x27,0x93,0x28,0x93,0x27,0x8b,0x28,0x93,0x07,0x8b,0x27,0x93,0x07,0x8b,0x07,0x93,0x07,0x8b,0x07,0x8b,0xe7,0x8a,0x07,0x8b,
    0xe7,0x8a,0x07,0x8b,0xe6,0x82,0xe7,0x8a,0xec,0x9b,0xba,0xde,0x1b,0xdf,0x99,0xce,0xaa,0x52,0x41,0x08,0x00,0x00,0x00,0x00,
    0x00,0x00,0x00,0x00,0x00,0x00,0x00,0x00,0x00,0x00,0x00,0x00,0x00,0x00,0x00,0x00,0x00,0x00,0x00,0x00,0x00,0x00,0x00,0x00,
    0x00,0x00,0x0c,0x63,0x38,0xbe,0x79,0xce,0x99,0xce,0x1c,0xe7,0x1b,0xdf,0xfb,0xde,0xda,0xd6,0xba,0xd6,0x79,0xc6,0x59,0xc6,
    0x17,0xbe,0xd7,0xbd,0x96,0xad,0x76,0xad,0xf3,0x94,0x25,0x21,0x24,0x21,0xda,0xd6,0x7c,0xef,0x7d,0xef,0x7c,0xef,0x7d,0xef,
    0x7c,0xef,0x7d,0xef,0x7c,0xef,0x7d,0xef,0x7c,0xef,0x7d,0xef,0x7c,0xef,0x7d,0xef,0x7c,0xef,0x7d,0xef,0x7c,0xef,0x7d,0xef,
    0x0c,0x5b,0xeb,0x5a,0xa6,0x31,0x66,0x29,0x54,0xad,0x7d,0xef,0x7c,0xef,0x7d,0xef,0x5c,0xe7,0x7c,0xef,0x5c,0xef,0x86,0x31,
    0xeb,0x5a,0x49,0x4a,0x65,0x29,0xa7,0x31,0x5c,0xe7,0x5c,0xef,0x5c,0xe7,0x7c,0xef,0x5c,0xe7,0x5c,0xef,0x34,0xa5,0x66,0x29,
    0x65,0x29,0x66,0x29,0xae,0x73,0x5c,0xef,0x5c,0xe7,0x5c,0xef,0x5c,0xe7,0x5c,0xef,0x5c,0xe7,0x5c,0xe7,0x5c,0xe7,0x5c,0xef,
    0x5c,0xe7,0x5c,0xe7,0x5c,0xe7,0x5c,0xef,0x3c,0xe7,0x5c,0xe7,0x5c,0xe7,0x5c,0xe7,0x3c,0xe7,0x5c,0xe7,0x3c,0xe7,0x5c,0xe7,
    0x3c,0xe7,0x3c,0xe7,0x3c,0xe7,0x5c,0xe7,0x3c,0xe7,0x3c,0xe7,0x3c,0xe7,0x5c,0xe7,0x3b,0xe7,0x3c,0xe7,0x3c,0xe7,0x3c,0xe7,
    0x3b,0xe7,0x3c,0xe7,0x3b,0xe7,0x3c,0xe7,0x3b,0xe7,0x3c,0xe7,0x3b,0xe7,0x3c,0xe7,0x3b,0xe7,0x3c,0xe7,0x3b,0xe7,0x3c,0xe7,
    0x3b,0xdf,0x3c,0xe7,0x3b,0xe7,0x3c,0xe7,0x1b,0xdf,0x3c,0xe7,0x3b,0xe7,0x3c,0xe7,0x1b,0xdf,0x3c,0xe7,0x1b,0xe7,0xcf,0xb4,
    0x27,0x93,0x28,0x93,0x27,0x8b,0x28,0x93,0x27,0x8b,0x27,0x8b,0x07,0x8b,0x07,0x8b,0x07,0x8b,0x07,0x8b,0x07,0x8b,0x07,0x8b,
    0xe7,0x82,0xe7,0x8a,0xe7,0x82,0xe7,0x8a,0xe6,0x82,0xe7,0x82,0xc6,0x82,0xe7,0x82,0xc6,0x82,0xc6,0x82,0xc6,0x82,0xc6,0x82,
    0xa6,0x7a,0xc6,0x82,0x08,0x83,0xd5,0xc5,0xfb,0xde,0x59,0xce,0x49,0x4a,0x00,0x00,0x00,0x00,0x00,0x00,0x00,0x00,0x00,0x00,
    0x00,0x00,0x00,0x00,0x00,0x00,0x00,0x00,0x00,0x00,0x00,0x00,0x00,0x00,0x00,0x00,0x00,0x00,0x00,0x00,0x71,0x8c,0x18,0xbe,
    0x38,0xc6,0x79,0xce,0x99,0xce,0xba,0xd6,0x99,0xce,0x9a,0xce,0x79,0xce,0x59,0xc6,0x17,0xbe,0xf7,0xbd,0xb6,0xb5,0x96,0xad,
    0x34,0x9d,0xb3,0x94,0x28,0x42,0x66,0x31,0x3c,0xe7,0x9d,0xef,0x7d,0xef,0x9d,0xf7,0x7d,0xef,0x7d,0xef,0x7d,0xef,0x9d,0xef,
    0x7d,0xef,0x7d,0xef,0x7c,0xef,0x7d,0xef,0x7d,0xef,0x7d,0xef,0x7c,0xef,0x7d,0xef,0xba,0xd6,0x08,0x42,0xb2,0x94,0xcc,0x5a,
    0x66,0x29,0xec,0x62,0x5c,0xef,0x7d,0xef,0x7c,0xef,0x7d,0xef,0x5c,0xef,0x7d,0xef,0x4d,0x63,0x66,0x31,0x66,0x29,0x86,0x31,
    0xab,0x52,0x7d,0xef,0x5c,0xe7,0x7d,0xef,0x5c,0xef,0x7d,0xef,0x5c,0xe7,0x7d,0xef,0xba,0xd6,0xf7,0xbd,0x79,0xce,0x7d,0xef,
    0x5c,0xe7,0x5c,0xef,0x5c,0xe7,0x5d,0xef,0x5c,0xe7,0x5c,0xef,0x5c,0xe7,0x5d,0xef,0x5c,0xe7,0x5c,0xef,0x5c,0xe7,0x5c,0xef,
    0x5c,0xe7,0x5c,0xef,0x3c,0xe7,0x5c,0xef,0x5c,0xe7,0x5c,0xef,0x3c,0xe7,0x5c,0xef,0x5c,0xe7,0x5c,0xef,0x3c,0xe7,0x5c,0xef,
    0x3c,0xe7,0x5c,0xe7,0x3c,0xe7,0x5c,0xef,0x3c,0xe7,0x5c,0xe7,0x3c,0xe7,0x5c,0xe7,0x3c,0xe7,0x3c,0xe7,0x3c,0xe7,0x5c,0xe7,
    0x3c,0xe7,0x3c,0xe7,0x3c,0xe7,0x3c,0xe7,0x3c,0xe7,0x3c,0xe7,0x3b,0xe7,0x3c,0xe7,0x3c,0xe7,0x3c,0xe7,0x3b,0xe7,0x3c,0xe7,
    0x3c,0xe7,0x3c,0xe7,0x1b,0xe7,0x3c,0xe7,0x3b,0xe7,0x3c,0xe7,0x1b,0xe7,0x3c,0xe7,0xb9,0xde,0x8a,0x9b,0x07,0x8b,0x07,0x8b,
    0x07,0x8b,0x07,0x8b,0xe7,0x8a,0x07,0x8b,0xe7,0x8a,0xe7,0x8a,0xe7,0x82,0xe7,0x8a,0xe7,0x82,0xe7,0x8a,0xc6,0x82,0xe7,0x82,
    0xc6,0x82,0xc7,0x82,0xc6,0x82,0xc7,0x82,0xa6,0x82,0xc6,0x82,0xa6,0x7a,0xa6,0x82,0xa6,0x7a,0xa6,0x7a,0x86,0x7a,0xa6,0x7a,
    0x86,0x7a,0x4e,0xa4,0xda,0xd6,0xb6,0xb5,0x65,0x29,0x00,0x00,0x00,0x00,0x00,0x00,0x00,0x00,0x00,0x00,0x00,0x00,0x00,0x00,
    0x00,0x00,0x00,0x00,0x00,0x00,0x00,0x00,0x00,0x00,0x00,0x00,0x00,0x00,0x2d,0x63,0xf7,0xbd,0x38,0xc6,0x38,0xc6,0x59,0xce,
    0x59,0xc6,0x79,0xce,0x58,0xc6,0x59,0xc6,0x18,0xbe,0x18,0xbe,0xd7,0xb5,0xb7,0xb5,0x75,0xad,0x14,0x9d,0x92,0x8c,0x25,0x29,
    0x65,0x29,0x9d,0xef,0x7c,0xef,0x7d,0xef,0x7c,0xef,0x7d,0xef,0x7c,0xef,0x7d,0xef,0x7c,0xef,0x7d,0xef,0x7c,0xef,0x7d,0xef,
    0x7c,0xe7,0x7c,0xef,0x5c,0xef,0x7d,0xef,0x5c,0xe7,0x1b,0xe7,0x86,0x29,0x08,0x42,0x65,0x29,0x66,0x29,0xcb,0x52,0x7c,0xef,
    0x5c,0xe7,0x5c,0xef,0x5c,0xe7,0x5c,0xef,0x5c,0xe7,0x38,0xc6,0xcb,0x52,0x66,0x29,0x2c,0x63,0x99,0xd6,0x5c,0xe7,0x5c,0xef,
    0x5c,0xe7,0x5c,0xe7,0x5c,0xe7,0x5c,0xef,0x5c,0xe7,0x5c,0xe7,0x5c,0xe7,0x5c,0xef,0x5c,0xe7,0x5c,0xe7,0x5c,0xe7,0x5c,0xe7,
    0x5c,0xe7,0x5c,0xe7,0x3c,0xe7,0x5c,0xe7,0x3c,0xe7,0x5c,0xe7,0x3c,0xe7,0x5c,0xe7,0x3c,0xe7,0x5c,0xe7,0x3c,0xe7,0x5c,0xe7,
    0x3b,0xe7,0x3c,0xe7,0x3c,0xe7,0x3c,0xe7,0x3b,0xe7,0x3c,0xe7,0x3c,0xe7,0x3c,0xe7,0x3b,0xe7,0x3c,0xe7,0x3b,0xe7,0x3c,0xe7,
    0x3b,0xe7,0x3c,0xe7,0x3b,0xe7,0x3c,0xe7,0x3b,0xe7,0x3c,0xe7,0x3b,0xe7,0x3c,0xe7,0x3b,0xdf,0x3c,0xe7,0x3b,0xe7,0x3c,0xe7,
    0x3b,0xdf,0x3c,0xe7,0x1b,0xdf,0x3c,0xe7,0x1b,0xdf,0x3c,0xe7,0x1b,0xdf,0x3c,0xe7,0x1b,0xdf,0x3c,0xe7,0x1b,0xdf,0x3c,0xe7,
    0x1b,0xdf,0x1c,0xe7,0x1b,0xdf,0x1c,0xe7,0x1b,0xdf,0x3c,0xe7,0x16,0xce,0xe7,0x8a,0xe6,0x82,0xe7,0x82,0xc6,0x82,0xe7,0x82,
    0xc6,0x82,0xc6,0x82,0xc6,0x82,0xc6,0x82,0xa6,0x7a,0xc6,0x82,0xa6,0x7a,0xa6,0x7a,0xa6,0x7a,0xa6,0x7a,0x86,0x7a,0xa6,0x7a,
    0x85,0x72,0x86,0x7a,0x85,0x72,0x86,0x7a,0x85,0x72,0x86,0x72,0x65,0x72,0x66,0x72,0x65,0x72,0x65,0x72,0x65,0x72,0xe8,0x7a,
    0xb5,0xbd,0xd3,0x9c,0xa2,0x10,0x00,0x00,0x00,0x00,0x00,0x00,0x00,0x00,0x00,0x00,0x00,0x00,0x00,0x00,0x00,0x00,0x00,0x00,
    0x00,0x00,0x00,0x00,0x00,0x00,0x00,0x00,0xe7,0x39,0xd7,0xb5,0xf7,0xb5,0x18,0xbe,0x17,0xbe,0x38,0xbe,0x18,0xbe,0x38,0xbe,
    0xf7,0xbd,0xf7,0xbd,0xd6,0xb5,0xb6,0xb5,0x75,0xa5,0x34,0xa5,0xb2,0x94,0x51,0x84,0x41,0x08,0x29,0x4a,0x7d,0xef,0x7d,0xef,
    0x7d,0xef,0x7d,0xef,0x7c,0xef,0x7d,0xef,0x7c,0xef,0x7d,0xef,0x7c,0xef,0x7d,0xef,0x7c,0xef,0x7d,0xef,0x7c,0xef,0x7d,0xef,
    0x7c,0xef,0x7d,0xef,0x7c,0xef,0xaf,0x73,0x66,0x29,0x66,0x31,0x86,0x29,0x75,0xad,0x5c,0xef,0x7d,0xef,0x5c,0xe7,0x7d,0xef,
    0x5c,0xef,0x7d,0xef,0x5c,0xe7,0x7d,0xef,0x5c,0xe7,0x7c,0xef,0x5c,0xe7,0x5d,0xef,0x5c,0xe7,0x5c,0xef,0x5c,0xe7,0x5d,0xef,
    0x5c,0xe7,0x5c,0xef,0x5c,0xe7,0x5c,0xef,0x5c,0xe7,0x5c,0xef,0x5c,0xe7,0x5c,0xef,0x5c,0xe7,0x5c,0xef,0x5c,0xe7,0x5c,0xef,
    0x5c,0xe7,0x5c,0xef,0x5c,0xe7,0x5c,0xef,0x3c,0xe7,0x5c,0xe7,0x3c,0xe7,0x5c,0xef,0x3c,0xe7,0x5c,0xe7,0x3c,0xe7,0x5c,0xe7,
    0x3c,0xe7,0x5c,0xe7,0x3c,0xe7,0x5c,0xe7,0x3c,0xe7,0x5c,0xe7,0x3c,0xe7,0x3c,0xe7,0x3c,0xe7,0x3c,0xe7,0x3b,0xe7,0x3c,0xe7,
    0x3c,0xe7,0x3c,0xe7,0x3b,0xe7,0x3c,0xe7,0x3c,0xe7,0x3c,0xe7,0x3b,0xe7,0x3c,0xe7,0x3c,0xe7,0x3c,0xe7,0x3b,0xe7,0x3c,0xe7,
    0x3c,0xe7,0x3c,0xe7,0x1b,0xdf,0x3c,0xe7,0x1b,0xe7,0x3c,0xe7,0x1b,0xdf,0x3c,0xe7,0x1b,0xe7,0x3c,0xe7,0x1b,0xdf,0x3c,0xe7,
    0x1b,0xe7,0x3c,0xe7,0x1b,0xdf,0x3c,0xe7,0x73,0xbd,0xc6,0x82,0xc6,0x7a,0xc7,0x82,0xa6,0x7a,0xc6,0x82,0xa6,0x7a,0xa6,0x82,
    0xa6,0x7a,0xa6,0x7a,0x86,0x7a,0xa6,0x7a,0x86,0x7a,0x86,0x7a,0x85,0x72,0x86,0x7a,0x65,0x72,0x86,0x7a,0x65,0x72,0x66,0x7a,
    0x65,0x72,0x66,0x72,0x45,0x72,0x66,0x72,0x45,0x72,0x45,0x72,0x45,0x6a,0x45,0x72,0x45,0x6a,0x45,0x6a,0x0d,0x94,0xcf,0x7b,
    0x41,0x08,0x00,0x00,0x00,0x00,0x00,0x00,0x00,0x00,0x00,0x00,0x00,0x00,0x00,0x00,0x00,0x00,0x00,0x00,0x40,0x08,0x43,0x39,
    0x45,0x6a,0xca,0x9b,0x96,0xad,0xd7,0xb5,0xd7,0xb5,0xf7,0xbd,0xf7,0xb5,0xf8,0xbd,0xf7,0xb5,0xd7,0xbd,0xb6,0xb5,0xb7,0xb5,
    0x96,0xad,0x55,0xa5,0xd3,0x94,0x72,0x8c,0xae,0x73,0x00,0x00,0x28,0x42,0x9d,0xef,0x7c,0xef,0x7d,0xef,0x7c,0xef,0x7d,0xef,
    0x7c,0xef,0x7d,0xef,0x7c,0xef,0x7d,0xef,0x5c,0xef,0x7d,0xef,0x7c,0xef,0x7d,0xef,0x5c,0xef,0x7c,0xef,0x7c,0xef,0x7d,0xef,
    0x3b,0xe7,0x95,0xb5,0x71,0x8c,0xba,0xd6,0x5c,0xe7,0x5c,0xef,0x5c,0xe7,0x7d,0xef,0x5c,0xe7,0x5c,0xef,0x5c,0xe7,0x7c,0xef,
    0x5c,0xe7,0x5c,0xef,0x5c,0xe7,0x5c,0xef,0x5c,0xe7,0x5c,0xef,0x5c,0xe7,0x5c,0xef,0x5c,0xe7,0x5c,0xef,0x5c,0xe7,0x5c,0xef,
    0x5c,0xe7,0x5c,0xe7,0x5c,0xe7,0x5c,0xef,0x3c,0xe7,0x5c,0xe7,0x5c,0xe7,0x5c,0xef,0x3c,0xe7,0x5c,0xe7,0x5c,0xe7,0x5c,0xe7,
    0x3c,0xe7,0x3c,0xe7,0x3c,0xe7,0x5c,0xe7,0x3c,0xe7,0x3c,0xe7,0x3c,0xe7,0x5c,0xe7,0x3c,0xe7,0x3c,0xe7,0x3c,0xe7,0x5c,0xe7,
    0x3b,0xe7,0x3c,0xe7,0x3c,0xe7,0x3c,0xe7,0x3b,0xe7,0x3c,0xe7,0x3b,0xe7,0x3c,0xe7,0x3b,0xe7,0x3c,0xe7,0x3b,0xe7,0x3c,0xe7,
    0x3b,0xe7,0x3c,0xe7,0x3b,0xe7,0x3c,0xe7,0x1b,0xdf,0x3c,0xe7,0x3b,0xe7,0x3c,0xe7,0x1b,0xdf,0x3c,0xe7,0x1b,0xdf,0x3c,0xe7,
    0x1b,0xdf,0x1c,0xe7,0x1b,0xdf,0x3c,0xe7,0x1b,0xdf,0x1b,0xe7,0x1b,0xdf,0x3c,0xe7,0x1b,0xdf,0x1b,0xe7,0x1b,0xdf,0x3c,0xe7,
    0x1b,0xdf,0xfb,0xde,0xd0,0xac,0xa6,0x7a,0x85,0x7a,0x86,0x7a,0x85,0x72,0x86,0x7a,0x85,0x72,0x86,0x72,0x65,0x72,0x66,0x72,
    0x65,0x72,0x65,0x72,0x65,0x72,0x65,0x72,0x45,0x6a,0x45,0x72,0x45,0x6a,0x45,0x72,0x45,0x6a,0x45,0x6a,0x45,0x6a,0x45,0x6a,
    0x24,0x6a,0x25,0x6a,0x24,0x6a,0x25,0x6a,0x04,0x62,0x25,0x6a,0x04,0x62,0x25,0x62,0x86,0x6a,0xe6,0x41,0x00,0x00,0x00,0x00,
    0x00,0x00,0x00,0x00,0x00,0x00,0x00,0x00,0x00,0x00,0x00,0x00,0x61,0x18,0x45,0x6a,0xc6,0x82,0x48,0x9b,0xc9,0xab,0x12,0xb5,
    0x95,0xad,0xb6,0xad,0xb6,0xad,0xb7,0xb5,0xb6,0xad,0xb6,0xb5,0x96,0xad,0x96,0xad,0x75,0xa5,0x35,0xa5,0xd3,0x94,0x92,0x8c,
    0x10,0x7c,0xa7,0x31,0x00,0x00,0xa7,0x39,0x9d,0xef,0x7d,0xef,0x7c,0xef,0x7d,0xef,0x7d,0xef,0x7d,0xef,0x7c,0xef,0x7d,0xef,
    0x7d,0xef,0x7d,0xef,0x7c,0xef,0x7d,0xef,0x7c,0xef,0x7d,0xef,0x5c,0xef,0x7d,0xef,0x7c,0xef,0x7d,0xef,0x5c,0xef,0x7d,0xef,
    0x7c,0xef,0x7d,0xef,0x5c,0xef,0x7d,0xef,0x5c,0xef,0x7d,0xef,0x5c,0xe7,0x7d,0xef,0x5c,0xef,0x5d,0xef,0x5c,0xe7,0x7d,0xef,
    0x5c,0xef,0x5d,0xef,0x5c,0xe7,0x7d,0xef,0x5c,0xe7,0x5c,0xef,0x5c,0xe7,0x5d,0xef,0x5c,0xe7,0x5c,0xef,0x5c,0xe7,0x5d,0xef,
    0x5c,0xe7,0x5c,0xef,0x5c,0xe7,0x5c,0xef,0x5c,0xe7,0x5c,0xef,0x3c,0xe7,0x5c,0xef,0x5c,0xe7,0x5c,0xef,0x3c,0xe7,0x5c,0xef,
    0x5c,0xe7,0x5c,0xe7,0x3c,0xe7,0x5c,0xef,0x3c,0xe7,0x5c,0xe7,0x3c,0xe7,0x5c,0xe7,0x3c,0xe7,0x3c,0xe7,0x3c,0xe7,0x5c,0xe7,
    0x3c,0xe7,0x3c,0xe7,0x3c,0xe7,0x5c,0xe7,0x3c,0xe7,0x3c,0xe7,0x3c,0xe7,0x3c,0xe7,0x3c,0xe7,0x3c,0xe7,0x3b,0xe7,0x3c,0xe7,
    0x3c,0xe7,0x3c,0xe7,0x3b,0xe7,0x3c,0xe7,0x3c,0xe7,0x3c,0xe7,0x1b,0xe7,0x3c,0xe7,0x3b,0xe7,0x3c,0xe7,0x1b,0xe7,0x3c,0xe7,
    0x3b,0xe7,0x3c,0xe7,0x1b,0xdf,0x3c,0xe7,0x1b,0xe7,0x3c,0xe7,0x1b,0xdf,0x3c,0xe7,0x1b,0xdf,0x1c,0xe7,0x1b,0xdf,0xda,0xde,
    0x6f,0xa4,0x86,0x7a,0x65,0x72,0x66,0x72,0x65,0x72,0x66,0x72,0x45,0x72,0x66,0x72,0x45,0x72,0x45,0x72,0x45,0x6a,0x45,0x72,
    0x45,0x6a,0x45,0x6a,0x25,0x6a,0x45,0x6a,0x25,0x6a,0x25,0x6a,0x24,0x62,0x25,0x6a,0x24,0x62,0x25,0x6a,0x04,0x62,0x05,0x6a,
    0x04,0x62,0x05,0x62,0x25,0x62,0x87,0x72,0xc8,0x72,0x2a,0x83,0x8b,0x8b,0x2c,0x73,0x00,0x00,0x00,0x00,0x00,0x00,0x00,0x00,
    0x00,0x00,0x00,0x00,0x81,0x18,0x45,0x72,0xa6,0x82,0x48,0x93,0xa9,0xa3,0x4b,0xbc,0xcd,0xcc,0x54,0xad,0x75,0xa5,0x96,0xad,
    0x96,0xad,0x96,0xad,0x75,0xad,0x76,0xad,0x55,0xa5,0x14,0x9d,0xd3,0x94,0x92,0x8c,0x30,0x7c,0xab,0x52,0x00,0x00,0x00,0x00,
    0x45,0x29,0x7d,0xef,0x7c,0xef,0x7d,0xef,0x7c,0xe7,0x7c,0xef,0x5c,0xef,0x7d,0xef,0x5c,0xe7,0x7c,0xef,0x5c,0xe7,0x7d,0xef,
    0x5c,0xe7,0x7c,0xef,0x5c,0xe7,0x7c,0xef,0x5c,0xe7,0x5c,0xef,0x5c,0xe7,0x5c,0xef,0x5c,0xe7,0x5c,0xef,0x5c,0xe7,0x5c,0xef,
    0x5c,0xe7,0x5c,0xef,0x5c,0xe7,0x5c,0xef,0x5c,0xe7,0x5c,0xe7,0x5c,0xe7,0x5c,0xef,0x5c,0xe7,0x5c,0xe7,0x5c,0xe7,0x5c,0xef,
    0x5c,0xe7,0x5c,0xe7,0x5c,0xe7,0x5c,0xe7,0x3c,0xe7,0x5c,0xe7,0x3c,0xe7,0x5c,0xe7,0x3c,0xe7,0x5c,0xe7,0x3c,0xe7,0x5c,0xe7,
    0x3b,0xe7,0x5c,0xe7,0x3c,0xe7,0x5c,0xe7,0x3b,0xe7,0x3c,0xe7,0x3c,0xe7,0x3c,0xe7,0x3b,0xe7,0x3c,0xe7,0x3b,0xe7,0x3c,0xe7,
    0x3b,0xe7,0x3c,0xe7,0x3b,0xe7,0x3c,0xe7,0x3b,0xe7,0x3c,0xe7,0x3b,0xe7,0x3c,0xe7,0x3b,0xdf,0x3c,0xe7,0x3b,0xe7,0x3c,0xe7,
    0x3b,0xdf,0x3c,0xe7,0x3b,0xe7,0x3c,0xe7,0x1b,0xdf,0x3c,0xe7,0x1b,0xdf,0x3c,0xe7,0x1b,0xdf,0x3c,0xe7,0x1b,0xdf,0x3c,0xe7,
    0x1b,0xdf,0x3c,0xe7,0x1b,0xdf,0x1c,0xe7,0x1b,0xdf,0x1b,0xe7,0x1b,0xdf,0x1c,0xe7,0x1b,0xdf,0x1b,0xe7,0x1b,0xdf,0x1c,0xe7,
    0x1b,0xdf,0x1b,0xe7,0x1b,0xdf,0x1b,0xe7,0x1b,0xdf,0x1b,0xe7,0x1b,0xdf,0x1b,0xe7,0x1b,0xdf,0xb9,0xde,0x2d,0x9c,0x66,0x72,
    0x45,0x6a,0x45,0x6a,0x25,0x6a,0x25,0x6a,0x24,0x6a,0x25,0x6a,0x24,0x6a,0x25,0x6a,0x04,0x62,0x25,0x6a,0x24,0x62,0x25,0x6a,
    0x25,0x62,0x66,0x6a,0x87,0x72,0xc8,0x7a,0xe9,0x7a,0x2a,0x83,0x6b,0x83,0x2e,0x9c,0x8f,0x9c,0x53,0xb5,0xd6,0xc5,0x37,0xce,
    0x58,0xce,0xba,0xde,0x1b,0xdf,0xda,0xde,0x89,0x4a,0x00,0x00,0x00,0x00,0x00,0x00,0x00,0x00,0x00,0x00,0x40,0x08,0x05,0x62,
    0x85,0x7a,0x07,0x8b,0x88,0x9b,0x2a,0xb4,0xab,0xc4,0x4e,0xdd,0xb1,0xd5,0xf3,0x9c,0xf3,0x94,0x14,0x9d,0x14,0x9d,0x14,0x9d,
    0xf3,0x94,0xd3,0x94,0x92,0x8c,0x51,0x84,0xef,0x7b,0x2d,0x63,0x21,0x00,0x00,0x00,0x00,0x00,0x25,0x29,0xfb,0xde,0x7d,0xef,
    0x7c,0xef,0x7d,0xef,0x7c,0xef,0x7d,0xef,0x7c,0xef,0x7d,0xef,0x5c,0xef,0x7d,0xef,0x5c,0xef,0x7d,0xef,0x5c,0xe7,0x7d,0xef,
    0x5c,0xef,0x7d,0xef,0x5c,0xe7,0x7d,0xef,0x5c,0xef,0x7d,0xef,0x5c,0xe7,0x7d,0xef,0x5c,0xe7,0x7c,0xef,0x5c,0xe7,0x5d,0xef,
    0x5c,0xe7,0x5c,0xef,0x5c,0xe7,0x5d,0xef,0x5c,0xe7,0x5c,0xef,0x5c,0xe7,0x5c,0xef,0x5c,0xe7,0x5c,0xef,0x5c,0xe7,0x5c,0xef,
    0x5c,0xe7,0x5c,0xef,0x5c,0xe7,0x5c,0xef,0x5c,0xe7,0x5c,0xe7,0x3c,0xe7,0x5c,0xef,0x3c,0xe7,0x5c,0xe7,0x3c,0xe7,0x5c,0xef,
    0x3c,0xe7,0x5c,0xe7,0x3c,0xe7,0x5c,0xe7,0x3c,0xe7,0x5c,0xe7,0x3c,0xe7,0x5c,0xe7,0x3c,0xe7,0x5c,0xe7,0x3c,0xe7,0x3c,0xe7,
    0x3c,0xe7,0x3c,0xe7,0x3b,0xe7,0x3c,0xe7,0x3c,0xe7,0x3c,0xe7,0x3b,0xe7,0x3c,0xe7,0x3c,0xe7,0x3c,0xe7,0x3b,0xe7,0x3c,0xe7,
    0x3c,0xe7,0x3c,0xe7,0x3b,0xe7,0x3c,0xe7,0x3c,0xe7,0x3c,0xe7,0x1b,0xdf,0x3c,0xe7,0x1b,0xe7,0x3c,0xe7,0x1b,0xdf,0x3c,0xe7,
    0x1b,0xe7,0x3c,0xe7,0x1b,0xdf,0x3c,0xe7,0x1b,0xe7,0x3c,0xe7,0x1b,0xdf,0x3c,0xe7,0x1b,0xe7,0x1c,0xe7,0x1b,0xdf,0x1c,0xe7,
    0x1b,0xdf,0x1c,0xe7,0x1b,0xdf,0x1c,0xe7,0x1b,0xdf,0x1c,0xe7,0x1b,0xdf,0x99,0xd6,0x37,0xce,0xd5,0xc5,0x94,0xbd,0x74,0xbd,
    0x53,0xb5,0x53,0xbd,0xf2,0xac,0x74,0xbd,0x94,0xbd,0xd5,0xc5,0xd6,0xc5,0x17,0xce,0x17,0xce,0x17,0xce,0x37,0xce,0x58,0xce,
    0x58,0xce,0x79,0xd6,0xba,0xd6,0x3c,0xe7,0x1c,0xe7,0x3c,0xe7,0x1b,0xdf,0x1b,0xe7,0xfb,0xde,0xfb,0xde,0xfb,0xde,0x1b,0xdf,
    0xfb,0xde,0x71,0x8c,0x00,0x00,0x00,0x00,0x00,0x00,0x00,0x00,0x20,0x00,0xc4,0x59,0x85,0x72,0x07,0x8b,0x68,0x9b,0x0a,0xb4,
    0x8b,0xc4,0x2e,0xd5,0xd0,0xe5,0xf1,0xed,0x8f,0xdd,0xd0,0xb4,0x92,0x8c,0x92,0x8c,0x72,0x8c,0x72,0x8c,0x31,0x84,0x30,0x84,
    0x8e,0x6b,0x45,0x29,0x00,0x00,0x00,0x00,0x00,0x00,0x00,0x00,0xe3,0x18,0xba,0xd6,0x5c,0xef,0x7d,0xef,0x7c,0xef,0x7d,0xef,
    0x5c,0xe7,0x7c,0xef,0x5c,0xef,0x7d,0xef,0x5c,0xe7,0x5c,0xef,0x5c,0xe7,0x7d,0xef,0x5c,0xe7,0x5c,0xef,0x5c,0xe7,0x7c,0xef,
    0x5c,0xe7,0x5c,0xef,0x5c,0xe7,0x5c,0xef,0x5c,0xe7,0x5c,0xef,0x5c,0xe7,0x5c,0xef,0x5c,0xe7,0x5c,0xef,0x5c,0xe7,0x5c,0xef,
    0x5c,0xe7,0x5c,0xe7,0x5c,0xe7,0x5c,0xef,0x5c,0xe7,0x5c,0xe7,0x5c,0xe7,0x5c,0xef,0x3c,0xe7,0x5c,0xe7,0x5c,0xe7,0x5c,0xe7,
    0x3c,0xe7,0x5c,0xe7,0x3c,0xe7,0x5c,0xe7,0x3c,0xe7,0x3c,0xe7,0x3c,0xe7,0x5c,0xe7,0x3c,0xe7,0x3c,0xe7,0x3c,0xe7,0x5c,0xe7,
    0x3b,0xe7,0x3c,0xe7,0x3c,0xe7,0x3c,0xe7,0x3b,0xe7,0x3c,0xe7,0x3c,0xe7,0x3c,0xe7,0x3b,0xe7,0x3c,0xe7,0x3b,0xe7,0x3c,0xe7,
    0x3b,0xe7,0x3c,0xe7,0x3b,0xe7,0x3c,0xe7,0x3b,0xe7,0x3c,0xe7,0x3b,0xe7,0x3c,0xe7,0x1b,0xdf,0x3c,0xe7,0x3b,0xe7,0x3c,0xe7,
    0x1b,0xdf,0x3c,0xe7,0x1b,0xdf,0x3c,0xe7,0x1b,0xdf,0x1b,0xe7,0x1b,0xdf,0x3c,0xe7,0x1b,0xdf,0x1b,0xe7,0x1b,0xdf,0x3c,0xe7,
    0x1b,0xdf,0x1b,0xe7,0x1b,0xdf,0x1c,0xe7,0x1b,0xdf,0x1b,0xe7,0x1b,0xdf,0x1b,0xe7,0x1b,0xdf,0x1b,0xdf,0x1b,0xdf,0x1b,0xe7,
    0x1b,0xdf,0x1b,0xdf,0x1b,0xdf,0x1b,0xe7,0x1b,0xdf,0x1b,0xdf,0x1b,0xdf,0x1b,0xdf,0x1b,0xdf,0x1b,0xdf,0x1b,0xdf,0x1c,0xe7,
    0x1b,0xdf,0x1b,0xdf,0x1b,0xdf,0x1b,0xdf,0xfb,0xde,0xfb,0xde,0xfb,0xde,0x1b,0xdf,0xfb,0xde,0xfb,0xde,0xfb,0xde,0x1b,0xdf,
    0xfb,0xde,0xfb,0xde,0xfb,0xde,0xfb,0xde,0xfa,0xde,0xfb,0xde,0xfb,0xde,0xfb,0xde,0xfa,0xde,0xfb,0xde,0x79,0xce,0x82,0x10,
    0x00,0x00,0x00,0x00,0x00,0x00,0x63,0x41,0x65,0x72,0xe7,0x82,0x68,0x9b,0xe9,0xab,0x4a,0xbc,0x0d,0xd5,0xaf,0xdd,0x11,0xee,
    0x8f,0xdd,0x4e,0xd5,0xcc,0xcc,0x6b,0xc4,0xea,0xa3,0x2a,0x7b,0xc7,0x39,0x45,0x29,0x82,0x10,0x00,0x00,0x00,0x00,0x00,0x00,
    0x00,0x00,0x00,0x00,0x00,0x00,0xc3,0x18,0x58,0xc6,0x7d,0xef,0x5c,0xef,0x7d,0xef,0x7c,0xef,0x7d,0xef,0x5c,0xef,0x7d,0xef,
    0x7c,0xef,0x7d,0xef,0x5c,0xef,0x7d,0xef,0x7c,0xef,0x7d,0xef,0x5c,0xef,0x7d,0xef,0x5c,0xef,0x7d,0xef,0x5c,0xe7,0x7d,0xef,
    0x5c,0xef,0x5d,0xef,0x5c,0xe7,0x7d,0xef,0x5c,0xef,0x5d,0xef,0x5c,0xe7,0x5d,0xef,0x5c,0xe7,0x5c,0xef,0x5c,0xe7,0x5d,0xef,
    0x5c,0xe7,0x5c,0xef,0x5c,0xe7,0x5c,0xef,0x5c,0xe7,0x5c,0xef,0x3c,0xe7,0x5c,0xef,0x5c,0xe7,0x5c,0xef,0x3c,0xe7,0x5c,0xef,
    0x5c,0xe7,0x5c,0xef,0x3c,0xe7,0x5c,0xef,0x5c,0xe7,0x5c,0xe7,0x3c,0xe7,0x5c,0xef,0x3c,0xe7,0x5c,0xe7,0x3c,0xe7,0x5c,0xe7,
    0x3c,0xe7,0x3c,0xe7,0x3c,0xe7,0x5c,0xe7,0x3c,0xe7,0x3c,0xe7,0x3c,0xe7,0x3c,0xe7,0x3c,0xe7,0x3c,0xe7,0x3b,0xe7,0x3c,0xe7,
    0x3c,0xe7,0x3c,0xe7,0x3b,0xe7,0x3c,0xe7,0x3c,0xe7,0x3c,0xe7,0x1b,0xe7,0x3c,0xe7,0x3b,0xe7,0x3c,0xe7,0x1b,0xe7,0x3c,0xe7,
    0x3b,0xe7,0x3c,0xe7,0x1b,0xdf,0x3c,0xe7,0x1b,0xe7,0x3c,0xe7,0x1b,0xdf,0x3c,0xe7,0x1b,0xe7,0x3c,0xe7,0x1b,0xdf,0x3c,0xe7,
    0x1b,0xdf,0x1c,0xe7,0x1b,0xdf,0x3c,0xe7,0x1b,0xdf,0x1c,0xe7,0x1b,0xdf,0x1c,0xe7,0x1b,0xdf,0x1c,0xe7,0x1b,0xdf,0x1c,0xe7,
    0x1b,0xdf,0x1b,0xe7,0x1b,0xdf,0x1c,0xe7,0x1b,0xdf,0x1b,0xe7,0xfb,0xde,0x1b,0xe7,0x1b,0xdf,0x1b,0xdf,0xfb,0xde,0x1b,0xe7,
    0x1b,0xdf,0x1b,0xdf,0xfb,0xde,0x1b,0xe7,0xfb,0xde,0x1b,0xdf,0xfb,0xde,0x1b,0xdf,0xfb,0xde,0x1b,0xdf,0xfb,0xde,0x1b,0xdf,
    0xfb,0xde,0xfb,0xde,0xfb,0xde,0x1b,0xdf,0xfb,0xde,0xfb,0xde,0xfb,0xde,0xd3,0x9c,0x41,0x08,0x00,0x00,0x00,0x00,0xe2,0x30,
    0x45,0x6a,0xc7,0x82,0x48,0x93,0xc9,0xab,0x4a,0xbc,0xed,0xd4,0x8f,0xdd,0x32,0xf6,0xb0,0xe5,0x6e,0xdd,0xec,0xcc,0x8c,0xcc,
    0x0a,0xb4,0xa9,0xa3,0xa6,0x7a,0x00,0x00,0x00,0x00,0x00,0x00,0x00,0x00,0x00,0x00,0x00,0x00,0x00,0x00,0x00,0x00,0x00,0x00,
    0x61,0x08,0xb6,0xb5,0x5c,0xe7,0x7c,0xef,0x5c,0xe7,0x7c,0xef,0x5c,0xe7,0x5c,0xef,0x5c,0xe7,0x5c,0xef,0x5c,0xe7,0x5c,0xef,
    0x5c,0xe7,0x5c,0xef,0x5c,0xe7,0x5c,0xef,0x5c,0xe7,0x5c,0xef,0x5c,0xe7,0x5c,0xef,0x5c,0xe7,0x5c,0xe7,0x5c,0xe7,0x5c,0xef,
    0x5c,0xe7,0x5c,0xe7,0x5c,0xe7,0x5c,0xe7,0x5c,0xe7,0x5c,0xe7,0x3c,0xe7,0x5c,0xe7,0x3c,0xe7,0x5c,0xe7,0x3c,0xe7,0x5c,0xe7,
    0x3c,0xe7,0x5c,0xe7,0x3c,0xe7,0x5c,0xe7,0x3b,0xe7,0x5c,0xe7,0x3c,0xe7,0x3c,0xe7,0x3b,0xe7,0x3c,0xe7,0x3c,0xe7,0x3c,0xe7,
    0x3b,0xe7,0x3c,0xe7,0x3b,0xe7,0x3c,0xe7,0x3b,0xe7,0x3c,0xe7,0x3b,0xe7,0x3c,0xe7,0x3b,0xe7,0x3c,0xe7,0x3b,0xe7,0x3c,0xe7,
    0x3b,0xdf,0x3c,0xe7,0x3b,0xe7,0x3c,0xe7,0x3b,0xdf,0x3c,0xe7,0x1b,0xdf,0x3c,0xe7,0x1b,0xdf,0x3c,0xe7,0x1b,0xdf,0x3c,0xe7,
    0x1b,0xdf,0x3c,0xe7,0x1b,0xdf,0x3c,0xe7,0x1b,0xdf,0x1c,0xe7,0x1b,0xdf,0x1c,0xe7,0x1b,0xdf,0x1b,0xe7,0x1b,0xdf,0x1c,0xe7,
    0x1b,0xdf,0x1b,0xe7,0x1b,0xdf,0x1c,0xe7,0x1b,0xdf,0x1b,0xe7,0x1b,0xdf,0x1b,0xe7,0x1b,0xdf,0x1b,0xdf,0x1b,0xdf,0x1b,0xe7,
    0x1b,0xdf,0x1b,0xdf,0x1b,0xdf,0x1b,0xe7,0x1b,0xdf,0x1b,0xdf,0xfb,0xde,0x1b,0xdf,0xfb,0xde,0x1b,0xdf,0xfb,0xde,0x1b,0xdf,
    0xfb,0xde,0x1b,0xdf,0xfb,0xde,0x1b,0xdf,0xfb,0xde,0xfb,0xde,0xfb,0xde,0xfb,0xde,0xfb,0xde,0xfb,0xde,0xfb,0xde,0xfb,0xde,
    0xfb,0xde,0xfb,0xde,0xfb,0xde,0xfb,0xde,0xfb,0xde,0xfb,0xde,0xfb,0xde,0xfb,0xde,0xfa,0xde,0xfb,0xde,0xfb,0xde,0xfb,0xde,
    0xfa,0xd6,0xfb,0xde,0xfa,0xde,0xd7,0xbd,0xc3,0x18,0x62,0x10,0x00,0x00,0x81,0x18,0x24,0x62,0xa6,0x7a,0x27,0x8b,0xa9,0xa3,
    0x2a,0xb4,0xcc,0xcc,0x4e,0xdd,0x11,0xee,0xd0,0xe5,0x6e,0xdd,0xed,0xcc,0xac,0xcc,0x2a,0xb4,0xa9,0xa3,0x27,0x93,0x25,0x62,
    0x00,0x00,0x00,0x00,0x00,0x00,0x00,0x00,0x00,0x00,0x00,0x00,0x00,0x00,0x00,0x00,0x00,0x00,0x00,0x00,0x34,0xa5,0x7d,0xef,
    0x5c,0xef,0x7d,0xef,0x5c,0xe7,0x7d,0xef,0x5c,0xef,0x7d,0xef,0x5c,0xe7,0x7d,0xef,0x5c,0xef,0x7c,0xef,0x5c,0xe7,0x7d,0xef,
    0x5c,0xe7,0x5c,0xef,0x5c,0xe7,0x5d,0xef,0x5c,0xe7,0x5c,0xef,0x5c,0xe7,0x5c,0xef,0x5c,0xe7,0x5c,0xef,0x5c,0xe7,0x5c,0xef,
    0x5c,0xe7,0x5c,0xef,0x5c,0xe7,0x5c,0xef,0x5c,0xe7,0x5c,0xef,0x5c,0xe7,0x5c,0xef,0x3c,0xe7,0x5c,0xe7,0x3c,0xe7,0x5c,0xef,
    0x3c,0xe7,0x5c,0xe7,0x3c,0xe7,0x5c,0xef,0x3c,0xe7,0x5c,0xe7,0x3c,0xe7,0x5c,0xe7,0x3c,0xe7,0x5c,0xe7,0x3c,0xe7,0x3c,0xe7,
    0x3c,0xe7,0x3c,0xe7,0x3b,0xe7,0x3c,0xe7,0x3c,0xe7,0x3c,0xe7,0x3b,0xe7,0x3c,0xe7,0x3c,0xe7,0x3c,0xe7,0x3b,0xe7,0x3c,0xe7,
    0x3c,0xe7,0x3c,0xe7,0x3b,0xe7,0x3c,0xe7,0x3c,0xe7,0x3c,0xe7,0x3b,0xdf,0x3c,0xe7,0x1c,0xe7,0x3c,0xe7,0x1b,0xdf,0x3c,0xe7,
    0x1b,0xe7,0x3c,0xe7,0x1b,0xdf,0x3c,0xe7,0x1b,0xe7,0x3c,0xe7,0x1b,0xdf,0x3c,0xe7,0x1b,0xe7,0x3c,0xe7,0x1b,0xdf,0x1c,0xe7,
    0x1b,0xdf,0x1c,0xe7,0x1b,0xdf,0x1c,0xe7,0x1b,0xdf,0x1c,0xe7,0x1b,0xdf,0x1c,0xe7,0x1b,0xdf,0x1c,0xe7,0x1b,0xdf,0x1c,0xe7,
    0x1b,0xdf,0x1b,0xe7,0x1b,0xdf,0x1c,0xe7,0x1b,0xdf,0x1b,0xe7,0x1b,0xdf,0x1c,0xe7,0xfb,0xde,0x1b,0xe7,0xfb,0xde,0x1b,0xe7,
    0xfb,0xde,0x1b,0xdf,0xfb,0xde,0x1b,0xe7,0xfb,0xde,0x1b,0xdf,0xfb,0xde,0x1b,0xdf,0xfb,0xde,0x1b,0xdf,0xfb,0xde,0x1b,0xdf,
    0xfb,0xde,0xfb,0xde,0xfb,0xde,0x1b,0xdf,0xfb,0xde,0xfb,0xde,0xfb,0xde,0xfb,0xde,0xfb,0xde,0xfb,0xde,0xfb,0xde,0x9a,0xd6,
    0x65,0x29,0xc3,0x18,0x82,0x10,0x41,0x10,0xe4,0x59,0xa6,0x7a,0x07,0x8b,0xa9,0xa3,0x0a,0xb4,0xac,0xcc,0x2e,0xd5,0xf1,0xed,
    0xf0,0xe5,0x8f,0xdd,0x0d,0xd5,0xcc,0xcc,0x4a,0xbc,0xc9,0xab,0x47,0x93,0xc7,0x82,0xa4,0x51,0x00,0x00,0x00,0x00,0x00,0x00,
    0x00,0x00,0x00,0x00,0x00,0x00,0x00,0x00,0x00,0x00,0x00,0x00,0x00,0x00,0x71,0x8c,0x5c,0xe7,0x5c,0xef,0x5c,0xe7,0x7d,0xef,
    0x5c,0xe7,0x5c,0xef,0x5c,0xe7,0x7c,0xef,0x5c,0xe7,0x5c,0xef,0x5c,0xe7,0x5c,0xef,0x5c,0xe7,0x5c,0xef,0x5c,0xe7,0x5c,0xef,
    0x5c,0xe7,0x5c,0xef,0x5c,0xe7,0x5c,0xef,0x5c,0xe7,0x5c,0xe7,0x5c,0xe7,0x5c,0xef,0x5c,0xe7,0x5c,0xe7,0x5c,0xe7,0x5c,0xef,
    0x3c,0xe7,0x5c,0xe7,0x5c,0xe7,0x5c,0xe7,0x3c,0xe7,0x5c,0xe7,0x3c,0xe7,0x5c,0xe7,0x3c,0xe7,0x3c,0xe7,0x3c,0xe7,0x5c,0xe7,
    0x3c,0xe7,0x3c,0xe7,0x3c,0xe7,0x5c,0xe7,0x3b,0xe7,0x3c,0xe7,0x3c,0xe7,0x3c,0xe7,0x3b,0xe7,0x3c,0xe7,0x3b,0xe7,0x3c,0xe7,
    0x3b,0xe7,0x3c,0xe7,0x3b,0xe7,0x3c,0xe7,0x3b,0xe7,0x3c,0xe7,0x3b,0xe7,0x3c,0xe7,0x3b,0xdf,0x3c,0xe7,0x3b,0xe7,0x3c,0xe7,
    0x1b,0xdf,0x3c,0xe7,0x3b,0xe7,0x3c,0xe7,0x1b,0xdf,0x3c,0xe7,0x1b,0xdf,0x3c,0xe7,0x1b,0xdf,0x1b,0xe7,0x1b,0xdf,0x3c,0xe7,
    0x1b,0xdf,0x1b,0xe7,0x1b,0xdf,0x3c,0xe7,0x1b,0xdf,0x1b,0xe7,0x1b,0xdf,0x1b,0xe7,0x1b,0xdf,0x1b,0xdf,0x1b,0xdf,0x1b,0xe7,
    0x1b,0xdf,0x1b,0xdf,0x1b,0xdf,0x1b,0xe7,0x1b,0xdf,0x1b,0xdf,0x1b,0xdf,0x1b,0xdf,0xfb,0xde,0x1b,0xdf,0x1b,0xdf,0x1b,0xdf,
    0xfb,0xde,0x1b,0xdf,0x1b,0xdf,0x1b,0xdf,0xfb,0xde,0x1b,0xdf,0xfb,0xde,0x1b,0xdf,0xfb,0xde,0xfb,0xde,0xfb,0xde,0x1b,0xdf,
    0xfb,0xde,0xfb,0xde,0xfb,0xde,0x1b,0xdf,0xfb,0xde,0xfb,0xde,0xfb,0xde,0xfb,0xde,0xfa,0xde,0xfb,0xde,0xfb,0xde,0xfb,0xde,
    0xfa,0xde,0xfb,0xde,0xfa,0xde,0xfb,0xde,0xfa,0xd6,0xfb,0xde,0xfa,0xde,0xfb,0xde,0x49,0x4a,0xc3,0x18,0xa2,0x10,0xc3,0x18,
    0x83,0x49,0x65,0x72,0xe7,0x82,0x68,0x9b,0xe9,0xab,0x6b,0xc4,0x0d,0xd5,0xd0,0xe5,0xf0,0xe5,0x8f,0xdd,0x2d,0xd5,0xcc,0xcc,
    0x6a,0xbc,0xe9,0xab,0x68,0x9b,0xe7,0x8a,0x65,0x72,0xc2,0x20,0x00,0x00,0x00,0x00,0x00,0x00,0x00,0x00,0x00,0x00,0x00,0x00,
    0x00,0x00,0x00,0x00,0x00,0x00,0x00,0x00,0x4d,0x6b,0x7d,0xef,0x5c,0xef,0x7d,0xef,0x5c,0xef,0x7d,0xef,0x5c,0xe7,0x7d,0xef,
    0x5c,0xef,0x7d,0xef,0x5c,0xe7,0x7d,0xef,0x5c,0xef,0x5d,0xef,0x5c,0xe7,0x7d,0xef,0x5c,0xe7,0x5c,0xef,0x5c,0xe7,0x5d,0xef,
    0x5c,0xe7,0x5c,0xef,0x5c,0xe7,0x5d,0xef,0x5c,0xe7,0x5c,0xef,0x5c,0xe7,0x5c,0xef,0x5c,0xe7,0x5c,0xef,0x3c,0xe7,0x5c,0xef,
    0x5c,0xe7,0x5c,0xef,0x3c,0xe7,0x5c,0xef,0x5c,0xe7,0x5c,0xef,0x3c,0xe7,0x5c,0xef,0x3c,0xe7,0x5c,0xe7,0x3c,0xe7,0x5c,0xef,
    0x3c,0xe7,0x5c,0xe7,0x3c,0xe7,0x5c,0xe7,0x3c,0xe7,0x3c,0xe7,0x3c,0xe7,0x5c,0xe7,0x3c,0xe7,0x3c,0xe7,0x3c,0xe7,0x3c,0xe7,
    0x3c,0xe7,0x3c,0xe7,0x3b,0xe7,0x3c,0xe7,0x3c,0xe7,0x3c,0xe7,0x3b,0xe7,0x3c,0xe7,0x3c,0xe7,0x3c,0xe7,0x1b,0xe7,0x3c,0xe7,
    0x3b,0xe7,0x3c,0xe7,0x1b,0xe7,0x3c,0xe7,0x3b,0xe7,0x3c,0xe7,0x1b,0xdf,0x3c,0xe7,0x1b,0xe7,0x3c,0xe7,0x1b,0xdf,0x3c,0xe7,
    0x1b,0xe7,0x1c,0xe7,0x1b,0xdf,0x3c,0xe7,0x1b,0xdf,0x1c,0xe7,0x1b,0xdf,0x3c,0xe7,0x1b,0xdf,0x1c,0xe7,0x1b,0xdf,0x1c,0xe7,
    0x1b,0xdf,0x1c,0xe7,0x1b,0xdf,0x1c,0xe7,0x1b,0xdf,0x1b,0xe7,0x1b,0xdf,0x1c,0xe7,0x1b,0xdf,0x1b,0xe7,0xfb,0xde,0x1b,0xe7,
    0x1b,0xdf,0x1b,0xdf,0xfb,0xde,0x1b,0xe7,0x1b,0xdf,0x1b,0xdf,0xfb,0xde,0x1b,0xdf,0xfb,0xde,0x1b,0xdf,0xfb,0xde,0x1b,0xdf,
    0xfb,0xde,0xfb,0xde,0xfb,0xde,0x1b,0xdf,0xfb,0xde,0xfb,0xde,0xfb,0xde,0x1b,0xdf,0xfb,0xde,0xfb,0xde,0xfb,0xde,0xfb,0xde,
    0xfb,0xde,0xfb,0xde,0xfb,0xde,0xfb,0xde,0xce,0x73,0xc3,0x18,0xa3,0x18,0xc3,0x18,0x63,0x41,0x65,0x72,0xc6,0x82,0x68,0x9b,
    0xc9,0xab,0x6b,0xc4,0xed,0xcc,0xb0,0xe5,0x11,0xee,0xb0,0xe5,0x4e,0xd5,0xed,0xd4,0x8b,0xc4,0x0a,0xb4,0x88,0x9b,0x07,0x8b,
    0x86,0x7a,0xa4,0x51,0x00,0x00,0x00,0x00,0x00,0x00,0x00,0x00,0x00,0x00,0x00,0x00,0x00,0x00,0x00,0x00,0x00,0x00,0x00,0x00,
    0x00,0x00,0x28,0x42,0x7c,0xef,0x5c,0xef,0x5c,0xe7,0x5c,0xef,0x5c,0xe7,0x5c,0xef,0x5c,0xe7,0x5c,0xe7,0x5c,0xe7,0x5c,0xef,
    0x5c,0xe7,0x5c,0xe7,0x5c,0xe7,0x5c,0xef,0x5c,0xe7,0x5c,0xe7,0x5c,0xe7,0x5c,0xe7,0x5c,0xe7,0x5c,0xe7,0x3c,0xe7,0x5c,0xe7,
    0x3c,0xe7,0x5c,0xe7,0x3c,0xe7,0x5c,0xe7,0x3c,0xe7,0x5c,0xe7,0x3c,0xe7,0x5c,0xe7,0x3b,0xe7,0x3c,0xe7,0x3c,0xe7,0x3c,0xe7,
    0x3b,0xe7,0x3c,0xe7,0x3b,0xe7,0x3c,0xe7,0x3b,0xe7,0x3c,0xe7,0x3b,0xe7,0x3c,0xe7,0x3b,0xe7,0x3c,0xe7,0x3b,0xe7,0x3c,0xe7,
    0x3b,0xdf,0x3c,0xe7,0x3b,0xe7,0x3c,0xe7,0x3b,0xdf,0x3c,0xe7,0x3b,0xe7,0x3c,0xe7,0x3b,0xdf,0x3c,0xe7,0x1b,0xdf,0x3c,0xe7,
    0x1b,0xdf,0x3c,0xe7,0x1b,0xdf,0x3c,0xe7,0x1b,0xdf,0x3c,0xe7,0x1b,0xdf,0x3c,0xe7,0x1b,0xdf,0x1b,0xe7,0x1b,0xdf,0x1c,0xe7,
    0x1b,0xdf,0x1b,0xe7,0x1b,0xdf,0x1c,0xe7,0x1b,0xdf,0x1b,0xe7,0x1b,0xdf,0x1b,0xe7,0x1b,0xdf,0x1b,0xe7,0x1b,0xdf,0x1b,0xe7,
    0x1b,0xdf,0x1b,0xdf,0x1b,0xdf,0x1b,0xe7,0x1b,0xdf,0x1b,0xdf,0x1b,0xdf,0x1b,0xe7,0x1b,0xdf,0x1b,0xdf,0xfb,0xde,0x1b,0xdf,
    0xfb,0xde,0x1b,0xdf,0xfb,0xde,0x1b,0xdf,0xfb,0xde,0x1b,0xdf,0xfb,0xde,0xfb,0xde,0xfb,0xde,0xfb,0xde,0xfb,0xde,0xfb,0xde,
    0xfb,0xde,0xfb,0xde,0xfb,0xde,0xfb,0xde,0xfb,0xde,0xfb,0xde,0xfb,0xde,0xfb,0xde,0xfa,0xde,0xfb,0xde,0xfb,0xde,0xfb,0xde,
    0xfa,0xde,0xfb,0xde,0xfb,0xde,0xfb,0xde,0xfa,0xd6,0xfb,0xde,0xfa,0xde,0xfb,0xde,0xda,0xd6,0xfb,0xde,0xfa,0xd6,0xfb,0xde,
    0x34,0xa5,0xa3,0x18,0xa2,0x10,0xc3,0x18,0x03,0x29,0x45,0x6a,0xa6,0x7a,0x48,0x93,0xa8,0xa3,0x2a,0xbc,0xcc,0xcc,0x6f,0xdd,
    0x11,0xee,0xb0,0xe5,0x4e,0xd5,0xed,0xd4,0x8b,0xc4,0x2a,0xb4,0x88,0xa3,0x27,0x93,0x85,0x7a,0x04,0x62,0x40,0x08,0x00,0x00,
    0x00,0x00,0x00,0x00,0x00,0x00,0x00,0x00,0x00,0x00,0x00,0x00,0x00,0x00,0x00,0x00,0x00,0x00,0x00,0x00,0x45,0x29,0x5c,0xef,
    0x5c,0xe7,0x7c,0xef,0x5c,0xe7,0x5d,0xef,0x5c,0xe7,0x5c,0xef,0x5c,0xe7,0x5d,0xef,0x5c,0xe7,0x5c,0xef,0x5c,0xe7,0x5c,0xef,
    0x5c,0xe7,0x5c,0xef,0x5c,0xe7,0x5c,0xef,0x5c,0xe7,0x5c,0xef,0x5c,0xe7,0x5c,0xef,0x5c,0xe7,0x5c,0xef,0x3c,0xe7,0x5c,0xef,
    0x3c,0xe7,0x5c,0xe7,0x3c,0xe7,0x5c,0xef,0x3c,0xe7,0x5c,0xe7,0x3c,0xe7,0x5c,0xe7,0x3c,0xe7,0x5c,0xe7,0x3c,0xe7,0x5c,0xe7,
    0x3c,0xe7,0x5c,0xe7,0x3c,0xe7,0x3c,0xe7,0x3c,0xe7,0x3c,0xe7,0x3b,0xe7,0x3c,0xe7,0x3c,0xe7,0x3c,0xe7,0x3b,0xe7,0x3c,0xe7,
    0x3c,0xe7,0x3c,0xe7,0x3b,0xe7,0x3c,0xe7,0x3c,0xe7,0x3c,0xe7,0x3b,0xe7,0x3c,0xe7,0x3c,0xe7,0x3c,0xe7,0x1b,0xdf,0x3c,0xe7,
    0x1b,0xe7,0x3c,0xe7,0x1b,0xdf,0x3c,0xe7,0x1b,0xe7,0x3c,0xe7,0x1b,0xdf,0x3c,0xe7,0x1b,0xe7,0x3c,0xe7,0x1b,0xdf,0x3c,0xe7,
    0x1b,0xe7,0x3c,0xe7,0x1b,0xdf,0x1c,0xe7,0x1b,0xdf,0x1c,0xe7,0x1b,0xdf,0x1c,0xe7,0x1b,0xdf,0x1c,0xe7,0x1b,0xdf,0x1c,0xe7,
    0x1b,0xdf,0x1c,0xe7,0x1b,0xdf,0x1c,0xe7,0x1b,0xdf,0x1b,0xe7,0x1b,0xdf,0x1c,0xe7,0x1b,0xdf,0x1b,0xe7,0xfb,0xde,0x1b,0xe7,
    0xfb,0xde,0x1b,0xdf,0xfb,0xde,0x1b,0xe7,0xfb,0xde,0x1b,0xdf,0xfb,0xde,0x1b,0xe7,0xfb,0xde,0x1b,0xdf,0xfb,0xde,0x1b,0xdf,
    0xfb,0xde,0xfb,0xde,0xfb,0xde,0x1b,0xdf,0xfb,0xde,0xfb,0xde,0xfb,0xde,0x1b,0xdf,0xfb,0xde,0xfb,0xde,0xfb,0xde,0xfb,0xde,
    0xfb,0xde,0xfb,0xde,0xfb,0xde,0xfb,0xde,0xfb,0xde,0xfb,0xde,0xfa,0xde,0xfb,0xde,0x38,0xc6,0x04,0x21,0xa2,0x10,0xc3,0x18,
    0xe3,0x20,0x25,0x6a,0xa6,0x7a,0x28,0x93,0xa9,0xa3,0x2a,0xbc,0xab,0xc4,0x6f,0xdd,0xf1,0xed,0xd0,0xe5,0x6e,0xdd,0x0e,0xd5,
    0xac,0xc4,0x4a,0xbc,0xa9,0xa3,0x48,0x93,0xc6,0x82,0x45,0x72,0x81,0x18,0x00,0x00,0x00,0x00,0x00,0x00,0x00,0x00,0x00,0x00,
    0x00,0x00,0x00,0x00,0x00,0x00,0x00,0x00,0x00,0x00,0x00,0x00,0x00,0x00,0xe4,0x20,0x79,0xce,0x5c,0xef,0x5c,0xe7,0x5c,0xef,
    0x5c,0xe7,0x5c,0xef,0x5c,0xe7,0x5c,0xef,0x5c,0xe7,0x5c,0xe7,0x5c,0xe7,0x5c,0xef,0x5c,0xe7,0x5c,0xe7,0x5c,0xe7,0x5c,0xef,
    0x3c,0xe7,0x5c,0xe7,0x5c,0xe7,0x5c,0xe7,0x3c,0xe7,0x5c,0xe7,0x5c,0xe7,0x5c,0xe7,0x3c,0xe7,0x3c,0xe7,0x3c,0xe7,0x5c,0xe7,
    0x3c,0xe7,0x3c,0xe7,0x3c,0xe7,0x5c,0xe7,0x3b,0xe7,0x3c,0xe7,0x3c,0xe7,0x3c,0xe7,0x3b,0xe7,0x3c,0xe7,0x3c,0xe7,0x3c,0xe7,
    0x3b,0xe7,0x3c,0xe7,0x3b,0xe7,0x3c,0xe7,0x3b,0xe7,0x3c,0xe7,0x3b,0xe7,0x3c,0xe7,0x3b,0xe7,0x3c,0xe7,0x3b,0xe7,0x3c,0xe7,
    0x1b,0xdf,0x3c,0xe7,0x3b,0xe7,0x3c,0xe7,0x1b,0xdf,0x3c,0xe7,0x1b,0xdf,0x3c,0xe7,0x1b,0xdf,0x1c,0xe7,0x1b,0xdf,0x3c,0xe7,
    0x1b,0xdf,0x1b,0xe7,0x1b,0xdf,0x3c,0xe7,0x1b,0xdf,0x1b,0xe7,0x1b,0xdf,0x1c,0xe7,0x1b,0xdf,0x1b,0xe7,0x1b,0xdf,0x1b,0xe7,
    0x1b,0xdf,0x1b,0xdf,0x1b,0xdf,0x1b,0xe7,0x1b,0xdf,0x1b,0xdf,0x1b,0xdf,0x1b,0xe7,0x1b,0xdf,0x1b,0xdf,0x1b,0xdf,0x1b,0xdf,
    0xfb,0xde,0x1b,0xdf,0x1b,0xdf,0x1b,0xdf,0xfb,0xde,0x1b,0xdf,0xfb,0xde,0x1b,0xdf,0xfb,0xde,0xfb,0xde,0xfb,0xde,0x1b,0xdf,
    0xfb,0xde,0xfb,0xde,0xfb,0xde,0x1b,0xdf,0x79,0xce,0xf7,0xbd,0x75,0xad,0x95,0xb5,0x17,0xbe,0x9a,0xd6,0xfb,0xde,0xfb,0xde,
    0xfa,0xde,0xfb,0xde,0xfb,0xde,0xfb,0xde,0xfa,0xd6,0xfb,0xde,0xfa,0xde,0xfb,0xde,0xfa,0xd6,0xfb,0xde,0xfa,0xde,0xfb,0xde,
    0xda,0xd6,0xfb,0xde,0xfa,0xd6,0xfb,0xde,0xb9,0xce,0xc7,0x39,0xa2,0x10,0xc3,0x18,0xc2,0x18,0xe4,0x59,0x85,0x72,0x07,0x8b,
    0x88,0x9b,0x0a,0xb4,0x8b,0xc4,0x2e,0xd5,0xd0,0xe5,0xf1,0xed,0x8f,0xdd,0x2e,0xd5,0xac,0xcc,0x4b,0xbc,0xc9,0xab,0x68,0x9b,
    0xc6,0x82,0x45,0x72,0x02,0x31,0x00,0x00,0x00,0x00,0x00,0x00,0x00,0x00,0x00,0x00,0x00,0x00,0x00,0x00,0x00,0x00,0x00,0x00,
    0x00,0x00,0x00,0x00,0x00,0x00,0x00,0x00,0x82,0x10,0xd7,0xbd,0x5c,0xe7,0x7d,0xef,0x5c,0xef,0x5d,0xef,0x5c,0xe7,0x7d,0xef,
    0x5c,0xe7,0x5c,0xef,0x5c,0xe7,0x5d,0xef,0x5c,0xe7,0x5c,0xef,0x5c,0xe7,0x5c,0xef,0x5c,0xe7,0x5c,0xef,0x5c,0xe7,0x5c,0xef,
    0x5c,0xe7,0x5c,0xef,0x3c,0xe7,0x5c,0xef,0x5c,0xe7,0x5c,0xef,0x3c,0xe7,0x5c,0xef,0x5c,0xe7,0x5c,0xe7,0x3c,0xe7,0x5c,0xef,
    0x3c,0xe7,0x5c,0xe7,0x3c,0xe7,0x5c,0xe7,0x3c,0xe7,0x3c,0xe7,0x3c,0xe7,0x5c,0xe7,0x3c,0xe7,0x3c,0xe7,0x3c,0xe7,0x3c,0xe7,
    0x3c,0xe7,0x3c,0xe7,0x3b,0xe7,0x3c,0xe7,0x3c,0xe7,0x3c,0xe7,0x3b,0xe7,0x3c,0xe7,0x3c,0xe7,0x3c,0xe7,0x1b,0xe7,0x3c,0xe7,
    0x3c,0xe7,0x3c,0xe7,0x1b,0xe7,0x3c,0xe7,0x3b,0xe7,0x3c,0xe7,0x1b,0xdf,0x3c,0xe7,0x3b,0xe7,0x3c,0xe7,0x1b,0xdf,0x3c,0xe7,
    0x1b,0xe7,0x3c,0xe7,0x1b,0xdf,0x3c,0xe7,0x1b,0xdf,0x1c,0xe7,0x1b,0xdf,0x3c,0xe7,0x1b,0xdf,0x1c,0xe7,0x1b,0xdf,0x1c,0xe7,
    0x1b,0xdf,0x1c,0xe7,0x1b,0xdf,0x1c,0xe7,0x1b,0xdf,0x1b,0xe7,0x1b,0xdf,0x1c,0xe7,0x1b,0xdf,0x1b,0xe7,0xfb,0xde,0x1c,0xe7,
    0x1b,0xdf,0x1b,0xe7,0xfb,0xde,0x1b,0xe7,0x1b,0xdf,0x1b,0xdf,0x38,0xc6,0x34,0xad,0x30,0x84,0x4d,0x6b,0x28,0x42,0x45,0x29,
    0x41,0x08,0x00,0x00,0x00,0x00,0x00,0x00,0x00,0x00,0x00,0x00,0x00,0x00,0x82,0x10,0x49,0x4a,0xef,0x7b,0xf7,0xbd,0xfb,0xde,
    0xfb,0xde,0xfb,0xde,0xfb,0xde,0xfb,0xde,0xfb,0xde,0xfb,0xde,0xfb,0xde,0xfb,0xde,0xfb,0xde,0xfb,0xde,0xda,0xde,0xfb,0xde,
    0xfb,0xde,0xeb,0x5a,0xa3,0x18,0xc3,0x18,0xa3,0x18,0xa4,0x51,0x65,0x72,0xe7,0x8a,0x68,0x9b,0xea,0xb3,0x6a,0xc4,0x0d,0xd5,
    0xb0,0xe5,0x11,0xee,0x8f,0xdd,0x4e,0xdd,0xcc,0xcc,0x6b,0xc4,0xe9,0xab,0x88,0xa3,0xe7,0x8a,0x86,0x7a,0x63,0x49,0x00,0x00,
    0x00,0x00,0x00,0x00,0x00,0x00,0x00,0x00,0x00,0x00,0x00,0x00,0x00,0x00,0x00,0x00,0x00,0x00,0x00,0x00,0x00,0x00,0x00,0x00,
    0x00,0x00,0x00,0x00,0x34,0xa5,0x5c,0xef,0x5c,0xe7,0x5c,0xe7,0x5c,0xe7,0x5c,0xef,0x5c,0xe7,0x5c,0xe7,0x5c,0xe7,0x5c,0xe7,
    0x3c,0xe7,0x5c,0xe7,0x3c,0xe7,0x5c,0xe7,0x3c,0xe7,0x5c,0xe7,0x3c,0xe7,0x5c,0xe7,0x3b,0xe7,0x5c,0xe7,0x3c,0xe7,0x3c,0xe7,
    0x3b,0xe7,0x3c,0xe7,0x3c,0xe7,0x3c,0xe7,0x3b,0xe7,0x3c,0xe7,0x3b,0xe7,0x3c,0xe7,0x3b,0xe7,0x3c,0xe7,0x3b,0xe7,0x3c,0xe7,
    0x3b,0xe7,0x3c,0xe7,0x3b,0xe7,0x3c,0xe7,0x3b,0xdf,0x3c,0xe7,0x3b,0xe7,0x3c,0xe7,0x3b,0xdf,0x3c,0xe7,0x3b,0xdf,0x3c,0xe7,
    0x1b,0xdf,0x3c,0xe7,0x1b,0xdf,0x3c,0xe7,0x1b,0xdf,0x3c,0xe7,0x1b,0xdf,0x3c,0xe7,0x1b,0xdf,0x3c,0xe7,0x1b,0xdf,0x1c,0xe7,
    0x1b,0xdf,0x1b,0xe7,0x1b,0xdf,0x1c,0xe7,0x1b,0xdf,0x1b,0xe7,0x1b,0xdf,0x1c,0xe7,0x1b,0xdf,0x1b,0xe7,0x1b,0xdf,0x1b,0xe7,
    0x1b,0xdf,0x1b,0xdf,0x1b,0xdf,0x1b,0xe7,0x1b,0xdf,0x1b,0xdf,0x1b,0xdf,0x1b,0xe7,0x1b,0xdf,0x1b,0xdf,0x1b,0xdf,0x1b,0xdf,
    0xfb,0xde,0x1b,0xdf,0xfb,0xde,0x1b,0xdf,0xfb,0xde,0x1b,0xdf,0xfb,0xde,0x1b,0xdf,0xf7,0xbd,0x13,0xa5,0x0f,0x7c,0x2c,0x63,
    0x07,0x42,0x04,0x21,0x00,0x00,0x00,0x00,0x00,0x00,0x00,0x00,0x00,0x00,0x41,0x08,0x41,0x08,0x62,0x08,0x82,0x08,0xa3,0x10,
    0xa2,0x10,0xa3,0x10,0x82,0x10,0x82,0x10,0x41,0x08,0x41,0x08,0x00,0x00,0x00,0x00,0xc6,0x31,0x92,0x94,0xfa,0xde,0xfb,0xde,
    0xda,0xd6,0xfb,0xde,0xfa,0xd6,0xfb,0xde,0xda,0xd6,0xfb,0xde,0xfa,0xd6,0xfb,0xde,0xda,0xd6,0x51,0x8c,0xa2,0x10,0xc3,0x18,
    0xa2,0x10,0x43,0x39,0x45,0x6a,0xc6,0x82,0x47,0x93,0xc9,0xab,0x4a,0xbc,0xed,0xcc,0x8f,0xdd,0x11,0xee,0xaf,0xdd,0x4e,0xdd,
    0xec,0xcc,0x8b,0xc4,0x09,0xb4,0x89,0xa3,0x07,0x8b,0x86,0x7a,0xc4,0x59,0x20,0x08,0x00,0x00,0x00,0x00,0x00,0x00,0x00,0x00,
    0x00,0x00,0x00,0x00,0x00,0x00,0x00,0x00,0x00,0x00,0x00,0x00,0x00,0x00,0x00,0x00,0x00,0x00,0x00,0x00,0x00,0x00,0x72,0x94,
    0x5c,0xe7,0x5c,0xef,0x5c,0xe7,0x5c,0xef,0x5c,0xe7,0x5c,0xef,0x5c,0xe7,0x5c,0xef,0x5c,0xe7,0x5c,0xef,0x5c,0xe7,0x5c,0xef,
    0x5c,0xe7,0x5c,0xe7,0x3c,0xe7,0x5c,0xef,0x3c,0xe7,0x5c,0xe7,0x3c,0xe7,0x5c,0xef,0x3c,0xe7,0x5c,0xe7,0x3c,0xe7,0x5c,0xe7,
    0x3c,0xe7,0x5c,0xe7,0x3c,0xe7,0x5c,0xe7,0x3c,0xe7,0x3c,0xe7,0x3b,0xe7,0x3c,0xe7,0x3c,0xe7,0x3c,0xe7,0x3b,0xe7,0x3c,0xe7,
    0x3c,0xe7,0x3c,0xe7,0x3b,0xe7,0x3c,0xe7,0x3c,0xe7,0x3c,0xe7,0x3b,0xe7,0x3c,0xe7,0x3c,0xe7,0x3c,0xe7,0x3b,0xe7,0x3c,0xe7,
    0x3c,0xe7,0x3c,0xe7,0x1b,0xdf,0x3c,0xe7,0x1b,0xe7,0x3c,0xe7,0x1b,0xdf,0x3c,0xe7,0x1b,0xe7,0x3c,0xe7,0x1b,0xdf,0x3c,0xe7,
    0x1b,0xe7,0x3c,0xe7,0x1b,0xdf,0x3c,0xe7,0x1b,0xdf,0x1c,0xe7,0x1b,0xdf,0x1c,0xe7,0x1b,0xdf,0x1c,0xe7,0x1b,0xdf,0x1c,0xe7,
    0x1b,0xdf,0x1c,0xe7,0x1b,0xdf,0x1c,0xe7,0x1b,0xdf,0x1b,0xe7,0x1b,0xdf,0x1c,0xe7,0x1b,0xdf,0x1b,0xe7,0xf7,0xbd,0x13,0xa5,
    0xef,0x7b,0x0c,0x63,0x08,0x42,0x04,0x21,0x00,0x00,0x00,0x00,0x00,0x00,0x00,0x00,0x00,0x00,0x41,0x08,0x41,0x08,0x82,0x10,
    0x82,0x10,0xc3,0x18,0xc3,0x18,0x04,0x21,0xe4,0x18,0x04,0x21,0xe4,0x18,0x04,0x21,0xe4,0x18,0xe4,0x20,0xe4,0x18,0x25,0x21,
    0x25,0x21,0xe4,0x20,0xe4,0x18,0xc3,0x18,0x62,0x08,0x00,0x00,0x00,0x00,0x45,0x29,0xd6,0xb5,0xfb,0xde,0xfa,0xde,0xfb,0xde,
    0xfb,0xde,0xfb,0xde,0xda,0xd6,0xfb,0xde,0xfb,0xde,0xb6,0xb5,0xc3,0x18,0xc3,0x18,0xa3,0x18,0x03,0x29,0x25,0x6a,0xc6,0x82,
    0x27,0x93,0xa9,0xa3,0x2a,0xb4,0xcc,0xcc,0x6e,0xdd,0x11,0xee,0xd0,0xe5,0x6f,0xdd,0x0d,0xd5,0xac,0xcc,0x2a,0xb4,0xa9,0xab,
    0x27,0x93,0xa6,0x82,0x24,0x62,0x61,0x18,0x00,0x00,0x00,0x00,0x00,0x00,0x00,0x00,0x00,0x00,0x00,0x00,0x00,0x00,0x00,0x00,
    0x00,0x00,0x00,0x00,0x00,0x00,0x00,0x00,0x00,0x00,0x00,0x00,0x00,0x00,0x00,0x00,0x6d,0x6b,0x5c,0xef,0x5c,0xe7,0x5c,0xef,
    0x5c,0xe7,0x5c,0xe7,0x5c,0xe7,0x5c,0xef,0x3c,0xe7,0x5c,0xe7,0x5c,0xe7,0x5c,0xe7,0x3c,0xe7,0x5c,0xe7,0x3c,0xe7,0x5c,0xe7,
    0x3c,0xe7,0x3c,0xe7,0x3c,0xe7,0x5c,0xe7,0x3c,0xe7,0x3c,0xe7,0x3c,0xe7,0x5c,0xe7,0x3b,0xe7,0x3c,0xe7,0x3c,0xe7,0x3c,0xe7,
    0x3b,0xe7,0x3c,0xe7,0x3b,0xe7,0x3c,0xe7,0x3b,0xe7,0x3c,0xe7,0x3b,0xe7,0x3c,0xe7,0x3b,0xe7,0x3c,0xe7,0x3b,0xe7,0x3c,0xe7,
    0x3b,0xdf,0x3c,0xe7,0x3b,0xe7,0x3c,0xe7,0x1b,0xdf,0x3c,0xe7,0x3b,0xe7,0x3c,0xe7,0x1b,0xdf,0x3c,0xe7,0x1b,0xdf,0x3c,0xe7,
    0x1b,0xdf,0x1b,0xe7,0x1b,0xdf,0x3c,0xe7,0x1b,0xdf,0x1b,0xe7,0x1b,0xdf,0x3c,0xe7,0x1b,0xdf,0x1b,0xe7,0x1b,0xdf,0x1b,0xe7,
    0x1b,0xdf,0x1b,0xe7,0x1b,0xdf,0x1b,0xe7,0x1b,0xdf,0x1b,0xdf,0x1b,0xdf,0x1b,0xe7,0x1b,0xdf,0x1b,0xdf,0x1b,0xdf,0x1b,0xe7,
    0xd6,0xb5,0xd3,0x9c,0xcf,0x7b,0xeb,0x5a,0xc7,0x39,0xe3,0x18,0x00,0x00,0x00,0x00,0x00,0x00,0x00,0x00,0x00,0x00,0x41,0x08,
    0x41,0x08,0x82,0x10,0x82,0x10,0xc3,0x18,0xc3,0x18,0x04,0x19,0xe4,0x18,0x04,0x21,0xe4,0x18,0xe4,0x18,0xe4,0x18,0xe4,0x20,
    0x04,0x19,0x25,0x21,0x45,0x21,0x66,0x29,0x66,0x29,0xa7,0x31,0xc7,0x39,0xc8,0x39,0xc7,0x31,0xc7,0x39,0xc7,0x31,0x66,0x29,
    0xe3,0x18,0xe4,0x18,0xc3,0x18,0x82,0x10,0x00,0x00,0x00,0x00,0xce,0x73,0xfb,0xde,0xda,0xd6,0xfb,0xde,0xda,0xd6,0xfb,0xde,
    0xda,0xd6,0x79,0xce,0x45,0x29,0xc3,0x18,0xa2,0x10,0xe3,0x20,0x04,0x62,0x86,0x7a,0x07,0x8b,0x88,0xa3,0x09,0xb4,0xac,0xcc,
    0x2e,0xd5,0xf1,0xed,0xd0,0xe5,0x8f,0xdd,0x0d,0xd5,0xac,0xcc,0x4a,0xbc,0xc9,0xab,0x47,0x93,0xc6,0x82,0x45,0x6a,0xc2,0x28,
    0x00,0x00,0x00,0x00,0x00,0x00,0x00,0x00,0x00,0x00,0x00,0x00,0x00,0x00,0x00,0x00,0x00,0x00,0x00,0x00,0x00,0x00,0x00,0x00,
    0x00,0x00,0x00,0x00,0x00,0x00,0x00,0x00,0x00,0x00,0x69,0x4a,0x5c,0xef,0x5d,0xef,0x5c,0xe7,0x5c,0xef,0x5c,0xe7,0x5c,0xef,
    0x5c,0xe7,0x5c,0xef,0x3c,0xe7,0x5c,0xef,0x5c,0xe7,0x5c,0xef,0x3c,0xe7,0x5c,0xef,0x5c,0xe7,0x5c,0xef,0x3c,0xe7,0x5c,0xef,
    0x3c,0xe7,0x5c,0xe7,0x3c,0xe7,0x5c,0xef,0x3c,0xe7,0x5c,0xe7,0x3c,0xe7,0x5c,0xe7,0x3c,0xe7,0x3c,0xe7,0x3c,0xe7,0x5c,0xe7,
    0x3c,0xe7,0x3c,0xe7,0x3c,0xe7,0x3c,0xe7,0x3c,0xe7,0x3c,0xe7,0x3b,0xe7,0x3c,0xe7,0x3c,0xe7,0x3c,0xe7,0x3b,0xe7,0x3c,0xe7,
    0x3c,0xe7,0x3c,0xe7,0x1b,0xe7,0x3c,0xe7,0x3b,0xe7,0x3c,0xe7,0x1b,0xe7,0x3c,0xe7,0x3b,0xe7,0x3c,0xe7,0x1b,0xdf,0x3c,0xe7,
    0x1b,0xe7,0x3c,0xe7,0x1b,0xdf,0x3c,0xe7,0x1b,0xe7,0x3c,0xe7,0x1b,0xdf,0x3c,0xe7,0x1b,0xdf,0x1c,0xe7,0x1b,0xdf,0x3c,0xe7,
    0x1b,0xdf,0xdb,0xde,0xd6,0xb5,0xd3,0x9c,0xcf,0x7b,0xeb,0x5a,0xc7,0x39,0xc3,0x18,0x00,0x00,0x00,0x00,0x00,0x00,0x00,0x00,
    0x00,0x00,0x41,0x08,0x41,0x08,0x82,0x10,0xa3,0x10,0xc3,0x18,0xe3,0x18,0x04,0x21,0xe4,0x18,0x04,0x21,0xe4,0x18,0x04,0x21,
    0xe4,0x18,0x04,0x21,0x04,0x19,0x25,0x29,0x45,0x29,0x66,0x31,0x86,0x31,0xa7,0x39,0xc7,0x39,0xe8,0x39,0xc7,0x39,0xe8,0x39,
    0xc7,0x39,0xc8,0x39,0xc7,0x39,0xe8,0x39,0xc7,0x39,0xc8,0x39,0xc7,0x39,0xc8,0x39,0xc7,0x39,0x25,0x21,0xe3,0x18,0xe4,0x20,
    0xe4,0x18,0xc3,0x18,0x21,0x00,0x00,0x00,0x49,0x4a,0xda,0xd6,0xda,0xd6,0xfb,0xde,0xfb,0xde,0xdb,0xde,0x28,0x42,0xc3,0x18,
    0xa3,0x18,0xc3,0x18,0xc4,0x51,0x86,0x7a,0xe7,0x8a,0x88,0xa3,0xe9,0xab,0x8b,0xc4,0x2d,0xd5,0xd0,0xe5,0xf0,0xed,0xb0,0xe5,
    0x2e,0xd5,0xcc,0xcc,0x6a,0xbc,0xea,0xb3,0x68,0x9b,0xe7,0x8a,0x65,0x72,0x43,0x41,0x00,0x00,0x00,0x00,0x00,0x00,0x00,0x00,
    0x00,0x00,0x00,0x00,0x00,0x00,0x00,0x00,0x00,0x00,0x00,0x00,0x00,0x00,0x00,0x00,0x00,0x00,0x00,0x00,0x00,0x00,0x00,0x00,
    0x00,0x00,0x00,0x00,0x45,0x29,0x3c,0xe7,0x3c,0xe7,0x5c,0xe7,0x3c,0xe7,0x5c,0xe7,0x3c,0xe7,0x5c,0xe7,0x3c,0xe7,0x5c,0xe7,
    0x3b,0xe7,0x3c,0xe7,0x3c,0xe7,0x3c,0xe7,0x3b,0xe7,0x3c,0xe7,0x3c,0xe7,0x3c,0xe7,0x3b,0xe7,0x3c,0xe7,0x3b,0xe7,0x3c,0xe7,
    0x3b,0xe7,0x3c,0xe7,0x3b,0xe7,0x3c,0xe7,0x3b,0xe7,0x3c,0xe7,0x3b,0xe7,0x3c,0xe7,0x3b,0xdf,0x3c,0xe7,0x3b,0xe7,0x3c,0xe7,
    0x3b,0xdf,0x3c,0xe7,0x1b,0xdf,0x3c,0xe7,0x1b,0xdf,0x3c,0xe7,0x1b,0xdf,0x3c,0xe7,0x1b,0xdf,0x3c,0xe7,0x1b,0xdf,0x3c,0xe7,
    0x1b,0xdf,0x1c,0xe7,0x1b,0xdf,0x1c,0xe7,0x1b,0xdf,0x1b,0xe7,0x1b,0xdf,0x1c,0xe7,0x1b,0xdf,0x1b,0xe7,0x1b,0xdf,0x1c,0xe7,
    0x1b,0xdf,0x1b,0xe7,0x1b,0xdf,0xda,0xd6,0x95,0xad,0xb2,0x94,0xae,0x73,0xaa,0x52,0xa6,0x31,0xa2,0x10,0x00,0x00,0x00,0x00,
    0x00,0x00,0x00,0x00,0x20,0x00,0x41,0x08,0x41,0x08,0x62,0x10,0x82,0x10,0xc3,0x18,0xc3,0x18,0xe4,0x18,0xe4,0x18,0xe4,0x20,
    0xe4,0x18,0xe4,0x18,0xe4,0x18,0xe4,0x18,0x04,0x19,0x25,0x21,0x45,0x29,0x66,0x29,0x86,0x29,0xa7,0x31,0xc7,0x31,0xc7,0x39,
    0xc7,0x31,0xc7,0x39,0xc7,0x31,0xc7,0x39,0xc7,0x31,0xc7,0x39,0xc7,0x31,0xc7,0x39,0xc7,0x31,0xc7,0x39,0xc7,0x31,0xc7,0x39,
    0xc7,0x31,0xc7,0x39,0xa7,0x31,0xc7,0x39,0xa7,0x31,0xc7,0x39,0x45,0x29,0xe4,0x18,0xc3,0x18,0xc4,0x18,0xc3,0x18,0xe4,0x18,
    0x61,0x08,0x00,0x00,0xa6,0x31,0x99,0xce,0xda,0xd6,0xdb,0xde,0x8d,0x6b,0xc3,0x18,0xa2,0x10,0xa3,0x18,0x63,0x41,0x65,0x72,
    0xc6,0x82,0x48,0x9b,0xc9,0xab,0x4b,0xc4,0xec,0xcc,0xaf,0xe5,0x11,0xee,0xaf,0xe5,0x2e,0xd5,0xec,0xcc,0x6b,0xc4,0x0a,0xb4,
    0x68,0x9b,0x07,0x8b,0x65,0x72,0xa4,0x51,0x00,0x00,0x00,0x00,0x00,0x00,0x00,0x00,0x00,0x00,0x00,0x00,0x00,0x00,0x00,0x00,
    0x00,0x00,0x00,0x00,0x00,0x00,0x00,0x00,0x00,0x00,0x00,0x00,0x00,0x00,0x00,0x00,0x00,0x00,0x00,0x00,0x00,0x00,0x04,0x21,
    0x79,0xce,0x5c,0xef,0x5c,0xe7,0x5c,0xef,0x3c,0xe7,0x5c,0xe7,0x3c,0xe7,0x5c,0xef,0x3c,0xe7,0x5c,0xe7,0x3c,0xe7,0x5c,0xe7,
    0x3c,0xe7,0x5c,0xe7,0x3c,0xe7,0x5c,0xe7,0x3c,0xe7,0x5c,0xe7,0x3c,0xe7,0x3c,0xe7,0x3c,0xe7,0x3c,0xe7,0x3b,0xe7,0x3c,0xe7,
    0x3c,0xe7,0x3c,0xe7,0x3b,0xe7,0x3c,0xe7,0x3c,0xe7,0x3c,0xe7,0x3b,0xe7,0x3c,0xe7,0x3c,0xe7,0x3c,0xe7,0x3b,0xe7,0x3c,0xe7,
    0x3c,0xe7,0x3c,0xe7,0x1b,0xdf,0x3c,0xe7,0x1c,0xe7,0x3c,0xe7,0x1b,0xdf,0x3c,0xe7,0x1b,0xe7,0x3c,0xe7,0x1b,0xdf,0x3c,0xe7,
    0x1b,0xe7,0x3c,0xe7,0x1b,0xdf,0x3c,0xe7,0x1b,0xe7,0x9a,0xd6,0x95,0xad,0xb2,0x94,0x8e,0x73,0xaa,0x52,0x86,0x31,0xa2,0x10,
    0x00,0x00,0x00,0x00,0x00,0x00,0x00,0x00,0x21,0x08,0x41,0x08,0x41,0x08,0x82,0x10,0xa2,0x10,0xc3,0x18,0xe4,0x18,0x04,0x21,
    0xe4,0x18,0x04,0x21,0xe4,0x18,0x04,0x21,0xe4,0x18,0xe4,0x20,0x04,0x21,0x25,0x29,0x45,0x29,0x66,0x31,0x86,0x29,0xc7,0x39,
    0xc7,0x39,0xc8,0x39,0xc7,0x39,0xc8,0x39,0xc7,0x39,0xc8,0x39,0xc7,0x31,0xc8,0x39,0xc7,0x39,0xc7,0x39,0xc7,0x31,0xc8,0x39,
    0xc7,0x39,0xc7,0x39,0xc7,0x31,0xc8,0x39,0xc7,0x31,0xc7,0x39,0xc7,0x31,0xc7,0x39,0xc7,0x31,0xc7,0x39,0xc7,0x31,0xc7,0x39,
    0xa7,0x31,0xc7,0x39,0xa7,0x31,0x86,0x31,0xc3,0x18,0xe4,0x18,0xc3,0x18,0xe4,0x18,0xc3,0x18,0xc4,0x18,0x62,0x08,0x00,0x00,
    0x45,0x29,0x58,0xc6,0x13,0x9d,0xc3,0x18,0xa3,0x18,0xc3,0x18,0x23,0x31,0x45,0x72,0xc6,0x82,0x48,0x93,0xa9,0xa3,0x4b,0xbc,
    0xcc,0xcc,0x8f,0xdd,0x11,0xee,0xd0,0xe5,0x4e,0xdd,0x0d,0xd5,0x8b,0xc4,0x2a,0xbc,0xa8,0xa3,0x27,0x93,0xa6,0x7a,0x05,0x62,
    0x40,0x08,0x00,0x00,0x00,0x00,0x00,0x00,0x00,0x00,0x00,0x00,0x00,0x00,0x00,0x00,0x00,0x00,0x00,0x00,0x00,0x00,0x00,0x00,
    0x00,0x00,0x00,0x00,0x00,0x00,0x00,0x00,0x00,0x00,0x00,0x00,0x00,0x00,0x00,0x00,0x82,0x10,0xd7,0xbd,0x5c,0xe7,0x5c,0xe7,
    0x3c,0xe7,0x5c,0xe7,0x3c,0xe7,0x5c,0xe7,0x3c,0xe7,0x3c,0xe7,0x3c,0xe7,0x5c,0xe7,0x3c,0xe7,0x3c,0xe7,0x3c,0xe7,0x5c,0xe7,
    0x3b,0xe7,0x3c,0xe7,0x3c,0xe7,0x3c,0xe7,0x3b,0xe7,0x3c,0xe7,0x3b,0xe7,0x3c,0xe7,0x3b,0xe7,0x3c,0xe7,0x3b,0xe7,0x3c,0xe7,
    0x3b,0xe7,0x3c,0xe7,0x3b,0xe7,0x3c,0xe7,0x1b,0xdf,0x3c,0xe7,0x3b,0xe7,0x3c,0xe7,0x1b,0xdf,0x3c,0xe7,0x3b,0xdf,0x3c,0xe7,
    0x1b,0xdf,0x1c,0xe7,0x1b,0xdf,0x3c,0xe7,0x1b,0xdf,0x1b,0xe7,0x1b,0xdf,0x99,0xce,0x75,0xad,0x91,0x8c,0x6d,0x6b,0x8a,0x52,
    0x65,0x29,0x62,0x10,0x00,0x00,0x00,0x00,0x00,0x00,0x00,0x00,0x20,0x00,0x41,0x08,0x41,0x08,0x82,0x10,0xa2,0x10,0xc3,0x18,
    0xe3,0x18,0x04,0x19,0xe4,0x18,0xe4,0x20,0xe4,0x18,0xe4,0x18,0xe4,0x18,0xe4,0x20,0x04,0x19,0x25,0x21,0x45,0x21,0x66,0x29,
    0x86,0x29,0xa7,0x31,0xc7,0x39,0xc8,0x39,0xc7,0x31,0xc7,0x39,0xc7,0x39,0xc8,0x39,0xc7,0x31,0xc7,0x39,0xc7,0x31,0xc7,0x39,
    0xc7,0x31,0xc7,0x39,0xc7,0x31,0xc7,0x39,0xc7,0x31,0xc7,0x39,0xc7,0x31,0xc7,0x39,0xa7,0x31,0xc7,0x39,0xc7,0x31,0xc7,0x39,
    0xa7,0x31,0xc7,0x39,0xa7,0x31,0xc7,0x39,0xa7,0x31,0xa7,0x39,0xa7,0x31,0xc7,0x39,0xa7,0x31,0xa7,0x39,0xa7,0x31,0xc7,0x39,
    0x65,0x29,0xc3,0x18,0xc3,0x18,0xc4,0x18,0xc3,0x18,0xc3,0x18,0xc3,0x18,0xc4,0x18,0x82,0x10,0x00,0x00,0x24,0x21,0x04,0x21,
    0xa2,0x10,0xc3,0x18,0xe3,0x20,0x25,0x6a,0xa6,0x7a,0x27,0x93,0xa8,0xa3,0x2a,0xbc,0xab,0xc4,0x4e,0xdd,0xf0,0xed,0xd0,0xe5,
    0x6e,0xdd,0x0d,0xd5,0xab,0xc4,0x4a,0xbc,0xa8,0xa3,0x48,0x93,0xa6,0x7a,0x45,0x6a,0x81,0x18,0x00,0x00,0x00,0x00,0x00,0x00,
    0x00,0x00,0x00,0x00,0x00,0x00,0x00,0x00,0x00,0x00,0x00,0x00,0x00,0x00,0x00,0x00,0x00,0x00,0x00,0x00,0x00,0x00,0x00,0x00,
    0x00,0x00,0x00,0x00,0x00,0x00,0x00,0x00,0x00,0x00,0x00,0x00,0x54,0xad,0x5c,0xef,0x5c,0xe7,0x5c,0xef,0x3c,0xe7,0x5c,0xef,
    0x5c,0xe7,0x5c,0xe7,0x3c,0xe7,0x5c,0xef,0x3c,0xe7,0x5c,0xe7,0x3c,0xe7,0x5c,0xef,0x3c,0xe7,0x3c,0xe7,0x3c,0xe7,0x5c,0xe7,
    0x3c,0xe7,0x3c,0xe7,0x3c,0xe7,0x5c,0xe7,0x3c,0xe7,0x3c,0xe7,0x3c,0xe7,0x3c,0xe7,0x3c,0xe7,0x3c,0xe7,0x3b,0xe7,0x3c,0xe7,
    0x3c,0xe7,0x3c,0xe7,0x3b,0xe7,0x3c,0xe7,0x3c,0xe7,0x3c,0xe7,0x1b,0xe7,0x3c,0xe7,0x3b,0xe7,0x79,0xce,0x75,0xad,0x71,0x8c,
    0x6d,0x6b,0x69,0x52,0x45,0x29,0x62,0x10,0x00,0x00,0x00,0x00,0x00,0x00,0x00,0x00,0x21,0x08,0x41,0x08,0x61,0x08,0x83,0x10,
    0xa3,0x10,0xc4,0x18,0xe4,0x18,0x04,0x21,0xe4,0x18,0x04,0x21,0xe4,0x18,0x04,0x21,0xe4,0x18,0x04,0x21,0x04,0x21,0x45,0x29,
    0x45,0x29,0x66,0x31,0x86,0x31,0xc7,0x39,0xc7,0x39,0xe8,0x39,0xc7,0x39,0xe8,0x39,0xc7,0x39,0xc8,0x39,0xc7,0x39,0xe8,0x39,
    0xc7,0x39,0xc8,0x39,0xc7,0x39,0xc8,0x39,0xc7,0x39,0xc8,0x39,0xc7,0x39,0xc8,0x39,0xc7,0x39,0xc8,0x39,0xc7,0x31,0xc8,0x39,
    0xc7,0x39,0xc7,0x39,0xc7,0x39,0xe7,0x39,0xc7,0x39,0xc7,0x39,0xc7,0x39,0xc7,0x39,0xc7,0x39,0xc7,0x39,0xa7,0x31,0xc7,0x39,
    0xc7,0x31,0xc7,0x39,0xa7,0x31,0xc7,0x39,0xa7,0x31,0xc7,0x39,0xa7,0x31,0xc7,0x39,0xa7,0x31,0x05,0x21,0xc3,0x18,0xc4,0x18,
    0xc3,0x18,0xc4,0x18,0xc3,0x18,0xc4,0x18,0xc3,0x18,0xc4,0x18,0x62,0x08,0x00,0x00,0x41,0x08,0xc3,0x18,0xc3,0x18,0xe5,0x61,
    0x86,0x7a,0x07,0x8b,0x88,0x9b,0x0a,0xb4,0x8b,0xc4,0x4e,0xdd,0xd0,0xe5,0xf1,0xed,0x8f,0xdd,0x2e,0xd5,0xac,0xcc,0x6b,0xc4,
    0xc9,0xab,0x68,0x9b,0xc6,0x82,0x66,0x72,0xe2,0x30,0x00,0x00,0x00,0x00,0x00,0x00,0x00,0x00,0x00,0x00,0x00,0x00,0x00,0x00,
    0x00,0x00,0x00,0x00,0x00,0x00,0x00,0x00,0x00,0x00,0x00,0x00,0x00,0x00,0x00,0x00,0x00,0x00,0x00,0x00,0x00,0x00,0x00,0x00,
    0x00,0x00,0x00,0x00,0x00,0x00,0x92,0x94,0x3b,0xe7,0x3c,0xe7,0x3c,0xe7,0x3c,0xe7,0x3b,0xe7,0x3c,0xe7,0x3b,0xe7,0x3c,0xe7,
    0x3b,0xe7,0x3c,0xe7,0x3b,0xe7,0x3c,0xe7,0x3b,0xe7,0x3c,0xe7,0x3b,0xe7,0x3c,0xe7,0x3b,0xdf,0x3c,0xe7,0x3b,0xe7,0x3c,0xe7,
    0x3b,0xdf,0x3c,0xe7,0x3b,0xe7,0x3c,0xe7,0x1b,0xdf,0x3c,0xe7,0x1b,0xdf,0x3c,0xe7,0x1b,0xdf,0x3c,0xe7,0x1b,0xdf,0xfb,0xde,
    0x54,0xa5,0x50,0x8c,0x2c,0x63,0x49,0x4a,0x24,0x21,0x41,0x08,0x00,0x00,0x00,0x00,0x00,0x00,0x00,0x00,0x21,0x00,0x41,0x08,
    0x41,0x08,0x82,0x10,0xa3,0x10,0xc3,0x18,0xe4,0x18,0xe4,0x18,0xe4,0x18,0xe4,0x20,0xe4,0x18,0xe4,0x18,0xe4,0x18,0xe4,0x18,
    0x04,0x21,0x25,0x21,0x45,0x29,0x86,0x31,0x86,0x29,0xa7,0x31,0xc7,0x31,0xc7,0x39,0xc7,0x31,0xc7,0x39,0xc7,0x31,0xc7,0x39,
    0xc7,0x31,0xc7,0x39,0xc7,0x31,0xc7,0x39,0xc7,0x31,0xc7,0x39,0xc7,0x31,0xc7,0x39,0xc7,0x31,0xc7,0x39,0xa7,0x31,0xc7,0x39,
    0xa7,0x31,0xc7,0x39,0xa7,0x31,0xc7,0x39,0xa7,0x31,0xc7,0x39,0xc7,0x31,0xc7,0x39,0xc6,0x39,0xc7,0x39,0xc7,0x39,0xe7,0x41,
    0xc7,0x39,0xe7,0x39,0xc7,0x39,0xc7,0x39,0xc6,0x31,0xc7,0x39,0xa6,0x31,0xa7,0x39,0xa6,0x31,0xa7,0x31,0xa6,0x31,0xa7,0x39,
    0xa6,0x31,0xa7,0x31,0xa6,0x31,0xa7,0x31,0x86,0x31,0x25,0x21,0xc3,0x10,0xc3,0x18,0xa3,0x10,0xc3,0x18,0xc3,0x10,0xc3,0x18,
    0xa3,0x10,0xc3,0x18,0xa3,0x10,0x41,0x08,0x00,0x00,0x00,0x00,0x82,0x10,0xa4,0x51,0x65,0x72,0xe7,0x82,0x68,0x9b,0xe9,0xab,
    0x6a,0xbc,0x0d,0xd5,0xaf,0xdd,0x11,0xee,0x8f,0xdd,0x2e,0xd5,0xcc,0xcc,0x6b,0xc4,0xe9,0xab,0x68,0x9b,0xe6,0x82,0x66,0x72,
    0x63,0x41,0x00,0x00,0x00,0x00,0x00,0x00,0x00,0x00,0x00,0x00,0x00,0x00,0x00,0x00,0x00,0x00,0x00,0x00,0x00,0x00,0x00,0x00,
    0x00,0x00,0x00,0x00,0x00,0x00,0x00,0x00,0x00,0x00,0x00,0x00,0x00,0x00,0x00,0x00,0x00,0x00,0x00,0x00,0x00,0x00,0x00,0x00,
    0x8e,0x73,0x5c,0xef,0x3c,0xe7,0x5c,0xe7,0x3c,0xe7,0x5c,0xe7,0x3c,0xe7,0x5c,0xe7,0x3c,0xe7,0x5c,0xe7,0x3c,0xe7,0x3c,0xe7,
    0x3c,0xe7,0x3c,0xe7,0x3b,0xe7,0x3c,0xe7,0x3c,0xe7,0x3c,0xe7,0x3b,0xe7,0x3c,0xe7,0x3c,0xe7,0x3c,0xe7,0x3b,0xe7,0x3c,0xe7,
    0x3c,0xe7,0x3c,0xe7,0x3b,0xe7,0x3c,0xe7,0x3c,0xe7,0x55,0xad,0x6d,0x6b,0xc7,0x39,0x00,0x00,0x00,0x00,0x00,0x00,0x00,0x00,
    0x21,0x08,0x41,0x08,0x61,0x08,0xa3,0x10,0xa3,0x10,0xc4,0x18,0xe4,0x18,0x04,0x21,0xe4,0x18,0x04,0x21,0xe4,0x18,0x04,0x21,
    0xe4,0x18,0xe4,0x20,0x04,0x21,0x45,0x29,0x45,0x29,0x86,0x31,0x86,0x31,0xc7,0x39,0xc7,0x39,0xc8,0x39,0xc7,0x39,0xc8,0x39,
    0xc7,0x39,0xc8,0x39,0xc7,0x31,0xc8,0x39,0xc7,0x39,0xc7,0x39,0xc7,0x31,0xc8,0x39,0xc7,0x39,0xc7,0x39,0xc7,0x31,0xc8,0x39,
    0xc7,0x31,0xc7,0x39,0xc7,0x31,0xc7,0x39,0xc7,0x31,0xc7,0x39,0xa7,0x31,0xc7,0x39,0xa7,0x31,0xc7,0x39,0xa7,0x31,0xc7,0x39,
    0xa7,0x31,0xc7,0x39,0xc7,0x39,0xc7,0x39,0xc7,0x39,0xe7,0x41,0xe7,0x41,0x08,0x4a,0x07,0x42,0x07,0x4a,0xe7,0x41,0x07,0x4a,
    0xe7,0x41,0xe7,0x41,0xc6,0x39,0xc7,0x39,0xa7,0x39,0xc7,0x39,0xa6,0x31,0xa7,0x31,0x86,0x29,0x66,0x29,0x25,0x21,0x25,0x21,
    0xe4,0x18,0xc3,0x18,0xa3,0x10,0xc3,0x18,0xc3,0x18,0xc3,0x18,0xa3,0x10,0xc3,0x18,0xc3,0x10,0xc3,0x18,0xa3,0x10,0x82,0x10,
    0x00,0x00,0x00,0x00,0x00,0x00,0x03,0x31,0x45,0x72,0xe7,0x82,0x48,0x93,0xe9,0xab,0x4a,0xbc,0xed,0xd4,0x8f,0xdd,0x31,0xee,
    0xaf,0xe5,0x4e,0xdd,0xec,0xcc,0x8b,0xc4,0x0a,0xb4,0x89,0xa3,0x07,0x8b,0x86,0x7a,0xc4,0x59,0x21,0x08,0x00,0x00,0x00,0x00,
    0x00,0x00,0x00,0x00,0x00,0x00,0x00,0x00,0x00,0x00,0x00,0x00,0x00,0x00,0x00,0x00,0x00,0x00,0x00,0x00,0x00,0x00,0x00,0x00,
    0x00,0x00,0x00,0x00,0x00,0x00,0x00,0x00,0x00,0x00,0x00,0x00,0x00,0x00,0x00,0x00,0x00,0x00,0x69,0x4a,0x5c,0xe7,0x5c,0xe7,
    0x3b,0xe7,0x3c,0xe7,0x3c,0xe7,0x3c,0xe7,0x3b,0xe7,0x3c,0xe7,0x3c,0xe7,0x3c,0xe7,0x3b,0xe7,0x3c,0xe7,0x3b,0xe7,0x3c,0xe7,
    0x3b,0xe7,0x3c,0xe7,0x3b,0xe7,0x3c,0xe7,0x3b,0xe7,0x3c,0xe7,0x3b,0xe7,0x3c,0xe7,0x1b,0xdf,0x3c,0xe7,0x3b,0xe7,0x9a,0xd6,
    0xce,0x73,0xe3,0x18,0x00,0x00,0x00,0x00,0x20,0x00,0x62,0x10,0xa3,0x10,0xe4,0x18,0xe4,0x18,0xe4,0x18,0xe4,0x18,0xe4,0x20,
    0xe4,0x18,0xe4,0x18,0xe4,0x18,0xe4,0x20,0x04,0x21,0x25,0x21,0x45,0x29,0x86,0x31,0x86,0x31,0xa7,0x31,0xc7,0x39,0xc8,0x39,
    0xc7,0x31,0xc7,0x39,0xc7,0x39,0xc8,0x39,0xc7,0x31,0xc7,0x39,0xc7,0x31,0xc7,0x39,0xc7,0x31,0xc7,0x39,0xc7,0x31,0xc7,0x39,
    0xc7,0x31,0xc7,0x39,0xc7,0x31,0xc7,0x39,0xa7,0x31,0xc7,0x39,0xc7,0x31,0xc7,0x39,0xa7,0x31,0xc7,0x39,0xa7,0x31,0xc7,0x39,
    0xa7,0x31,0xa7,0x39,0xa7,0x31,0xc7,0x39,0xa7,0x31,0xa7,0x39,0xa7,0x31,0xc7,0x39,0xa7,0x31,0xc7,0x39,0xc7,0x39,0xe7,0x41,
    0xc7,0x39,0xe7,0x41,0x07,0x42,0x27,0x4a,0x27,0x4a,0x28,0x52,0x27,0x4a,0x27,0x52,0x07,0x4a,0x07,0x42,0xc6,0x39,0xa6,0x39,
    0x45,0x29,0x24,0x21,0x04,0x19,0xc4,0x18,0xc3,0x10,0xc3,0x18,0xa3,0x10,0xc3,0x18,0xa3,0x10,0xc3,0x18,0xa3,0x10,0xc3,0x18,
    0xa3,0x10,0xc3,0x18,0xa3,0x10,0xc3,0x18,0xa3,0x10,0xa3,0x18,0xa3,0x10,0x82,0x10,0x00,0x00,0x00,0x00,0x00,0x00,0xa1,0x20,
    0x24,0x6a,0xa6,0x82,0x27,0x93,0xa9,0xab,0x2a,0xb4,0xcc,0xcc,0x6e,0xdd,0x11,0xee,0xd0,0xe5,0x6e,0xdd,0xed,0xcc,0xac,0xcc,
    0x2a,0xb4,0xa9,0xa3,0x27,0x8b,0xa6,0x7a,0x04,0x62,0x61,0x10,0x00,0x00,0x00,0x00,0x00,0x00,0x00,0x00,0x00,0x00,0x00,0x00,
    0x00,0x00,0x00,0x00,0x00,0x00,0x00,0x00,0x00,0x00,0x00,0x00,0x00,0x00,0x00,0x00,0x00,0x00,0x00,0x00,0x00,0x00,0x00,0x00,
    0x00,0x00,0x00,0x00,0x00,0x00,0x00,0x00,0x00,0x00,0x00,0x00,0x45,0x29,0x5d,0xef,0x3c,0xe7,0x5c,0xe7,0x3c,0xe7,0x5c,0xe7,
    0x3c,0xe7,0x3c,0xe7,0x3c,0xe7,0x5c,0xe7,0x3c,0xe7,0x3c,0xe7,0x3c,0xe7,0x3c,0xe7,0x3c,0xe7,0x3c,0xe7,0x3b,0xe7,0x3c,0xe7,
    0x3c,0xe7,0x3c,0xe7,0x3b,0xe7,0x3c,0xe7,0x3c,0xe7,0x3c,0xe7,0x1b,0xe7,0x4d,0x6b,0x00,0x00,0x00,0x00,0x20,0x00,0xa3,0x10,
    0xe4,0x18,0x04,0x21,0xe4,0x18,0x04,0x21,0xe4,0x18,0x04,0x21,0x04,0x21,0x45,0x29,0x66,0x29,0x86,0x31,0x86,0x31,0xc7,0x39,
    0xc7,0x39,0xc8,0x39,0xc7,0x39,0xe8,0x39,0xc7,0x39,0xc8,0x39,0xc7,0x39,0xe8,0x39,0xc7,0x39,0xc8,0x39,0xc7,0x39,0xc8,0x39,
    0xc7,0x39,0xc8,0x39,0xc7,0x39,0xc8,0x39,0xc7,0x39,0xc8,0x39,0xc7,0x31,0xc8,0x39,0xc7,0x39,0xc7,0x39,0xa7,0x31,0xc8,0x39,
    0xc7,0x39,0xc7,0x39,0xa7,0x31,0xc7,0x39,0xc7,0x31,0xc7,0x39,0xa7,0x31,0xc7,0x39,0xc7,0x31,0xc7,0x39,0xa7,0x31,0xc7,0x39,
    0xa7,0x31,0xc7,0x39,0xa7,0x31,0xc7,0x39,0xa7,0x31,0xa7,0x39,0xa7,0x39,0xc7,0x41,0xe7,0x41,0x07,0x42,0x07,0x4a,0x48,0x52,
    0x27,0x52,0x27,0x52,0x06,0x52,0x06,0x52,0xe5,0x49,0xa5,0x41,0x64,0x39,0x65,0x31,0x24,0x29,0x04,0x21,0xe3,0x18,0xe4,0x20,
    0xc3,0x18,0xc3,0x18,0xa3,0x10,0xc3,0x18,0xa3,0x18,0xc3,0x18,0xa3,0x10,0xc3,0x18,0xa3,0x18,0xc3,0x18,0xa3,0x10,0xc3,0x18,
    0xa3,0x10,0xc3,0x18,0xa3,0x10,0xa3,0x18,0x20,0x00,0x00,0x00,0x00,0x00,0x61,0x10,0x04,0x62,0xa6,0x7a,0x07,0x8b,0xa9,0xa3,
    0x0a,0xb4,0xac,0xcc,0x4e,0xd5,0xf1,0xed,0xd0,0xe5,0x8f,0xdd,0x0d,0xd5,0xcc,0xcc,0x4a,0xbc,0xc9,0xab,0x48,0x93,0xc7,0x82,
    0x45,0x6a,0xa2,0x20,0x00,0x00,0x00,0x00,0x00,0x00,0x00,0x00,0x00,0x00,0x00,0x00,0x00,0x00,0x00,0x00,0x00,0x00,0x00,0x00,
    0x00,0x00,0x00,0x00,0x00,0x00,0x00,0x00,0x00,0x00,0x00,0x00,0x00,0x00,0x00,0x00,0x00,0x00,0x00,0x00,0x00,0x00,0x00,0x00,
    0x00,0x00,0x00,0x00,0x00,0x00,0x04,0x21,0x79,0xce,0x3c,0xe7,0x3b,0xe7,0x3c,0xe7,0x3b,0xe7,0x3c,0xe7,0x3b,0xe7,0x3c,0xe7,
    0x3b,0xdf,0x3c,0xe7,0x3b,0xe7,0x3c,0xe7,0x3b,0xdf,0x3c,0xe7,0x1b,0xdf,0x3c,0xe7,0x1b,0xdf,0x3c,0xe7,0x1b,0xdf,0x3c,0xe7,
    0x1b,0xdf,0x3c,0xe7,0x79,0xce,0xa6,0x31,0x00,0x00,0x41,0x08,0xa2,0x10,0xe4,0x18,0x04,0x19,0x45,0x29,0x45,0x29,0x86,0x31,
    0x86,0x29,0xa7,0x31,0xc7,0x31,0xc7,0x39,0xc7,0x31,0xc7,0x39,0xc7,0x31,0xc7,0x39,0xc7,0x31,0xc7,0x39,0xc7,0x31,0xc7,0x39,
    0xc7,0x31,0xc7,0x39,0xc7,0x31,0xc7,0x39,0xc7,0x31,0xc7,0x39,0xa7,0x31,0xc7,0x39,0xa7,0x31,0xc7,0x39,0xa7,0x31,0xc7,0x39,
    0xc7,0x31,0xc7,0x39,0xa7,0x31,0xc7,0x39,0xa7,0x31,0xa7,0x31,0xa7,0x31,0xa7,0x39,0xa7,0x31,0xa7,0x31,0xa7,0x31,0xa7,0x39,
    0xa6,0x31,0xa7,0x31,0xa7,0x31,0xa7,0x39,0xa6,0x31,0xa7,0x31,0xa6,0x31,0xa7,0x39,0xa6,0x31,0xa7,0x31,0xa6,0x31,0xa7,0x31,
    0xa6,0x31,0xa6,0x31,0x86,0x29,0x65,0x31,0x45,0x29,0x65,0x31,0x64,0x31,0x85,0x39,0xa4,0x41,0xe5,0x49,0x05,0x52,0x26,0x5a,
    0x25,0x52,0x05,0x52,0xe5,0x49,0xa5,0x49,0x84,0x39,0x44,0x31,0x03,0x29,0xe4,0x20,0xc3,0x18,0xc3,0x18,0xa3,0x10,0xa3,0x18,
    0xa2,0x10,0xa3,0x10,0xa3,0x10,0xa3,0x10,0xa2,0x10,0xa3,0x10,0xa2,0x10,0xa3,0x10,0xa2,0x10,0xa3,0x10,0xa2,0x10,0xa3,0x10,
    0x20,0x00,0x00,0x00,0x00,0x00,0x21,0x08,0xa3,0x51,0x86,0x72,0xe7,0x8a,0x88,0x9b,0xe9,0xab,0x8b,0xc4,0x0d,0xd5,0xd0,0xe5,
    0xf0,0xe5,0x8f,0xdd,0x2d,0xd5,0xcc,0xcc,0x4a,0xbc,0xe9,0xab,0x48,0x93,0xe7,0x82,0x45,0x72,0x22,0x39,0x00,0x00,0x00,0x00,
    0x00,0x00,0x00,0x00,0x00,0x00,0x00,0x00,0x00,0x00,0x00,0x00,0x00,0x00,0x00,0x00,0x00,0x00,0x00,0x00,0x00,0x00,0x00,0x00,
    0x00,0x00,0x00,0x00,0x00,0x00,0x00,0x00,0x00,0x00,0x00,0x00,0x00,0x00,0x00,0x00,0x00,0x00,0x00,0x00,0x00,0x00,0x00,0x00,
    0x82,0x10,0xf7,0xbd,0x3b,0xe7,0x3c,0xe7,0x3c,0xe7,0x3c,0xe7,0x3b,0xe7,0x3c,0xe7,0x3c,0xe7,0x3c,0xe7,0x3b,0xe7,0x3c,0xe7,
    0x3c,0xe7,0x3c,0xe7,0x3b,0xe7,0x3c,0xe7,0x3c,0xe7,0x3c,0xe7,0x3b,0xe7,0x3c,0xe7,0x1c,0xe7,0x3c,0xe7,0x95,0xad,0xa3,0x18,
    0x00,0x00,0x82,0x10,0xe4,0x18,0x45,0x29,0xa7,0x31,0xc8,0x39,0xc7,0x39,0xc8,0x39,0xc7,0x39,0xc8,0x39,0xc7,0x31,0xc8,0x39,
    0xc7,0x39,0xc7,0x39,0xc7,0x31,0xc8,0x39,0xc7,0x39,0xc7,0x39,0xc7,0x31,0xc8,0x39,0xc7,0x31,0xc7,0x39,0xc7,0x31,0xc7,0x39,
    0xc7,0x31,0xc7,0x39,0xc7,0x39,0xc7,0x39,0xc7,0x39,0xe7,0x39,0xc7,0x39,0xe7,0x39,0xc7,0x39,0xc7,0x39,0xc7,0x31,0xc7,0x39,
    0xa7,0x31,0xc7,0x39,0xa7,0x31,0xc7,0x39,0xa7,0x31,0xc7,0x39,0xa7,0x31,0xc7,0x39,0xa7,0x31,0xa7,0x39,0xa7,0x31,0xc7,0x39,
    0xa7,0x31,0xa7,0x39,0xa6,0x31,0xa7,0x31,0x66,0x29,0x66,0x29,0x25,0x21,0x25,0x21,0xe4,0x18,0xc3,0x18,0xa3,0x18,0xe3,0x18,
    0xe3,0x18,0x04,0x29,0x24,0x29,0x85,0x39,0xc5,0x41,0x05,0x52,0x25,0x5a,0x86,0x72,0x07,0x83,0x27,0x8b,0xc6,0x7a,0x66,0x6a,
    0x05,0x52,0xc5,0x49,0x84,0x39,0x44,0x31,0x03,0x29,0xe3,0x20,0xc3,0x18,0xc3,0x18,0xc3,0x18,0xc3,0x18,0xa3,0x10,0xc3,0x18,
    0xa3,0x10,0xa3,0x18,0xa2,0x10,0xa3,0x18,0xa3,0x10,0xa3,0x18,0xa2,0x10,0xa3,0x18,0x41,0x08,0x00,0x00,0x00,0x00,0x00,0x00,
    0x43,0x41,0x66,0x72,0xe6,0x82,0x68,0x9b,0xe9,0xab,0x6b,0xc4,0x0d,0xcd,0xb0,0xe5,0x11,0xee,0xb0,0xe5,0x4e,0xd5,0xed,0xd4,
    0x6b,0xc4,0x0a,0xb4,0x68,0x9b,0x07,0x8b,0x85,0x72,0xc4,0x51,0x00,0x00,0x00,0x00,0x00,0x00,0x00,0x00,0x00,0x00,0x00,0x00,
    0x00,0x00,0x00,0x00,0x00,0x00,0x00,0x00,0x00,0x00,0x00,0x00,0x00,0x00,0x00,0x00,0x00,0x00,0x00,0x00,0x00,0x00,0x00,0x00,
    0x00,0x00,0x00,0x00,0x00,0x00,0x00,0x00,0x00,0x00,0x00,0x00,0x00,0x00,0x00,0x00,0x00,0x00,0x21,0x08,0x54,0xad,0x3c,0xe7,
    0x3b,0xe7,0x3c,0xe7,0x3b,0xe7,0x3c,0xe7,0x3b,0xe7,0x3c,0xe7,0x3b,0xe7,0x3c,0xe7,0x3b,0xdf,0x3c,0xe7,0x3b,0xe7,0x3c,0xe7,
    0x1b,0xdf,0x3c,0xe7,0x3b,0xe7,0x3c,0xe7,0x1b,0xdf,0x3c,0xe7,0x75,0xad,0x00,0x00,0x20,0x00,0xc3,0x18,0xe3,0x18,0x04,0x21,
    0xc7,0x31,0xc7,0x39,0xc7,0x31,0xc7,0x39,0xc7,0x31,0xc7,0x39,0xc7,0x31,0xc7,0x39,0xc7,0x31,0xc7,0x39,0xc7,0x31,0xc7,0x39,
    0xa7,0x31,0xc7,0x39,0xc7,0x31,0xc7,0x39,0xa7,0x31,0xc7,0x39,0xa7,0x31,0xc7,0x39,0xc7,0x39,0xc7,0x39,0xe7,0x39,0xe7,0x41,
    0xe7,0x39,0xe7,0x41,0xe7,0x41,0xe7,0x41,0xe7,0x39,0xc7,0x41,0xc7,0x39,0xc7,0x39,0xa6,0x31,0xa7,0x39,0xa7,0x31,0xa7,0x39,
    0xa6,0x31,0xa7,0x31,0xa7,0x31,0xa7,0x39,0xa6,0x31,0x86,0x31,0x66,0x29,0x45,0x29,0x24,0x21,0x04,0x21,0xe3,0x18,0xc3,0x18,
    0xa3,0x10,0xc3,0x18,0xa3,0x10,0xc3,0x18,0xa3,0x10,0xc3,0x18,0xa3,0x10,0xc3,0x18,0xc3,0x18,0xe3,0x20,0x03,0x29,0x64,0x31,
    0x84,0x41,0xe5,0x51,0x45,0x5a,0x27,0x8b,0x2c,0xd5,0x94,0xf6,0x73,0xf6,0x2d,0xd5,0x47,0x8b,0x66,0x6a,0x05,0x52,0xc5,0x49,
    0x64,0x39,0x24,0x31,0x03,0x21,0xe3,0x20,0xc3,0x18,0xc3,0x18,0xc2,0x18,0xc3,0x18,0xa2,0x18,0xc3,0x18,0xa2,0x10,0xa3,0x18,
    0xa2,0x10,0xa3,0x10,0x82,0x10,0xa3,0x10,0x61,0x08,0x00,0x00,0x00,0x00,0x00,0x00,0xc1,0x28,0x45,0x6a,0xc6,0x82,0x48,0x93,
    0xa9,0xa3,0x4a,0xbc,0xcc,0xcc,0x8f,0xdd,0x11,0xee,0xb0,0xe5,0x4e,0xd5,0xed,0xd4,0x8b,0xc4,0x0a,0xb4,0x88,0xa3,0x27,0x8b,
    0x85,0x7a,0x04,0x62,0xa2,0x18,0x00,0x00,0x00,0x00,0x00,0x00,0x00,0x00,0x00,0x00,0x00,0x00,0x00,0x00,0x00,0x00,0x00,0x00,
    0x00,0x00,0x00,0x00,0x00,0x00,0x00,0x00,0x00,0x00,0x00,0x00,0x00,0x00,0x00,0x00,0x00,0x00,0x00,0x00,0x00,0x00,0x00,0x00,
    0x00,0x00,0x00,0x00,0x00,0x00,0x00,0x00,0x00,0x00,0x00,0x00,0x00,0x00,0xb2,0x94,0x3c,0xe7,0x3c,0xe7,0x3c,0xe7,0x3c,0xe7,
    0x3c,0xe7,0x3c,0xe7,0x3b,0xe7,0x3c,0xe7,0x3c,0xe7,0x3c,0xe7,0x3b,0xe7,0x3c,0xe7,0x3c,0xe7,0x3c,0xe7,0x1b,0xe7,0x3c,0xe7,
    0x3b,0xe7,0x3c,0xe7,0xf7,0xbd,0x62,0x10,0x41,0x08,0xe4,0x18,0xe3,0x18,0xe4,0x20,0x45,0x29,0xc8,0x39,0xc7,0x31,0xc8,0x39,
    0xc7,0x39,0xc7,0x39,0xc7,0x31,0xc8,0x39,0xc7,0x39,0xc7,0x39,0xa7,0x31,0xc8,0x39,0xc7,0x39,0xc7,0x39,0xa7,0x31,0xc7,0x39,
    0xc7,0x31,0xc7,0x39,0xa7,0x31,0xc7,0x39,0xc7,0x39,0xe7,0x41,0xe7,0x41,0x08,0x42,0x07,0x42,0x28,0x4a,0x07,0x4a,0x28,0x4a,
    0x27,0x4a,0x08,0x4a,0xe7,0x41,0x08,0x42,0xe7,0x41,0xc7,0x39,0xa6,0x39,0xa7,0x39,0x66,0x29,0x46,0x29,0x25,0x21,0x25,0x21,
    0xe4,0x18,0xc3,0x18,0xc3,0x18,0xc4,0x18,0xc3,0x18,0xc3,0x18,0xc3,0x10,0xc4,0x18,0xc3,0x18,0xc3,0x18,0xa3,0x10,0xc3,0x18,
    0xa3,0x18,0xc3,0x18,0xa3,0x10,0xc3,0x18,0xc3,0x18,0xe3,0x20,0xe3,0x20,0x44,0x31,0x64,0x39,0xc5,0x49,0x25,0x5a,0xe7,0x82,
    0x2d,0xd5,0x17,0xff,0x10,0xf6,0x10,0xf6,0xf6,0xfe,0x6e,0xe5,0x67,0x93,0x66,0x6a,0x05,0x52,0xc5,0x49,0x64,0x39,0x44,0x31,
    0x23,0x29,0x04,0x29,0xe3,0x20,0x04,0x21,0xe3,0x20,0xe3,0x20,0xc3,0x18,0xc3,0x18,0xa3,0x18,0xa3,0x18,0xa2,0x10,0xa3,0x18,
    0x82,0x10,0x00,0x00,0x00,0x00,0x00,0x00,0x61,0x18,0x25,0x6a,0xa6,0x7a,0x28,0x93,0xa9,0xa3,0x2a,0xbc,0xac,0xcc,0x6f,0xdd,
    0x11,0xee,0xf0,0xed,0x6e,0xdd,0x0d,0xd5,0xac,0xcc,0x4a,0xbc,0xa9,0xa3,0x48,0x93,0xa6,0x7a,0x45,0x6a,0xe3,0x20,0xa3,0x18,
    0x00,0x00,0x00,0x00,0x00,0x00,0x00,0x00,0x00,0x00,0x00,0x00,0x00,0x00,0x00,0x00,0x00,0x00,0x00,0x00,0x00,0x00,0x00,0x00,
    0x00,0x00,0x00,0x00,0x00,0x00,0x00,0x00,0x00,0x00,0x00,0x00,0x00,0x00,0x00,0x00,0x00,0x00,0x00,0x00,0x00,0x00,0x00,0x00,
    0x00,0x00,0x00,0x00,0x00,0x00,0x00,0x00,0x8e,0x73,0x3c,0xe7,0x3b,0xe7,0x3c,0xe7,0x3b,0xdf,0x3c,0xe7,0x1b,0xdf,0x3c,0xe7,
    0x1b,0xdf,0x3c,0xe7,0x1b,0xdf,0x3c,0xe7,0x1b,0xdf,0x3c,0xe7,0x1b,0xdf,0x3c,0xe7,0x1b,0xdf,0x1b,0xe7,0x58,0xc6,0xa3,0x18,
    0x20,0x00,0xc3,0x18,0xc3,0x18,0xe4,0x18,0xc3,0x18,0x45,0x29,0xa7,0x31,0xc7,0x39,0xa7,0x31,0xc7,0x31,0xa7,0x31,0xc7,0x39,
    0xa7,0x31,0xa7,0x31,0xa7,0x31,0xa7,0x39,0xa6,0x31,0xa7,0x31,0xa7,0x31,0xa7,0x39,0xa6,0x31,0xa7,0x31,0xa7,0x31,0xa7,0x39,
    0xc6,0x39,0xc7,0x39,0xe7,0x41,0x07,0x4a,0x07,0x4a,0x27,0x52,0x47,0x52,0x48,0x52,0x47,0x52,0x27,0x52,0xe6,0x49,0xc6,0x41,
    0x85,0x31,0x65,0x31,0x24,0x21,0xe3,0x20,0xc3,0x18,0xc3,0x18,0xa3,0x10,0xc3,0x18,0xa3,0x10,0xa3,0x18,0xa3,0x10,0xc3,0x18,
    0xa3,0x10,0xa3,0x10,0xa3,0x10,0xc3,0x18,0xa2,0x10,0xa3,0x10,0xa3,0x10,0xa3,0x18,0xa2,0x10,0xa3,0x10,0xa3,0x10,0xc3,0x18,
    0xa2,0x10,0xc3,0x18,0xe3,0x18,0x03,0x29,0x23,0x29,0x84,0x41,0xe5,0x51,0x66,0x6a,0xa7,0x9b,0xb4,0xfe,0xef,0xed,0x69,0xc4,
    0x49,0xbc,0x8d,0xed,0x17,0xff,0x69,0xc4,0xa6,0x72,0x46,0x62,0xe5,0x51,0xa5,0x49,0x64,0x39,0x64,0x39,0x43,0x31,0x44,0x31,
    0x23,0x29,0x03,0x29,0x03,0x21,0xe3,0x20,0xc2,0x18,0xc3,0x18,0xa2,0x10,0xa2,0x10,0x82,0x08,0x21,0x00,0x00,0x00,0x00,0x00,
    0x20,0x08,0xe4,0x59,0x85,0x72,0x07,0x8b,0x88,0x9b,0x0a,0xb4,0x8b,0xc4,0x2e,0xd5,0xd0,0xe5,0xf0,0xe5,0x6e,0xdd,0x2d,0xd5,
    0xab,0xc4,0x4a,0xbc,0xc9,0xab,0x48,0x9b,0xc6,0x82,0x45,0x72,0x23,0x31,0xa3,0x18,0xa2,0x10,0x21,0x08,0x00,0x00,0x00,0x00,
    0x00,0x00,0x00,0x00,0x00,0x00,0x00,0x00,0x00,0x00,0x00,0x00,0x00,0x00,0x00,0x00,0x00,0x00,0x00,0x00,0x00,0x00,0x00,0x00,
    0x00,0x00,0x00,0x00,0x00,0x00,0x00,0x00,0x00,0x00,0x00,0x00,0x00,0x00,0x00,0x00,0x00,0x00,0x00,0x00,0x00,0x00,0x00,0x00,
    0x00,0x00,0xaa,0x52,0x3c,0xe7,0x3c,0xe7,0x3c,0xe7,0x3c,0xe7,0x3b,0xe7,0x3c,0xe7,0x3c,0xe7,0x3c,0xe7,0x1b,0xdf,0x3c,0xe7,
    0x1b,0xe7,0x3c,0xe7,0x1b,0xdf,0x3c,0xe7,0x1b,0xe7,0x3c,0xe7,0x1b,0xdf,0x28,0x42,0x00,0x00,0xa3,0x18,0xc3,0x18,0xe4,0x18,
    0xc3,0x18,0xe4,0x18,0x04,0x21,0xc7,0x39,0xa7,0x31,0xc7,0x39,0xa7,0x31,0xc7,0x39,0xa7,0x31,0xc7,0x39,0xa7,0x31,0xc7,0x39,
    0xa7,0x31,0xc7,0x39,0xa7,0x31,0xc7,0x39,0xa7,0x31,0xa7,0x39,0xa7,0x31,0xc7,0x39,0xc7,0x39,0xe7,0x39,0xe7,0x39,0xe7,0x41,
    0xe6,0x41,0x06,0x4a,0x06,0x4a,0x06,0x52,0x05,0x52,0x05,0x52,0xe5,0x49,0xc5,0x49,0xa4,0x41,0x85,0x39,0x44,0x31,0x24,0x29,
    0x03,0x21,0xe4,0x20,0xc3,0x18,0xc3,0x18,0xa3,0x10,0xc3,0x18,0xa3,0x10,0xc3,0x18,0xa3,0x10,0xa3,0x18,0xa3,0x10,0xc3,0x18,
    0xa3,0x10,0xc3,0x18,0xa3,0x10,0xc3,0x18,0xc3,0x18,0xc3,0x18,0xc3,0x10,0xc3,0x18,0xc3,0x18,0xc3,0x18,0xc3,0x18,0x04,0x29,
    0x23,0x29,0x64,0x39,0xc4,0x49,0x26,0x5a,0xc6,0x72,0x09,0xb4,0x17,0xff,0x2b,0xe5,0xa8,0xa3,0xe9,0xab,0x69,0xc4,0x16,0xff,
    0x8d,0xe5,0x27,0x8b,0xa6,0x72,0x46,0x62,0x05,0x52,0xe5,0x51,0xc4,0x49,0xc5,0x49,0xa4,0x41,0x84,0x41,0x64,0x39,0x44,0x31,
    0x23,0x29,0x03,0x29,0xc3,0x18,0xc3,0x18,0xa2,0x10,0x41,0x08,0x00,0x00,0x00,0x00,0x00,0x00,0x83,0x51,0x65,0x72,0x07,0x8b,
    0x68,0x9b,0xea,0xb3,0x6a,0xc4,0x2e,0xd5,0xb0,0xe5,0x11,0xee,0x8f,0xdd,0x4e,0xdd,0xcc,0xcc,0x6b,0xc4,0xe9,0xab,0x68,0x9b,
    0xe7,0x82,0x66,0x72,0x83,0x49,0xc3,0x18,0xa2,0x10,0xc3,0x18,0x24,0x21,0x00,0x00,0x00,0x00,0x00,0x00,0x00,0x00,0x00,0x00,
    0x00,0x00,0x00,0x00,0x00,0x00,0x00,0x00,0x00,0x00,0x00,0x00,0x00,0x00,0x00,0x00,0x00,0x00,0x00,0x00,0x00,0x00,0x00,0x00,
    0x00,0x00,0x00,0x00,0x00,0x00,0x00,0x00,0x00,0x00,0x00,0x00,0x00,0x00,0x00,0x00,0x00,0x00,0x00,0x00,0x65,0x29,0x3c,0xe7,
    0x1b,0xdf,0x3c,0xe7,0x3b,0xe7,0x3c,0xe7,0x1b,0xdf,0x3c,0xe7,0x3b,0xdf,0x3c,0xe7,0x1b,0xdf,0x1c,0xe7,0x1b,0xdf,0x3c,0xe7,
    0x1b,0xdf,0x1b,0xe7,0x1b,0xdf,0xd3,0x9c,0x00,0x00,0x62,0x10,0xc3,0x18,0xc4,0x18,0xc3,0x18,0xc3,0x18,0xc3,0x18,0xe4,0x18,
    0xa6,0x31,0xa7,0x39,0xa7,0x31,0xa7,0x39,0xa7,0x31,0xa7,0x39,0xa7,0x31,0xa7,0x39,0xa6,0x31,0xa7,0x31,0xa7,0x31,0xa7,0x39,
    0xa6,0x31,0x86,0x31,0x65,0x29,0x45,0x29,0x24,0x21,0x24,0x29,0x04,0x21,0x24,0x29,0x44,0x31,0x85,0x41,0xc5,0x49,0x05,0x52,
    0x25,0x5a,0x46,0x62,0x45,0x62,0x46,0x62,0x25,0x5a,0xe5,0x51,0xa4,0x41,0x84,0x39,0x24,0x29,0x03,0x29,0xe3,0x20,0xc3,0x18,
    0xc3,0x18,0xc3,0x18,0xa3,0x10,0xc3,0x18,0xa3,0x10,0xc3,0x18,0xa3,0x18,0xc3,0x18,0xc3,0x18,0xc3,0x18,0xc3,0x18,0xe3,0x20,
    0xc3,0x18,0xc3,0x18,0xc2,0x18,0xc3,0x20,0xc3,0x18,0xe3,0x20,0xe3,0x20,0x03,0x21,0x03,0x29,0x44,0x31,0x84,0x39,0xe5,0x51,
    0x45,0x62,0xe7,0x82,0x49,0xbc,0x38,0xff,0x0a,0xdd,0xe8,0xab,0xe8,0xab,0x49,0xbc,0x72,0xfe,0x30,0xf6,0x67,0x93,0xe7,0x82,
    0xa6,0x72,0x66,0x6a,0x45,0x62,0x46,0x62,0x25,0x5a,0x25,0x5a,0xe4,0x51,0xe5,0x49,0x84,0x41,0x64,0x39,0x23,0x29,0xe3,0x20,
    0xc2,0x18,0x61,0x10,0x00,0x00,0x00,0x00,0x00,0x00,0x02,0x31,0x45,0x6a,0xc7,0x82,0x47,0x93,0xc9,0xab,0x4a,0xbc,0xed,0xd4,
    0x8f,0xdd,0x11,0xee,0xaf,0xdd,0x4e,0xdd,0xec,0xcc,0x8b,0xc4,0x09,0xb4,0x88,0xa3,0x07,0x8b,0x86,0x7a,0xc4,0x59,0xc3,0x18,
    0xa2,0x10,0xa3,0x18,0xa6,0x31,0xae,0x73,0x00,0x00,0x00,0x00,0x00,0x00,0x00,0x00,0x00,0x00,0x00,0x00,0x00,0x00,0x00,0x00,
    0x00,0x00,0x00,0x00,0x00,0x00,0x00,0x00,0x00,0x00,0x00,0x00,0x00,0x00,0x00,0x00,0x00,0x00,0x00,0x00,0x00,0x00,0x00,0x00,
    0x00,0x00,0x00,0x00,0x00,0x00,0x00,0x00,0x00,0x00,0x00,0x00,0x00,0x00,0x04,0x21,0x99,0xce,0x3c,0xe7,0x1b,0xe7,0x3c,0xe7,
    0x3c,0xe7,0x3c,0xe7,0x1b,0xe7,0x3c,0xe7,0x3b,0xe7,0x3c,0xe7,0x1b,0xdf,0x3c,0xe7,0x3b,0xe7,0x3c,0xe7,0x1b,0xdf,0xda,0xde,
    0xa2,0x10,0x41,0x08,0xc3,0x18,0xe4,0x18,0xc3,0x18,0xe4,0x18,0xc3,0x18,0xc4,0x18,0xc3,0x18,0x05,0x21,0x86,0x31,0xc7,0x39,
    0xa7,0x31,0xa7,0x39,0xa7,0x31,0x87,0x31,0x66,0x29,0x46,0x29,0x04,0x21,0x05,0x21,0xe4,0x18,0xc3,0x18,0xc3,0x18,0xc4,0x18,
    0xc3,0x18,0xe4,0x20,0xe3,0x20,0x24,0x29,0x44,0x31,0xa5,0x41,0xc5,0x49,0x26,0x5a,0x86,0x6a,0x48,0x93,0x4a,0xb4,0xed,0xcc,
    0xa8,0xa3,0xe7,0x7a,0x45,0x62,0x05,0x5a,0xc5,0x49,0x84,0x39,0x24,0x29,0x24,0x29,0xe3,0x20,0xe3,0x20,0xc3,0x18,0xc3,0x20,
    0xc3,0x18,0xe3,0x20,0xc3,0x18,0xe4,0x20,0xe3,0x20,0x04,0x21,0xe3,0x20,0x04,0x29,0x03,0x21,0x04,0x29,0x03,0x21,0x04,0x29,
    0x03,0x21,0x04,0x29,0x03,0x29,0x24,0x31,0x44,0x31,0x64,0x39,0x84,0x41,0xe5,0x51,0x25,0x5a,0x86,0x72,0xe7,0x82,0x6a,0xcc,
    0x16,0xff,0x6c,0xed,0x08,0xb4,0x29,0xbc,0x49,0xc4,0x72,0xfe,0x50,0xfe,0xc8,0xab,0x47,0x93,0x27,0x8b,0xe6,0x82,0xe7,0x82,
    0xc6,0x7a,0xc6,0x7a,0xa6,0x72,0x86,0x72,0x45,0x62,0x05,0x5a,0xa4,0x41,0x64,0x39,0x23,0x29,0xc2,0x18,0x00,0x00,0x00,0x00,
    0x00,0x00,0xa2,0x20,0x25,0x6a,0xc7,0x82,0x28,0x93,0xc9,0xab,0x2a,0xbc,0xed,0xcc,0x6f,0xdd,0x31,0xee,0xd0,0xe5,0x6f,0xdd,
    0xed,0xcc,0xac,0xcc,0x2a,0xb4,0xa9,0xa3,0x27,0x93,0xa6,0x82,0x04,0x62,0xe3,0x20,0xa3,0x18,0xc3,0x18,0x04,0x21,0xf7,0xbd,
    0xb2,0x94,0x00,0x00,0x00,0x00,0x00,0x00,0x00,0x00,0x00,0x00,0x00,0x00,0x00,0x00,0x00,0x00,0x00,0x00,0x00,0x00,0x00,0x00,
    0x00,0x00,0x00,0x00,0x00,0x00,0x00,0x00,0x00,0x00,0x00,0x00,0x00,0x00,0x00,0x00,0x00,0x00,0x00,0x00,0x00,0x00,0x00,0x00,
    0x00,0x00,0x00,0x00,0x00,0x00,0x00,0x00,0x82,0x10,0xf7,0xbd,0x1b,0xdf,0x3c,0xe7,0x1b,0xdf,0x3c,0xe7,0x1b,0xdf,0x1c,0xe7,
    0x1b,0xdf,0x1b,0xe7,0x1b,0xdf,0x1c,0xe7,0x1b,0xdf,0x1b,0xe7,0x1b,0xdf,0x1c,0xe7,0xce,0x73,0x00,0x00,0x82,0x10,0xc3,0x18,
    0xc3,0x10,0xc3,0x18,0xc3,0x10,0xc3,0x18,0xa3,0x10,0xc3,0x18,0xc3,0x10,0xc3,0x18,0xe3,0x18,0xe4,0x18,0xc3,0x18,0xc3,0x18,
    0xa3,0x10,0xa3,0x18,0xa3,0x10,0xc3,0x18,0xa3,0x10,0xa3,0x18,0xc3,0x10,0xc3,0x18,0xc3,0x10,0xc3,0x18,0xe3,0x18,0x04,0x29,
    0x23,0x29,0x64,0x39,0xc4,0x41,0x25,0x5a,0x86,0x6a,0xc9,0xa3,0x73,0xee,0x17,0xff,0xd5,0xf6,0x17,0xff,0x4d,0xdd,0x07,0x83,
    0x45,0x62,0x05,0x52,0xa4,0x41,0x64,0x39,0x23,0x29,0x03,0x29,0xe3,0x20,0xe3,0x20,0xe3,0x18,0xe3,0x20,0xe3,0x20,0x03,0x21,
    0x03,0x21,0x03,0x29,0x23,0x29,0x24,0x31,0x23,0x29,0x44,0x31,0x43,0x31,0x44,0x31,0x23,0x31,0x44,0x31,0x44,0x31,0x64,0x39,
    0x64,0x39,0x84,0x41,0xa4,0x41,0xe5,0x51,0x25,0x5a,0x86,0x6a,0xc6,0x7a,0x27,0x8b,0x28,0xbc,0x93,0xfe,0x0f,0xf6,0x69,0xc4,
    0x28,0xbc,0xa9,0xcc,0x72,0xf6,0x51,0xfe,0x08,0xb4,0xa8,0x9b,0x67,0x93,0x88,0x9b,0xa7,0xa3,0x08,0xb4,0x48,0xbc,0x49,0xbc,
    0xa7,0xa3,0x07,0x83,0x65,0x6a,0x05,0x5a,0xa4,0x41,0x23,0x31,0x20,0x00,0x00,0x00,0x00,0x00,0x61,0x10,0x04,0x62,0xa6,0x7a,
    0x07,0x8b,0x89,0xa3,0x0a,0xb4,0xac,0xcc,0x4e,0xd5,0xf1,0xed,0xd0,0xe5,0x6f,0xdd,0x0d,0xcd,0xac,0xcc,0x2a,0xbc,0xc9,0xab,
    0x27,0x93,0xc6,0x82,0x25,0x6a,0x03,0x31,0xa2,0x10,0xa3,0x18,0xa2,0x10,0xf3,0x9c,0x99,0xce,0x34,0xa5,0x41,0x08,0x00,0x00,
    0x00,0x00,0x00,0x00,0x00,0x00,0x00,0x00,0x00,0x00,0x00,0x00,0x00,0x00,0x00,0x00,0x00,0x00,0x00,0x00,0x00,0x00,0x00,0x00,
    0x00,0x00,0x00,0x00,0x00,0x00,0x00,0x00,0x00,0x00,0x00,0x00,0x00,0x00,0x00,0x00,0x00,0x00,0x00,0x00,0x00,0x00,0x00,0x00,
    0x00,0x00,0x41,0x08,0x55,0xad,0x3c,0xe7,0x1b,0xe7,0x3c,0xe7,0x1b,0xdf,0x3c,0xe7,0x1b,0xe7,0x3c,0xe7,0x1b,0xdf,0x3c,0xe7,
    0x1b,0xe7,0x3c,0xe7,0x1b,0xdf,0x3c,0xe7,0x1b,0xe7,0x04,0x21,0x21,0x00,0xc4,0x18,0xc3,0x18,0xc3,0x18,0xa3,0x10,0xc3,0x18,
    0xc3,0x18,0xc3,0x18,0xa3,0x10,0xc3,0x18,0xc3,0x10,0xc3,0x18,0xa3,0x10,0xc3,0x18,0xa3,0x10,0xc3,0x18,0xa3,0x10,0xc3,0x18,
    0xc3,0x18,0xc3,0x18,0xc3,0x18,0xc3,0x18,0xe3,0x18,0xe3,0x20,0xe3,0x20,0x24,0x29,0x24,0x29,0x64,0x39,0xa4,0x41,0x05,0x52,
    0x65,0x62,0x27,0x8b,0x10,0xee,0xb4,0xfe,0xea,0xdc,0xca,0xd4,0xad,0xf5,0x37,0xff,0x0b,0xdd,0xa6,0x72,0x45,0x62,0x05,0x52,
    0xa4,0x41,0x85,0x39,0x44,0x31,0x44,0x31,0x23,0x29,0x24,0x31,0x23,0x29,0x44,0x31,0x44,0x31,0x44,0x31,0x44,0x31,0x84,0x41,
    0x84,0x41,0xa5,0x41,0xa4,0x41,0xc5,0x49,0xa4,0x41,0xc5,0x49,0xa4,0x41,0xc5,0x49,0xc5,0x49,0xe5,0x51,0x05,0x52,0x46,0x62,
    0x66,0x6a,0xa6,0x72,0xe6,0x7a,0x27,0x8b,0x67,0x9b,0x09,0xbc,0xce,0xed,0xd5,0xfe,0xaa,0xd4,0x69,0xc4,0xea,0xdc,0xd5,0xfe,
    0xce,0xed,0x49,0xc4,0xc8,0xab,0xe9,0xb3,0x69,0xc4,0x8e,0xe5,0x52,0xf6,0xd5,0xfe,0xb4,0xfe,0x52,0xfe,0x0c,0xdd,0x68,0x9b,
    0x65,0x62,0xe5,0x51,0x61,0x10,0x21,0x08,0x00,0x00,0x41,0x08,0xa3,0x51,0x86,0x7a,0x07,0x8b,0x89,0xa3,0xe9,0xb3,0x8b,0xc4,
    0x2d,0xd5,0xd0,0xe5,0xf0,0xe5,0x8f,0xe5,0x2d,0xd5,0xcc,0xcc,0x4a,0xbc,0xea,0xab,0x68,0x9b,0xe7,0x82,0x65,0x72,0x64,0x41,
    0xa2,0x10,0xa3,0x18,0xa2,0x10,0x8e,0x73,0x99,0xce,0x9a,0xd6,0xb6,0xb5,0xc3,0x18,0x00,0x00,0x00,0x00,0x00,0x00,0x00,0x00,
    0x00,0x00,0x00,0x00,0x00,0x00,0x00,0x00,0x00,0x00,0x00,0x00,0x00,0x00,0x00,0x00,0x00,0x00,0x00,0x00,0x00,0x00,0x00,0x00,
    0x00,0x00,0x00,0x00,0x00,0x00,0x00,0x00,0x00,0x00,0x00,0x00,0x00,0x00,0x00,0x00,0x00,0x00,0x00,0x00,0x00,0x00,0xd3,0x9c,
    0x1b,0xdf,0x1b,0xe7,0x1b,0xdf,0x3c,0xe7,0x1b,0xdf,0x1b,0xe7,0x1b,0xdf,0x3c,0xe7,0x1b,0xdf,0x1b,0xe7,0x1b,0xdf,0x1c,0xe7,
    0x1b,0xdf,0x75,0xad,0x00,0x00,0x82,0x10,0xa3,0x10,0xc3,0x18,0xa3,0x10,0xc3,0x18,0xa3,0x10,0xc3,0x18,0xa3,0x10,0xc3,0x18,
    0xa3,0x10,0xc3,0x18,0xa3,0x10,0xc3,0x18,0xa3,0x10,0xa3,0x18,0xa3,0x10,0xc3,0x18,0xc3,0x10,0xc3,0x18,0xc3,0x18,0xe3,0x20,
    0xe3,0x18,0x03,0x21,0x03,0x21,0x24,0x29,0x23,0x29,0x64,0x39,0xa4,0x41,0xe5,0x51,0x25,0x5a,0xa6,0x72,0x48,0xbc,0x17,0xff,
    0x8c,0xed,0x29,0xbc,0xe8,0xab,0x69,0xc4,0x72,0xf6,0x71,0xfe,0x47,0x8b,0xa6,0x72,0x45,0x62,0x05,0x52,0xc4,0x49,0xa5,0x41,
    0x84,0x39,0x84,0x39,0x64,0x39,0x84,0x41,0x84,0x39,0x84,0x41,0xa4,0x41,0xc5,0x49,0xe4,0x51,0x05,0x5a,0x25,0x5a,0x46,0x62,
    0x25,0x5a,0x45,0x62,0x25,0x5a,0x46,0x62,0x45,0x62,0x46,0x62,0x65,0x6a,0xa6,0x72,0xc6,0x72,0x06,0x83,0x27,0x8b,0x67,0x9b,
    0x87,0x9b,0xa8,0xa3,0xe8,0xab,0xea,0xdc,0xf6,0xfe,0xad,0xed,0xa9,0xd4,0x2b,0xe5,0x17,0xff,0x2b,0xe5,0x48,0xbc,0x28,0xb4,
    0x89,0xcc,0x72,0xfe,0xf5,0xfe,0x30,0xf6,0xae,0xed,0xee,0xf5,0x51,0xf6,0x16,0xff,0x48,0xbc,0xa6,0x72,0xe2,0x28,0x21,0x08,
    0x20,0x00,0x00,0x00,0x43,0x41,0x65,0x72,0xe6,0x82,0x68,0x9b,0xe9,0xab,0x6b,0xc4,0x0d,0xcd,0xb0,0xe5,0x11,0xee,0xb0,0xe5,
    0x2d,0xd5,0xcc,0xcc,0x6b,0xc4,0x0a,0xb4,0x68,0x9b,0x07,0x8b,0x65,0x72,0xa4,0x51,0xa2,0x10,0xa3,0x18,0xa2,0x10,0x49,0x4a,
    0x79,0xce,0x9a,0xce,0x99,0xce,0x38,0xc6,0x04,0x21,0x00,0x00,0x00,0x00,0x00,0x00,0x00,0x00,0x00,0x00,0x00,0x00,0x00,0x00,
    0x00,0x00,0x00,0x00,0x00,0x00,0x00,0x00,0x00,0x00,0x00,0x00,0x00,0x00,0x00,0x00,0x00,0x00,0x00,0x00,0x00,0x00,0x00,0x00,
    0x00,0x00,0x00,0x00,0x00,0x00,0x00,0x00,0x00,0x00,0x00,0x00,0x00,0x00,0x00,0x00,0xcf,0x7b,0x3c,0xe7,0x1b,0xdf,0x3c,0xe7,
    0x1b,0xe7,0x3c,0xe7,0x1b,0xdf,0x3c,0xe7,0x1b,0xe7,0x3c,0xe7,0x1b,0xdf,0x3c,0xe7,0x1b,0xdf,0x1c,0xe7,0xaa,0x52,0x00,0x00,
    0xa3,0x10,0xc3,0x18,0xa3,0x10,0xc3,0x18,0xa3,0x18,0xc3,0x18,0xa3,0x10,0xc3,0x18,0xa3,0x10,0xc3,0x18,0xa3,0x10,0xc3,0x18,
    0xc3,0x18,0xc3,0x18,0xc3,0x18,0xc3,0x18,0xc3,0x18,0xe3,0x20,0xe3,0x18,0x04,0x21,0x03,0x21,0x24,0x29,0x24,0x29,0x44,0x31,
    0x64,0x39,0x84,0x41,0xa4,0x41,0x05,0x52,0x25,0x5a,0x86,0x72,0xe6,0x7a,0xca,0xd4,0x38,0xff,0xea,0xdc,0xe8,0xb3,0xe9,0xb3,
    0x08,0xb4,0xcf,0xf5,0xd5,0xfe,0x09,0xb4,0x07,0x83,0xa6,0x72,0x65,0x62,0x46,0x62,0x25,0x5a,0x05,0x5a,0x05,0x52,0x05,0x5a,
    0x05,0x52,0x05,0x5a,0x05,0x5a,0x46,0x62,0x45,0x62,0x86,0x72,0xa6,0x72,0xc7,0x7a,0xc6,0x7a,0xe7,0x82,0xc6,0x7a,0xe7,0x7a,
    0xc6,0x7a,0xe7,0x7a,0xe6,0x7a,0x07,0x8b,0x67,0x93,0x08,0xb4,0x49,0xc4,0x8a,0xcc,0x69,0xc4,0x49,0xc4,0x08,0xb4,0x29,0xbc,
    0x89,0xcc,0x10,0xf6,0xb4,0xfe,0x4b,0xed,0xef,0xf5,0xf6,0xfe,0xea,0xdc,0x49,0xc4,0x69,0xc4,0x0b,0xe5,0x38,0xff,0xac,0xfd,
    0x0a,0xe5,0xca,0xdc,0x0a,0xe5,0x51,0xfe,0xd5,0xfe,0x69,0xc4,0xe4,0x59,0x41,0x10,0x20,0x08,0x21,0x08,0xe2,0x28,0x65,0x72,
    0xc6,0x82,0x48,0x9b,0xc9,0xab,0x4b,0xc4,0xec,0xcc,0x8f,0xe5,0x11,0xee,0xd0,0xe5,0x4e,0xdd,0xed,0xd4,0x8b,0xc4,0x2a,0xbc,
    0x88,0xa3,0x27,0x93,0x86,0x7a,0x05,0x62,0xc3,0x18,0xc3,0x18,0xa2,0x10,0x66,0x31,0x38,0xc6,0x9a,0xd6,0x99,0xce,0x9a,0xd6,
    0xda,0xd6,0x86,0x31,0x00,0x00,0x00,0x00,0x00,0x00,0x00,0x00,0x00,0x00,0x00,0x00,0x00,0x00,0x00,0x00,0x00,0x00,0x00,0x00,
    0x00,0x00,0x00,0x00,0x00,0x00,0x00,0x00,0x00,0x00,0x00,0x00,0x00,0x00,0x00,0x00,0x00,0x00,0x00,0x00,0x00,0x00,0x00,0x00,
    0x00,0x00,0x00,0x00,0x00,0x00,0x00,0x00,0x00,0x00,0xaa,0x52,0x3b,0xe7,0x1c,0xe7,0x1b,0xdf,0x1b,0xe7,0x1b,0xdf,0x1c,0xe7,
    0x1b,0xdf,0x1b,0xe7,0x1b,0xdf,0x1b,0xe7,0x1b,0xdf,0x1b,0xdf,0x1b,0xdf,0xc3,0x18,0x41,0x00,0xa3,0x10,0xa3,0x10,0xa3,0x18,
    0xa2,0x10,0xa3,0x10,0xa3,0x10,0xa3,0x10,0xa2,0x10,0xa3,0x18,0xa2,0x10,0xc3,0x18,0xc3,0x18,0xc3,0x18,0xc3,0x18,0xe3,0x20,
    0xc3,0x20,0x03,0x21,0x03,0x21,0x04,0x29,0x03,0x29,0x24,0x31,0x43,0x31,0x84,0x39,0x84,0x41,0xc5,0x49,0xe5,0x49,0x25,0x5a,
    0x45,0x5a,0x86,0x6a,0xc6,0x7a,0x27,0x8b,0xc9,0xd4,0x58,0xff,0xca,0xd4,0x29,0xbc,0xe8,0xb3,0x09,0xb4,0x4c,0xe5,0x17,0xff,
    0x49,0xc4,0x47,0x93,0x06,0x83,0xe6,0x7a,0xc6,0x72,0xa6,0x72,0x86,0x72,0x86,0x72,0x85,0x6a,0x86,0x72,0x85,0x6a,0xa6,0x72,
    0xc6,0x72,0xe7,0x82,0x27,0x8b,0xa8,0xa3,0xe8,0xab,0x29,0xbc,0x28,0xbc,0x29,0xb4,0x87,0x9b,0x67,0x9b,0x47,0x93,0x87,0x9b,
    0x08,0xb4,0x8d,0xe5,0x93,0xf6,0x37,0xff,0x38,0xff,0xf6,0xfe,0x51,0xf6,0xca,0xdc,0x28,0xbc,0x69,0xc4,0xea,0xdc,0xb4,0xfe,
    0x51,0xfe,0xf6,0xfe,0x10,0xf6,0xaa,0xd4,0x28,0xbc,0x49,0xc4,0xa9,0xd4,0x93,0xfe,0xd5,0xfe,0xad,0xed,0x6c,0xed,0x93,0xfe,
    0xf6,0xfe,0xac,0xf5,0xa7,0xa3,0x81,0x18,0x40,0x08,0x20,0x08,0x81,0x18,0x25,0x6a,0xa6,0x7a,0x27,0x93,0xa8,0xa3,0x2a,0xbc,
    0xab,0xc4,0x6e,0xdd,0x11,0xee,0xd0,0xe5,0x6e,0xdd,0x0d,0xd5,0x8b,0xc4,0x2a,0xbc,0xa8,0xa3,0x27,0x93,0xa6,0x7a,0x25,0x6a,
    0xe2,0x20,0xa3,0x18,0xa2,0x10,0xc3,0x18,0x75,0xad,0x99,0xce,0x99,0xce,0x99,0xce,0x79,0xce,0xba,0xd6,0x8a,0x52,0x00,0x00,
    0x00,0x00,0x00,0x00,0x00,0x00,0x00,0x00,0x00,0x00,0x00,0x00,0x00,0x00,0x00,0x00,0x00,0x00,0x00,0x00,0x00,0x00,0x00,0x00,
    0x00,0x00,0x00,0x00,0x00,0x00,0x00,0x00,0x00,0x00,0x00,0x00,0x00,0x00,0x00,0x00,0x00,0x00,0x00,0x00,0x00,0x00,0x00,0x00,
    0x00,0x00,0x00,0x00,0x86,0x31,0x5c,0xe7,0x1b,0xe7,0x3c,0xe7,0x1b,0xdf,0x1c,0xe7,0x1b,0xdf,0x1c,0xe7,0x1b,0xdf,0x1c,0xe7,
    0x1b,0xdf,0x1c,0xe7,0x1b,0xdf,0xfb,0xde,0x00,0x00,0x62,0x10,0xa3,0x10,0xc3,0x18,0xa3,0x10,0xa3,0x18,0xa3,0x10,0xa3,0x18,
    0xa3,0x10,0xa3,0x18,0xa2,0x10,0xc3,0x18,0xc3,0x18,0xe3,0x20,0xe3,0x20,0x04,0x29,0x03,0x29,0x24,0x31,0x23,0x29,0x44,0x31,
    0x64,0x31,0x84,0x39,0x84,0x41,0xc5,0x49,0xe5,0x49,0x05,0x5a,0x25,0x5a,0x66,0x6a,0x86,0x6a,0xc7,0x7a,0xe6,0x7a,0x27,0x8b,
    0x67,0x93,0xaa,0xd4,0x16,0xff,0x6d,0xed,0x69,0xc4,0x29,0xbc,0x49,0xbc,0x6c,0xed,0x16,0xff,0xaa,0xd4,0x87,0x9b,0x88,0x9b,
    0x47,0x93,0x47,0x93,0x27,0x8b,0x47,0x93,0x67,0x93,0x67,0x9b,0x27,0x8b,0x27,0x8b,0x27,0x8b,0x67,0x9b,0xe8,0xab,0x0c,0xdd,
    0x10,0xee,0xb4,0xfe,0xb5,0xf6,0xd5,0xfe,0x93,0xfe,0x31,0xfe,0xa9,0xcc,0xc8,0xab,0x08,0xb4,0xaf,0xed,0x17,0xff,0x0f,0xfe,
    0x6b,0xf5,0x4b,0xed,0xac,0xf5,0x16,0xff,0xce,0xf5,0x69,0xc4,0x49,0xbc,0x8a,0xcc,0x4b,0xf5,0xd5,0xfe,0x37,0xff,0xad,0xfd,
    0xc9,0xd4,0xaa,0xcc,0x69,0xc4,0xaa,0xd4,0x8c,0xf5,0xb4,0xfe,0x38,0xff,0x59,0xff,0x38,0xff,0x16,0xff,0x73,0xee,0x85,0x39,
    0xa2,0x18,0x61,0x10,0x41,0x10,0xe5,0x61,0x86,0x7a,0x07,0x8b,0x88,0x9b,0x2a,0xb4,0x8b,0xc4,0x4e,0xdd,0xd0,0xe5,0xf1,0xed,
    0x8f,0xdd,0x2e,0xd5,0xac,0xc4,0x4b,0xc4,0xc9,0xab,0x48,0x9b,0xc6,0x82,0x45,0x72,0x23,0x31,0xa3,0x18,0xa2,0x10,0xc3,0x18,
    0x50,0x84,0x9a,0xce,0x99,0xce,0x9a,0xd6,0x99,0xce,0x9a,0xce,0x99,0xce,0xae,0x73,0x00,0x00,0x00,0x00,0x00,0x00,0x00,0x00,
    0x00,0x00,0x00,0x00,0x00,0x00,0x00,0x00,0x00,0x00,0x00,0x00,0x00,0x00,0x00,0x00,0x00,0x00,0x00,0x00,0x00,0x00,0x00,0x00,
    0x00,0x00,0x00,0x00,0x00,0x00,0x00,0x00,0x00,0x00,0x00,0x00,0x00,0x00,0x00,0x00,0x00,0x00,0x00,0x00,0x00,0x00,0x04,0x21,
    0x99,0xce,0x1b,0xe7,0x1b,0xdf,0x1b,0xe7,0x1b,0xdf,0x1b,0xdf,0x1b,0xdf,0x1b,0xe7,0x1b,0xdf,0x1b,0xdf,0x1b,0xdf,0x1b,0xe7,
    0xb5,0xb5,0x00,0x00,0x62,0x08,0xa3,0x18,0xa2,0x10,0xa3,0x10,0xa2,0x10,0xa3,0x10,0xa2,0x10,0xa3,0x18,0xa2,0x10,0xc3,0x18,
    0xc3,0x18,0xe3,0x20,0x03,0x21,0x24,0x29,0x23,0x31,0x64,0x39,0x64,0x39,0x84,0x41,0xa4,0x41,0xc5,0x49,0xe4,0x49,0x05,0x5a,
    0x25,0x5a,0x66,0x62,0x86,0x6a,0xc6,0x7a,0x26,0x83,0x67,0x93,0x67,0x93,0x67,0x93,0x67,0x93,0xa8,0xa3,0x69,0xc4,0x73,0xfe,
    0x30,0xf6,0xaa,0xd4,0x49,0xbc,0x89,0xcc,0x8d,0xed,0xf6,0xfe,0xc9,0xd4,0xe8,0xab,0xc8,0xab,0x08,0xb4,0xa9,0xd4,0x6b,0xed,
    0x0f,0xf6,0x30,0xf6,0x0b,0xdd,0x49,0xbc,0x87,0x9b,0xa8,0xa3,0x69,0xc4,0x92,0xfe,0x17,0xff,0xb4,0xfe,0x10,0xf6,0xce,0xf5,
    0xce,0xf5,0x51,0xfe,0x16,0xff,0xce,0xf5,0xe8,0xb3,0x29,0xbc,0x31,0xf6,0x93,0xfe,0x2a,0xed,0x69,0xcc,0xa9,0xcc,0xef,0xf5,
    0x16,0xff,0x6c,0xed,0x89,0xcc,0xca,0xdc,0x2a,0xe5,0x50,0xfe,0xd4,0xfe,0x51,0xf6,0x37,0xff,0xd5,0xfe,0x72,0xf6,0xf5,0xfe,
    0x17,0xff,0x17,0xff,0xb4,0xf6,0x10,0xf6,0x2b,0xe5,0x2b,0xe5,0x8d,0xe5,0xe5,0x51,0x81,0x10,0x81,0x10,0x40,0x08,0xa4,0x51,
    0x65,0x72,0xe7,0x8a,0x68,0x9b,0xea,0xb3,0x6a,0xc4,0x0d,0xd5,0xb0,0xe5,0xf1,0xed,0x8f,0xdd,0x2e,0xd5,0xcc,0xcc,0x6b,0xc4,
    0xe9,0xab,0x68,0x9b,0xe6,0x82,0x66,0x72,0x43,0x41,0xa3,0x18,0xa2,0x10,0xa3,0x18,0xaa,0x52,0x99,0xce,0x99,0xce,0x9a,0xce,
    0x79,0xce,0x79,0xce,0x79,0xce,0x99,0xce,0x91,0x8c,0x00,0x00,0x00,0x00,0x00,0x00,0x00,0x00,0x00,0x00,0x00,0x00,0x00,0x00,
    0x00,0x00,0x00,0x00,0x00,0x00,0x00,0x00,0x00,0x00,0x00,0x00,0x00,0x00,0x00,0x00,0x00,0x00,0x00,0x00,0x00,0x00,0x00,0x00,
    0x00,0x00,0x00,0x00,0x00,0x00,0x00,0x00,0x00,0x00,0x00,0x00,0x00,0x00,0x00,0x00,0xa3,0x18,0x17,0xc6,0x1b,0xdf,0x3c,0xe7,
    0x1b,0xdf,0x1c,0xe7,0x1b,0xdf,0x3c,0xe7,0x1b,0xdf,0x1c,0xe7,0x1b,0xdf,0x1c,0xe7,0x1b,0xdf,0xb2,0x94,0x00,0x00,0x83,0x10,
    0xa3,0x10,0xa3,0x18,0xa2,0x10,0xa3,0x18,0xa3,0x10,0xa3,0x18,0xa2,0x10,0xc3,0x18,0xc3,0x18,0xe3,0x20,0x03,0x29,0x44,0x31,
    0x64,0x39,0xa4,0x41,0xc4,0x49,0x05,0x52,0x05,0x52,0x25,0x5a,0x45,0x62,0x66,0x6a,0x86,0x6a,0xc6,0x72,0x06,0x83,0xa8,0xa3,
    0x49,0xbc,0xaa,0xd4,0x2c,0xdd,0x0c,0xdd,0xa9,0xcc,0x29,0xbc,0xc8,0xab,0x49,0xc4,0xad,0xed,0xf6,0xfe,0x2a,0xe5,0x89,0xcc,
    0xa9,0xd4,0x71,0xfe,0x72,0xf6,0xaa,0xd4,0x28,0xb4,0x49,0xc4,0x4b,0xe5,0xd4,0xfe,0x17,0xff,0xd4,0xfe,0x93,0xfe,0x38,0xff,
    0xae,0xf5,0x29,0xbc,0x08,0xb4,0x4c,0xe5,0x37,0xff,0xcc,0xfd,0x4a,0xed,0x0b,0xe5,0xca,0xdc,0x2b,0xed,0x0f,0xfe,0x37,0xff,
    0x6c,0xed,0x49,0xc4,0x49,0xc4,0x4b,0xed,0x72,0xfe,0xf6,0xfe,0x71,0xfe,0xf6,0xfe,0x58,0xff,0x51,0xfe,0xef,0xf5,0x52,0xf6,
    0xb4,0xfe,0x17,0xff,0x93,0xfe,0x0a,0xe5,0x89,0xcc,0xca,0xd4,0x8d,0xe5,0x31,0xf6,0xee,0xfd,0x8c,0xf5,0xea,0xdc,0x8a,0xcc,
    0x28,0xb4,0xc8,0xab,0x87,0x9b,0xe4,0x51,0x41,0x10,0x41,0x10,0x40,0x08,0x43,0x41,0x45,0x72,0xe7,0x8a,0x48,0x93,0xea,0xab,
    0x4a,0xbc,0x0d,0xd5,0x8f,0xdd,0x11,0xee,0xaf,0xe5,0x4e,0xdd,0xec,0xcc,0x8b,0xc4,0x0a,0xb4,0x89,0xa3,0x07,0x8b,0x86,0x7a,
    0xa4,0x51,0x41,0x08,0xa2,0x10,0xc3,0x18,0xa6,0x31,0x59,0xce,0x79,0xce,0x9a,0xd6,0x99,0xce,0x9a,0xce,0x79,0xce,0x9a,0xce,
    0x79,0xce,0x34,0xa5,0x41,0x08,0x00,0x00,0x00,0x00,0x00,0x00,0x00,0x00,0x00,0x00,0x00,0x00,0x00,0x00,0x00,0x00,0x00,0x00,
    0x00,0x00,0x00,0x00,0x00,0x00,0x00,0x00,0x00,0x00,0x00,0x00,0x00,0x00,0x00,0x00,0x00,0x00,0x00,0x00,0x00,0x00,0x00,0x00,
    0x00,0x00,0x00,0x00,0x00,0x00,0x00,0x00,0x00,0x00,0x41,0x08,0x75,0xad,0x1b,0xe7,0x1b,0xdf,0x1b,0xdf,0x1b,0xdf,0x1b,0xe7,
    0x1b,0xdf,0x1b,0xdf,0x1b,0xdf,0x1b,0xdf,0xfb,0xde,0x1b,0xdf,0x30,0x84,0x00,0x00,0x62,0x08,0x82,0x10,0x82,0x10,0xa3,0x10,
    0x82,0x10,0x82,0x10,0x82,0x10,0xa3,0x18,0xa2,0x10,0xe3,0x20,0x03,0x21,0x44,0x31,0x64,0x39,0xc5,0x49,0x05,0x52,0x45,0x62,
    0x65,0x62,0x86,0x72,0xa6,0x72,0xc6,0x7a,0xc6,0x7a,0x07,0x83,0x47,0x93,0x89,0xcc,0x30,0xf6,0xd5,0xfe,0x17,0xff,0xf6,0xfe,
    0x17,0xff,0xf6,0xfe,0x4c,0xe5,0x29,0xbc,0x28,0xbc,0xca,0xd4,0xb4,0xfe,0x30,0xfe,0xc9,0xdc,0x0a,0xe5,0xd4,0xfe,0x0f,0xfe,
    0x48,0xc4,0x49,0xbc,0x89,0xcc,0xd4,0xfe,0x50,0xf6,0x0a,0xe5,0xa9,0xd4,0x2b,0xed,0x51,0xfe,0x93,0xfe,0x69,0xc4,0x49,0xbc,
    0xe9,0xdc,0xf6,0xfe,0xf6,0xfe,0x51,0xf6,0x6c,0xe5,0x6c,0xed,0x92,0xf6,0x17,0xff,0xac,0xf5,0xea,0xdc,0xc9,0xd4,0x2c,0xe5,
    0xce,0xed,0x72,0xfe,0xf6,0xfe,0xd5,0xfe,0x72,0xf6,0xb4,0xfe,0xd5,0xf6,0xb4,0xfe,0x72,0xf6,0xee,0xf5,0xea,0xdc,0x69,0xc4,
    0x87,0x9b,0x47,0x93,0x47,0x93,0x87,0x9b,0x67,0x93,0x47,0x93,0x27,0x8b,0x47,0x8b,0x27,0x8b,0x48,0x8b,0x48,0x8b,0x66,0x6a,
    0x40,0x08,0x41,0x08,0x20,0x08,0xc2,0x28,0x24,0x6a,0xc6,0x82,0x27,0x93,0xc9,0xab,0x2a,0xb4,0xcc,0xcc,0x6e,0xdd,0x31,0xee,
    0xaf,0xdd,0x6e,0xdd,0xec,0xcc,0x8b,0xc4,0x09,0xb4,0xa9,0xa3,0x07,0x8b,0xa6,0x7a,0x04,0x62,0x41,0x10,0x00,0x00,0xa3,0x18,
    0xe3,0x18,0xd7,0xb5,0x79,0xce,0x99,0xce,0x79,0xce,0x79,0xce,0x79,0xce,0x79,0xce,0x79,0xc6,0x79,0xce,0x95,0xad,0xa3,0x18,
    0x00,0x00,0x00,0x00,0x00,0x00,0x00,0x00,0x00,0x00,0x00,0x00,0x00,0x00,0x00,0x00,0x00,0x00,0x00,0x00,0x00,0x00,0x00,0x00,
    0x00,0x00,0x00,0x00,0x00,0x00,0x00,0x00,0x00,0x00,0x00,0x00,0x00,0x00,0x00,0x00,0x00,0x00,0x00,0x00,0x00,0x00,0x00,0x00,
    0x00,0x00,0x00,0x00,0x00,0x00,0xf3,0x9c,0x1b,0xdf,0x1c,0xe7,0x1b,0xdf,0x1c,0xe7,0x1b,0xdf,0x1c,0xe7,0x1b,0xdf,0x1c,0xe7,
    0x1b,0xdf,0x1b,0xe7,0x1b,0xdf,0x92,0x94,0x00,0x00,0x82,0x10,0x82,0x10,0xa3,0x10,0x82,0x10,0x83,0x10,0x82,0x10,0xa3,0x18,
    0xa2,0x18,0xc3,0x20,0xe3,0x20,0x44,0x31,0x84,0x39,0xe5,0x51,0x25,0x5a,0x86,0x72,0xe6,0x82,0x68,0x9b,0x67,0x9b,0x88,0x9b,
    0x87,0x9b,0x67,0x9b,0x87,0x9b,0x49,0xbc,0x72,0xfe,0x16,0xff,0x10,0xf6,0x4b,0xe5,0x0a,0xe5,0x0a,0xe5,0x72,0xfe,0xb3,0xfe,
    0xa9,0xcc,0x49,0xc4,0x69,0xc4,0xce,0xf5,0x17,0xff,0xad,0xf5,0xcd,0xf5,0x59,0xff,0x4b,0xed,0x69,0xcc,0x49,0xc4,0xca,0xd4,
    0x93,0xfe,0x93,0xfe,0x2a,0xed,0x0a,0xe5,0xce,0xf5,0x38,0xff,0xad,0xf5,0xaa,0xd4,0x69,0xcc,0xaa,0xd4,0x6b,0xed,0x93,0xfe,
    0x38,0xff,0x58,0xff,0x38,0xff,0x59,0xff,0xf6,0xfe,0xf5,0xfe,0xf6,0xfe,0x38,0xff,0x17,0xff,0x93,0xfe,0xef,0xf5,0x4b,0xed,
    0xca,0xd4,0x8a,0xcc,0x49,0xc4,0x49,0xc4,0x28,0xbc,0x08,0xb4,0x87,0xa3,0x47,0x93,0x27,0x8b,0x27,0x8b,0x07,0x83,0x28,0x83,
    0x08,0x83,0x08,0x83,0xe7,0x7a,0xe7,0x7a,0xa6,0x72,0xa6,0x72,0x65,0x6a,0x25,0x5a,0x41,0x10,0x41,0x08,0x20,0x08,0x81,0x18,
    0x04,0x62,0xa6,0x7a,0x07,0x8b,0xa9,0xa3,0x2a,0xb4,0xac,0xcc,0x4e,0xd5,0x11,0xee,0xd0,0xe5,0x8f,0xdd,0x0d,0xd5,0xac,0xcc,
    0x4a,0xbc,0xc9,0xab,0x27,0x93,0xc7,0x82,0x45,0x6a,0x81,0x20,0x00,0x00,0x00,0x00,0xa2,0x10,0xf3,0x9c,0x79,0xce,0x9a,0xce,
    0x79,0xce,0x99,0xce,0x79,0xce,0x99,0xce,0x79,0xce,0x79,0xce,0x79,0xce,0x38,0xc6,0x04,0x21,0x00,0x00,0x00,0x00,0x00,0x00,
    0x00,0x00,0x00,0x00,0x00,0x00,0x00,0x00,0x00,0x00,0x00,0x00,0x00,0x00,0x00,0x00,0x00,0x00,0x00,0x00,0x00,0x00,0x00,0x00,
    0x00,0x00,0x00,0x00,0x00,0x00,0x00,0x00,0x00,0x00,0x00,0x00,0x00,0x00,0x00,0x00,0x00,0x00,0x00,0x00,0x00,0x00,0x00,0x00,
    0xcf,0x7b,0x1b,0xe7,0x1b,0xdf,0x1b,0xe7,0x1b,0xdf,0x1b,0xdf,0x1b,0xdf,0x1b,0xdf,0xfb,0xde,0x1b,0xdf,0x1b,0xdf,0x1b,0xdf,
    0xf2,0x9c,0x00,0x00,0x62,0x08,0x83,0x10,0x82,0x10,0x82,0x10,0x82,0x10,0x82,0x10,0x82,0x10,0xa2,0x18,0xc3,0x18,0x03,0x29,
    0x43,0x31,0xc4,0x49,0x25,0x5a,0xc6,0x7a,0xe8,0xab,0x2b,0xdd,0x10,0xf6,0x72,0xfe,0x0f,0xfe,0x0b,0xe5,0x08,0xb4,0xe8,0xab,
    0xc9,0xd4,0x38,0xff,0x4b,0xed,0x69,0xc4,0x48,0xbc,0x69,0xc4,0xc9,0xd4,0x30,0xfe,0x93,0xfe,0x8a,0xcc,0x49,0xc4,0x69,0xc4,
    0xc9,0xd4,0x51,0xfe,0xf6,0xfe,0xf6,0xfe,0x72,0xf6,0xca,0xd4,0x69,0xc4,0x89,0xcc,0x89,0xcc,0x4b,0xed,0x72,0xfe,0xf6,0xfe,
    0xb3,0xfe,0x58,0xff,0x92,0xfe,0xee,0xf5,0xad,0xed,0x30,0xf6,0x93,0xf6,0x16,0xff,0x17,0xff,0x94,0xfe,0xce,0xed,0xae,0xed,
    0x8d,0xe5,0xae,0xed,0xae,0xed,0x8d,0xed,0x2b,0xdd,0xaa,0xd4,0x48,0xbc,0xe8,0xb3,0x87,0xa3,0x68,0x9b,0x47,0x93,0x48,0x93,
    0x47,0x8b,0x48,0x8b,0x27,0x83,0x28,0x83,0xe7,0x7a,0xc7,0x72,0x86,0x6a,0x66,0x62,0x25,0x5a,0x05,0x5a,0xe4,0x51,0xe4,0x51,
    0xc4,0x49,0xc4,0x51,0xc4,0x49,0xa4,0x49,0x60,0x10,0x20,0x08,0x20,0x00,0x41,0x08,0xc3,0x51,0x86,0x7a,0x07,0x8b,0x88,0xa3,
    0xe9,0xab,0x8b,0xc4,0x2d,0xd5,0xd0,0xe5,0xf0,0xe5,0x8f,0xdd,0x0d,0xd5,0xcc,0xcc,0x4a,0xbc,0xc9,0xab,0x48,0x93,0xe7,0x82,
    0x45,0x6a,0x02,0x31,0x00,0x00,0x00,0x00,0x00,0x00,0x2c,0x63,0x79,0xce,0x99,0xce,0x79,0xce,0x79,0xce,0x79,0xce,0x79,0xce,
    0x79,0xce,0x79,0xce,0x79,0xce,0x79,0xce,0x99,0xce,0x66,0x31,0x00,0x00,0x00,0x00,0x00,0x00,0x00,0x00,0x00,0x00,0x00,0x00,
    0x00,0x00,0x00,0x00,0x00,0x00,0x00,0x00,0x00,0x00,0x00,0x00,0x00,0x00,0x00,0x00,0x00,0x00,0x00,0x00,0x00,0x00,0x00,0x00,
    0x00,0x00,0x00,0x00,0x00,0x00,0x00,0x00,0x00,0x00,0x00,0x00,0x00,0x00,0x00,0x00,0x00,0x00,0xeb,0x5a,0x1b,0xe7,0x1c,0xe7,
    0x1b,0xdf,0x1b,0xe7,0x1b,0xdf,0x1c,0xe7,0x1b,0xdf,0x1b,0xe7,0xfb,0xde,0x1b,0xe7,0x1b,0xdf,0x55,0xad,0x00,0x00,0x62,0x10,
    0x82,0x10,0x83,0x10,0x82,0x10,0x83,0x10,0x82,0x10,0xa3,0x18,0xc2,0x18,0x03,0x29,0x23,0x31,0x84,0x41,0xe4,0x51,0x86,0x6a,
    0xc8,0xab,0x51,0xf6,0x16,0xff,0x93,0xfe,0x72,0xfe,0xb4,0xfe,0x17,0xff,0x0b,0xdd,0x49,0xbc,0xca,0xdc,0xd4,0xfe,0x71,0xfe,
    0xca,0xd4,0xaa,0xd4,0xc9,0xd4,0x6c,0xf5,0x17,0xff,0xce,0xf5,0x69,0xcc,0x69,0xc4,0x69,0xc4,0xca,0xd4,0x8c,0xf5,0x16,0xff,
    0x58,0xff,0x51,0xfe,0xad,0xf5,0x4b,0xed,0xea,0xdc,0x8d,0xed,0x51,0xf6,0xd5,0xfe,0xf6,0xfe,0xb3,0xfe,0x72,0xfe,0xd5,0xfe,
    0xd5,0xfe,0xd5,0xfe,0x93,0xfe,0x51,0xfe,0xad,0xf5,0x0a,0xe5,0x89,0xcc,0x49,0xc4,0x08,0xb4,0xc8,0xab,0xa8,0xa3,0x88,0x9b,
    0x67,0x93,0x68,0x93,0x48,0x8b,0x48,0x93,0x48,0x8b,0x48,0x8b,0x07,0x83,0x07,0x83,0xc7,0x72,0xa6,0x72,0x65,0x62,0x45,0x62,
    0x04,0x5a,0xe4,0x51,0xc4,0x49,0xc4,0x49,0x83,0x41,0x84,0x41,0x63,0x39,0x64,0x41,0x43,0x39,0x44,0x39,0x43,0x31,0x44,0x39,
    0x81,0x10,0x21,0x08,0x20,0x00,0x00,0x00,0x63,0x49,0x66,0x72,0xe7,0x82,0x68,0x9b,0xe9,0xab,0x6b,0xc4,0x0d,0xd5,0xd0,0xe5,
    0x11,0xee,0xb0,0xe5,0x2e,0xd5,0xed,0xd4,0x6b,0xc4,0x0a,0xb4,0x68,0x9b,0x07,0x8b,0x65,0x72,0x84,0x49,0x00,0x00,0x00,0x00,
    0x00,0x00,0x00,0x00,0xb2,0x94,0x9a,0xce,0x79,0xce,0x79,0xce,0x79,0xce,0x9a,0xce,0x79,0xce,0x79,0xce,0x79,0xce,0x79,0xce,
    0x79,0xce,0xba,0xd6,0x8a,0x52,0x00,0x00,0x00,0x00,0x00,0x00,0x00,0x00,0x00,0x00,0x00,0x00,0x00,0x00,0x00,0x00,0x00,0x00,
    0x00,0x00,0x00,0x00,0x00,0x00,0x00,0x00,0x00,0x00,0x00,0x00,0x00,0x00,0x00,0x00,0x00,0x00,0x00,0x00,0x00,0x00,0x00,0x00,
    0x00,0x00,0x00,0x00,0x00,0x00,0x00,0x00,0x00,0x00,0x00,0x00,0x86,0x31,0x3c,0xe7,0xfb,0xde,0x1b,0xdf,0xfb,0xde,0x1b,0xdf,
    0xfb,0xde,0x1b,0xdf,0xfb,0xde,0x1b,0xdf,0xfb,0xde,0xfb,0xde,0xd6,0xb5,0x00,0x00,0x41,0x08,0x82,0x10,0x82,0x08,0x82,0x10,
    0x62,0x08,0x82,0x10,0xa2,0x10,0xc3,0x18,0xe3,0x20,0x43,0x31,0xa4,0x41,0x25,0x5a,0xa5,0x72,0xca,0xd4,0x17,0xff,0x2b,0xed,
    0x89,0xcc,0x69,0xc4,0x0a,0xe5,0x17,0xff,0x4b,0xe5,0x69,0xc4,0x69,0xc4,0x8d,0xed,0xf6,0xfe,0xb4,0xfe,0x4b,0xed,0xad,0xf5,
    0xd5,0xfe,0x30,0xfe,0xea,0xdc,0x8a,0xcc,0xa9,0xcc,0x2b,0xe5,0x0f,0xf6,0x17,0xff,0xb4,0xf6,0xce,0xf5,0xb4,0xfe,0x17,0xff,
    0x38,0xff,0x58,0xff,0xf6,0xfe,0x93,0xfe,0xce,0xed,0x0a,0xe5,0xa9,0xd4,0xa9,0xd4,0x89,0xcc,0x89,0xcc,0x48,0xbc,0x08,0xb4,
    0xa7,0xa3,0x67,0x9b,0x47,0x93,0x68,0x93,0x47,0x8b,0x68,0x93,0x48,0x8b,0x48,0x8b,0x07,0x83,0xe7,0x7a,0xc6,0x72,0xa6,0x72,
    0x65,0x6a,0x45,0x62,0x05,0x5a,0x05,0x5a,0xe4,0x51,0xe4,0x51,0xc4,0x49,0xa4,0x49,0x83,0x41,0x63,0x41,0x43,0x39,0x43,0x39,
    0x22,0x29,0x02,0x29,0x02,0x29,0x02,0x29,0xe2,0x20,0xe2,0x20,0xe2,0x20,0xe2,0x20,0x61,0x10,0x00,0x00,0x00,0x00,0x00,0x00,
    0xe1,0x28,0x45,0x72,0xc6,0x82,0x48,0x93,0xc9,0xa3,0x4a,0xbc,0xec,0xcc,0x8f,0xe5,0x11,0xee,0xb0,0xe5,0x4e,0xd5,0xed,0xcc,
    0x8b,0xc4,0x0a,0xb4,0x88,0x9b,0x07,0x8b,0x85,0x72,0xe4,0x59,0x20,0x08,0x00,0x00,0x00,0x00,0x00,0x00,0x00,0x00,0xcf,0x7b,
    0x79,0xc6,0x79,0xce,0x79,0xc6,0x79,0xce,0x79,0xc6,0x79,0xce,0x79,0xc6,0x79,0xce,0x58,0xc6,0x79,0xce,0x79,0xce,0x8e,0x73,
    0x00,0x00,0x00,0x00,0x00,0x00,0x00,0x00,0x00,0x00,0x00,0x00,0x00,0x00,0x00,0x00,0x00,0x00,0x00,0x00,0x00,0x00,0x00,0x00,
    0x00,0x00,0x00,0x00,0x00,0x00,0x00,0x00,0x00,0x00,0x00,0x00,0x00,0x00,0x00,0x00,0x00,0x00,0x00,0x00,0x00,0x00,0x00,0x00,
    0x00,0x00,0x00,0x00,0x00,0x00,0x25,0x29,0xba,0xd6,0x1b,0xe7,0x1b,0xdf,0x1c,0xe7,0xfb,0xde,0x1b,0xe7,0xfb,0xde,0x1b,0xe7,
    0xfb,0xde,0x1b,0xdf,0xfb,0xde,0xdb,0xde,0x00,0x00,0x41,0x08,0x62,0x08,0x82,0x10,0x82,0x10,0x82,0x10,0x82,0x10,0xa2,0x18,
    0xc2,0x18,0x03,0x29,0x43,0x31,0xc5,0x51,0x45,0x62,0xe6,0x7a,0x69,0xc4,0x17,0xff,0xce,0xf5,0xea,0xdc,0xea,0xdc,0x93,0xfe,
    0xd5,0xfe,0x0a,0xe5,0x89,0xcc,0xaa,0xd4,0xea,0xdc,0x8c,0xf5,0xf5,0xfe,0x59,0xff,0x38,0xff,0xf6,0xfe,0x51,0xfe,0x72,0xfe,
    0x93,0xfe,0xf6,0xfe,0x37,0xff,0xd5,0xfe,0xef,0xed,0x89,0xcc,0xe8,0xb3,0x29,0xbc,0x89,0xcc,0xca,0xdc,0xa9,0xd4,0x8a,0xcc,
    0x28,0xbc,0xe8,0xab,0x87,0x9b,0x88,0x9b,0x67,0x93,0x68,0x93,0x47,0x93,0x68,0x93,0x48,0x8b,0x48,0x8b,0x07,0x83,0xe7,0x82,
    0xc6,0x72,0xa6,0x72,0x65,0x6a,0x45,0x62,0x25,0x5a,0x25,0x5a,0xe4,0x51,0xe5,0x51,0xc4,0x51,0xc4,0x49,0xa4,0x41,0xa4,0x41,
    0x63,0x39,0x64,0x39,0x43,0x39,0x63,0x39,0x23,0x31,0x23,0x31,0x02,0x29,0x03,0x29,0xe2,0x20,0xc2,0x20,0xa2,0x18,0xc2,0x20,
    0xa2,0x18,0xa2,0x18,0x81,0x18,0x82,0x18,0x61,0x10,0x00,0x00,0x00,0x00,0x00,0x00,0x81,0x18,0x25,0x6a,0xa6,0x7a,0x48,0x93,
    0xa9,0xa3,0x2a,0xbc,0xcc,0xcc,0x6f,0xdd,0x11,0xee,0xd0,0xe5,0x6e,0xdd,0x0d,0xd5,0x8b,0xc4,0x2a,0xbc,0xa9,0xa3,0x28,0x93,
    0xa6,0x7a,0x25,0x6a,0x41,0x10,0x00,0x00,0x00,0x00,0x00,0x00,0x20,0x00,0x00,0x00,0xeb,0x5a,0x79,0xce,0x79,0xce,0x79,0xce,
    0x79,0xce,0x79,0xce,0x79,0xc6,0x79,0xce,0x79,0xce,0x79,0xce,0x59,0xc6,0x79,0xce,0x71,0x8c,0x00,0x00,0x00,0x00,0x00,0x00,
    0x00,0x00,0x00,0x00,0x00,0x00,0x00,0x00,0x00,0x00,0x00,0x00,0x00,0x00,0x00,0x00,0x00,0x00,0x00,0x00,0x00,0x00,0x00,0x00,
    0x00,0x00,0x00,0x00,0x00,0x00,0x00,0x00,0x00,0x00,0x00,0x00,0x00,0x00,0x00,0x00,0x00,0x00,0x00,0x00,0x00,0x00,0x00,0x00,
    0xa2,0x10,0x17,0xbe,0x1b,0xdf,0x1b,0xdf,0xfb,0xde,0x1b,0xdf,0xfb,0xde,0x1b,0xdf,0xfb,0xde,0xfb,0xde,0xfb,0xde,0x1b,0xdf,
    0xfb,0xde,0xa3,0x18,0x20,0x00,0x82,0x10,0x62,0x08,0x82,0x10,0x62,0x10,0x82,0x10,0x82,0x10,0xc2,0x18,0x03,0x29,0x64,0x39,
    0xc4,0x49,0x45,0x62,0xe6,0x7a,0x08,0xb4,0x4c,0xe5,0xf6,0xfe,0x72,0xf6,0x17,0xff,0x17,0xff,0xac,0xf5,0x6c,0xed,0xae,0xed,
    0x10,0xee,0x93,0xfe,0xf5,0xfe,0x38,0xff,0x72,0xf6,0xce,0xed,0xcf,0xed,0x51,0xf6,0x51,0xf6,0x51,0xfe,0xee,0xf5,0xea,0xdc,
    0x48,0xc4,0xc8,0xab,0x47,0x93,0x27,0x8b,0x27,0x8b,0x27,0x8b,0x27,0x8b,0x27,0x8b,0x27,0x83,0x48,0x8b,0x48,0x8b,0x28,0x8b,
    0x07,0x7b,0xe7,0x7a,0xa6,0x72,0xa6,0x72,0x65,0x62,0x45,0x62,0x24,0x5a,0x05,0x5a,0xe4,0x51,0xc4,0x51,0xc4,0x49,0xa4,0x49,
    0x83,0x41,0x84,0x41,0x63,0x39,0x64,0x41,0x43,0x39,0x43,0x39,0x23,0x31,0x43,0x31,0x22,0x29,0x23,0x31,0x03,0x29,0x03,0x31,
    0x02,0x29,0x03,0x29,0xe2,0x20,0xe3,0x20,0xa1,0x18,0xa2,0x18,0x81,0x18,0x62,0x10,0x61,0x10,0x61,0x10,0x41,0x08,0x41,0x08,
    0x20,0x00,0x00,0x00,0x00,0x00,0x00,0x00,0x20,0x08,0xe4,0x61,0x86,0x7a,0x07,0x8b,0x88,0x9b,0x0a,0xb4,0x8b,0xc4,0x4e,0xdd,
    0xf0,0xe5,0xf0,0xe5,0x6f,0xdd,0x0d,0xd5,0xab,0xc4,0x4a,0xbc,0xc9,0xa3,0x48,0x93,0xc6,0x82,0x45,0x6a,0xc1,0x20,0x00,0x00,
    0x00,0x00,0x00,0x00,0x00,0x00,0x21,0x08,0x00,0x00,0xe8,0x41,0x79,0xce,0x79,0xce,0x59,0xc6,0x79,0xce,0x79,0xc6,0x79,0xce,
    0x59,0xc6,0x59,0xce,0x59,0xc6,0x79,0xce,0x58,0xc6,0x14,0xa5,0x20,0x00,0x00,0x00,0x00,0x00,0x00,0x00,0x00,0x00,0x00,0x00,
    0x00,0x00,0x00,0x00,0x00,0x00,0x00,0x00,0x00,0x00,0x00,0x00,0x00,0x00,0x00,0x00,0x00,0x00,0x00,0x00,0x00,0x00,0x00,0x00,
    0x00,0x00,0x00,0x00,0x00,0x00,0x00,0x00,0x00,0x00,0x00,0x00,0x00,0x00,0x00,0x00,0x00,0x00,0x62,0x10,0x75,0xad,0x1b,0xe7,
    0x1b,0xdf,0x1b,0xdf,0xfb,0xde,0x1b,0xe7,0x1b,0xdf,0x1b,0xdf,0xfb,0xde,0x1b,0xdf,0xfb,0xde,0x1b,0xdf,0xa6,0x31,0x21,0x08,
    0x62,0x10,0x82,0x10,0x62,0x08,0x82,0x10,0x82,0x10,0xa2,0x18,0xc2,0x18,0x03,0x29,0x43,0x39,0xc4,0x49,0x65,0x6a,0xc8,0xab,
    0xec,0xd4,0x10,0xf6,0xb4,0xfe,0x59,0xff,0xf5,0xfe,0x17,0xff,0x38,0xff,0x58,0xff,0xd5,0xfe,0x93,0xfe,0x30,0xf6,0x8e,0xe5,
    0x69,0xc4,0x09,0xb4,0xc8,0xab,0x08,0xb4,0xe8,0xab,0xa8,0xab,0x67,0x9b,0x28,0x8b,0x27,0x8b,0x28,0x8b,0x07,0x83,0x28,0x83,
    0x08,0x83,0x08,0x7b,0xc7,0x72,0xa7,0x72,0x86,0x6a,0x66,0x6a,0x45,0x62,0x45,0x62,0x25,0x5a,0x05,0x5a,0xe4,0x51,0x05,0x5a,
    0xc4,0x51,0xc4,0x49,0xa4,0x41,0xa4,0x49,0x63,0x41,0x64,0x39,0x43,0x39,0x43,0x39,0x23,0x31,0x23,0x31,0x03,0x29,0x03,0x29,
    0xe2,0x28,0x03,0x29,0xe2,0x28,0x03,0x29,0x02,0x29,0x03,0x29,0x02,0x29,0x03,0x29,0x02,0x29,0x03,0x29,0xe2,0x20,0xc2,0x20,
    0xa2,0x18,0xa2,0x18,0x61,0x10,0x62,0x10,0x41,0x08,0x61,0x10,0x41,0x08,0x41,0x08,0x21,0x08,0x00,0x00,0x00,0x00,0x00,0x00,
    0x00,0x00,0xa4,0x51,0x65,0x72,0x07,0x8b,0x68,0x9b,0x0a,0xb4,0x6b,0xc4,0x2e,0xd5,0xd0,0xe5,0x11,0xee,0x8f,0xdd,0x2e,0xdd,
    0xcc,0xcc,0x6b,0xc4,0xe9,0xab,0x68,0x9b,0xe7,0x82,0x66,0x72,0x22,0x39,0x00,0x00,0x00,0x00,0x00,0x00,0x00,0x00,0x21,0x08,
    0x21,0x08,0x00,0x00,0xe3,0x18,0x79,0xce,0x79,0xce,0x79,0xce,0x59,0xc6,0x79,0xce,0x79,0xce,0x79,0xce,0x59,0xc6,0x79,0xce,
    0x59,0xc6,0x79,0xce,0x75,0xad,0xa3,0x18,0x00,0x00,0x00,0x00,0x00,0x00,0x00,0x00,0x00,0x00,0x00,0x00,0x00,0x00,0x00,0x00,
    0x00,0x00,0x00,0x00,0x00,0x00,0x00,0x00,0x00,0x00,0x00,0x00,0x00,0x00,0x00,0x00,0x00,0x00,0x00,0x00,0x00,0x00,0x00,0x00,
    0x00,0x00,0x00,0x00,0x00,0x00,0x00,0x00,0x00,0x00,0x00,0x00,0x00,0x00,0xf3,0x9c,0xfb,0xde,0xfb,0xde,0xfb,0xde,0xfb,0xde,
    0xfb,0xde,0xfb,0xde,0xfb,0xde,0xfb,0xde,0xfb,0xde,0xfb,0xde,0xfb,0xde,0xaa,0x52,0x20,0x00,0x62,0x08,0x61,0x08,0x62,0x10,
    0x61,0x08,0x62,0x10,0x81,0x10,0xa2,0x18,0xe2,0x20,0x43,0x31,0xa4,0x41,0xe6,0x82,0x72,0xf6,0x17,0xff,0xb4,0xf6,0x31,0xf6,
    0x2b,0xdd,0x69,0xcc,0x49,0xbc,0x89,0xcc,0x89,0xc4,0x69,0xc4,0xe8,0xb3,0xa7,0xa3,0x47,0x93,0x27,0x8b,0x27,0x8b,0x47,0x8b,
    0x27,0x83,0x28,0x8b,0x27,0x83,0x07,0x7b,0xc6,0x72,0xa6,0x72,0x65,0x6a,0x45,0x62,0x04,0x5a,0xe4,0x51,0xc4,0x51,0xc4,0x51,
    0xa3,0x49,0xa4,0x49,0xa3,0x49,0xa4,0x49,0x83,0x41,0x84,0x41,0x63,0x39,0x63,0x39,0x43,0x31,0x43,0x31,0x23,0x31,0x23,0x31,
    0x02,0x29,0x02,0x29,0xe2,0x20,0xe2,0x20,0xc2,0x18,0xc2,0x20,0xa2,0x18,0xa2,0x18,0x81,0x18,0xa2,0x18,0xa1,0x18,0xa2,0x20,
    0xa1,0x18,0xc2,0x20,0xc2,0x20,0xe2,0x28,0xe2,0x20,0xe2,0x28,0x02,0x29,0x03,0x29,0xe2,0x20,0xe2,0x20,0xc1,0x20,0xa2,0x18,
    0x61,0x10,0x61,0x10,0x41,0x08,0x41,0x08,0x20,0x00,0x00,0x00,0x00,0x00,0x00,0x00,0x00,0x00,0x22,0x39,0x45,0x72,0xe7,0x82,
    0x47,0x93,0xc9,0xab,0x4a,0xbc,0xed,0xd4,0x8f,0xdd,0x11,0xee,0xaf,0xdd,0x4e,0xdd,0xcc,0xcc,0x6b,0xc4,0xe9,0xab,0x88,0x9b,
    0xe6,0x82,0x86,0x72,0xa3,0x51,0x00,0x00,0x00,0x00,0x00,0x00,0x00,0x00,0x21,0x08,0x20,0x00,0x21,0x08,0x00,0x00,0x00,0x00,
    0x58,0xc6,0x79,0xce,0x58,0xc6,0x79,0xce,0x58,0xc6,0x59,0xc6,0x58,0xc6,0x79,0xce,0x58,0xc6,0x59,0xc6,0x58,0xc6,0xf7,0xbd,
    0xe3,0x18,0x00,0x00,0x00,0x00,0x00,0x00,0x00,0x00,0x00,0x00,0x00,0x00,0x00,0x00,0x00,0x00,0x00,0x00,0x00,0x00,0x00,0x00,
    0x00,0x00,0x00,0x00,0x00,0x00,0x00,0x00,0x00,0x00,0x00,0x00,0x00,0x00,0x00,0x00,0x00,0x00,0x00,0x00,0x00,0x00,0x00,0x00,
    0x00,0x00,0x00,0x00,0x00,0x00,0x00,0x00,0xef,0x7b,0x1b,0xe7,0xfb,0xde,0x1b,0xe7,0xfb,0xde,0x1b,0xdf,0xfb,0xde,0x1b,0xdf,
    0xfb,0xde,0x1b,0xdf,0xfb,0xde,0x1b,0xdf,0xae,0x73,0x00,0x00,0x41,0x08,0x62,0x10,0x62,0x08,0x62,0x10,0x61,0x08,0x82,0x10,
    0xa2,0x18,0xe3,0x20,0x03,0x29,0x84,0x41,0x04,0x5a,0x08,0xbc,0x49,0xc4,0x09,0xb4,0xa7,0xa3,0x67,0x9b,0x47,0x93,0x48,0x93,
    0x47,0x8b,0x48,0x8b,0x27,0x8b,0x48,0x8b,0x28,0x83,0x08,0x83,0xc7,0x72,0xc7,0x7a,0x86,0x6a,0x66,0x6a,0x25,0x62,0x05,0x5a,
    0xe4,0x51,0xe4,0x51,0xc4,0x49,0xc4,0x49,0x84,0x41,0x84,0x41,0x63,0x39,0x63,0x39,0x43,0x31,0x43,0x39,0x23,0x31,0x23,0x31,
    0x23,0x31,0x23,0x31,0x02,0x29,0x03,0x29,0xe2,0x28,0xe2,0x28,0xc2,0x20,0xc2,0x20,0xc2,0x20,0xa2,0x20,0xa1,0x18,0xa2,0x18,
    0x81,0x10,0x82,0x10,0x61,0x08,0x62,0x10,0x41,0x08,0x61,0x10,0x41,0x08,0x82,0x10,0x81,0x18,0xc2,0x20,0xe2,0x20,0x23,0x31,
    0x23,0x31,0x63,0x39,0x63,0x39,0x84,0x41,0x63,0x39,0x43,0x39,0x22,0x31,0x23,0x31,0xe2,0x20,0xa2,0x20,0x81,0x10,0x62,0x10,
    0x41,0x08,0x41,0x08,0x00,0x00,0x00,0x00,0x00,0x00,0xc2,0x28,0x45,0x6a,0xc7,0x82,0x47,0x93,0xc9,0xab,0x2a,0xbc,0xed,0xcc,
    0x6f,0xdd,0x32,0xee,0xb0,0xe5,0x6f,0xdd,0xed,0xcc,0x8b,0xc4,0x0a,0xb4,0xa9,0xa3,0x27,0x8b,0xa6,0x7a,0xe4,0x61,0x41,0x10,
    0x00,0x00,0x00,0x00,0x00,0x00,0x21,0x08,0x21,0x08,0x21,0x08,0x21,0x00,0x00,0x00,0x00,0x00,0xb6,0xb5,0x59,0xc6,0x79,0xce,
    0x59,0xc6,0x79,0xce,0x58,0xc6,0x79,0xce,0x59,0xc6,0x59,0xce,0x58,0xc6,0x79,0xce,0x99,0xce,0x66,0x31,0x00,0x00,0x00,0x00,
    0x00,0x00,0x00,0x00,0x00,0x00,0x00,0x00,0x00,0x00,0x00,0x00,0x00,0x00,0x00,0x00,0x00,0x00,0x00,0x00,0x00,0x00,0x00,0x00,
    0x00,0x00,0x00,0x00,0x00,0x00,0x00,0x00,0x00,0x00,0x00,0x00,0x00,0x00,0x00,0x00,0x00,0x00,0x00,0x00,0x00,0x00,0x00,0x00,
    0x00,0x00,0xeb,0x5a,0x1b,0xdf,0x1b,0xdf,0xfb,0xde,0xfb,0xde,0xfb,0xde,0xfb,0xde,0xfb,0xde,0xfb,0xde,0xfb,0xde,0xfb,0xde,
    0xfa,0xde,0xb2,0x94,0x00,0x00,0x41,0x08,0x61,0x08,0x62,0x08,0x41,0x08,0x62,0x10,0x61,0x10,0x82,0x18,0xa2,0x18,0x03,0x29,
    0x43,0x31,0xc5,0x49,0x25,0x5a,0x86,0x6a,0xc7,0x72,0x08,0x7b,0x07,0x7b,0x07,0x83,0xc6,0x72,0xc7,0x72,0x86,0x6a,0x65,0x6a,
    0x24,0x5a,0x04,0x5a,0xe4,0x51,0xe4,0x51,0xc3,0x49,0xa4,0x49,0xa3,0x41,0xa4,0x41,0x63,0x39,0x63,0x39,0x43,0x39,0x43,0x39,
    0x23,0x31,0x03,0x31,0x02,0x29,0xe3,0x28,0xe2,0x20,0xe2,0x20,0xc2,0x20,0xc2,0x20,0xc2,0x18,0xc2,0x20,0xa2,0x18,0xa2,0x18,
    0x81,0x18,0x82,0x18,0x81,0x10,0x62,0x10,0x61,0x10,0x61,0x10,0x41,0x08,0x41,0x08,0x20,0x00,0x21,0x08,0x21,0x00,0x21,0x08,
    0x20,0x00,0x41,0x08,0x41,0x08,0x61,0x10,0x81,0x10,0xc2,0x20,0xe2,0x28,0x23,0x31,0x43,0x39,0x83,0x41,0xa3,0x49,0xe4,0x51,
    0xc3,0x51,0xc4,0x51,0xa3,0x49,0xa4,0x49,0x43,0x39,0x23,0x31,0xe2,0x20,0xc2,0x20,0x81,0x10,0x41,0x10,0x00,0x00,0x00,0x00,
    0x00,0x00,0x61,0x10,0x04,0x62,0xa6,0x7a,0x27,0x8b,0xa9,0xa3,0x2a,0xb4,0xac,0xcc,0x4e,0xd5,0x11,0xee,0xd0,0xe5,0x6f,0xdd,
    0x0d,0xcd,0xac,0xcc,0x2a,0xbc,0xc9,0xab,0x27,0x93,0xa6,0x82,0x25,0x6a,0x81,0x18,0x00,0x00,0x00,0x00,0x00,0x00,0x00,0x00,
    0x20,0x00,0x21,0x08,0x20,0x00,0x21,0x08,0x00,0x00,0x00,0x00,0xb2,0x94,0x79,0xce,0x58,0xc6,0x59,0xc6,0x58,0xc6,0x59,0xce,
    0x58,0xc6,0x59,0xc6,0x58,0xc6,0x59,0xc6,0x58,0xc6,0x79,0xce,0x49,0x4a,0x00,0x00,0x00,0x00,0x00,0x00,0x00,0x00,0x00,0x00,
    0x00,0x00,0x00,0x00,0x00,0x00,0x00,0x00,0x00,0x00,0x00,0x00,0x00,0x00,0x00,0x00,0x00,0x00,0x00,0x00,0x00,0x00,0x00,0x00,
    0x00,0x00,0x00,0x00,0x00,0x00,0x00,0x00,0x00,0x00,0x00,0x00,0x00,0x00,0x00,0x00,0x00,0x00,0x00,0x00,0xa6,0x31,0x3c,0xe7,
    0xfb,0xde,0x1b,0xdf,0xfb,0xde,0x1b,0xdf,0xfb,0xde,0xfb,0xde,0xfb,0xde,0x1b,0xdf,0xfb,0xde,0xfb,0xde,0x95,0xad,0x00,0x00,
    0x41,0x08,0x62,0x10,0x41,0x08,0x62,0x10,0x41,0x08,0x82,0x10,0x81,0x10,0xa2,0x18,0xc2,0x20,0x44,0x31,0xa5,0x41,0xe5,0x49,
    0xe5,0x49,0xe5,0x51,0xe4,0x51,0x05,0x5a,0xe4,0x51,0xe4,0x51,0xc4,0x49,0xc4,0x51,0xa4,0x49,0x84,0x41,0x63,0x41,0x64,0x41,
    0x43,0x39,0x43,0x39,0x23,0x31,0x23,0x31,0x03,0x29,0x03,0x29,0xe2,0x28,0xe3,0x28,0xe2,0x20,0xc2,0x20,0xa2,0x18,0xa2,0x20,
    0xa2,0x18,0xa2,0x18,0x81,0x10,0x82,0x18,0x61,0x10,0x82,0x10,0x61,0x10,0x62,0x10,0x41,0x08,0x41,0x08,0x21,0x08,0x41,0x08,
    0x21,0x08,0x41,0x08,0x21,0x00,0x41,0x08,0x21,0x08,0x41,0x08,0x21,0x00,0x41,0x08,0x21,0x08,0x41,0x08,0x41,0x08,0x61,0x10,
    0x81,0x10,0xc2,0x20,0xe2,0x28,0x43,0x39,0x83,0x41,0xc4,0x51,0x04,0x5a,0x45,0x62,0x85,0x72,0xe6,0x82,0xe6,0x82,0x86,0x72,
    0xe4,0x59,0xc4,0x51,0x63,0x41,0x43,0x39,0xe2,0x28,0xa2,0x20,0x20,0x00,0x00,0x00,0x00,0x00,0x21,0x08,0xc4,0x59,0x86,0x7a,
    0x07,0x8b,0x89,0xa3,0x09,0xb4,0xac,0xcc,0x2e,0xd5,0xf1,0xed,0xf0,0xe5,0x8f,0xe5,0x2d,0xd5,0xcc,0xcc,0x4a,0xbc,0xea,0xab,
    0x48,0x93,0xe7,0x82,0x45,0x6a,0x02,0x31,0x00,0x00,0x00,0x00,0x00,0x00,0x00,0x00,0x21,0x08,0x21,0x08,0x20,0x00,0x21,0x08,
    0x21,0x08,0x21,0x08,0x00,0x00,0xef,0x7b,0x59,0xc6,0x59,0xce,0x59,0xc6,0x79,0xce,0x59,0xc6,0x59,0xce,0x58,0xc6,0x59,0xce,
    0x59,0xc6,0x59,0xce,0x79,0xce,0x6d,0x6b,0x00,0x00,0x00,0x00,0x00,0x00,0x00,0x00,0x00,0x00,0x00,0x00,0x00,0x00,0x00,0x00,
    0x00,0x00,0x00,0x00,0x00,0x00,0x00,0x00,0x00,0x00,0x00,0x00,0x00,0x00,0x00,0x00,0x00,0x00,0x00,0x00,0x00,0x00,0x00,0x00,
    0x00,0x00,0x00,0x00,0x00,0x00,0x00,0x00,0x00,0x00,0x00,0x00,0x00,0x00,0x25,0x29,0xb9,0xce,0xfb,0xde,0xfb,0xde,0xfb,0xde,
    0xfa,0xde,0xfb,0xde,0xfb,0xde,0xfb,0xde,0xfa,0xde,0xfb,0xde,0xfb,0xde,0x99,0xce,0x00,0x00,0x21,0x08,0x41,0x08,0x41,0x08,
    0x41,0x08,0x41,0x08,0x61,0x08,0x61,0x10,0x61,0x10,0xa2,0x18,0xc2,0x20,0x03,0x29,0x02,0x29,0x23,0x31,0x43,0x39,0x63,0x39,
    0x43,0x39,0x63,0x39,0x43,0x31,0x43,0x39,0x23,0x31,0x23,0x31,0x02,0x29,0x03,0x29,0xe2,0x20,0xe2,0x28,0xc2,0x20,0xc2,0x20,
    0xa2,0x18,0xa2,0x18,0xa1,0x18,0xa2,0x18,0x81,0x10,0x81,0x10,0x61,0x10,0x61,0x10,0x41,0x08,0x41,0x08,0x41,0x08,0x41,0x08,
    0x20,0x00,0x21,0x08,0x21,0x00,0x21,0x08,0x20,0x00,0x21,0x08,0x21,0x00,0x21,0x08,0x20,0x00,0x21,0x08,0x20,0x00,0x21,0x08,
    0x20,0x00,0x21,0x08,0x20,0x00,0x21,0x08,0x20,0x00,0x21,0x08,0x20,0x08,0x61,0x08,0x61,0x10,0xa1,0x18,0xe2,0x20,0x23,0x31,
    0x63,0x41,0xc4,0x51,0x44,0x62,0x87,0x9b,0x2c,0xd5,0x93,0xfe,0xb4,0xf6,0x32,0xee,0x2d,0xd5,0x87,0x9b,0x04,0x5a,0xc4,0x51,
    0x63,0x39,0x22,0x31,0x41,0x08,0x00,0x00,0x00,0x00,0x00,0x00,0x63,0x49,0x66,0x72,0xe6,0x82,0x68,0x9b,0xe9,0xab,0x6b,0xc4,
    0x0d,0xcd,0xb0,0xe5,0xf0,0xe5,0xaf,0xe5,0x2d,0xd5,0xcc,0xcc,0x6a,0xbc,0xea,0xb3,0x68,0x9b,0xe7,0x8a,0x65,0x72,0x63,0x49,
    0x00,0x00,0x00,0x00,0x00,0x00,0x00,0x00,0x20,0x00,0x21,0x08,0x20,0x00,0x21,0x08,0x20,0x00,0x21,0x08,0x20,0x00,0x00,0x00,
    0xeb,0x5a,0x59,0xc6,0x58,0xc6,0x59,0xc6,0x58,0xc6,0x58,0xc6,0x58,0xc6,0x59,0xc6,0x38,0xc6,0x58,0xc6,0x58,0xc6,0x59,0xc6,
    0x30,0x84,0x00,0x00,0x00,0x00,0x00,0x00,0x00,0x00,0x00,0x00,0x00,0x00,0x00,0x00,0x00,0x00,0x00,0x00,0x00,0x00,0x00,0x00,
    0x00,0x00,0x00,0x00,0x00,0x00,0x00,0x00,0x00,0x00,0x00,0x00,0x00,0x00,0x00,0x00,0x00,0x00,0x00,0x00,0x00,0x00,0x00,0x00,
    0x00,0x00,0x00,0x00,0x00,0x00,0x00,0x00,0xc3,0x18,0x18,0xc6,0xfb,0xde,0x1b,0xdf,0xfb,0xde,0xfb,0xde,0xfb,0xde,0x1b,0xdf,
    0xfb,0xde,0xfb,0xde,0xfb,0xde,0xfb,0xde,0xfb,0xde,0x82,0x10,0x20,0x00,0x62,0x10,0x41,0x08,0x61,0x08,0x41,0x08,0x62,0x10,
    0x61,0x08,0x62,0x10,0x81,0x10,0xa2,0x18,0xa2,0x18,0xc2,0x20,0xe2,0x20,0x03,0x29,0x02,0x29,0x03,0x29,0x02,0x29,0x03,0x31,
    0x02,0x29,0x03,0x29,0xe2,0x20,0xe3,0x28,0xc2,0x20,0xa2,0x20,0x81,0x18,0x82,0x18,0x61,0x10,0x61,0x10,0x41,0x08,0x62,0x10,
    0x41,0x08,0x41,0x08,0x21,0x08,0x41,0x08,0x21,0x08,0x41,0x08,0x21,0x08,0x41,0x08,0x21,0x08,0x41,0x08,0x21,0x00,0x41,0x08,
    0x21,0x08,0x41,0x08,0x21,0x00,0x41,0x08,0x21,0x08,0x41,0x08,0x21,0x00,0x41,0x08,0x21,0x08,0x41,0x08,0x21,0x00,0x41,0x08,
    0x21,0x08,0x41,0x08,0x41,0x08,0x61,0x10,0x61,0x10,0x82,0x18,0xc2,0x20,0x23,0x31,0x63,0x39,0xc4,0x51,0x25,0x62,0x49,0xbc,
    0xf6,0xfe,0xf6,0xfe,0x30,0xf6,0xce,0xf5,0xef,0xed,0xd4,0xfe,0x93,0xf6,0x08,0xb4,0x25,0x62,0xc4,0x51,0xc2,0x20,0x21,0x08,
    0x00,0x00,0x00,0x00,0x22,0x39,0x45,0x72,0xc6,0x82,0x48,0x9b,0xc9,0xab,0x6b,0xc4,0xed,0xcc,0xaf,0xe5,0x11,0xee,0xd0,0xe5,
    0x4e,0xdd,0xed,0xd4,0x8b,0xc4,0x0a,0xb4,0x88,0x9b,0x07,0x8b,0x85,0x72,0xe4,0x59,0x20,0x08,0x00,0x00,0x00,0x00,0x00,0x00,
    0x20,0x00,0x21,0x08,0x20,0x00,0x21,0x08,0x21,0x00,0x21,0x08,0x20,0x00,0x21,0x08,0x00,0x00,0x08,0x42,0x58,0xc6,0x59,0xce,
    0x58,0xc6,0x59,0xc6,0x58,0xc6,0x59,0xce,0x58,0xc6,0x59,0xc6,0x38,0xc6,0x59,0xc6,0x58,0xc6,0xf3,0x9c,0x20,0x00,0x00,0x00,
    0x00,0x00,0x00,0x00,0x00,0x00,0x00,0x00,0x00,0x00,0x00,0x00,0x00,0x00,0x00,0x00,0x00,0x00,0x00,0x00,0x00,0x00,0x00,0x00,
    0x00,0x00,0x00,0x00,0x00,0x00,0x00,0x00,0x00,0x00,0x00,0x00,0x00,0x00,0x00,0x00,0x00,0x00,0x00,0x00,0x00,0x00,0x00,0x00,
    0x00,0x00,0x61,0x08,0x75,0xad,0xfb,0xde,0xfa,0xde,0xfb,0xde,0xfb,0xde,0xfb,0xde,0xfa,0xd6,0xfb,0xde,0xfa,0xde,0xfb,0xde,
    0xfa,0xd6,0xfb,0xde,0x86,0x31,0x00,0x00,0x41,0x08,0x41,0x08,0x41,0x08,0x41,0x08,0x41,0x08,0x41,0x08,0x41,0x08,0x61,0x10,
    0x61,0x10,0x82,0x18,0x81,0x18,0xa2,0x20,0xc2,0x18,0xc2,0x20,0xc2,0x20,0xe3,0x28,0xe2,0x20,0xe2,0x28,0xc2,0x20,0xc2,0x20,
    0xa2,0x18,0x82,0x18,0x61,0x10,0x41,0x10,0x40,0x08,0x41,0x08,0x21,0x08,0x21,0x08,0x20,0x00,0x21,0x08,0x21,0x00,0x21,0x08,
    0x20,0x00,0x21,0x08,0x20,0x00,0x21,0x08,0x20,0x00,0x21,0x08,0x20,0x00,0x21,0x08,0x20,0x00,0x21,0x08,0x20,0x00,0x21,0x08,
    0x20,0x00,0x21,0x08,0x20,0x00,0x41,0x08,0x20,0x00,0x41,0x08,0x20,0x08,0x41,0x08,0x40,0x08,0x41,0x08,0x41,0x08,0x61,0x10,
    0x61,0x10,0x81,0x18,0xa1,0x18,0xe2,0x28,0x23,0x31,0xa3,0x49,0x04,0x5a,0xa8,0xa3,0x73,0xf6,0x72,0xfe,0x69,0xcc,0xe8,0xab,
    0xc7,0xab,0xe8,0xb3,0xa9,0xcc,0xb4,0xfe,0x30,0xee,0xe6,0x82,0xa3,0x41,0x21,0x08,0x20,0x00,0x20,0x08,0xc1,0x28,0xe4,0x61,
    0x04,0x62,0xe7,0x82,0xa8,0xa3,0x2a,0xbc,0xcc,0xcc,0x6f,0xdd,0x11,0xee,0xd0,0xe5,0x4e,0xd5,0x0d,0xd5,0x8b,0xc4,0x2a,0xbc,
    0x88,0xa3,0x27,0x93,0xa6,0x7a,0x25,0x6a,0x40,0x10,0x00,0x00,0x00,0x00,0x00,0x00,0x20,0x00,0x21,0x08,0x20,0x00,0x21,0x08,
    0x20,0x00,0x21,0x08,0x20,0x00,0x21,0x08,0x20,0x00,0x00,0x00,0x04,0x21,0x59,0xc6,0x58,0xc6,0x59,0xc6,0x58,0xc6,0x59,0xc6,
    0x38,0xc6,0x58,0xc6,0x38,0xc6,0x59,0xc6,0x38,0xc6,0x58,0xc6,0x54,0xa5,0x82,0x10,0x00,0x00,0x00,0x00,0x00,0x00,0x00,0x00,
    0x00,0x00,0x00,0x00,0x00,0x00,0x00,0x00,0x00,0x00,0x00,0x00,0x00,0x00,0x00,0x00,0x00,0x00,0x00,0x00,0x00,0x00,0x00,0x00,
    0x00,0x00,0x00,0x00,0x00,0x00,0x00,0x00,0x00,0x00,0x00,0x00,0x00,0x00,0x00,0x00,0x00,0x00,0x00,0x00,0x00,0x00,0x14,0xa5,
    0xfb,0xde,0xfb,0xde,0xfb,0xde,0xfb,0xde,0xfb,0xde,0xfb,0xde,0xfb,0xde,0xfb,0xde,0xfb,0xde,0xfb,0xde,0xfa,0xde,0x8a,0x52,
    0x20,0x00,0x41,0x08,0x41,0x08,0x41,0x08,0x41,0x08,0x41,0x08,0x41,0x08,0x61,0x10,0x41,0x08,0x61,0x10,0x61,0x10,0x81,0x18,
    0x81,0x18,0xa2,0x18,0xa2,0x18,0xc2,0x20,0xc2,0x20,0xe3,0x20,0xe2,0x20,0xe2,0x28,0xc2,0x20,0xc2,0x20,0x81,0x18,0x82,0x18,
    0x61,0x10,0x61,0x10,0x41,0x08,0x41,0x08,0x21,0x08,0x41,0x08,0x21,0x00,0x41,0x08,0x21,0x08,0x41,0x08,0x21,0x00,0x41,0x08,
    0x21,0x08,0x41,0x08,0x21,0x00,0x41,0x08,0x21,0x08,0x41,0x08,0x41,0x08,0x41,0x10,0x41,0x08,0x41,0x08,0x41,0x08,0x41,0x10,
    0x41,0x08,0x61,0x10,0x41,0x08,0x61,0x10,0x61,0x10,0x82,0x10,0x81,0x10,0x82,0x18,0x81,0x18,0xc2,0x20,0xc2,0x20,0xe3,0x28,
    0x23,0x31,0x84,0x41,0xe4,0x51,0x66,0x6a,0x0c,0xd5,0x17,0xff,0x69,0xc4,0x67,0x9b,0x47,0x93,0x67,0x9b,0x46,0x93,0xa8,0xa3,
    0x4c,0xe5,0x17,0xff,0x87,0x9b,0x81,0x18,0x20,0x08,0x41,0x08,0x61,0x10,0x04,0x62,0x04,0x62,0x45,0x6a,0x45,0x72,0x48,0x93,
    0x8b,0xc4,0x4e,0xdd,0xf0,0xe5,0xf1,0xed,0x6f,0xdd,0x2e,0xd5,0xac,0xcc,0x4b,0xbc,0xc9,0xab,0x48,0x9b,0xc6,0x82,0x45,0x72,
    0xa1,0x20,0x00,0x00,0x00,0x00,0x00,0x00,0x00,0x00,0x21,0x08,0x20,0x00,0x21,0x08,0x21,0x00,0x21,0x08,0x20,0x00,0x21,0x08,
    0x21,0x00,0x21,0x08,0x00,0x00,0x21,0x08,0x58,0xc6,0x59,0xce,0x58,0xc6,0x59,0xce,0x58,0xc6,0x59,0xc6,0x58,0xc6,0x59,0xc6,
    0x38,0xc6,0x59,0xc6,0x38,0xc6,0xd7,0xbd,0xe4,0x20,0x00,0x00,0x00,0x00,0x00,0x00,0x00,0x00,0x00,0x00,0x00,0x00,0x00,0x00,
    0x00,0x00,0x00,0x00,0x00,0x00,0x00,0x00,0x00,0x00,0x00,0x00,0x00,0x00,0x00,0x00,0x00,0x00,0x00,0x00,0x00,0x00,0x00,0x00,
    0x00,0x00,0x00,0x00,0x00,0x00,0x00,0x00,0x00,0x00,0x00,0x00,0x00,0x00,0x00,0x00,0x0f,0x7c,0xfb,0xde,0xfa,0xde,0xfb,0xde,
    0xfa,0xd6,0xfb,0xde,0xfa,0xde,0xfb,0xde,0xda,0xd6,0xfb,0xde,0xfa,0xd6,0xfb,0xde,0x6d,0x6b,0x00,0x00,0x21,0x00,0x41,0x08,
    0x21,0x00,0x41,0x08,0x21,0x08,0x41,0x08,0x21,0x08,0x41,0x08,0x21,0x08,0x41,0x08,0x41,0x08,0x81,0x10,0xa1,0x18,0xc2,0x20,
    0xe2,0x28,0x23,0x31,0x23,0x31,0x43,0x39,0x22,0x31,0x23,0x31,0x02,0x29,0xe2,0x20,0xa1,0x18,0x81,0x10,0x61,0x08,0x41,0x08,
    0x20,0x08,0x21,0x08,0x20,0x00,0x21,0x08,0x20,0x00,0x21,0x08,0x20,0x00,0x21,0x08,0x20,0x00,0x21,0x08,0x20,0x00,0x41,0x08,
    0x40,0x08,0x41,0x08,0x41,0x08,0x61,0x10,0x41,0x08,0x61,0x10,0x61,0x10,0x61,0x10,0x41,0x08,0x61,0x10,0x61,0x10,0x61,0x10,
    0x61,0x10,0x81,0x18,0xa1,0x18,0xc2,0x20,0xc1,0x20,0xc2,0x20,0xe2,0x28,0x23,0x31,0x22,0x31,0x63,0x41,0xa4,0x49,0x05,0x5a,
    0xe6,0x82,0x8e,0xe5,0x93,0xf6,0x28,0xbc,0x46,0x93,0x67,0x9b,0x67,0x93,0x67,0x9b,0x66,0x93,0x89,0xcc,0xf6,0xf6,0x43,0x39,
    0x40,0x08,0x40,0x08,0x40,0x08,0xa4,0x51,0x65,0x72,0xc6,0x82,0x45,0x72,0x86,0x7a,0x85,0x7a,0x68,0x93,0x6f,0xdd,0xf1,0xed,
    0x8f,0xdd,0x2e,0xd5,0xac,0xcc,0x6b,0xc4,0xc9,0xab,0x68,0x9b,0xc6,0x82,0x65,0x72,0x22,0x39,0x00,0x00,0x00,0x00,0x00,0x00,
    0x00,0x00,0x21,0x08,0x20,0x00,0x21,0x08,0x20,0x00,0x21,0x08,0x20,0x00,0x21,0x08,0x20,0x00,0x21,0x08,0x20,0x00,0x00,0x00,
    0x00,0x00,0xb6,0xb5,0x58,0xc6,0x58,0xc6,0x38,0xc6,0x38,0xc6,0x38,0xc6,0x58,0xc6,0x38,0xbe,0x38,0xc6,0x38,0xc6,0x38,0xc6,
    0x58,0xc6,0x45,0x29,0x00,0x00,0x00,0x00,0x00,0x00,0x00,0x00,0x00,0x00,0x00,0x00,0x00,0x00,0x00,0x00,0x00,0x00,0x00,0x00,
    0x00,0x00,0x00,0x00,0x00,0x00,0x00,0x00,0x00,0x00,0x00,0x00,0x00,0x00,0x00,0x00,0x00,0x00,0x00,0x00,0x00,0x00,0x00,0x00,
    0x00,0x00,0x00,0x00,0x00,0x00,0x00,0x00,0x00,0x00,0x0c,0x63,0xfb,0xde,0xfb,0xde,0xfb,0xde,0xfb,0xde,0xfb,0xde,0xfb,0xde,
    0xfb,0xde,0xfb,0xde,0xda,0xde,0xfb,0xde,0xfb,0xde,0x92,0x94,0x00,0x00,0x21,0x08,0x21,0x08,0x41,0x08,0x21,0x08,0x41,0x08,
    0x21,0x08,0x41,0x08,0x21,0x08,0x41,0x10,0x61,0x08,0x82,0x10,0xa1,0x18,0xe2,0x28,0x02,0x29,0x43,0x39,0x63,0x41,0xa4,0x49,
    0xa3,0x49,0xa4,0x49,0x83,0x41,0x64,0x41,0x23,0x31,0xe2,0x28,0xa1,0x18,0x82,0x18,0x61,0x10,0x61,0x08,0x21,0x08,0x41,0x08,
    0x21,0x08,0x41,0x08,0x21,0x00,0x41,0x08,0x21,0x08,0x41,0x08,0x41,0x08,0x41,0x10,0x41,0x08,0x61,0x10,0x61,0x10,0x82,0x18,
    0x81,0x18,0xa2,0x18,0xa1,0x18,0xa2,0x20,0xa1,0x18,0xa2,0x20,0xa1,0x18,0xa2,0x20,0xa2,0x18,0xc2,0x20,0xc2,0x20,0x02,0x29,
    0x02,0x29,0x23,0x31,0x42,0x39,0x63,0x41,0x83,0x41,0xa4,0x49,0xc4,0x51,0x05,0x5a,0x45,0x6a,0x47,0x93,0xd0,0xe5,0xb4,0xfe,
    0x49,0xc4,0x67,0x9b,0x67,0x9b,0x87,0xa3,0x87,0x9b,0xa8,0xa3,0x89,0xcc,0xac,0x83,0x61,0x10,0x41,0x10,0x40,0x08,0x63,0x49,
    0x65,0x72,0xe7,0x8a,0x48,0x9b,0xa9,0xa3,0xe6,0x82,0xc7,0x82,0xe7,0x82,0x69,0x93,0x0d,0xcd,0x4e,0xdd,0xcc,0xcc,0x8b,0xc4,
    0x09,0xb4,0x88,0x9b,0xe7,0x8a,0x86,0x7a,0xa3,0x51,0x00,0x00,0x00,0x00,0x00,0x00,0x00,0x00,0x21,0x08,0x20,0x00,0x21,0x08,
    0x21,0x00,0x21,0x08,0x20,0x00,0x21,0x08,0x21,0x00,0x21,0x08,0x20,0x00,0x21,0x08,0x00,0x00,0x00,0x00,0xd2,0x94,0x59,0xc6,
    0x58,0xc6,0x59,0xc6,0x38,0xc6,0x59,0xc6,0x38,0xc6,0x38,0xc6,0x38,0xc6,0x59,0xc6,0x38,0xc6,0x79,0xce,0x28,0x42,0x00,0x00,
    0x00,0x00,0x00,0x00,0x00,0x00,0x00,0x00,0x00,0x00,0x00,0x00,0x00,0x00,0x00,0x00,0x00,0x00,0x00,0x00,0x00,0x00,0x00,0x00,
    0x00,0x00,0x00,0x00,0x00,0x00,0x00,0x00,0x00,0x00,0x00,0x00,0x00,0x00,0x00,0x00,0x00,0x00,0x00,0x00,0x00,0x00,0x00,0x00,
    0x00,0x00,0x00,0x00,0xe7,0x39,0x1b,0xe7,0xda,0xd6,0xfb,0xde,0xfa,0xd6,0xfb,0xde,0xda,0xd6,0xfb,0xde,0xfa,0xd6,0xfb,0xde,
    0xda,0xd6,0xdb,0xde,0x75,0xad,0x00,0x00,0x20,0x00,0x21,0x08,0x20,0x00,0x21,0x08,0x20,0x00,0x21,0x08,0x20,0x00,0x41,0x08,
    0x40,0x08,0x61,0x10,0x81,0x18,0xe2,0x20,0x02,0x29,0x63,0x39,0xa3,0x49,0xe4,0x59,0x04,0x5a,0x45,0x6a,0x65,0x6a,0x24,0x5a,
    0xa3,0x49,0x63,0x41,0x22,0x31,0xe2,0x28,0xa1,0x18,0x81,0x10,0x41,0x08,0x41,0x08,0x20,0x08,0x41,0x08,0x40,0x08,0x41,0x08,
    0x40,0x08,0x41,0x08,0x40,0x08,0x61,0x10,0x61,0x10,0x81,0x10,0x81,0x18,0xa2,0x20,0xc1,0x20,0xe2,0x20,0xe2,0x28,0x02,0x29,
    0xe2,0x28,0x02,0x29,0xe2,0x28,0x03,0x29,0xe2,0x28,0x03,0x29,0x02,0x31,0x43,0x39,0x43,0x39,0x83,0x41,0xa3,0x49,0xc4,0x51,
    0xc4,0x51,0xe4,0x59,0x04,0x5a,0x25,0x62,0x45,0x62,0x85,0x72,0x26,0x8b,0x4e,0xdd,0x17,0xff,0xca,0xdc,0x87,0x9b,0xa8,0xa3,
    0xa7,0xa3,0xa8,0xa3,0xc7,0xab,0xa8,0xa3,0xa2,0x18,0x81,0x18,0x40,0x08,0x02,0x31,0x45,0x6a,0xc6,0x82,0x47,0x93,0xc9,0xab,
    0x2a,0xbc,0xcc,0xcc,0xc9,0x9b,0x28,0x8b,0xe7,0x82,0xe7,0x82,0x0a,0xac,0x8b,0xc4,0x09,0xb4,0xa8,0xa3,0x07,0x8b,0xa6,0x7a,
    0xe4,0x59,0x40,0x08,0x00,0x00,0x00,0x00,0x00,0x00,0x00,0x00,0x20,0x00,0x21,0x08,0x20,0x00,0x21,0x00,0x20,0x00,0x21,0x08,
    0x20,0x00,0x21,0x00,0x20,0x00,0x21,0x08,0x20,0x00,0x00,0x00,0x00,0x00,0xef,0x7b,0x38,0xc6,0x58,0xc6,0x38,0xc6,0x38,0xc6,
    0x38,0xc6,0x38,0xc6,0x38,0xc6,0x38,0xc6,0x38,0xbe,0x38,0xc6,0x58,0xc6,0x4d,0x6b,0x00,0x00,0x00,0x00,0x00,0x00,0x00,0x00,
    0x00,0x00,0x00,0x00,0x00,0x00,0x00,0x00,0x00,0x00,0x00,0x00,0x00,0x00,0x00,0x00,0x00,0x00,0x00,0x00,0x00,0x00,0x00,0x00,
    0x00,0x00,0x00,0x00,0x00,0x00,0x00,0x00,0x00,0x00,0x00,0x00,0x00,0x00,0x00,0x00,0x00,0x00,0x00,0x00,0x00,0x00,0x45,0x29,
    0xda,0xd6,0xfb,0xde,0xfa,0xde,0xfb,0xde,0xfb,0xde,0xfb,0xde,0xda,0xd6,0xfb,0xde,0xfb,0xde,0xfb,0xde,0xda,0xd6,0x79,0xce,
    0x00,0x00,0x00,0x00,0x21,0x00,0x41,0x08,0x21,0x08,0x41,0x08,0x21,0x00,0x41,0x08,0x41,0x08,0x61,0x10,0x81,0x10,0xc2,0x20,
    0x02,0x29,0x63,0x39,0xa3,0x49,0x45,0x62,0x47,0x93,0x2d,0xdd,0x11,0xee,0x0d,0xd5,0x67,0x9b,0x65,0x6a,0xc4,0x51,0x84,0x41,
    0x23,0x31,0xe2,0x28,0xa1,0x18,0x82,0x18,0x61,0x10,0x62,0x10,0x61,0x10,0x62,0x10,0x61,0x10,0x81,0x10,0x61,0x10,0x82,0x18,
    0x81,0x18,0xa2,0x18,0xc2,0x18,0xe3,0x28,0x02,0x29,0x23,0x31,0x43,0x39,0x63,0x41,0x63,0x41,0x84,0x41,0x63,0x39,0x64,0x41,
    0x63,0x41,0x63,0x41,0x63,0x41,0xa4,0x49,0xc3,0x49,0xe4,0x51,0x04,0x5a,0x45,0x6a,0x65,0x6a,0x85,0x72,0x85,0x6a,0xa6,0x72,
    0x85,0x72,0xc6,0x7a,0xc6,0x7a,0x27,0x93,0x28,0xbc,0x16,0xff,0xef,0xf5,0x29,0xbc,0xc8,0xab,0xc8,0xab,0xc8,0xab,0xa8,0xa3,
    0xe2,0x20,0xc2,0x18,0x61,0x10,0xa2,0x20,0x25,0x6a,0xa6,0x82,0x27,0x8b,0xa9,0xab,0x2a,0xb4,0xcc,0xcc,0x4e,0xdd,0x11,0xee,
    0xac,0xbc,0x08,0x8b,0xc6,0x7a,0xa7,0x82,0x07,0x8b,0xa9,0xa3,0x27,0x93,0xc7,0x82,0x25,0x6a,0x81,0x18,0x00,0x00,0x00,0x00,
    0x00,0x00,0x21,0x08,0x20,0x00,0x21,0x08,0x21,0x00,0x21,0x08,0x20,0x00,0x21,0x08,0x21,0x00,0x21,0x08,0x20,0x00,0x21,0x08,
    0x21,0x00,0x21,0x08,0x20,0x00,0x00,0x00,0x0c,0x5b,0x59,0xc6,0x38,0xc6,0x59,0xc6,0x38,0xc6,0x59,0xc6,0x38,0xc6,0x39,0xc6,
    0x38,0xc6,0x38,0xc6,0x38,0xc6,0x59,0xc6,0x30,0x84,0x00,0x00,0x00,0x00,0x00,0x00,0x00,0x00,0x00,0x00,0x00,0x00,0x00,0x00,
    0x00,0x00,0x00,0x00,0x00,0x00,0x00,0x00,0x00,0x00,0x00,0x00,0x00,0x00,0x00,0x00,0x00,0x00,0x00,0x00,0x00,0x00,0x00,0x00,
    0x00,0x00,0x00,0x00,0x00,0x00,0x00,0x00,0x00,0x00,0x00,0x00,0x00,0x00,0x00,0x00,0xc3,0x18,0x17,0xc6,0xfa,0xd6,0xfb,0xde,
    0xda,0xd6,0xfb,0xde,0xda,0xd6,0xfb,0xde,0xda,0xd6,0xdb,0xde,0xda,0xd6,0xfb,0xde,0xda,0xd6,0x61,0x08,0x00,0x00,0x21,0x08,
    0x20,0x00,0x21,0x08,0x20,0x00,0x21,0x08,0x20,0x00,0x41,0x08,0x41,0x08,0x81,0x18,0xc1,0x20,0x23,0x31,0x83,0x41,0xe4,0x59,
    0x26,0x8b,0x31,0xee,0xf6,0xfe,0x72,0xfe,0xd5,0xf6,0x52,0xf6,0xa7,0xa3,0x45,0x6a,0xc3,0x49,0x63,0x39,0x02,0x29,0xe2,0x28,
    0xa1,0x18,0xa2,0x18,0x81,0x18,0xa2,0x18,0x81,0x18,0xa1,0x18,0xa1,0x18,0xa2,0x18,0xa1,0x18,0xc2,0x20,0xe2,0x20,0x02,0x29,
    0x22,0x31,0x63,0x39,0x83,0x41,0xc4,0x51,0xe4,0x51,0x04,0x5a,0x04,0x5a,0x04,0x5a,0xe4,0x51,0xe4,0x51,0xe4,0x51,0xe4,0x59,
    0x04,0x5a,0x45,0x62,0x65,0x6a,0xc6,0x82,0x46,0x93,0xc7,0xab,0x08,0xb4,0x49,0xbc,0xe8,0xb3,0x26,0x8b,0x06,0x83,0x27,0x8b,
    0x26,0x93,0xa7,0xa3,0xae,0xed,0x17,0xff,0x4b,0xe5,0xe8,0xb3,0xe8,0xb3,0xe8,0xb3,0x02,0x29,0xc2,0x18,0x81,0x10,0x81,0x18,
    0xe4,0x59,0x86,0x7a,0x07,0x8b,0x88,0xa3,0x09,0xb4,0x8b,0xc4,0x2e,0xd5,0xf0,0xe5,0xd0,0xe5,0x8f,0xdd,0x8b,0xbc,0xe7,0x82,
    0x85,0x72,0x65,0x72,0x65,0x72,0xc6,0x82,0x45,0x6a,0xe2,0x30,0x00,0x00,0x00,0x00,0x00,0x00,0x00,0x00,0x20,0x00,0x21,0x08,
    0x20,0x00,0x21,0x00,0x20,0x00,0x21,0x08,0x20,0x00,0x21,0x00,0x20,0x00,0x21,0x08,0x20,0x00,0x21,0x00,0x20,0x00,0x21,0x08,
    0x00,0x00,0x28,0x42,0x38,0xbe,0x38,0xc6,0x38,0xbe,0x38,0xc6,0x38,0xbe,0x38,0xc6,0x18,0xbe,0x38,0xc6,0x38,0xbe,0x38,0xc6,
    0x17,0xbe,0xd3,0x9c,0x00,0x00,0x00,0x00,0x00,0x00,0x00,0x00,0x00,0x00,0x00,0x00,0x00,0x00,0x00,0x00,0x00,0x00,0x00,0x00,
    0x00,0x00,0x00,0x00,0x00,0x00,0x00,0x00,0x00,0x00,0x00,0x00,0x00,0x00,0x00,0x00,0x00,0x00,0x00,0x00,0x00,0x00,0x00,0x00,
    0x00,0x00,0x00,0x00,0x00,0x00,0x00,0x00,0x00,0x00,0x62,0x10,0x95,0xad,0xfb,0xde,0xfb,0xde,0xfb,0xde,0xda,0xd6,0xfb,0xde,
    0xfa,0xde,0xfb,0xde,0xda,0xd6,0xfb,0xde,0xda,0xd6,0xfb,0xde,0x65,0x29,0x00,0x00,0x21,0x08,0x41,0x08,0x21,0x00,0x41,0x08,
    0x21,0x08,0x41,0x08,0x41,0x08,0x81,0x10,0xa2,0x18,0xe2,0x28,0x43,0x39,0xc4,0x51,0x65,0x6a,0x6a,0xc4,0x17,0xff,0x2b,0xe5,
    0x28,0xbc,0xca,0xdc,0xd5,0xfe,0x8e,0xe5,0x06,0x8b,0x25,0x62,0xa4,0x49,0x63,0x41,0x22,0x31,0x03,0x31,0xe2,0x28,0xe2,0x28,
    0xe2,0x28,0x02,0x29,0xe2,0x28,0x03,0x31,0x02,0x29,0x03,0x31,0x02,0x31,0x43,0x39,0x63,0x41,0xa4,0x49,0xe4,0x51,0x25,0x62,
    0x45,0x6a,0x86,0x72,0x85,0x72,0xa6,0x7a,0x85,0x72,0xa6,0x7a,0x65,0x6a,0x86,0x72,0x65,0x72,0xa6,0x72,0xc5,0x7a,0xa8,0xab,
    0x6c,0xe5,0x51,0xfe,0xb4,0xfe,0x17,0xff,0x37,0xff,0xb4,0xfe,0x8d,0xed,0xc8,0xa3,0x67,0x9b,0x67,0x9b,0x87,0x9b,0x69,0xc4,
    0x72,0xfe,0xb4,0xfe,0x0a,0xe5,0x69,0xcc,0xa3,0x49,0xa2,0x18,0xa2,0x18,0x81,0x18,0xa3,0x51,0x86,0x7a,0xe6,0x82,0x88,0x9b,
    0xe9,0xab,0x6b,0xc4,0x0d,0xd5,0xd0,0xe5,0xf1,0xed,0xaf,0xe5,0x2e,0xd5,0xcd,0xcc,0x4a,0xbc,0xc7,0x82,0x45,0x6a,0x25,0x6a,
    0x04,0x62,0x63,0x49,0x20,0x00,0x00,0x00,0x00,0x00,0x00,0x00,0x20,0x08,0x21,0x08,0x21,0x00,0x21,0x08,0x20,0x00,0x21,0x08,
    0x20,0x00,0x21,0x08,0x20,0x00,0x21,0x08,0x20,0x00,0x21,0x08,0x20,0x00,0x21,0x08,0x20,0x00,0x00,0x00,0x24,0x21,0x58,0xc6,
    0x38,0xc6,0x38,0xc6,0x38,0xbe,0x38,0xc6,0x38,0xc6,0x38,0xc6,0x18,0xbe,0x38,0xc6,0x38,0xbe,0x38,0xc6,0x34,0xa5,0x82,0x10,
    0x00,0x00,0x00,0x00,0x00,0x00,0x00,0x00,0x00,0x00,0x00,0x00,0x00,0x00,0x00,0x00,0x00,0x00,0x00,0x00,0x00,0x00,0x00,0x00,
    0x00,0x00,0x00,0x00,0x00,0x00,0x00,0x00,0x00,0x00,0x00,0x00,0x00,0x00,0x00,0x00,0x00,0x00,0x00,0x00,0x00,0x00,0x00,0x00,
    0x00,0x00,0x00,0x00,0x00,0x00,0x14,0xa5,0xda,0xd6,0xdb,0xde,0xda,0xd6,0xfb,0xde,0xda,0xd6,0xdb,0xde,0xda,0xd6,0xfb,0xde,
    0xda,0xd6,0xda,0xde,0xda,0xd6,0x69,0x4a,0x20,0x00,0x21,0x08,0x20,0x00,0x21,0x08,0x20,0x00,0x21,0x08,0x20,0x00,0x41,0x08,
    0x61,0x10,0xa2,0x18,0xe2,0x28,0x63,0x41,0xc3,0x51,0xc6,0x7a,0xae,0xe5,0x94,0xfe,0x48,0xbc,0x87,0xa3,0xc7,0xab,0xef,0xf5,
    0x73,0xf6,0xc8,0xab,0x65,0x6a,0x04,0x5a,0xa3,0x49,0x83,0x41,0x63,0x39,0x63,0x41,0x63,0x39,0x63,0x41,0x63,0x41,0x84,0x41,
    0x63,0x41,0x83,0x41,0x83,0x41,0xa4,0x49,0xa3,0x49,0xe4,0x59,0x24,0x62,0x85,0x72,0x26,0x8b,0xa8,0xab,0x28,0xbc,0xca,0xd4,
    0x4c,0xdd,0x4c,0xe5,0x48,0xbc,0x87,0x9b,0x06,0x83,0x06,0x83,0x06,0x83,0x08,0xb4,0x10,0xf6,0x37,0xff,0x93,0xf6,0xef,0xf5,
    0x4c,0xe5,0x4c,0xed,0x10,0xf6,0x17,0xff,0xaa,0xd4,0xc8,0xab,0x87,0xa3,0xa8,0xab,0xc7,0xab,0xca,0xdc,0x93,0xf6,0xd4,0xfe,
    0x27,0x8b,0xa2,0x18,0xa2,0x18,0x81,0x18,0x22,0x39,0x45,0x72,0xc6,0x82,0x48,0x9b,0xc9,0xab,0x4a,0xbc,0xec,0xcc,0x8f,0xe5,
    0x11,0xee,0xb0,0xe5,0x4e,0xd5,0xed,0xd4,0x6b,0xc4,0x0a,0xb4,0x68,0x9b,0x86,0x7a,0x04,0x62,0xc4,0x59,0x40,0x10,0x20,0x08,
    0x00,0x00,0x00,0x00,0x40,0x08,0x21,0x08,0x20,0x00,0x21,0x00,0x20,0x00,0x21,0x08,0x20,0x00,0x21,0x00,0x20,0x00,0x21,0x08,
    0x20,0x00,0x21,0x00,0x20,0x00,0x21,0x08,0x20,0x00,0x21,0x00,0x00,0x00,0x41,0x08,0x38,0xbe,0x38,0xc6,0x38,0xbe,0x38,0xc6,
    0x38,0xbe,0x38,0xc6,0x18,0xbe,0x38,0xc6,0x18,0xbe,0x38,0xc6,0x18,0xbe,0xb6,0xb5,0xe3,0x18,0x00,0x00,0x00,0x00,0x00,0x00,
    0x00,0x00,0x00,0x00,0x00,0x00,0x00,0x00,0x00,0x00,0x00,0x00,0x00,0x00,0x00,0x00,0x00,0x00,0x00,0x00,0x00,0x00,0x00,0x00,
    0x00,0x00,0x00,0x00,0x00,0x00,0x00,0x00,0x00,0x00,0x00,0x00,0x00,0x00,0x00,0x00,0x00,0x00,0x00,0x00,0x00,0x00,0x00,0x00,
    0x30,0x84,0xfb,0xde,0xda,0xd6,0xfb,0xde,0xda,0xde,0xfb,0xde,0xda,0xd6,0xfb,0xde,0xda,0xd6,0xfb,0xde,0xda,0xd6,0xfb,0xde,
    0x6d,0x6b,0x00,0x00,0x20,0x00,0x21,0x08,0x21,0x08,0x41,0x08,0x21,0x00,0x41,0x08,0x41,0x08,0x82,0x18,0xa1,0x18,0x03,0x31,
    0x83,0x41,0x04,0x5a,0xa5,0x7a,0x10,0xf6,0x93,0xfe,0x29,0xbc,0xa7,0xa3,0xc8,0xab,0x2b,0xe5,0x17,0xff,0x49,0xc4,0xc6,0x7a,
    0x45,0x6a,0x05,0x62,0xe4,0x51,0xe4,0x59,0xe4,0x51,0x04,0x5a,0x04,0x5a,0x25,0x62,0x24,0x62,0x25,0x62,0x04,0x5a,0x25,0x62,
    0x24,0x5a,0x45,0x6a,0x65,0x6a,0xc6,0x7a,0xe8,0xab,0x8e,0xed,0x93,0xf6,0x17,0xff,0x38,0xff,0xf6,0xfe,0x37,0xff,0x38,0xff,
    0xef,0xed,0xe8,0xb3,0x67,0x9b,0xa8,0xa3,0x0b,0xdd,0x17,0xff,0x6b,0xed,0xea,0xdc,0x89,0xcc,0x89,0xcc,0x89,0xcc,0x4b,0xed,
    0x17,0xff,0x2c,0xe5,0xe8,0xb3,0xc8,0xab,0xc8,0xab,0xe8,0xab,0x28,0xbc,0x0a,0xe5,0xee,0xc4,0xc3,0x20,0xc2,0x18,0xa2,0x20,
    0xe2,0x28,0x45,0x6a,0xa6,0x7a,0x48,0x93,0xa9,0xa3,0x4a,0xbc,0xcc,0xcc,0x8f,0xdd,0x11,0xee,0xd0,0xe5,0x4e,0xdd,0x0d,0xd5,
    0x8b,0xc4,0x2a,0xbc,0xa8,0xa3,0x28,0x93,0xa6,0x7a,0x05,0x62,0xa1,0x20,0x21,0x08,0x20,0x00,0x00,0x00,0x61,0x10,0x61,0x10,
    0x61,0x10,0x82,0x10,0xa3,0x10,0xe4,0x18,0xe4,0x18,0x25,0x21,0x61,0x08,0x21,0x08,0x20,0x00,0x21,0x08,0x20,0x00,0x21,0x08,
    0x20,0x00,0x21,0x08,0x20,0x00,0x00,0x00,0x00,0x00,0xb6,0xb5,0x38,0xbe,0x38,0xc6,0x38,0xc6,0x38,0xc6,0x38,0xbe,0x38,0xc6,
    0x38,0xbe,0x38,0xc6,0x18,0xbe,0x38,0xc6,0x59,0xc6,0x45,0x29,0x00,0x00,0x00,0x00,0x00,0x00,0x00,0x00,0x00,0x00,0x00,0x00,
    0x00,0x00,0x00,0x00,0x00,0x00,0x00,0x00,0x00,0x00,0x00,0x00,0x00,0x00,0x00,0x00,0x00,0x00,0x00,0x00,0x00,0x00,0x00,0x00,
    0x00,0x00,0x00,0x00,0x00,0x00,0x00,0x00,0x00,0x00,0x00,0x00,0x00,0x00,0x00,0x00,0x00,0x00,0x2c,0x63,0xfb,0xde,0xfb,0xde,
    0xda,0xd6,0xda,0xde,0xda,0xd6,0xdb,0xde,0xda,0xd6,0xda,0xd6,0xda,0xd6,0xdb,0xde,0xda,0xd6,0x51,0x8c,0x00,0x00,0x21,0x08,
    0x20,0x00,0x21,0x08,0x20,0x00,0x21,0x08,0x20,0x00,0x41,0x08,0x61,0x10,0xc2,0x20,0x02,0x29,0x83,0x41,0x04,0x5a,0x85,0x72,
    0xee,0xf5,0xb4,0xfe,0x48,0xbc,0xe8,0xb3,0xc7,0xab,0x0a,0xe5,0x38,0xff,0x8a,0xcc,0x06,0x8b,0xa6,0x7a,0x65,0x6a,0x65,0x6a,
    0x65,0x6a,0x85,0x72,0x85,0x72,0xa6,0x7a,0xc5,0x7a,0xc6,0x7a,0xc5,0x7a,0xc6,0x7a,0xa5,0x72,0xa6,0x7a,0xa5,0x7a,0xe6,0x82,
    0x08,0xb4,0x51,0xf6,0xf6,0xfe,0x51,0xf6,0x8d,0xe5,0xea,0xdc,0xc9,0xdc,0x0a,0xe5,0xee,0xf5,0x37,0xff,0x89,0xcc,0xc8,0xab,
    0xc7,0xab,0x0a,0xdd,0x17,0xff,0x8c,0xed,0xa9,0xd4,0x89,0xcc,0x89,0xcc,0x0a,0xe5,0xb4,0xf6,0x93,0xfe,0x89,0xcc,0xe8,0xb3,
    0xe7,0xab,0x28,0xbc,0x69,0xc4,0xea,0xdc,0x6d,0xdd,0x23,0x29,0xa1,0x18,0xa2,0x18,0xe2,0x20,0x04,0x62,0x86,0x7a,0x27,0x93,
    0x88,0x9b,0x0a,0xb4,0xab,0xc4,0x4e,0xdd,0xf0,0xe5,0xd0,0xe5,0x6e,0xdd,0x0d,0xd5,0xab,0xc4,0x4a,0xbc,0xa9,0xa3,0x48,0x93,
    0xa6,0x7a,0x45,0x6a,0xc1,0x20,0x21,0x08,0x20,0x00,0x20,0x08,0x03,0x21,0x65,0x31,0x44,0x29,0x04,0x21,0xe3,0x18,0xc3,0x18,
    0x82,0x10,0x62,0x08,0x21,0x08,0x00,0x00,0x20,0x00,0x21,0x00,0x20,0x00,0x21,0x08,0x20,0x00,0x00,0x00,0x20,0x00,0x21,0x08,
    0x00,0x00,0x00,0x00,0xb2,0x94,0x38,0xc6,0x17,0xbe,0x18,0xbe,0x18,0xbe,0x38,0xc6,0x17,0xbe,0x18,0xbe,0x17,0xbe,0x18,0xbe,
    0x17,0xbe,0x59,0xc6,0x08,0x42,0x00,0x00,0x00,0x00,0x00,0x00,0x00,0x00,0x00,0x00,0x00,0x00,0x00,0x00,0x00,0x00,0x00,0x00,
    0x00,0x00,0x00,0x00,0x00,0x00,0x00,0x00,0x00,0x00,0x00,0x00,0x00,0x00,0x00,0x00,0x00,0x00,0x00,0x00,0x00,0x00,0x00,0x00,
    0x00,0x00,0x00,0x00,0x00,0x00,0x00,0x00,0x00,0x00,0x00,0x00,0x08,0x42,0x1c,0xe7,0xda,0xd6,0xfb,0xde,0xda,0xd6,0xfb,0xde,
    0xda,0xd6,0xdb,0xde,0xda,0xd6,0xfb,0xde,0xda,0xd6,0xdb,0xde,0x54,0xa5,0x00,0x00,0x00,0x00,0x21,0x08,0x20,0x00,0x21,0x08,
    0x21,0x08,0x21,0x08,0x40,0x08,0x82,0x10,0xa2,0x18,0x03,0x31,0x63,0x41,0x05,0x5a,0x85,0x72,0x0b,0xe5,0x17,0xff,0xaa,0xd4,
    0x08,0xb4,0x08,0xb4,0x2b,0xe5,0x59,0xff,0x89,0xcc,0x67,0x9b,0x06,0x8b,0xe6,0x82,0xe6,0x82,0x27,0x8b,0x87,0x9b,0x08,0xb4,
    0x49,0xc4,0x89,0xcc,0x89,0xcc,0x69,0xcc,0xe8,0xb3,0x87,0xa3,0x26,0x93,0x47,0x93,0x67,0x9b,0xea,0xdc,0x37,0xff,0x6b,0xf5,
    0xca,0xd4,0x89,0xcc,0x69,0xc4,0x69,0xcc,0xa9,0xd4,0xef,0xf5,0xb4,0xfe,0xaa,0xd4,0xe8,0xb3,0xe8,0xb3,0x69,0xc4,0xce,0xf5,
    0xf6,0xfe,0x51,0xfe,0x4a,0xed,0xae,0xf5,0xf6,0xfe,0xb4,0xfe,0x0a,0xe5,0x69,0xc4,0x69,0xc4,0x2c,0xdd,0xf0,0xed,0xb4,0xfe,
    0xf7,0xf6,0xe6,0x49,0x81,0x18,0x81,0x18,0x81,0x18,0xc4,0x59,0x85,0x72,0x07,0x8b,0x88,0x9b,0x0a,0xb4,0x8b,0xc4,0x2e,0xdd,
    0xd0,0xe5,0xf1,0xed,0x8f,0xdd,0x2e,0xdd,0xcc,0xcc,0x6b,0xc4,0xc9,0xab,0x68,0x9b,0xe6,0x82,0x66,0x72,0x22,0x39,0x41,0x10,
    0x20,0x08,0x21,0x08,0x81,0x10,0xc3,0x20,0x61,0x10,0x41,0x08,0x20,0x00,0x21,0x08,0x20,0x00,0x21,0x08,0x20,0x00,0x21,0x08,
    0x20,0x00,0x21,0x08,0x20,0x00,0x21,0x08,0x20,0x00,0x21,0x08,0x20,0x00,0x21,0x08,0x20,0x00,0x00,0x00,0x00,0x00,0xf0,0x7b,
    0x38,0xbe,0x38,0xc6,0x18,0xbe,0x38,0xc6,0x18,0xbe,0x38,0xc6,0x18,0xbe,0x38,0xc6,0x18,0xbe,0x18,0xc6,0x38,0xc6,0x2c,0x63,
    0x00,0x00,0x00,0x00,0x00,0x00,0x00,0x00,0x00,0x00,0x00,0x00,0x00,0x00,0x00,0x00,0x00,0x00,0x00,0x00,0x00,0x00,0x00,0x00,
    0x00,0x00,0x00,0x00,0x00,0x00,0x00,0x00,0x00,0x00,0x00,0x00,0x00,0x00,0x00,0x00,0x00,0x00,0x00,0x00,0x00,0x00,0x00,0x00,
    0x00,0x00,0x00,0x00,0x00,0x00,0x45,0x29,0xda,0xd6,0xda,0xd6,0xda,0xd6,0xdb,0xde,0xda,0xd6,0xda,0xd6,0xda,0xd6,0xdb,0xde,
    0xda,0xd6,0xda,0xd6,0xda,0xd6,0x38,0xc6,0x00,0x00,0x00,0x00,0x20,0x00,0x21,0x08,0x20,0x00,0x21,0x08,0x20,0x00,0x41,0x08,
    0x61,0x10,0xa2,0x18,0x02,0x29,0x83,0x41,0x04,0x5a,0xa5,0x72,0x48,0xc4,0xf6,0xfe,0x6c,0xe5,0x69,0xc4,0x48,0xbc,0x8c,0xed,
    0xf6,0xfe,0x89,0xcc,0x87,0xa3,0x67,0x9b,0x46,0x93,0x87,0x9b,0x28,0xbc,0x6d,0xe5,0x30,0xee,0xb4,0xfe,0xf5,0xfe,0x38,0xff,
    0x16,0xff,0xb4,0xfe,0x4c,0xe5,0x28,0xbc,0x87,0x9b,0xa7,0xa3,0x89,0xcc,0xb4,0xfe,0x31,0xf6,0xea,0xdc,0xa9,0xd4,0xca,0xd4,
    0xe9,0xdc,0xcd,0xf5,0x16,0xff,0x8d,0xed,0x68,0xc4,0x28,0xbc,0x28,0xbc,0x89,0xcc,0xea,0xdc,0xac,0xfd,0xd5,0xfe,0x58,0xff,
    0x38,0xff,0x58,0xff,0xd5,0xfe,0xd5,0xfe,0xd5,0xfe,0x37,0xff,0x17,0xff,0xb4,0xfe,0x10,0xee,0x86,0x6a,0x61,0x10,0x61,0x10,
    0x40,0x08,0x63,0x49,0x65,0x72,0xe7,0x8a,0x68,0x93,0xe9,0xab,0x6a,0xbc,0x0d,0xd5,0xaf,0xdd,0x11,0xee,0x8f,0xdd,0x4e,0xdd,
    0xcc,0xcc,0x6b,0xc4,0xe9,0xab,0x88,0x9b,0xe7,0x82,0x66,0x72,0x83,0x49,0x40,0x08,0x20,0x00,0x20,0x08,0x40,0x08,0x81,0x18,
    0x61,0x10,0x41,0x08,0x20,0x08,0x21,0x08,0x20,0x00,0x00,0x00,0x00,0x00,0x21,0x08,0x20,0x00,0x00,0x00,0x00,0x00,0x00,0x00,
    0x20,0x00,0x00,0x00,0x00,0x00,0x00,0x00,0x20,0x00,0x00,0x00,0x00,0x00,0x00,0x00,0x0b,0x5b,0x38,0xbe,0x18,0xbe,0x38,0xc6,
    0x17,0xbe,0x18,0xbe,0x17,0xbe,0x18,0xbe,0x17,0xbe,0x18,0xbe,0x17,0xbe,0x38,0xc6,0xef,0x7b,0x00,0x00,0x00,0x00,0x00,0x00,
    0x00,0x00,0x00,0x00,0x00,0x00,0x00,0x00,0x00,0x00,0x00,0x00,0x00,0x00,0x00,0x00,0x00,0x00,0x00,0x00,0x00,0x00,0x00,0x00,
    0x00,0x00,0x00,0x00,0x00,0x00,0x00,0x00,0x00,0x00,0x00,0x00,0x00,0x00,0x00,0x00,0x00,0x00,0x00,0x00,0x00,0x00,0x00,0x00,
    0xe3,0x18,0x38,0xc6,0xda,0xd6,0xfb,0xde,0xda,0xd6,0xdb,0xde,0xda,0xd6,0xfb,0xde,0xda,0xd6,0xdb,0xde,0xda,0xd6,0xdb,0xde,
    0xda,0xd6,0x41,0x08,0x00,0x00,0x21,0x08,0x21,0x00,0x21,0x08,0x20,0x00,0x21,0x08,0x41,0x08,0x61,0x10,0xa2,0x18,0x03,0x31,
    0x63,0x41,0x04,0x5a,0x85,0x72,0xc8,0xab,0xf0,0xed,0xb4,0xfe,0xa9,0xd4,0xaa,0xd4,0x10,0xf6,0x93,0xfe,0x89,0xcc,0xc8,0xab,
    0xa7,0xa3,0xe8,0xab,0x2c,0xdd,0xf6,0xfe,0x17,0xff,0x93,0xfe,0xef,0xf5,0x8d,0xed,0x6b,0xed,0x8c,0xf5,0x50,0xfe,0xf6,0xfe,
    0xa9,0xd4,0xe8,0xab,0xc8,0xab,0x49,0xbc,0x0a,0xe5,0x72,0xfe,0xf5,0xfe,0x10,0xfe,0xef,0xf5,0xb4,0xfe,0xf6,0xfe,0xcd,0xfd,
    0xea,0xdc,0xeb,0xdc,0x6d,0xe5,0x10,0xf6,0x93,0xf6,0xf6,0xfe,0x38,0xff,0xb4,0xfe,0xcf,0xed,0xea,0xe4,0x0b,0xdd,0x6d,0xe5,
    0x6d,0xe5,0x8d,0xed,0x2b,0xe5,0xea,0xdc,0x28,0xbc,0xa6,0x7a,0x40,0x10,0x61,0x10,0x40,0x10,0x02,0x31,0x45,0x6a,0xc7,0x82,
    0x48,0x93,0xc9,0xab,0x4a,0xbc,0xed,0xd4,0x8f,0xdd,0x31,0xee,0xb0,0xe5,0x6f,0xdd,0xed,0xcc,0x8c,0xcc,0x0a,0xb4,0xa9,0xa3,
    0x07,0x8b,0xa6,0x7a,0xe4,0x59,0x61,0x10,0x20,0x00,0x20,0x08,0x20,0x00,0x82,0x18,0x61,0x10,0x61,0x10,0x40,0x08,0x41,0x08,
    0x20,0x00,0x21,0x08,0x20,0x00,0x21,0x08,0x20,0x00,0x21,0x08,0x20,0x00,0x00,0x00,0x20,0x00,0x21,0x08,0x20,0x00,0x00,0x00,
    0x20,0x00,0x21,0x08,0x20,0x00,0x00,0x00,0x00,0x00,0x29,0x4a,0x18,0xbe,0x38,0xc6,0x18,0xbe,0x38,0xc6,0x18,0xbe,0x38,0xc6,
    0x18,0xbe,0x18,0xc6,0x17,0xbe,0x18,0xc6,0x18,0xbe,0xd3,0x9c,0x00,0x00,0x00,0x00,0x00,0x00,0x00,0x00,0x00,0x00,0x00,0x00,
    0x00,0x00,0x00,0x00,0x00,0x00,0x00,0x00,0x00,0x00,0x00,0x00,0x00,0x00,0x00,0x00,0x00,0x00,0x00,0x00,0x00,0x00,0x00,0x00,
    0x00,0x00,0x00,0x00,0x00,0x00,0x00,0x00,0x00,0x00,0x00,0x00,0x00,0x00,0x00,0x00,0x00,0x00,0x62,0x10,0x95,0xad,0xdb,0xde,
    0xda,0xd6,0xda,0xd6,0xda,0xd6,0xda,0xd6,0xda,0xd6,0xda,0xd6,0xda,0xd6,0xda,0xd6,0xba,0xd6,0xda,0xd6,0x45,0x29,0x00,0x00,
    0x20,0x00,0x21,0x08,0x20,0x00,0x21,0x08,0x20,0x00,0x41,0x08,0x61,0x08,0xa2,0x18,0xe2,0x28,0x63,0x41,0xe4,0x51,0x86,0x72,
    0x26,0x93,0x89,0xcc,0xf6,0xfe,0x8c,0xed,0xe9,0xdc,0x93,0xfe,0x0f,0xf6,0x69,0xc4,0xc7,0xab,0xc8,0xab,0x48,0xbc,0x93,0xfe,
    0x72,0xfe,0x6b,0xf5,0x0a,0xe5,0xca,0xd4,0x89,0xcc,0xea,0xdc,0xce,0xf5,0x17,0xff,0x31,0xf6,0x89,0xcc,0x28,0xbc,0x49,0xc4,
    0x69,0xc4,0xca,0xdc,0x8b,0xf5,0x72,0xfe,0x38,0xff,0x16,0xff,0xf5,0xfe,0x37,0xff,0x38,0xff,0x58,0xff,0x17,0xff,0xf6,0xfe,
    0x93,0xf6,0x31,0xf6,0x6d,0xe5,0x89,0xcc,0x08,0xb4,0xa7,0xab,0x87,0x9b,0x87,0x9b,0x46,0x93,0x47,0x93,0x06,0x83,0x07,0x83,
    0xe6,0x7a,0x86,0x6a,0x61,0x10,0x41,0x10,0x40,0x08,0x61,0x10,0x04,0x62,0xa6,0x7a,0x27,0x8b,0xa9,0xa3,0x2a,0xb4,0xcc,0xcc,
    0x4e,0xd5,0x11,0xee,0xd0,0xe5,0x6f,0xdd,0xed,0xcc,0xab,0xc4,0x2a,0xb4,0xa9,0xa3,0x27,0x8b,0xa6,0x7a,0x24,0x6a,0x81,0x18,
    0x00,0x00,0x00,0x00,0x00,0x00,0x61,0x10,0x61,0x08,0x41,0x08,0x20,0x08,0x21,0x08,0x20,0x00,0x20,0x08,0x00,0x00,0x00,0x00,
    0x00,0x00,0x00,0x00,0x00,0x00,0x00,0x00,0x00,0x00,0x00,0x00,0x00,0x00,0x00,0x00,0x00,0x00,0x00,0x00,0x00,0x00,0x00,0x00,
    0x00,0x00,0x00,0x00,0x45,0x29,0x18,0xbe,0x17,0xbe,0x18,0xbe,0x17,0xbe,0x18,0xbe,0x17,0xbe,0x18,0xbe,0x17,0xbe,0x18,0xbe,
    0xf7,0xbd,0x17,0xbe,0x14,0x9d,0x82,0x10,0x00,0x00,0x00,0x00,0x00,0x00,0x00,0x00,0x00,0x00,0x00,0x00,0x00,0x00,0x00,0x00,
    0x00,0x00,0x00,0x00,0x00,0x00,0x00,0x00,0x00,0x00,0x00,0x00,0x00,0x00,0x00,0x00,0x00,0x00,0x00,0x00,0x00,0x00,0x00,0x00,
    0x00,0x00,0x00,0x00,0x00,0x00,0x00,0x00,0x00,0x00,0x00,0x00,0x00,0x00,0x14,0xa5,0xda,0xd6,0xdb,0xde,0xda,0xd6,0xdb,0xde,
    0xda,0xd6,0xdb,0xde,0xda,0xd6,0xdb,0xde,0xda,0xd6,0xdb,0xde,0xda,0xd6,0x49,0x4a,0x20,0x00,0x21,0x08,0x20,0x00,0x21,0x08,
    0x21,0x00,0x21,0x08,0x20,0x08,0x61,0x10,0xa1,0x18,0x03,0x29,0x63,0x39,0x04,0x5a,0x85,0x72,0x07,0x8b,0xe8,0xab,0xef,0xf5,
    0xf5,0xfe,0xcd,0xfd,0x16,0xff,0x4b,0xed,0x28,0xbc,0x08,0xb4,0xe8,0xab,0x29,0xbc,0xad,0xed,0x17,0xff,0xb3,0xfe,0xef,0xf5,
    0x8d,0xed,0x30,0xf6,0xd5,0xfe,0x59,0xff,0xb3,0xfe,0x0f,0xfe,0xcf,0xed,0x31,0xf6,0x73,0xf6,0xd5,0xfe,0xf6,0xfe,0xf6,0xfe,
    0x51,0xf6,0x6d,0xe5,0xa9,0xd4,0x69,0xcc,0x69,0xc4,0x89,0xcc,0x89,0xcc,0x89,0xcc,0x49,0xc4,0x08,0xb4,0x87,0x9b,0x47,0x93,
    0x07,0x8b,0x27,0x8b,0x07,0x83,0x28,0x8b,0x27,0x83,0x28,0x83,0xe7,0x7a,0xc7,0x7a,0x86,0x6a,0x46,0x62,0x61,0x10,0x41,0x08,
    0x20,0x08,0x41,0x08,0x02,0x31,0xa6,0x7a,0x07,0x8b,0x89,0xa3,0x0a,0xb4,0xac,0xcc,0x4e,0xd5,0xf1,0xed,0xd0,0xe5,0x8f,0xe5,
    0x0d,0xd5,0xcc,0xcc,0x4a,0xbc,0xc9,0xab,0x48,0x93,0xc7,0x82,0x45,0x6a,0xe2,0x30,0x00,0x00,0x00,0x00,0x00,0x00,0x41,0x10,
    0x41,0x08,0x41,0x08,0x20,0x08,0x41,0x08,0x20,0x00,0x21,0x08,0x20,0x00,0x00,0x00,0x20,0x00,0x00,0x00,0x20,0x00,0x00,0x00,
    0x20,0x00,0x00,0x00,0x20,0x00,0x00,0x00,0x20,0x00,0x00,0x00,0x20,0x00,0x00,0x00,0x20,0x00,0x00,0x00,0x00,0x00,0x62,0x10,
    0x18,0xbe,0x18,0xc6,0x17,0xbe,0x18,0xc6,0x17,0xbe,0x18,0xbe,0x17,0xbe,0x18,0xc6,0x17,0xbe,0x18,0xbe,0xf7,0xbd,0x96,0xb5,
    0xe3,0x18,0x00,0x00,0x00,0x00,0x00,0x00,0x00,0x00,0x00,0x00,0x00,0x00,0x00,0x00,0x00,0x00,0x00,0x00,0x00,0x00,0x00,0x00,
    0x00,0x00,0x00,0x00,0x00,0x00,0x00,0x00,0x00,0x00,0x00,0x00,0x00,0x00,0x00,0x00,0x00,0x00,0x00,0x00,0x00,0x00,0x00,0x00,
    0x00,0x00,0x00,0x00,0x00,0x00,0x00,0x00,0x30,0x84,0xda,0xd6,0xda,0xd6,0xda,0xd6,0xda,0xd6,0xda,0xd6,0xda,0xd6,0xda,0xd6,
    0xba,0xd6,0xda,0xd6,0xda,0xd6,0xda,0xd6,0x2c,0x63,0x00,0x00,0x00,0x00,0x21,0x08,0x20,0x00,0x21,0x08,0x20,0x00,0x41,0x08,
    0x40,0x08,0xa2,0x18,0xe2,0x28,0x63,0x41,0xc3,0x51,0x65,0x6a,0xe6,0x82,0x87,0x9b,0x68,0xc4,0x51,0xfe,0x38,0xff,0x72,0xfe,
    0x0a,0xe5,0x49,0xc4,0x28,0xbc,0x49,0xc4,0x48,0xbc,0xca,0xdc,0xab,0xfd,0xb3,0xfe,0x38,0xff,0x58,0xff,0x38,0xff,0x58,0xff,
    0x17,0xff,0xf6,0xfe,0xb4,0xfe,0xb3,0xfe,0x71,0xfe,0x30,0xfe,0x8c,0xed,0xea,0xdc,0x48,0xbc,0xe8,0xb3,0x87,0x9b,0x67,0x9b,
    0x26,0x8b,0x27,0x8b,0x06,0x83,0x27,0x8b,0x07,0x83,0x07,0x83,0x07,0x83,0x28,0x83,0xe7,0x7a,0xc7,0x7a,0x86,0x6a,0x66,0x6a,
    0x25,0x62,0x05,0x5a,0xe4,0x51,0xc4,0x51,0xa3,0x49,0xa3,0x49,0x81,0x18,0x20,0x08,0x20,0x00,0x20,0x08,0x00,0x00,0xe4,0x59,
    0xe6,0x82,0x68,0x9b,0xe9,0xab,0x6b,0xc4,0x0d,0xd5,0xd0,0xe5,0xf0,0xe5,0x8f,0xe5,0x2d,0xd5,0xcc,0xcc,0x6a,0xbc,0xe9,0xab,
    0x68,0x9b,0xe7,0x8a,0x65,0x72,0x43,0x41,0x00,0x00,0x00,0x00,0x00,0x00,0x00,0x00,0x20,0x00,0x00,0x00,0x00,0x00,0x00,0x00,
    0x00,0x00,0x00,0x00,0x00,0x00,0x00,0x00,0x00,0x00,0x00,0x00,0x00,0x00,0x00,0x00,0x00,0x00,0x00,0x00,0x00,0x00,0x00,0x00,
    0x00,0x00,0x00,0x00,0x00,0x00,0x00,0x00,0x00,0x00,0x00,0x00,0x00,0x00,0x00,0x00,0x00,0x00,0xb6,0xb5,0x17,0xbe,0x18,0xbe,
    0x17,0xbe,0x18,0xbe,0x17,0xbe,0x18,0xbe,0xf7,0xbd,0x17,0xbe,0xf7,0xbd,0x18,0xbe,0x17,0xbe,0x45,0x29,0x00,0x00,0x00,0x00,
    0x00,0x00,0x00,0x00,0x00,0x00,0x00,0x00,0x00,0x00,0x00,0x00,0x00,0x00,0x00,0x00,0x00,0x00,0x00,0x00,0x00,0x00,0x00,0x00,
    0x00,0x00,0x00,0x00,0x00,0x00,0x00,0x00,0x00,0x00,0x00,0x00,0x00,0x00,0x00,0x00,0x00,0x00,0x00,0x00,0x00,0x00,0x00,0x00,
    0x00,0x00,0x4d,0x6b,0xda,0xd6,0xdb,0xde,0xda,0xd6,0xdb,0xde,0xda,0xd6,0xdb,0xde,0xda,0xd6,0xda,0xd6,0xba,0xd6,0xdb,0xd6,
    0xda,0xd6,0x30,0x84,0x00,0x00,0x00,0x00,0x21,0x00,0x21,0x08,0x20,0x00,0x41,0x08,0x41,0x08,0x61,0x10,0x81,0x18,0xe3,0x28,
    0x43,0x39,0xc4,0x51,0x65,0x6a,0x67,0x9b,0x28,0xbc,0x4b,0xed,0x72,0xfe,0xb4,0xfe,0x37,0xff,0xd5,0xfe,0x52,0xf6,0x52,0xf6,
    0x73,0xf6,0xd5,0xfe,0xf6,0xfe,0x59,0xff,0x16,0xff,0x52,0xf6,0x8d,0xe5,0xea,0xdc,0xc9,0xd4,0xea,0xdc,0xc9,0xd4,0xaa,0xd4,
    0x49,0xc4,0x08,0xb4,0x87,0xa3,0x47,0x93,0x07,0x8b,0x27,0x8b,0x07,0x83,0x28,0x8b,0x28,0x83,0x28,0x83,0xe7,0x7a,0xc7,0x7a,
    0x86,0x6a,0x66,0x6a,0x25,0x62,0x25,0x62,0xe4,0x51,0xc4,0x51,0xa3,0x49,0xa4,0x49,0x83,0x41,0x84,0x41,0x63,0x41,0x63,0x41,
    0x43,0x39,0x43,0x39,0xa1,0x18,0x21,0x08,0x20,0x00,0x20,0x08,0x00,0x00,0x00,0x00,0x45,0x6a,0x68,0x9b,0xc9,0xab,0x6b,0xc4,
    0xed,0xcc,0xb0,0xe5,0x11,0xee,0xb0,0xe5,0x4e,0xd5,0xed,0xd4,0x6b,0xc4,0x0a,0xb4,0x88,0x9b,0x07,0x8b,0x85,0x72,0xc4,0x59,
    0x00,0x00,0x00,0x00,0x00,0x00,0x00,0x00,0x00,0x00,0x00,0x00,0x00,0x00,0x00,0x00,0x20,0x00,0x00,0x00,0x00,0x00,0x00,0x00,
    0x20,0x00,0x00,0x00,0x00,0x00,0x00,0x00,0x20,0x00,0x00,0x00,0x00,0x00,0x00,0x00,0x20,0x00,0x00,0x00,0x00,0x00,0x00,0x00,
    0x00,0x00,0x00,0x00,0x00,0x00,0x00,0x00,0x00,0x00,0x00,0x00,0xd2,0x94,0x18,0xc6,0x18,0xbe,0x18,0xbe,0x17,0xbe,0x18,0xbe,
    0x17,0xbe,0x18,0xbe,0xf7,0xbd,0x18,0xbe,0xf7,0xbd,0x59,0xc6,0xe8,0x39,0x00,0x00,0x00,0x00,0x00,0x00,0x00,0x00,0x00,0x00,
    0x00,0x00,0x00,0x00,0x00,0x00,0x00,0x00,0x00,0x00,0x00,0x00,0x00,0x00,0x00,0x00,0x00,0x00,0x00,0x00,0x00,0x00,0x00,0x00,
    0x00,0x00,0x00,0x00,0x00,0x00,0x00,0x00,0x00,0x00,0x00,0x00,0x00,0x00,0x00,0x00,0x00,0x00,0x00,0x00,0x28,0x42,0xfb,0xde,
    0xba,0xd6,0xda,0xd6,0xda,0xd6,0xda,0xd6,0xba,0xd6,0xba,0xd6,0xba,0xd6,0xda,0xd6,0xba,0xd6,0xba,0xd6,0x13,0x9d,0x00,0x00,
    0x00,0x00,0x21,0x00,0x20,0x00,0x21,0x08,0x20,0x00,0x41,0x08,0x41,0x08,0x81,0x18,0xc2,0x20,0x23,0x31,0xa3,0x49,0x87,0x9b,
    0x6e,0xdd,0x52,0xf6,0xf6,0xfe,0x72,0xfe,0xc9,0xd4,0x0b,0xdd,0xae,0xe5,0x11,0xf6,0x51,0xf6,0x51,0xfe,0xef,0xf5,0x8d,0xed,
    0xca,0xd4,0x49,0xc4,0xe8,0xb3,0xc8,0xab,0x87,0x9b,0x67,0x9b,0x47,0x93,0x47,0x93,0x27,0x8b,0x48,0x8b,0x27,0x83,0x28,0x83,
    0xe7,0x7a,0xc7,0x72,0x86,0x6a,0x66,0x6a,0x24,0x5a,0x04,0x5a,0xc3,0x51,0xc4,0x51,0xa3,0x49,0xa3,0x49,0x83,0x41,0x83,0x41,
    0x63,0x39,0x63,0x39,0x42,0x31,0x23,0x31,0x02,0x29,0x02,0x31,0xe2,0x28,0xe2,0x28,0xc2,0x20,0xc2,0x20,0x81,0x18,0x00,0x00,
    0x00,0x00,0x00,0x00,0x00,0x00,0x04,0x21,0x61,0x08,0xa6,0x7a,0xa9,0xa3,0x4a,0xbc,0xcc,0xcc,0x6f,0xdd,0x11,0xee,0xd0,0xe5,
    0x4e,0xd5,0xed,0xd4,0x8b,0xc4,0x2a,0xb4,0x88,0x9b,0x27,0x93,0x86,0x7a,0x05,0x62,0x40,0x08,0x00,0x00,0x00,0x00,0x00,0x00,
    0x00,0x00,0x00,0x00,0x00,0x00,0x00,0x00,0x00,0x00,0x00,0x00,0x00,0x00,0x00,0x00,0x00,0x00,0x00,0x00,0x00,0x00,0x00,0x00,
    0x00,0x00,0x00,0x00,0x00,0x00,0x00,0x00,0x00,0x00,0x00,0x00,0x00,0x00,0x00,0x00,0x00,0x00,0x00,0x00,0x00,0x00,0x00,0x00,
    0x00,0x00,0x00,0x00,0x00,0x00,0xef,0x7b,0xf7,0xbd,0x17,0xbe,0xf7,0xbd,0x17,0xbe,0xf7,0xbd,0xf7,0xbd,0xf7,0xbd,0xf7,0xbd,
    0xf7,0xb5,0xf7,0xbd,0x18,0xbe,0xec,0x62,0x00,0x00,0x00,0x00,0x00,0x00,0x00,0x00,0x00,0x00,0x00,0x00,0x00,0x00,0x00,0x00,
    0x00,0x00,0x00,0x00,0x00,0x00,0x00,0x00,0x00,0x00,0x00,0x00,0x00,0x00,0x00,0x00,0x00,0x00,0x00,0x00,0x00,0x00,0x00,0x00,
    0x00,0x00,0x00,0x00,0x00,0x00,0x00,0x00,0x00,0x00,0x00,0x00,0x00,0x00,0x65,0x29,0xda,0xd6,0xda,0xd6,0xba,0xd6,0xdb,0xde,
    0xda,0xd6,0xda,0xd6,0xba,0xd6,0xda,0xd6,0xba,0xd6,0xda,0xd6,0xba,0xd6,0x18,0xc6,0x00,0x00,0x00,0x00,0x20,0x00,0x21,0x08,
    0x21,0x00,0x21,0x08,0x20,0x08,0x61,0x10,0x81,0x10,0xc2,0x20,0x02,0x31,0xa4,0x49,0x6a,0xc4,0xb4,0xfe,0x10,0xee,0x0c,0xdd,
    0xe8,0xab,0x47,0x93,0x26,0x8b,0x87,0x9b,0xa7,0xa3,0xa8,0xa3,0x67,0x9b,0x47,0x93,0x27,0x8b,0x27,0x8b,0x27,0x8b,0x68,0x93,
    0x48,0x8b,0x48,0x8b,0x07,0x83,0x07,0x83,0xc6,0x72,0x86,0x72,0x45,0x62,0x25,0x62,0xe4,0x59,0xe4,0x51,0xa3,0x49,0xa4,0x49,
    0x83,0x41,0x83,0x41,0x43,0x39,0x63,0x39,0x23,0x31,0x23,0x31,0x02,0x31,0x23,0x31,0x02,0x31,0x02,0x31,0xe2,0x28,0x02,0x29,
    0xe2,0x28,0xc2,0x28,0xa1,0x20,0xa2,0x20,0x81,0x18,0x82,0x18,0x61,0x10,0x00,0x00,0x00,0x00,0x00,0x00,0x00,0x00,0x00,0x00,
    0xef,0x7b,0x38,0xc6,0x87,0x6a,0x2a,0xbc,0xac,0xcc,0x6e,0xdd,0xf0,0xe5,0xf0,0xed,0x6e,0xdd,0x0d,0xd5,0xab,0xc4,0x4a,0xbc,
    0xc9,0xa3,0x48,0x93,0xc6,0x7a,0x45,0x72,0xa1,0x20,0x00,0x00,0x00,0x00,0x00,0x00,0x00,0x00,0x00,0x00,0x00,0x00,0x00,0x00,
    0x00,0x00,0x00,0x00,0x00,0x00,0x00,0x00,0x00,0x00,0x00,0x00,0x00,0x00,0x00,0x00,0x00,0x00,0x00,0x00,0x00,0x00,0x00,0x00,
    0x00,0x00,0x00,0x00,0x00,0x00,0x00,0x00,0x00,0x00,0x00,0x00,0x00,0x00,0x00,0x00,0x00,0x00,0x00,0x00,0x00,0x00,0x00,0x00,
    0x0c,0x63,0x18,0xbe,0xf7,0xbd,0x18,0xbe,0xf7,0xbd,0x18,0xbe,0xf7,0xbd,0x18,0xbe,0xf7,0xbd,0xf8,0xbd,0xf7,0xbd,0x18,0xc6,
    0xcf,0x7b,0x00,0x00,0x00,0x00,0x00,0x00,0x00,0x00,0x00,0x00,0x00,0x00,0x00,0x00,0x00,0x00,0x00,0x00,0x00,0x00,0x00,0x00,
    0x00,0x00,0x00,0x00,0x00,0x00,0x00,0x00,0x00,0x00,0x00,0x00,0x00,0x00,0x00,0x00,0x00,0x00,0x00,0x00,0x00,0x00,0x00,0x00,
    0x00,0x00,0x00,0x00,0x00,0x00,0x00,0x00,0xe3,0x18,0x38,0xc6,0xba,0xd6,0xda,0xd6,0xba,0xd6,0xba,0xd6,0xba,0xd6,0xda,0xd6,
    0xba,0xd6,0xba,0xd6,0xba,0xd6,0xba,0xd6,0xba,0xce,0x21,0x08,0x00,0x00,0x21,0x08,0x20,0x00,0x21,0x00,0x20,0x00,0x21,0x08,
    0x41,0x08,0x61,0x10,0xa2,0x18,0x03,0x29,0x43,0x39,0x85,0x72,0x46,0x93,0x27,0x8b,0xc6,0x7a,0xc6,0x7a,0xc6,0x7a,0xe7,0x82,
    0xe7,0x7a,0x08,0x83,0x07,0x7b,0x08,0x83,0xc7,0x72,0xc7,0x72,0x86,0x72,0x86,0x6a,0x45,0x62,0x25,0x62,0x04,0x5a,0x04,0x5a,
    0xc3,0x51,0xc4,0x51,0xa3,0x49,0xa4,0x49,0x63,0x41,0x63,0x41,0x43,0x39,0x43,0x39,0x02,0x31,0x02,0x31,0xe2,0x28,0xe2,0x28,
    0xe1,0x20,0xe2,0x20,0xc2,0x20,0xe2,0x28,0xe2,0x20,0xe2,0x28,0xc2,0x20,0xe2,0x28,0xc2,0x20,0xa2,0x20,0x81,0x18,0x81,0x18,
    0x61,0x10,0x61,0x10,0x20,0x08,0x00,0x00,0x00,0x00,0x00,0x00,0x00,0x00,0x00,0x00,0x00,0x00,0x38,0xc6,0x5c,0xe7,0x77,0xd6,
    0x8b,0xc4,0x2e,0xd5,0xd0,0xe5,0xf1,0xed,0x8f,0xdd,0x2d,0xd5,0xcc,0xcc,0x6b,0xc4,0xc9,0xab,0x68,0x9b,0xc6,0x82,0x65,0x72,
    0x02,0x31,0x00,0x00,0x00,0x00,0x00,0x00,0x00,0x00,0x00,0x00,0x00,0x00,0x00,0x00,0x00,0x00,0x00,0x00,0x00,0x00,0x00,0x00,
    0x00,0x00,0x00,0x00,0x00,0x00,0x00,0x00,0x00,0x00,0x00,0x00,0x00,0x00,0x00,0x00,0x00,0x00,0x00,0x00,0x00,0x00,0x00,0x00,
    0x00,0x00,0x00,0x00,0x00,0x00,0x00,0x00,0x00,0x00,0x00,0x00,0x00,0x00,0x00,0x00,0x00,0x00,0x49,0x42,0xf7,0xbd,0x18,0xbe,
    0xf7,0xbd,0xf7,0xbd,0xf7,0xbd,0xf7,0xbd,0xf7,0xb5,0xf7,0xbd,0xf7,0xb5,0xf7,0xbd,0xf7,0xb5,0xb2,0x94,0x00,0x00,0x00,0x00,
    0x00,0x00,0x00,0x00,0x00,0x00,0x00,0x00,0x00,0x00,0x00,0x00,0x00,0x00,0x00,0x00,0x00,0x00,0x00,0x00,0x00,0x00,0x00,0x00,
    0x00,0x00,0x00,0x00,0x00,0x00,0x00,0x00,0x00,0x00,0x00,0x00,0x00,0x00,0x00,0x00,0x00,0x00,0x00,0x00,0x00,0x00,0x00,0x00,
    0x00,0x00,0x82,0x10,0x95,0xad,0xda,0xd6,0xba,0xd6,0xda,0xd6,0xba,0xd6,0xda,0xd6,0xba,0xd6,0xba,0xd6,0xba,0xd6,0xda,0xd6,
    0xba,0xd6,0xba,0xd6,0x24,0x21,0x00,0x00,0x21,0x00,0x21,0x08,0x20,0x00,0x21,0x08,0x20,0x08,0x41,0x08,0x61,0x10,0xa2,0x18,
    0xc2,0x20,0x85,0x41,0xe5,0x49,0x47,0x62,0x87,0x62,0xa7,0x6a,0x86,0x6a,0x86,0x6a,0x46,0x62,0x45,0x62,0x04,0x5a,0xe4,0x59,
    0xe4,0x51,0xc4,0x51,0xa3,0x49,0xc4,0x51,0xa3,0x49,0xa4,0x49,0x83,0x41,0x84,0x41,0x63,0x39,0x43,0x39,0x23,0x31,0x23,0x31,
    0x02,0x31,0x03,0x31,0xe2,0x28,0xe3,0x28,0xc2,0x20,0xc2,0x20,0xa2,0x18,0xa2,0x20,0xa1,0x18,0xa2,0x18,0xa1,0x18,0xa2,0x20,
    0xa2,0x18,0xc2,0x20,0xc2,0x20,0xe2,0x28,0xc2,0x20,0xc2,0x20,0xa1,0x18,0xa2,0x18,0x61,0x10,0x61,0x10,0x41,0x08,0x00,0x00,
    0x00,0x00,0x00,0x00,0x00,0x00,0x00,0x00,0x00,0x00,0x66,0x31,0x5c,0xe7,0x5c,0xef,0x5c,0xe7,0xd2,0xdd,0xaf,0xe5,0x11,0xee,
    0xaf,0xe5,0x4e,0xdd,0xcc,0xcc,0x8b,0xc4,0xe9,0xab,0x88,0x9b,0xe7,0x82,0x86,0x7a,0x83,0x49,0x00,0x00,0x00,0x00,0x00,0x00,
    0x00,0x00,0x00,0x00,0x00,0x00,0x00,0x00,0x00,0x00,0x00,0x00,0x00,0x00,0x00,0x00,0x00,0x00,0x00,0x00,0x00,0x00,0x00,0x00,
    0x00,0x00,0x00,0x00,0x00,0x00,0x00,0x00,0x00,0x00,0x00,0x00,0x00,0x00,0x00,0x00,0x00,0x00,0x00,0x00,0x00,0x00,0x00,0x00,
    0x00,0x00,0x00,0x00,0x00,0x00,0x00,0x00,0x00,0x00,0x00,0x00,0x45,0x29,0x18,0xbe,0xf7,0xbd,0x18,0xbe,0xf7,0xbd,0x18,0xbe,
    0xf7,0xbd,0xf8,0xbd,0xf7,0xbd,0xf8,0xbd,0xf7,0xbd,0xf7,0xbd,0xf3,0x9c,0x82,0x10,0x00,0x00,0x00,0x00,0x00,0x00,0x00,0x00,
    0x00,0x00,0x00,0x00,0x00,0x00,0x00,0x00,0x00,0x00,0x00,0x00,0x00,0x00,0x00,0x00,0x00,0x00,0x00,0x00,0x00,0x00,0x00,0x00,
    0x00,0x00,0x00,0x00,0x00,0x00,0x00,0x00,0x00,0x00,0x00,0x00,0x00,0x00,0x00,0x00,0x00,0x00,0x00,0x00,0x00,0x00,0x14,0xa5,
    0xba,0xd6,0xba,0xd6,0xba,0xd6,0xba,0xd6,0xba,0xce,0xba,0xd6,0xba,0xd6,0xba,0xd6,0xb9,0xce,0xba,0xd6,0xba,0xce,0x28,0x42,
    0x00,0x00,0x21,0x00,0x20,0x00,0x21,0x08,0x20,0x00,0x21,0x08,0x40,0x08,0x61,0x10,0x61,0x10,0xa1,0x18,0x23,0x29,0x43,0x39,
    0x43,0x31,0x43,0x39,0x63,0x39,0x63,0x41,0x62,0x39,0x63,0x41,0x63,0x39,0x63,0x39,0x42,0x39,0x43,0x39,0x42,0x31,0x23,0x31,
    0x22,0x31,0x02,0x31,0x02,0x29,0x02,0x29,0xe2,0x28,0xe2,0x28,0xc2,0x20,0xc2,0x20,0xa1,0x18,0xa1,0x18,0x81,0x18,0xa1,0x18,
    0x61,0x10,0x81,0x10,0x61,0x10,0x61,0x10,0x40,0x08,0x61,0x10,0x40,0x10,0x81,0x10,0x61,0x10,0xa1,0x18,0xc2,0x20,0xe2,0x28,
    0xe2,0x28,0x02,0x31,0x02,0x29,0xe2,0x28,0xc1,0x20,0xa1,0x18,0x81,0x10,0x41,0x08,0x00,0x00,0x00,0x00,0x00,0x00,0x00,0x00,
    0x00,0x00,0x00,0x00,0xef,0x7b,0x5c,0xe7,0x3b,0xe7,0x5c,0xe7,0x3b,0xe7,0x53,0xee,0xaf,0xdd,0x4e,0xdd,0xec,0xcc,0x8b,0xc4,
    0x09,0xb4,0x88,0xa3,0x07,0x8b,0x86,0x7a,0x83,0x49,0x20,0x08,0x00,0x00,0x00,0x00,0x00,0x00,0x00,0x00,0x00,0x00,0x00,0x00,
    0x00,0x00,0x00,0x00,0x00,0x00,0x00,0x00,0x00,0x00,0x00,0x00,0x00,0x00,0x00,0x00,0x00,0x00,0x00,0x00,0x00,0x00,0x00,0x00,
    0x00,0x00,0x00,0x00,0x00,0x00,0x00,0x00,0x00,0x00,0x00,0x00,0x00,0x00,0x00,0x00,0x00,0x00,0x00,0x00,0x00,0x00,0x00,0x00,
    0x00,0x00,0x00,0x00,0x00,0x00,0x82,0x10,0xf7,0xb5,0xf7,0xbd,0xf7,0xb5,0xf7,0xbd,0xf7,0xb5,0xf7,0xbd,0xf7,0xb5,0xf7,0xbd,
    0xd7,0xb5,0xf7,0xbd,0xf7,0xb5,0x75,0xad,0xc3,0x18,0x00,0x00,0x00,0x00,0x00,0x00,0x00,0x00,0x00,0x00,0x00,0x00,0x00,0x00,
    0x00,0x00,0x00,0x00,0x00,0x00,0x00,0x00,0x00,0x00,0x00,0x00,0x00,0x00,0x00,0x00,0x00,0x00,0x00,0x00,0x00,0x00,0x00,0x00,
    0x00,0x00,0x00,0x00,0x00,0x00,0x00,0x00,0x00,0x00,0x00,0x00,0x00,0x00,0x00,0x00,0x51,0x8c,0xda,0xd6,0xba,0xd6,0xda,0xd6,
    0xba,0xd6,0xba,0xd6,0xba,0xd6,0xba,0xd6,0xba,0xd6,0xba,0xd6,0xba,0xce,0xba,0xd6,0x0c,0x63,0x00,0x00,0x20,0x00,0x21,0x08,
    0x20,0x00,0x21,0x08,0x20,0x00,0x41,0x08,0x41,0x08,0x61,0x10,0x61,0x10,0xa2,0x18,0xc2,0x20,0xe2,0x28,0xe2,0x28,0x03,0x31,
    0x02,0x29,0x02,0x29,0xe2,0x28,0x02,0x29,0xe2,0x28,0xe2,0x28,0xc2,0x20,0xe2,0x28,0xc2,0x20,0xc2,0x20,0xa1,0x18,0xa2,0x20,
    0xa1,0x18,0x82,0x18,0x81,0x10,0x82,0x18,0x61,0x10,0x61,0x10,0x41,0x08,0x41,0x10,0x41,0x08,0x41,0x08,0x20,0x00,0x00,0x00,
    0x20,0x08,0x41,0x08,0x40,0x08,0x61,0x10,0x81,0x18,0xc2,0x20,0xe2,0x28,0x23,0x31,0x43,0x39,0x63,0x41,0x63,0x41,0x83,0x41,
    0x43,0x39,0x23,0x31,0xe2,0x28,0xc2,0x20,0x00,0x00,0x00,0x00,0x00,0x00,0x00,0x00,0x00,0x00,0x00,0x00,0x00,0x00,0x38,0xc6,
    0x5c,0xe7,0x5c,0xef,0x5c,0xe7,0x5c,0xef,0x1b,0xe7,0x13,0xe6,0x0d,0xcd,0xac,0xcc,0x2a,0xbc,0xa9,0xa3,0x27,0x93,0xa6,0x82,
    0x43,0x39,0x00,0x00,0x00,0x00,0x00,0x00,0x00,0x00,0x00,0x00,0x00,0x00,0x00,0x00,0x00,0x00,0x00,0x00,0x00,0x00,0x00,0x00,
    0x00,0x00,0x00,0x00,0x00,0x00,0x00,0x00,0x00,0x00,0x00,0x00,0x00,0x00,0x00,0x00,0x00,0x00,0x00,0x00,0x00,0x00,0x00,0x00,
    0x00,0x00,0x00,0x00,0x00,0x00,0x00,0x00,0x00,0x00,0x00,0x00,0x00,0x00,0x00,0x00,0x00,0x00,0x00,0x00,0x00,0x00,0x00,0x00,
    0x00,0x00,0xd7,0xb5,0xf7,0xbd,0xf8,0xbd,0xf7,0xbd,0xf7,0xbd,0xf7,0xb5,0xf8,0xbd,0xf7,0xbd,0xf7,0xbd,0xd7,0xb5,0xf7,0xbd,
    0xf7,0xbd,0x45,0x29,0x00,0x00,0x00,0x00,0x00,0x00,0x00,0x00,0x00,0x00,0x00,0x00,0x00,0x00,0x00,0x00,0x00,0x00,0x00,0x00,
    0x00,0x00,0x00,0x00,0x00,0x00,0x00,0x00,0x00,0x00,0x00,0x00,0x00,0x00,0x00,0x00,0x00,0x00,0x00,0x00,0x00,0x00,0x00,0x00,
    0x00,0x00,0x00,0x00,0x00,0x00,0x00,0x00,0x00,0x00,0x6d,0x6b,0xda,0xd6,0xba,0xd6,0xb9,0xce,0xba,0xd6,0xba,0xce,0xba,0xd6,
    0x99,0xce,0xba,0xd6,0xb9,0xce,0xba,0xd6,0x99,0xce,0xef,0x7b,0x00,0x00,0x00,0x00,0x20,0x00,0x21,0x00,0x20,0x00,0x21,0x08,
    0x20,0x00,0x40,0x08,0x40,0x08,0x61,0x10,0x61,0x10,0x81,0x18,0x81,0x18,0xa2,0x18,0xa1,0x18,0xa1,0x18,0x81,0x18,0xa1,0x18,
    0x81,0x18,0x81,0x18,0x81,0x10,0x81,0x18,0x61,0x10,0x81,0x10,0x61,0x10,0x61,0x10,0x40,0x08,0x41,0x08,0x20,0x08,0x21,0x08,
    0x00,0x00,0x00,0x00,0x00,0x00,0x00,0x00,0x00,0x00,0x00,0x00,0x00,0x00,0x00,0x00,0x00,0x00,0x20,0x08,0x20,0x08,0x61,0x10,
    0x81,0x10,0xa2,0x20,0xe2,0x28,0x43,0x39,0x63,0x41,0xa3,0x49,0xc3,0x51,0xe4,0x59,0xc3,0x51,0xc4,0x49,0x83,0x41,0x43,0x39,
    0x81,0x10,0x00,0x00,0x00,0x00,0x00,0x00,0x00,0x00,0x00,0x00,0x00,0x00,0x25,0x29,0x3c,0xe7,0x5c,0xe7,0x5c,0xe7,0x5c,0xef,
    0x3c,0xe7,0x5c,0xe7,0x5c,0xe7,0xfa,0xe6,0xd3,0xcd,0x69,0x8b,0xe4,0x51,0xe2,0x28,0x00,0x00,0x00,0x00,0x00,0x00,0x00,0x00,
    0x00,0x00,0x00,0x00,0x00,0x00,0x00,0x00,0x00,0x00,0x00,0x00,0x00,0x00,0x00,0x00,0x00,0x00,0x00,0x00,0x00,0x00,0x00,0x00,
    0x00,0x00,0x00,0x00,0x00,0x00,0x00,0x00,0x00,0x00,0x00,0x00,0x00,0x00,0x00,0x00,0x00,0x00,0x00,0x00,0x00,0x00,0x00,0x00,
    0x00,0x00,0x00,0x00,0x00,0x00,0x00,0x00,0x00,0x00,0x00,0x00,0x00,0x00,0x00,0x00,0x00,0x00,0x00,0x00,0xd3,0x94,0xf7,0xbd,
    0xf7,0xb5,0xf7,0xbd,0xf7,0xb5,0xf7,0xbd,0xf7,0xb5,0xf7,0xbd,0xd7,0xb5,0xf7,0xbd,0xd7,0xb5,0x38,0xc6,0xa6,0x31,0x00,0x00,
    0x00,0x00,0x00,0x00,0x00,0x00,0x00,0x00,0x00,0x00,0x00,0x00,0x00,0x00,0x00,0x00,0x00,0x00,0x00,0x00,0x00,0x00,0x00,0x00,
    0x00,0x00,0x00,0x00,0x00,0x00,0x00,0x00,0x00,0x00,0x00,0x00,0x00,0x00,0x00,0x00,0x00,0x00,0x00,0x00,0x00,0x00,0x00,0x00,
    0x00,0x00,0x00,0x00,0x49,0x4a,0xfb,0xde,0xba,0xd6,0xba,0xd6,0xba,0xd6,0xba,0xd6,0xba,0xd6,0xba,0xd6,0x9a,0xce,0xba,0xd6,
    0xba,0xd6,0xba,0xd6,0xd3,0x9c,0x00,0x00,0x00,0x00,0x21,0x08,0x20,0x00,0x21,0x08,0x20,0x00,0x21,0x08,0x20,0x00,0x41,0x08,
    0x20,0x08,0x61,0x10,0x41,0x08,0x61,0x10,0x61,0x10,0x61,0x10,0x61,0x10,0x61,0x10,0x41,0x10,0x61,0x10,0x41,0x08,0x41,0x10,
    0x21,0x08,0x21,0x08,0x20,0x00,0x00,0x00,0x20,0x00,0x00,0x00,0x20,0x00,0x00,0x00,0x20,0x00,0x00,0x00,0x00,0x00,0x00,0x00,
    0x20,0x00,0x00,0x00,0x00,0x00,0x00,0x00,0x20,0x00,0x21,0x08,0x20,0x08,0x61,0x10,0x61,0x10,0xa2,0x20,0xe2,0x28,0x43,0x39,
    0x83,0x41,0x04,0x5a,0xa5,0x72,0x87,0xa3,0xe8,0xab,0xa8,0xa3,0xa5,0x7a,0x04,0x5a,0x83,0x41,0x41,0x08,0x20,0x00,0x00,0x00,
    0x00,0x00,0x00,0x00,0x00,0x00,0x00,0x00,0x6d,0x6b,0x5c,0xef,0x5c,0xe7,0x5c,0xef,0x5c,0xe7,0x5c,0xef,0x5c,0xe7,0x5c,0xef,
    0x5c,0xe7,0x5c,0xef,0x5c,0xe7,0x10,0x84,0x21,0x08,0x00,0x00,0x00,0x00,0x00,0x00,0x00,0x00,0x00,0x00,0x00,0x00,0x00,0x00,
    0x00,0x00,0x00,0x00,0x00,0x00,0x00,0x00,0x00,0x00,0x00,0x00,0x00,0x00,0x00,0x00,0x00,0x00,0x00,0x00,0x00,0x00,0x00,0x00,
    0x00,0x00,0x00,0x00,0x00,0x00,0x00,0x00,0x00,0x00,0x00,0x00,0x00,0x00,0x00,0x00,0x00,0x00,0x00,0x00,0x00,0x00,0x00,0x00,
    0x00,0x00,0x00,0x00,0x00,0x00,0x00,0x00,0x00,0x00,0x00,0x00,0x00,0x00,0x10,0x84,0xf7,0xbd,0xf7,0xbd,0xf7,0xb5,0xf7,0xbd,
    0xf7,0xb5,0xf7,0xbd,0xd7,0xb5,0xf7,0xbd,0xd7,0xb5,0xf7,0xbd,0x18,0xbe,0xeb,0x5a,0x00,0x00,0x00,0x00,0x00,0x00,0x00,0x00,
    0x00,0x00,0x00,0x00,0x00,0x00,0x00,0x00,0x00,0x00,0x00,0x00,0x00,0x00,0x00,0x00,0x00,0x00,0x00,0x00,0x00,0x00,0x00,0x00,
    0x00,0x00,0x00,0x00,0x00,0x00,0x00,0x00,0x00,0x00,0x00,0x00,0x00,0x00,0x00,0x00,0x00,0x00,0x00,0x00,0x00,0x00,0x65,0x29,
    0xda,0xd6,0xba,0xd6,0xb9,0xce,0xba,0xd6,0x99,0xce,0xba,0xd6,0x99,0xce,0xba,0xd6,0x99,0xce,0x9a,0xce,0x99,0xce,0xd7,0xb5,
    0x00,0x00,0x00,0x00,0x00,0x00,0x00,0x00,0x20,0x00,0x00,0x00,0x00,0x00,0x21,0x08,0x20,0x00,0x20,0x08,0x20,0x00,0x21,0x08,
    0x20,0x00,0x40,0x08,0x20,0x00,0x21,0x08,0x00,0x00,0x00,0x00,0x00,0x00,0x00,0x00,0x00,0x00,0x00,0x00,0x00,0x00,0x00,0x00,
    0x00,0x00,0x00,0x00,0x00,0x00,0x00,0x00,0x00,0x00,0x00,0x00,0x00,0x00,0x00,0x00,0x00,0x00,0x00,0x00,0x00,0x00,0x00,0x00,
    0x20,0x00,0x20,0x08,0x20,0x08,0x41,0x08,0x61,0x10,0x81,0x18,0xc2,0x20,0x23,0x31,0x83,0x41,0xe4,0x51,0xc5,0x7a,0x0d,0xd5,
    0xb4,0xf6,0x58,0xff,0xb4,0xf6,0x6d,0xe5,0x26,0x8b,0x43,0x39,0x20,0x08,0x20,0x08,0x00,0x00,0x00,0x00,0x00,0x00,0x00,0x00,
    0x00,0x00,0xb6,0xb5,0x3c,0xe7,0x5c,0xe7,0x3b,0xe7,0x5c,0xe7,0x3c,0xe7,0x5c,0xe7,0x3b,0xe7,0x5c,0xe7,0x3c,0xe7,0xfb,0xde,
    0x0b,0x63,0x21,0x08,0x00,0x00,0x00,0x00,0x00,0x00,0x00,0x00,0x00,0x00,0x00,0x00,0x00,0x00,0x00,0x00,0x00,0x00,0x00,0x00,
    0x00,0x00,0x00,0x00,0x00,0x00,0x00,0x00,0x00,0x00,0x00,0x00,0x00,0x00,0x00,0x00,0x00,0x00,0x00,0x00,0x00,0x00,0x00,0x00,
    0x00,0x00,0x00,0x00,0x00,0x00,0x00,0x00,0x00,0x00,0x00,0x00,0x00,0x00,0x00,0x00,0x00,0x00,0x00,0x00,0x00,0x00,0x00,0x00,
    0x00,0x00,0x00,0x00,0x00,0x00,0x00,0x00,0x0c,0x5b,0xf7,0xbd,0xd7,0xb5,0xf7,0xbd,0xd7,0xb5,0xd7,0xb5,0xd7,0xb5,0xf7,0xbd,
    0xd7,0xb5,0xd7,0xb5,0xd7,0xb5,0xf7,0xbd,0xae,0x73,0x00,0x00,0x00,0x00,0x00,0x00,0x00,0x00,0x00,0x00,0x00,0x00,0x00,0x00,
    0x00,0x00,0x00,0x00,0x00,0x00,0x00,0x00,0x00,0x00,0x00,0x00,0x00,0x00,0x00,0x00,0x00,0x00,0x00,0x00,0x00,0x00,0x00,0x00,
    0x00,0x00,0x00,0x00,0x00,0x00,0x00,0x00,0x00,0x00,0x00,0x00,0x00,0x00,0x00,0x00,0xe4,0x20,0x38,0xc6,0x9a,0xce,0xba,0xd6,
    0xba,0xd6,0xba,0xd6,0x99,0xce,0xba,0xd6,0x9a,0xce,0xba,0xd6,0x99,0xce,0xba,0xd6,0x99,0xce,0x00,0x00,0x00,0x00,0x00,0x00,
    0x20,0x00,0x21,0x08,0x20,0x00,0x00,0x00,0x20,0x00,0x00,0x00,0x20,0x00,0x00,0x00,0x20,0x00,0x00,0x00,0x20,0x00,0x00,0x00,
    0x20,0x00,0x00,0x00,0x20,0x00,0x21,0x08,0x20,0x00,0x21,0x08,0x20,0x00,0x00,0x00,0x20,0x00,0x00,0x00,0x00,0x00,0x00,0x00,
    0x00,0x00,0x00,0x00,0x00,0x00,0x00,0x00,0x00,0x00,0x21,0x08,0x20,0x00,0x41,0x08,0x20,0x08,0x41,0x08,0x40,0x08,0x61,0x10,
    0x61,0x10,0xa2,0x18,0xc2,0x20,0x23,0x31,0x63,0x41,0xe4,0x51,0x85,0x6a,0x6a,0xc4,0x17,0xff,0xef,0xf5,0xc9,0xd4,0xae,0xed,
    0x17,0xff,0x8e,0xed,0x83,0x41,0x41,0x08,0x20,0x08,0x20,0x08,0x00,0x00,0x00,0x00,0x00,0x00,0xc3,0x18,0x3c,0xe7,0x5c,0xef,
    0x5c,0xe7,0x5c,0xef,0x5c,0xe7,0x5c,0xef,0x5c,0xe7,0x5c,0xef,0x5c,0xe7,0xd3,0x9c,0xa3,0x18,0x00,0x00,0x00,0x00,0x00,0x00,
    0x00,0x00,0x00,0x00,0x00,0x00,0x00,0x00,0x00,0x00,0x00,0x00,0x00,0x00,0x00,0x00,0x00,0x00,0x00,0x00,0x00,0x00,0x00,0x00,
    0x00,0x00,0x00,0x00,0x00,0x00,0x00,0x00,0x00,0x00,0x00,0x00,0x00,0x00,0x00,0x00,0x00,0x00,0x00,0x00,0x00,0x00,0x00,0x00,
    0x00,0x00,0x00,0x00,0x00,0x00,0x00,0x00,0x00,0x00,0x00,0x00,0x00,0x00,0x00,0x00,0x00,0x00,0x00,0x00,0x00,0x00,0x00,0x00,
    0x00,0x00,0x49,0x4a,0xd7,0xb5,0xf7,0xbd,0xd7,0xb5,0xf7,0xbd,0xd7,0xb5,0xf7,0xbd,0xd7,0xb5,0xd7,0xbd,0xd7,0xb5,0xf7,0xbd,
    0xd7,0xb5,0x92,0x94,0x00,0x00,0x00,0x00,0x00,0x00,0x00,0x00,0x00,0x00,0x00,0x00,0x00,0x00,0x00,0x00,0x00,0x00,0x00,0x00,
    0x00,0x00,0x00,0x00,0x00,0x00,0x00,0x00,0x00,0x00,0x00,0x00,0x00,0x00,0x00,0x00,0x00,0x00,0x00,0x00,0x00,0x00,0x00,0x00,
    0x00,0x00,0x00,0x00,0x00,0x00,0x00,0x00,0x00,0x00,0x82,0x10,0x95,0xad,0xba,0xd6,0x99,0xce,0x9a,0xd6,0x99,0xce,0xba,0xd6,
    0x99,0xce,0x9a,0xd6,0x99,0xce,0x9a,0xd6,0x99,0xce,0x9a,0xce,0x03,0x19,0x00,0x00,0x00,0x00,0x00,0x00,0x00,0x00,0x00,0x00,
    0x00,0x00,0x00,0x00,0x00,0x00,0x00,0x00,0x00,0x00,0x00,0x00,0x00,0x00,0x00,0x00,0x00,0x00,0x00,0x00,0x00,0x00,0x21,0x08,
    0x20,0x00,0x20,0x08,0x20,0x00,0x21,0x08,0x20,0x00,0x20,0x08,0x20,0x00,0x21,0x08,0x20,0x00,0x20,0x08,0x20,0x00,0x21,0x08,
    0x20,0x00,0x20,0x08,0x20,0x08,0x41,0x08,0x40,0x08,0x41,0x10,0x61,0x10,0x61,0x10,0x81,0x18,0xa2,0x20,0xe2,0x20,0x23,0x31,
    0x43,0x39,0xc4,0x49,0x24,0x62,0x06,0x8b,0x30,0xf6,0x72,0xfe,0x48,0xc4,0xc8,0xab,0xe7,0xab,0x30,0xf6,0xb4,0xf6,0x05,0x5a,
    0xc2,0x18,0x03,0x29,0x23,0x29,0x44,0x29,0x24,0x29,0x24,0x29,0x8d,0x73,0x5c,0xef,0x5b,0xe7,0x5c,0xef,0x5b,0xe7,0x5c,0xef,
    0x3c,0xe7,0x5c,0xe7,0x58,0xc6,0xe8,0x41,0x00,0x00,0x00,0x00,0x00,0x00,0x00,0x00,0x00,0x00,0x00,0x00,0x00,0x00,0x00,0x00,
    0x00,0x00,0x00,0x00,0x00,0x00,0x00,0x00,0x00,0x00,0x00,0x00,0x00,0x00,0x00,0x00,0x00,0x00,0x00,0x00,0x00,0x00,0x00,0x00,
    0x00,0x00,0x00,0x00,0x00,0x00,0x00,0x00,0x00,0x00,0x00,0x00,0x00,0x00,0x00,0x00,0x00,0x00,0x00,0x00,0x00,0x00,0x00,0x00,
    0x00,0x00,0x00,0x00,0x00,0x00,0x00,0x00,0x00,0x00,0x00,0x00,0x00,0x00,0x00,0x00,0x00,0x00,0x00,0x00,0x65,0x29,0xf7,0xbd,
    0xd7,0xb5,0xd7,0xb5,0xd7,0xb5,0xd7,0xb5,0xd6,0xb5,0xd7,0xb5,0xd7,0xb5,0xd7,0xb5,0xd6,0xb5,0xd7,0xb5,0xf3,0x9c,0x62,0x10,
    0x00,0x00,0x00,0x00,0x00,0x00,0x00,0x00,0x00,0x00,0x00,0x00,0x00,0x00,0x00,0x00,0x00,0x00,0x00,0x00,0x00,0x00,0x00,0x00,
    0x00,0x00,0x00,0x00,0x00,0x00,0x00,0x00,0x00,0x00,0x00,0x00,0x00,0x00,0x00,0x00,0x00,0x00,0x00,0x00,0x00,0x00,0x00,0x00,
    0x00,0x00,0x00,0x00,0x20,0x00,0x34,0xa5,0xba,0xce,0xba,0xd6,0x99,0xce,0xba,0xd6,0x99,0xce,0x9a,0xd6,0x99,0xce,0xba,0xd6,
    0x99,0xce,0x9a,0xd6,0x99,0xce,0x08,0x42,0x00,0x00,0x00,0x00,0x00,0x00,0x00,0x00,0x20,0x00,0x00,0x00,0x00,0x00,0x00,0x00,
    0x20,0x00,0x00,0x00,0x00,0x00,0x21,0x08,0x20,0x00,0x41,0x08,0x20,0x08,0x41,0x08,0x40,0x08,0x41,0x08,0x41,0x08,0x41,0x10,
    0x41,0x08,0x41,0x08,0x40,0x08,0x41,0x08,0x41,0x08,0x41,0x08,0x40,0x08,0x41,0x08,0x40,0x08,0x61,0x10,0x40,0x08,0x61,0x10,
    0x61,0x10,0x81,0x18,0x81,0x18,0xa2,0x20,0xc2,0x20,0xe2,0x28,0x02,0x29,0x43,0x39,0x63,0x41,0xa4,0x51,0x04,0x5a,0x85,0x72,
    0x67,0x9b,0xb3,0xfe,0x30,0xfe,0xe8,0xab,0xa7,0xa3,0xa8,0xa3,0x0b,0xe5,0x58,0xff,0x25,0x5a,0x44,0x31,0x85,0x31,0xc6,0x41,
    0xc6,0x41,0xe7,0x41,0xc6,0x41,0xf6,0xc5,0x5b,0xef,0x5c,0xef,0x5b,0xe7,0x7c,0xef,0x5c,0xe7,0x1b,0xe7,0xae,0x73,0x41,0x08,
    0x00,0x00,0x00,0x00,0x00,0x00,0x00,0x00,0x00,0x00,0x00,0x00,0x00,0x00,0x00,0x00,0x00,0x00,0x00,0x00,0x00,0x00,0x00,0x00,
    0x00,0x00,0x00,0x00,0x00,0x00,0x00,0x00,0x00,0x00,0x00,0x00,0x00,0x00,0x00,0x00,0x00,0x00,0x00,0x00,0x00,0x00,0x00,0x00,
    0x00,0x00,0x00,0x00,0x00,0x00,0x00,0x00,0x00,0x00,0x00,0x00,0x00,0x00,0x00,0x00,0x00,0x00,0x00,0x00,0x00,0x00,0x00,0x00,
    0x00,0x00,0x00,0x00,0x00,0x00,0x00,0x00,0x00,0x00,0x00,0x00,0x00,0x00,0xa3,0x18,0xd7,0xb5,0xf7,0xbd,0xd7,0xb5,0xf7,0xbd,
    0xd7,0xb5,0xf7,0xbd,0xd7,0xb5,0xd7,0xbd,0xd7,0xb5,0xd7,0xb5,0xd7,0xb5,0x55,0xad,0xc3,0x18,0x00,0x00,0x00,0x00,0x00,0x00,
    0x00,0x00,0x00,0x00,0x00,0x00,0x00,0x00,0x00,0x00,0x00,0x00,0x00,0x00,0x00,0x00,0x00,0x00,0x00,0x00,0x00,0x00,0x00,0x00,
    0x00,0x00,0x00,0x00,0x00,0x00,0x00,0x00,0x00,0x00,0x00,0x00,0x00,0x00,0x00,0x00,0x00,0x00,0x00,0x00,0x00,0x00,0x00,0x00,
    0x51,0x8c,0xba,0xd6,0x99,0xce,0x9a,0xd6,0x99,0xce,0x99,0xce,0x99,0xce,0x9a,0xce,0x99,0xce,0x99,0xce,0x99,0xce,0x99,0xce,
    0xcb,0x5a,0x00,0x00,0x00,0x00,0x00,0x00,0x00,0x00,0x00,0x00,0x00,0x00,0x00,0x00,0x00,0x00,0x00,0x00,0x00,0x00,0x00,0x00,
    0x20,0x00,0x20,0x08,0x20,0x08,0x41,0x08,0x41,0x08,0x61,0x10,0x61,0x10,0x61,0x10,0x61,0x10,0x61,0x10,0x61,0x10,0x61,0x10,
    0x41,0x08,0x61,0x10,0x61,0x10,0x61,0x10,0x61,0x10,0x61,0x10,0x61,0x10,0x81,0x18,0x81,0x10,0xa1,0x18,0xa1,0x20,0xe2,0x20,
    0xe1,0x28,0x22,0x31,0x42,0x31,0x63,0x41,0xa3,0x49,0xe4,0x51,0x04,0x5a,0x65,0x6a,0xc5,0x7a,0xe8,0xb3,0x93,0xf6,0x10,0xf6,
    0x08,0xb4,0xc8,0xab,0xc7,0xab,0xca,0xdc,0xf6,0xfe,0xa7,0x6a,0xc5,0x39,0x27,0x4a,0x47,0x52,0xa9,0x5a,0x88,0x5a,0x0a,0x6b,
    0x3a,0xef,0x5b,0xef,0x3b,0xef,0x5c,0xef,0x3b,0xe7,0x75,0xad,0x04,0x21,0x00,0x00,0x00,0x00,0x00,0x00,0x00,0x00,0x00,0x00,
    0x00,0x00,0x00,0x00,0x00,0x00,0x00,0x00,0x00,0x00,0x00,0x00,0x00,0x00,0x00,0x00,0x00,0x00,0x00,0x00,0x00,0x00,0x00,0x00,
    0x00,0x00,0x00,0x00,0x00,0x00,0x00,0x00,0x00,0x00,0x00,0x00,0x00,0x00,0x00,0x00,0x00,0x00,0x00,0x00,0x00,0x00,0x00,0x00,
    0x00,0x00,0x00,0x00,0x00,0x00,0x00,0x00,0x00,0x00,0x00,0x00,0x00,0x00,0x00,0x00,0x00,0x00,0x00,0x00,0x00,0x00,0x00,0x00,
    0x00,0x00,0x00,0x00,0x00,0x00,0x00,0x00,0x00,0x00,0xb6,0xb5,0xd7,0xb5,0xd7,0xb5,0xd6,0xb5,0xd7,0xb5,0xd6,0xb5,0xd7,0xb5,
    0xb6,0xb5,0xd7,0xb5,0xd6,0xb5,0xd7,0xb5,0xb6,0xb5,0x25,0x29,0x00,0x00,0x00,0x00,0x00,0x00,0x00,0x00,0x00,0x00,0x00,0x00,
    0x00,0x00,0x00,0x00,0x00,0x00,0x00,0x00,0x00,0x00,0x00,0x00,0x00,0x00,0x00,0x00,0x00,0x00,0x00,0x00,0x00,0x00,0x00,0x00,
    0x00,0x00,0x00,0x00,0x00,0x00,0x00,0x00,0x00,0x00,0x00,0x00,0x00,0x00,0x00,0x00,0x00,0x00,0x8e,0x73,0xba,0xd6,0xba,0xd6,
    0x99,0xce,0x9a,0xd6,0x99,0xce,0x9a,0xd6,0x99,0xce,0x9a,0xce,0x99,0xce,0x9a,0xd6,0x99,0xce,0xcf,0x7b,0x00,0x00,0x00,0x00,
    0x00,0x00,0x00,0x00,0x00,0x00,0x00,0x00,0x00,0x00,0x00,0x00,0x00,0x00,0x00,0x00,0x20,0x08,0x41,0x08,0x40,0x08,0x61,0x10,
    0x61,0x10,0x81,0x18,0x81,0x18,0xa2,0x20,0xa1,0x20,0xc2,0x20,0xa1,0x20,0xc2,0x20,0xa1,0x18,0xa2,0x18,0xa1,0x18,0xc2,0x20,
    0xa1,0x20,0xc2,0x20,0xa1,0x20,0xc2,0x28,0xe2,0x20,0xe2,0x28,0xe2,0x28,0x23,0x31,0x43,0x31,0x63,0x41,0x83,0x41,0xc4,0x51,
    0xe4,0x59,0x25,0x62,0x44,0x6a,0x86,0x72,0xc6,0x7a,0x06,0x8b,0x08,0xb4,0x52,0xf6,0x72,0xf6,0x69,0xcc,0xe8,0xb3,0x08,0xb4,
    0xca,0xdc,0x37,0xff,0xea,0x9b,0x48,0x52,0xa9,0x5a,0x0a,0x6b,0x8b,0x7b,0x4e,0x94,0x11,0xad,0x5b,0xf7,0x3a,0xef,0x5b,0xef,
    0xb9,0xde,0x4c,0x6b,0x00,0x00,0x00,0x00,0x00,0x00,0x00,0x00,0x00,0x00,0x00,0x00,0x00,0x00,0x00,0x00,0x00,0x00,0x00,0x00,
    0x00,0x00,0x00,0x00,0x00,0x00,0x00,0x00,0x00,0x00,0x00,0x00,0x00,0x00,0x00,0x00,0x00,0x00,0x00,0x00,0x00,0x00,0x00,0x00,
    0x00,0x00,0x00,0x00,0x00,0x00,0x00,0x00,0x00,0x00,0x00,0x00,0x00,0x00,0x00,0x00,0x00,0x00,0x00,0x00,0x00,0x00,0x00,0x00,
    0x00,0x00,0x00,0x00,0x00,0x00,0x00,0x00,0x00,0x00,0x00,0x00,0x00,0x00,0x00,0x00,0x00,0x00,0x00,0x00,0x00,0x00,0x00,0x00,
    0x00,0x00,0x00,0x00,0xd3,0x94,0xd7,0xbd,0xd7,0xb5,0xd7,0xb5,0xd7,0xb5,0xd7,0xbd,0xd7,0xb5,0xd7,0xb5,0xb6,0xb5,0xd7,0xb5,
    0xd7,0xb5,0x18,0xc6,0xa6,0x31,0x00,0x00,0x00,0x00,0x00,0x00,0x00,0x00,0x00,0x00,0x00,0x00,0x00,0x00,0x00,0x00,0x00,0x00,
    0x00,0x00,0x00,0x00,0x00,0x00,0x00,0x00,0x00,0x00,0x00,0x00,0x00,0x00,0x00,0x00,0x00,0x00,0x00,0x00,0x00,0x00,0x00,0x00,
    0x00,0x00,0x00,0x00,0x00,0x00,0x00,0x00,0x00,0x00,0x00,0x00,0x69,0x4a,0xda,0xd6,0x99,0xce,0x9a,0xce,0x99,0xce,0x9a,0xce,
    0x79,0xce,0x99,0xce,0x99,0xce,0x9a,0xce,0x79,0xce,0x99,0xce,0xb2,0x94,0x00,0x00,0x00,0x00,0x00,0x00,0x00,0x00,0x00,0x00,
    0x00,0x00,0x00,0x00,0x00,0x00,0x00,0x00,0x20,0x00,0x20,0x08,0x40,0x08,0x61,0x10,0x81,0x10,0xa2,0x18,0xc2,0x20,0xe2,0x28,
    0xe2,0x28,0x02,0x31,0x22,0x31,0x23,0x31,0x02,0x29,0x02,0x31,0x02,0x29,0x02,0x31,0x02,0x29,0x02,0x31,0x22,0x31,0x23,0x39,
    0x22,0x31,0x43,0x39,0x43,0x39,0x83,0x41,0x83,0x41,0xc4,0x51,0xe4,0x51,0x25,0x62,0x44,0x6a,0xc6,0x7a,0xe6,0x82,0x27,0x93,
    0x26,0x8b,0x26,0x93,0x66,0x93,0xe8,0xb3,0x6d,0xe5,0xf6,0xfe,0xc9,0xd4,0x49,0xbc,0x08,0xbc,0xea,0xdc,0x38,0xff,0x0d,0xd5,
    0xa8,0x5a,0x6b,0x7b,0x34,0xd6,0x58,0xff,0x38,0xff,0x58,0xff,0x39,0xf7,0x3a,0xf7,0x12,0xa5,0x27,0x4a,0x44,0x29,0x00,0x00,
    0x00,0x00,0x00,0x00,0x00,0x00,0x00,0x00,0x00,0x00,0x00,0x00,0x00,0x00,0x00,0x00,0x00,0x00,0x00,0x00,0x00,0x00,0x00,0x00,
    0x00,0x00,0x00,0x00,0x00,0x00,0x00,0x00,0x00,0x00,0x00,0x00,0x00,0x00,0x00,0x00,0x00,0x00,0x00,0x00,0x00,0x00,0x00,0x00,
    0x00,0x00,0x00,0x00,0x00,0x00,0x00,0x00,0x00,0x00,0x00,0x00,0x00,0x00,0x00,0x00,0x00,0x00,0x00,0x00,0x00,0x00,0x00,0x00,
    0x00,0x00,0x00,0x00,0x00,0x00,0x00,0x00,0x00,0x00,0x00,0x00,0x00,0x00,0x00,0x00,0x00,0x00,0x00,0x00,0x00,0x00,0x10,0x7c,
    0xd6,0xb5,0xd7,0xb5,0xd6,0xb5,0xd7,0xb5,0xd6,0xb5,0xd7,0xb5,0xb6,0xb5,0xd7,0xb5,0xb6,0xb5,0xd7,0xb5,0xf7,0xbd,0xab,0x5a,
    0x00,0x00,0x00,0x00,0x00,0x00,0x00,0x00,0x00,0x00,0x00,0x00,0x00,0x00,0x00,0x00,0x00,0x00,0x00,0x00,0x00,0x00,0x00,0x00,
    0x00,0x00,0x00,0x00,0x00,0x00,0x00,0x00,0x00,0x00,0x00,0x00,0x00,0x00,0x00,0x00,0x00,0x00,0x00,0x00,0x00,0x00,0x00,0x00,
    0x00,0x00,0x00,0x00,0x00,0x00,0x86,0x31,0xba,0xd6,0x9a,0xd6,0x99,0xce,0x9a,0xd6,0x99,0xce,0x9a,0xd6,0x79,0xce,0x9a,0xd6,
    0x99,0xce,0x9a,0xce,0x79,0xce,0xb6,0xb5,0x00,0x00,0x00,0x00,0x00,0x00,0x00,0x00,0x00,0x00,0x00,0x00,0x00,0x00,0x00,0x00,
    0x20,0x08,0x41,0x08,0x40,0x08,0x61,0x10,0x81,0x18,0xc2,0x20,0xe2,0x28,0x23,0x31,0x43,0x39,0x83,0x41,0x83,0x41,0xa4,0x49,
    0xa3,0x49,0x84,0x49,0x83,0x41,0x84,0x49,0x83,0x41,0x84,0x49,0x83,0x41,0xc4,0x51,0xc4,0x49,0xc4,0x51,0xc3,0x51,0xe4,0x59,
    0x04,0x5a,0x25,0x62,0x44,0x62,0x85,0x72,0x06,0x8b,0xe8,0xab,0xab,0xcc,0x4d,0xdd,0x2c,0xdd,0xa9,0xd4,0x28,0xbc,0xe8,0xab,
    0x08,0xb4,0xca,0xdc,0xf6,0xfe,0xad,0xf5,0x89,0xcc,0x69,0xcc,0x8d,0xed,0x17,0xff,0x2d,0xd5,0x6b,0x7b,0x72,0xbd,0x59,0xff,
    0x58,0xff,0x59,0xff,0x38,0xff,0x59,0xff,0xb3,0xc5,0xc9,0x62,0x07,0x4a,0x85,0x31,0x00,0x00,0x00,0x00,0x00,0x00,0x00,0x00,
    0x00,0x00,0x00,0x00,0x00,0x00,0x00,0x00,0x00,0x00,0x00,0x00,0x00,0x00,0x00,0x00,0x00,0x00,0x00,0x00,0x00,0x00,0x00,0x00,
    0x00,0x00,0x00,0x00,0x00,0x00,0x00,0x00,0x00,0x00,0x00,0x00,0x00,0x00,0x00,0x00,0x00,0x00,0x00,0x00,0x00,0x00,0x00,0x00,
    0x00,0x00,0x00,0x00,0x00,0x00,0x00,0x00,0x00,0x00,0x00,0x00,0x00,0x00,0x00,0x00,0x20,0x00,0x41,0x08,0x00,0x00,0x00,0x00,
    0x00,0x00,0x00,0x00,0x00,0x00,0x00,0x00,0x00,0x00,0x00,0x00,0x00,0x00,0x00,0x00,0x2c,0x63,0xd7,0xb5,0xd6,0xb5,0xd7,0xb5,
    0xd7,0xb5,0xd7,0xb5,0xd6,0xb5,0xd7,0xb5,0xb6,0xb5,0xd7,0xb5,0xb6,0xb5,0xf7,0xbd,0x8e,0x73,0x00,0x00,0x00,0x00,0x00,0x00,
    0x00,0x00,0x00,0x00,0x00,0x00,0x00,0x00,0x00,0x00,0x00,0x00,0x00,0x00,0x00,0x00,0x00,0x00,0x00,0x00,0x00,0x00,0x00,0x00,
    0x00,0x00,0x00,0x00,0x00,0x00,0x00,0x00,0x00,0x00,0x00,0x00,0x00,0x00,0x00,0x00,0x00,0x00,0x00,0x00,0x00,0x00,0x00,0x00,
    0xe3,0x18,0x38,0xc6,0x99,0xce,0x99,0xce,0x79,0xce,0x99,0xce,0x79,0xce,0x99,0xce,0x79,0xce,0x79,0xce,0x79,0xce,0x99,0xce,
    0x58,0xc6,0x00,0x00,0x00,0x00,0x00,0x00,0x00,0x00,0x00,0x00,0x00,0x00,0x00,0x00,0x00,0x00,0x20,0x08,0x20,0x08,0x41,0x10,
    0x61,0x10,0xa1,0x20,0xe2,0x28,0x43,0x39,0x83,0x41,0xc4,0x51,0x04,0x5a,0x45,0x62,0x24,0x62,0x24,0x62,0x04,0x5a,0x04,0x62,
    0x04,0x5a,0x04,0x5a,0x04,0x5a,0x25,0x62,0x44,0x62,0x65,0x6a,0x65,0x6a,0x85,0x72,0x65,0x6a,0x85,0x72,0xa5,0x72,0xe6,0x82,
    0xa7,0xa3,0xae,0xed,0xf6,0xfe,0x37,0xff,0xd4,0xfe,0x16,0xff,0x17,0xff,0x10,0xf6,0x69,0xc4,0x08,0xb4,0x69,0xc4,0x10,0xf6,
    0xb4,0xf6,0x0a,0xe5,0xa9,0xd4,0x71,0xfe,0x93,0xf6,0x0d,0xcd,0x4c,0xa4,0x35,0xde,0x38,0xff,0x58,0xff,0x38,0xff,0x58,0xff,
    0x38,0xff,0x34,0xd6,0xe9,0x62,0x48,0x52,0x65,0x31,0x00,0x00,0x00,0x00,0x00,0x00,0x00,0x00,0x00,0x00,0x00,0x00,0x00,0x00,
    0x00,0x00,0x00,0x00,0x00,0x00,0x00,0x00,0x00,0x00,0x00,0x00,0x00,0x00,0x00,0x00,0x00,0x00,0x00,0x00,0x00,0x00,0x00,0x00,
    0x00,0x00,0x00,0x00,0x00,0x00,0x00,0x00,0x00,0x00,0x00,0x00,0x00,0x00,0x00,0x00,0x00,0x00,0x00,0x00,0x20,0x00,0x41,0x08,
    0x62,0x08,0xa3,0x10,0xc3,0x18,0x04,0x21,0x24,0x21,0x25,0x21,0xc3,0x10,0x00,0x00,0x00,0x00,0x00,0x00,0x00,0x00,0x00,0x00,
    0x00,0x00,0x00,0x00,0x00,0x00,0x00,0x00,0x00,0x00,0x69,0x4a,0xb6,0xb5,0xd7,0xb5,0xb6,0xb5,0xb7,0xb5,0xb6,0xb5,0xd7,0xb5,
    0xb6,0xad,0xb6,0xb5,0xb6,0xb5,0xb7,0xb5,0xb6,0xad,0x71,0x8c,0x00,0x00,0x00,0x00,0x00,0x00,0x00,0x00,0x00,0x00,0x00,0x00,
    0x00,0x00,0x00,0x00,0x00,0x00,0x00,0x00,0x00,0x00,0x00,0x00,0x00,0x00,0x00,0x00,0x00,0x00,0x00,0x00,0x00,0x00,0x00,0x00,
    0x00,0x00,0x00,0x00,0x00,0x00,0x00,0x00,0x00,0x00,0x00,0x00,0x00,0x00,0x00,0x00,0x00,0x00,0xa3,0x18,0x96,0xad,0x9a,0xd6,
    0x99,0xce,0x9a,0xce,0x79,0xce,0x9a,0xce,0x99,0xce,0x99,0xce,0x79,0xce,0x9a,0xce,0x79,0xce,0x79,0xce,0xc3,0x18,0x00,0x00,
    0x00,0x00,0x00,0x00,0x00,0x00,0x00,0x00,0x00,0x00,0x00,0x00,0x20,0x00,0x41,0x08,0x61,0x10,0xa2,0x18,0xc2,0x20,0x43,0x39,
    0x83,0x41,0x04,0x5a,0x65,0x6a,0x47,0x93,0xc8,0xab,0xe8,0xb3,0xa7,0xa3,0x06,0x83,0xa5,0x7a,0xa6,0x7a,0xa5,0x72,0xc6,0x82,
    0x26,0x8b,0x87,0xa3,0xc7,0xab,0xe8,0xab,0x87,0xa3,0x47,0x93,0x26,0x93,0x47,0x93,0xa7,0xa3,0x4c,0xe5,0x17,0xff,0x30,0xfe,
    0x4a,0xed,0x0a,0xe5,0x0a,0xe5,0xae,0xf5,0x17,0xff,0x4b,0xed,0x28,0xbc,0x69,0xc4,0xea,0xdc,0x16,0xff,0x30,0xf6,0x6b,0xf5,
    0x17,0xff,0x51,0xfe,0xac,0xbc,0xce,0xbc,0x75,0xe6,0x58,0xff,0x38,0xff,0x59,0xff,0x38,0xff,0x58,0xff,0x14,0xd6,0x0a,0x6b,
    0x47,0x52,0x85,0x39,0x00,0x00,0x00,0x00,0x00,0x00,0x00,0x00,0x00,0x00,0x00,0x00,0x00,0x00,0x00,0x00,0x00,0x00,0x00,0x00,
    0x00,0x00,0x00,0x00,0x00,0x00,0x00,0x00,0x00,0x00,0x00,0x00,0x00,0x00,0x00,0x00,0x00,0x00,0x00,0x00,0x00,0x00,0x00,0x00,
    0x21,0x08,0x62,0x08,0x82,0x10,0xc3,0x18,0xe3,0x18,0x05,0x21,0x25,0x21,0x25,0x29,0xe4,0x18,0xc4,0x18,0x82,0x10,0x82,0x10,
    0x41,0x08,0x00,0x00,0x00,0x00,0x00,0x00,0x00,0x00,0x00,0x00,0x00,0x00,0x00,0x00,0x00,0x00,0x00,0x00,0x00,0x00,0x00,0x00,
    0x00,0x00,0x00,0x00,0x86,0x29,0xd7,0xb5,0xd7,0xb5,0xd7,0xb5,0xb6,0xb5,0xd7,0xb5,0xb6,0xb5,0xb7,0xb5,0xb6,0xb5,0xd7,0xb5,
    0xb6,0xb5,0xb7,0xb5,0xd3,0x94,0x62,0x10,0x00,0x00,0x00,0x00,0x00,0x00,0x00,0x00,0x00,0x00,0x00,0x00,0x00,0x00,0x00,0x00,
    0x00,0x00,0x00,0x00,0x00,0x00,0x00,0x00,0x00,0x00,0x00,0x00,0x00,0x00,0x00,0x00,0x00,0x00,0x00,0x00,0x00,0x00,0x00,0x00,
    0x00,0x00,0x00,0x00,0x00,0x00,0x00,0x00,0x00,0x00,0x00,0x00,0x20,0x00,0x34,0xa5,0x79,0xce,0x79,0xce,0x79,0xce,0x99,0xce,
    0x79,0xce,0x79,0xce,0x79,0xce,0x79,0xce,0x79,0xce,0x79,0xce,0x79,0xce,0xe7,0x39,0x00,0x00,0x00,0x00,0x00,0x00,0x00,0x00,
    0x00,0x00,0x00,0x00,0x20,0x00,0x20,0x08,0x40,0x08,0x81,0x10,0xa1,0x18,0x22,0x31,0x63,0x41,0xe4,0x59,0xa5,0x7a,0x0c,0xd5,
    0xb4,0xf6,0x58,0xff,0x37,0xff,0x94,0xfe,0xaa,0xcc,0x67,0x9b,0x26,0x8b,0x47,0x93,0xc7,0xab,0x2c,0xdd,0x31,0xee,0xd5,0xfe,
    0xb4,0xf6,0x92,0xfe,0xce,0xed,0x49,0xc4,0x87,0xa3,0x08,0xb4,0x51,0xf6,0x72,0xfe,0x89,0xcc,0x49,0xc4,0x48,0xbc,0x69,0xcc,
    0x2a,0xed,0x37,0xff,0x0a,0xe5,0x49,0xc4,0x28,0xbc,0x69,0xcc,0xad,0xf5,0x37,0xff,0xd4,0xfe,0xf6,0xfe,0x2c,0xd5,0xac,0xbc,
    0xad,0xb4,0x13,0xd6,0x38,0xff,0x58,0xff,0x38,0xff,0x58,0xff,0x38,0xff,0x52,0xbd,0xc9,0x5a,0x27,0x4a,0x64,0x31,0x00,0x00,
    0x00,0x00,0x00,0x00,0x00,0x00,0x00,0x00,0x00,0x00,0x00,0x00,0x00,0x00,0x00,0x00,0x00,0x00,0x00,0x00,0x00,0x00,0x00,0x00,
    0x00,0x00,0x00,0x00,0x21,0x00,0x62,0x08,0x82,0x10,0xc3,0x18,0xe3,0x18,0x05,0x21,0x25,0x21,0x25,0x21,0xe4,0x18,0xc3,0x18,
    0xa2,0x10,0x62,0x10,0x41,0x08,0x00,0x00,0x00,0x00,0x00,0x00,0x00,0x00,0x00,0x00,0x00,0x00,0x00,0x00,0x00,0x00,0x00,0x00,
    0x00,0x00,0x00,0x00,0x00,0x00,0x00,0x00,0x00,0x00,0x00,0x00,0x00,0x00,0x00,0x00,0x00,0x00,0x00,0x00,0x00,0x00,0xa3,0x18,
    0xb6,0xad,0xd6,0xb5,0xb6,0xb5,0xb7,0xb5,0xb6,0xad,0xb6,0xb5,0xb6,0xad,0xb7,0xb5,0xb6,0xad,0xb6,0xb5,0xb6,0xad,0x34,0xa5,
    0xa2,0x10,0x00,0x00,0x00,0x00,0x00,0x00,0x00,0x00,0x00,0x00,0x00,0x00,0x00,0x00,0x00,0x00,0x00,0x00,0x00,0x00,0x00,0x00,
    0x00,0x00,0x00,0x00,0x00,0x00,0x00,0x00,0x00,0x00,0x00,0x00,0x00,0x00,0x00,0x00,0x00,0x00,0x00,0x00,0x00,0x00,0x00,0x00,
    0x00,0x00,0x00,0x00,0x00,0x00,0x00,0x00,0x91,0x8c,0x9a,0xd6,0x79,0xce,0x9a,0xce,0x79,0xce,0x99,0xce,0x79,0xce,0x9a,0xce,
    0x79,0xce,0x79,0xce,0x79,0xce,0x79,0xce,0xaa,0x52,0x00,0x00,0x00,0x00,0x00,0x00,0x00,0x00,0x00,0x00,0x00,0x00,0x21,0x08,
    0x20,0x08,0x61,0x10,0x81,0x18,0xe2,0x28,0x43,0x39,0xc4,0x51,0x65,0x6a,0xaa,0xcc,0x16,0xff,0x72,0xfe,0x4b,0xe5,0x4c,0xed,
    0x72,0xfe,0xb4,0xfe,0x69,0xc4,0xc8,0xab,0x28,0xbc,0x30,0xf6,0x17,0xff,0xb3,0xfe,0xef,0xf5,0x0f,0xfe,0x72,0xfe,0x38,0xff,
    0xae,0xf5,0x08,0xb4,0x08,0xb4,0xef,0xfd,0xf6,0xfe,0x8c,0xf5,0x89,0xcc,0xaa,0xd4,0xea,0xdc,0x93,0xfe,0xb4,0xfe,0xca,0xd4,
    0x49,0xc4,0x49,0xc4,0x69,0xcc,0x2b,0xed,0x93,0xfe,0x59,0xff,0x93,0xfe,0x10,0xfe,0x8e,0xe5,0x4e,0xd5,0x2f,0xcd,0x96,0xee,
    0x58,0xff,0x59,0xff,0x38,0xff,0x35,0xde,0x4b,0x73,0x88,0x5a,0xc6,0x41,0x45,0x31,0x00,0x00,0x00,0x00,0x00,0x00,0x00,0x00,
    0x00,0x00,0x00,0x00,0x00,0x00,0x00,0x00,0x41,0x08,0x62,0x10,0x82,0x10,0xc4,0x18,0xe4,0x18,0x25,0x21,0x25,0x21,0x25,0x21,
    0xe4,0x18,0xc3,0x18,0x82,0x10,0x62,0x10,0x41,0x08,0x00,0x00,0x00,0x00,0x00,0x00,0x00,0x00,0x00,0x00,0x00,0x00,0x00,0x00,
    0x00,0x00,0x00,0x00,0x00,0x00,0x00,0x00,0x00,0x00,0x00,0x00,0x00,0x00,0x00,0x00,0x00,0x00,0x00,0x00,0x00,0x00,0x00,0x00,
    0x00,0x00,0x00,0x00,0x00,0x00,0x00,0x00,0x00,0x00,0x00,0x00,0x00,0x00,0x00,0x00,0x00,0x00,0xb6,0xb5,0xb6,0xb5,0xd7,0xb5,
    0xb6,0xb5,0xd7,0xb5,0xb6,0xad,0xb7,0xb5,0xb6,0xb5,0xb7,0xb5,0xb6,0xad,0xb7,0xb5,0x96,0xad,0x25,0x29,0x00,0x00,0x00,0x00,
    0x00,0x00,0x00,0x00,0x00,0x00,0x00,0x00,0x00,0x00,0x00,0x00,0x00,0x00,0x00,0x00,0x00,0x00,0x00,0x00,0x00,0x00,0x00,0x00,
    0x00,0x00,0x00,0x00,0x00,0x00,0x00,0x00,0x00,0x00,0x00,0x00,0x00,0x00,0x00,0x00,0x00,0x00,0x00,0x00,0x00,0x00,0x00,0x00,
    0x00,0x00,0x8e,0x73,0x99,0xce,0x79,0xce,0x79,0xc6,0x79,0xce,0x79,0xce,0x79,0xce,0x79,0xc6,0x79,0xce,0x79,0xc6,0x79,0xce,
    0x58,0xc6,0x8e,0x73,0x00,0x00,0x00,0x00,0x00,0x00,0x00,0x00,0x00,0x00,0x00,0x00,0x00,0x00,0x40,0x08,0x41,0x08,0xa1,0x18,
    0xe2,0x28,0x63,0x41,0xe4,0x51,0x85,0x72,0xce,0xed,0xf5,0xfe,0xa9,0xd4,0x28,0xbc,0x28,0xbc,0x6b,0xed,0x37,0xff,0xca,0xdc,
    0x07,0xb4,0xea,0xdc,0x17,0xff,0xac,0xf5,0xc9,0xdc,0xa9,0xcc,0x69,0xc4,0x0a,0xe5,0xb4,0xf6,0xce,0xf5,0x48,0xbc,0x29,0xbc,
    0xc9,0xd4,0x73,0xfe,0x17,0xff,0x0f,0xfe,0x2a,0xe5,0x72,0xfe,0x17,0xff,0x4c,0xed,0x89,0xcc,0x89,0xcc,0xc9,0xd4,0xce,0xf5,
    0xb4,0xf6,0x17,0xff,0xee,0xf5,0x72,0xfe,0xf6,0xfe,0x37,0xff,0x38,0xff,0x94,0xf6,0x6c,0xac,0x2d,0x94,0x8e,0x9c,0xac,0x83,
    0xe9,0x6a,0x89,0x5a,0x06,0x42,0x85,0x39,0xe3,0x20,0x00,0x00,0x20,0x00,0x61,0x08,0x82,0x10,0xc3,0x18,0xe3,0x18,0x25,0x21,
    0x25,0x21,0x05,0x21,0xe3,0x18,0xc3,0x18,0x82,0x10,0x61,0x08,0x21,0x08,0x00,0x00,0x00,0x00,0x00,0x00,0x00,0x00,0x00,0x00,
    0x00,0x00,0x00,0x00,0x00,0x00,0x00,0x00,0x00,0x00,0x00,0x00,0x00,0x00,0x00,0x00,0x00,0x00,0x00,0x00,0x00,0x00,0x00,0x00,
    0x00,0x00,0x00,0x00,0x00,0x00,0x00,0x00,0x00,0x00,0x00,0x00,0x00,0x00,0x00,0x00,0x00,0x00,0x00,0x00,0x00,0x00,0x00,0x00,
    0x00,0x00,0x00,0x00,0x00,0x00,0x00,0x00,0x00,0x00,0x00,0x00,0xd3,0x94,0xb7,0xb5,0xb6,0xad,0xb6,0xb5,0xb6,0xad,0xb6,0xb5,
    0x96,0xad,0xb6,0xb5,0xb6,0xad,0xb6,0xb5,0x96,0xad,0x18,0xbe,0x86,0x31,0x00,0x00,0x00,0x00,0x00,0x00,0x00,0x00,0x00,0x00,
    0x00,0x00,0x00,0x00,0x00,0x00,0x00,0x00,0x00,0x00,0x00,0x00,0x00,0x00,0x00,0x00,0x00,0x00,0x00,0x00,0x00,0x00,0x00,0x00,
    0x00,0x00,0x00,0x00,0x00,0x00,0x00,0x00,0x00,0x00,0x00,0x00,0x00,0x00,0x00,0x00,0x00,0x00,0x00,0x00,0x8a,0x52,0xba,0xd6,
    0x79,0xce,0x79,0xce,0x79,0xce,0x99,0xce,0x79,0xce,0x79,0xce,0x79,0xc6,0x79,0xce,0x79,0xce,0x79,0xce,0x71,0x8c,0x00,0x00,
    0x00,0x00,0x00,0x00,0x00,0x00,0x00,0x00,0x00,0x00,0x21,0x08,0x20,0x08,0x61,0x10,0xa1,0x18,0x02,0x31,0x83,0x41,0x25,0x62,
    0xa5,0x7a,0x8d,0xed,0xf5,0xfe,0xca,0xd4,0x48,0xbc,0x69,0xcc,0x8d,0xed,0x16,0xff,0xc9,0xd4,0x49,0xc4,0xea,0xdc,0x17,0xff,
    0x10,0xf6,0xea,0xdc,0xa9,0xd4,0xea,0xe4,0x30,0xf6,0x16,0xff,0x0a,0xdd,0x89,0xcc,0x69,0xc4,0xca,0xd4,0x2a,0xed,0x30,0xfe,
    0x38,0xff,0x58,0xff,0x38,0xff,0xb4,0xfe,0x51,0xf6,0x72,0xfe,0xb4,0xfe,0x38,0xff,0xf6,0xfe,0x52,0xf6,0xca,0xd4,0x29,0xbc,
    0xe8,0xb3,0xaa,0xcc,0x0b,0xd5,0x2d,0xdd,0xac,0xbc,0xab,0x93,0x4a,0x7b,0x2a,0x73,0x0a,0x6b,0xc9,0x62,0x88,0x52,0x48,0x52,
    0xe7,0x41,0xc7,0x39,0x25,0x21,0x25,0x21,0xe4,0x18,0xc3,0x18,0x82,0x10,0x62,0x10,0x21,0x08,0x00,0x00,0x00,0x00,0x00,0x00,
    0x00,0x00,0x00,0x00,0x00,0x00,0x00,0x00,0x00,0x00,0x00,0x00,0x00,0x00,0x00,0x00,0x00,0x00,0x00,0x00,0x00,0x00,0x00,0x00,
    0x00,0x00,0x00,0x00,0x00,0x00,0x00,0x00,0x00,0x00,0x00,0x00,0x00,0x00,0x00,0x00,0x00,0x00,0x00,0x00,0x00,0x00,0x00,0x00,
    0x00,0x00,0x00,0x00,0x00,0x00,0x00,0x00,0x00,0x00,0x00,0x00,0x00,0x00,0x00,0x00,0x00,0x00,0x00,0x00,0x00,0x00,0x00,0x00,
    0x00,0x00,0x00,0x00,0x00,0x00,0x10,0x84,0xb6,0xb5,0xb7,0xb5,0xb6,0xad,0xb7,0xb5,0xb6,0xb5,0xb7,0xb5,0x96,0xad,0xb7,0xb5,
    0xb6,0xad,0xb6,0xb5,0xd7,0xb5,0x8a,0x52,0x00,0x00,0x00,0x00,0x00,0x00,0x00,0x00,0x00,0x00,0x00,0x00,0x00,0x00,0x00,0x00,
    0x00,0x00,0x00,0x00,0x00,0x00,0x00,0x00,0x00,0x00,0x00,0x00,0x00,0x00,0x00,0x00,0x00,0x00,0x00,0x00,0x00,0x00,0x00,0x00,
    0x00,0x00,0x00,0x00,0x00,0x00,0x00,0x00,0x00,0x00,0x00,0x00,0x00,0x00,0x86,0x31,0xba,0xce,0x79,0xce,0x79,0xce,0x79,0xce,
    0x79,0xc6,0x79,0xce,0x79,0xc6,0x79,0xce,0x59,0xc6,0x79,0xce,0x59,0xc6,0x75,0xad,0x00,0x00,0x00,0x00,0x00,0x00,0x00,0x00,
    0x00,0x00,0x00,0x00,0x20,0x00,0x40,0x08,0x61,0x10,0xa2,0x20,0x02,0x31,0xa3,0x49,0x24,0x62,0xc6,0x7a,0x89,0xcc,0xf6,0xfe,
    0x52,0xf6,0xaa,0xd4,0xea,0xdc,0xb4,0xfe,0x30,0xf6,0x89,0xd4,0x48,0xbc,0xa9,0xd4,0xad,0xed,0x17,0xff,0x93,0xf6,0xef,0xf5,
    0xb4,0xf6,0x37,0xff,0xac,0xf5,0x0b,0xe5,0x4c,0xe5,0xef,0xed,0x51,0xf6,0xd4,0xfe,0x38,0xff,0xd5,0xfe,0x0f,0xf6,0xce,0xf5,
    0x10,0xee,0x51,0xf6,0x51,0xf6,0x0f,0xfe,0x6b,0xed,0xa9,0xd4,0x08,0xb4,0x67,0x9b,0x06,0x83,0xe6,0x82,0x27,0x83,0x08,0x83,
    0x08,0x7b,0x29,0x7b,0x29,0x73,0x2b,0x73,0x0a,0x6b,0xca,0x62,0x68,0x52,0x07,0x42,0x85,0x31,0x04,0x29,0xa2,0x10,0x00,0x00,
    0x00,0x00,0x00,0x00,0x00,0x00,0x00,0x00,0x00,0x00,0x00,0x00,0x00,0x00,0x00,0x00,0x00,0x00,0x00,0x00,0x00,0x00,0x00,0x00,
    0x00,0x00,0x00,0x00,0x00,0x00,0x00,0x00,0x00,0x00,0x00,0x00,0x00,0x00,0x00,0x00,0x00,0x00,0x00,0x00,0x00,0x00,0x00,0x00,
    0x00,0x00,0x00,0x00,0x00,0x00,0x00,0x00,0x00,0x00,0x00,0x00,0x00,0x00,0x00,0x00,0x00,0x00,0x00,0x00,0x00,0x00,0x00,0x00,
    0x00,0x00,0x00,0x00,0x00,0x00,0x00,0x00,0x00,0x00,0x00,0x00,0x00,0x00,0x00,0x00,0x00,0x00,0x00,0x00,0x00,0x00,0x00,0x00,
    0x2c,0x63,0xb6,0xb5,0xb6,0xad,0xb6,0xb5,0xb6,0xad,0xb6,0xad,0x96,0xad,0xb6,0xb5,0x96,0xad,0xb6,0xad,0x96,0xad,0xd7,0xb5,
    0x6d,0x6b,0x00,0x00,0x00,0x00,0x00,0x00,0x00,0x00,0x00,0x00,0x00,0x00,0x00,0x00,0x00,0x00,0x00,0x00,0x00,0x00,0x00,0x00,
    0x00,0x00,0x00,0x00,0x00,0x00,0x00,0x00,0x00,0x00,0x00,0x00,0x00,0x00,0x00,0x00,0x00,0x00,0x00,0x00,0x00,0x00,0x00,0x00,
    0x00,0x00,0x00,0x00,0x00,0x00,0x00,0x00,0x04,0x21,0x38,0xc6,0x79,0xce,0x79,0xce,0x79,0xce,0x79,0xce,0x79,0xce,0x79,0xce,
    0x79,0xce,0x79,0xce,0x59,0xc6,0x79,0xce,0x58,0xc6,0x00,0x00,0x00,0x00,0x00,0x00,0x00,0x00,0x00,0x00,0x00,0x00,0x21,0x08,
    0x40,0x08,0x81,0x18,0xc1,0x20,0x23,0x39,0xa3,0x49,0x45,0x62,0xc5,0x7a,0xa8,0xab,0x2c,0xe5,0x37,0xff,0x93,0xf6,0x72,0xfe,
    0xf6,0xfe,0x2a,0xed,0x89,0xcc,0x89,0xcc,0xa9,0xd4,0x6c,0xed,0x30,0xf6,0x59,0xff,0x58,0xff,0x59,0xff,0x38,0xff,0x59,0xff,
    0x58,0xff,0xf6,0xfe,0xb4,0xfe,0x72,0xfe,0x10,0xf6,0x6c,0xed,0x89,0xcc,0x69,0xc4,0x28,0xbc,0x08,0xb4,0xc8,0xab,0xa8,0xa3,
    0x47,0x93,0x27,0x8b,0x07,0x83,0x28,0x8b,0x07,0x83,0x28,0x83,0xe7,0x7a,0xe8,0x7a,0xa7,0x6a,0x87,0x62,0x46,0x5a,0x26,0x52,
    0xe6,0x41,0xa5,0x41,0x64,0x31,0x44,0x31,0x03,0x21,0xc3,0x20,0x82,0x10,0x62,0x10,0x00,0x00,0x00,0x00,0x00,0x00,0x00,0x00,
    0x00,0x00,0x00,0x00,0x00,0x00,0x00,0x00,0x00,0x00,0x00,0x00,0x00,0x00,0x00,0x00,0x00,0x00,0x00,0x00,0x00,0x00,0x00,0x00,
    0x00,0x00,0x00,0x00,0x00,0x00,0x00,0x00,0x00,0x00,0x00,0x00,0x00,0x00,0x00,0x00,0x00,0x00,0x00,0x00,0x00,0x00,0x00,0x00,
    0x00,0x00,0x00,0x00,0x00,0x00,0x00,0x00,0x00,0x00,0x00,0x00,0x00,0x00,0x00,0x00,0x00,0x00,0x00,0x00,0x00,0x00,0x00,0x00,
    0x00,0x00,0x00,0x00,0x00,0x00,0x00,0x00,0x00,0x00,0x00,0x00,0x00,0x00,0x00,0x00,0x00,0x00,0x6a,0x4a,0xb6,0xad,0xb7,0xb5,
    0xb6,0xad,0xb6,0xb5,0xb6,0xad,0xb7,0xb5,0xb6,0xad,0xb6,0xb5,0x96,0xad,0xb6,0xb5,0xb6,0xad,0x51,0x8c,0x00,0x00,0x00,0x00,
    0x00,0x00,0x00,0x00,0x00,0x00,0x00,0x00,0x00,0x00,0x00,0x00,0x00,0x00,0x00,0x00,0x00,0x00,0x00,0x00,0x00,0x00,0x00,0x00,
    0x00,0x00,0x00,0x00,0x00,0x00,0x00,0x00,0x00,0x00,0x00,0x00,0x00,0x00,0x00,0x00,0x00,0x00,0x00,0x00,0x00,0x00,0x00,0x00,
    0x00,0x00,0xa2,0x10,0x95,0xad,0x79,0xce,0x58,0xc6,0x79,0xce,0x79,0xc6,0x79,0xce,0x58,0xc6,0x59,0xc6,0x58,0xc6,0x79,0xce,
    0x58,0xc6,0x59,0xc6,0xa2,0x10,0x00,0x00,0x00,0x00,0x00,0x00,0x00,0x00,0x00,0x00,0x20,0x00,0x40,0x08,0x61,0x10,0xc2,0x20,
    0x02,0x31,0x83,0x49,0x24,0x62,0x26,0x8b,0x08,0xb4,0x0a,0xe5,0x0f,0xfe,0x38,0xff,0x38,0xff,0xf6,0xfe,0x72,0xf6,0x93,0xfe,
    0xd5,0xfe,0x38,0xff,0x17,0xff,0xd5,0xfe,0xcf,0xed,0x0a,0xe5,0xc9,0xd4,0xca,0xdc,0xe9,0xdc,0xea,0xdc,0x89,0xcc,0x49,0xc4,
    0xc7,0xab,0x87,0xa3,0x47,0x93,0x47,0x93,0x27,0x8b,0x47,0x8b,0x27,0x8b,0x48,0x8b,0x07,0x83,0xe7,0x7a,0xa6,0x72,0x86,0x6a,
    0x45,0x62,0x25,0x5a,0xc4,0x51,0xa4,0x49,0x83,0x41,0x43,0x39,0x22,0x31,0x02,0x29,0xa1,0x20,0x81,0x18,0x61,0x10,0x41,0x08,
    0x20,0x08,0x20,0x08,0x00,0x00,0x00,0x00,0x00,0x00,0x00,0x00,0x00,0x00,0x00,0x00,0x00,0x00,0x00,0x00,0x00,0x00,0x00,0x00,
    0x00,0x00,0x00,0x00,0x00,0x00,0x00,0x00,0x00,0x00,0x00,0x00,0x00,0x00,0x00,0x00,0x00,0x00,0x00,0x00,0x00,0x00,0x00,0x00,
    0x00,0x00,0x00,0x00,0x00,0x00,0x00,0x00,0x00,0x00,0x00,0x00,0x00,0x00,0x00,0x00,0x00,0x00,0x00,0x00,0x00,0x00,0x00,0x00,
    0x00,0x00,0x00,0x00,0x00,0x00,0x00,0x00,0x00,0x00,0x00,0x00,0x00,0x00,0x00,0x00,0x00,0x00,0x00,0x00,0x00,0x00,0x00,0x00,
    0x00,0x00,0x00,0x00,0x00,0x00,0x00,0x00,0x00,0x00,0x00,0x00,0x86,0x31,0xb6,0xb5,0x96,0xad,0xb6,0xad,0x96,0xad,0xb6,0xb5,
    0x96,0xad,0xb6,0xad,0x96,0xad,0x96,0xad,0x96,0xad,0x96,0xad,0xb2,0x94,0x41,0x08,0x00,0x00,0x00,0x00,0x00,0x00,0x00,0x00,
    0x00,0x00,0x00,0x00,0x00,0x00,0x00,0x00,0x00,0x00,0x00,0x00,0x00,0x00,0x00,0x00,0x00,0x00,0x00,0x00,0x00,0x00,0x00,0x00,
    0x00,0x00,0x00,0x00,0x00,0x00,0x00,0x00,0x00,0x00,0x00,0x00,0x00,0x00,0x00,0x00,0x00,0x00,0x00,0x00,0x41,0x08,0x34,0xa5,
    0x79,0xce,0x79,0xce,0x59,0xc6,0x79,0xce,0x79,0xc6,0x79,0xce,0x58,0xc6,0x79,0xce,0x59,0xc6,0x59,0xce,0x58,0xc6,0xc7,0x39,
    0x00,0x00,0x00,0x00,0x00,0x00,0x00,0x00,0x00,0x00,0x21,0x08,0x40,0x08,0x61,0x10,0xa1,0x20,0x02,0x31,0x83,0x41,0xc6,0x7a,
    0xae,0xe5,0xb4,0xfe,0x17,0xff,0x17,0xff,0x10,0xee,0x6d,0xe5,0xae,0xe5,0x31,0xf6,0x10,0xf6,0xee,0xfd,0x2b,0xe5,0x89,0xcc,
    0x08,0xb4,0xc8,0xab,0x87,0xa3,0x87,0x9b,0x47,0x93,0x47,0x93,0x47,0x8b,0x48,0x93,0x48,0x8b,0x48,0x8b,0x28,0x83,0x08,0x83,
    0xe7,0x7a,0xa6,0x72,0x85,0x6a,0x45,0x6a,0x04,0x5a,0xe4,0x59,0xc3,0x51,0xc4,0x51,0x83,0x49,0x83,0x41,0x43,0x39,0x43,0x39,
    0x22,0x31,0x02,0x31,0xe1,0x28,0xc2,0x28,0xa1,0x18,0x81,0x18,0x61,0x10,0x41,0x10,0x20,0x08,0x20,0x08,0x00,0x00,0x00,0x00,
    0x00,0x00,0x00,0x00,0x00,0x00,0x00,0x00,0x00,0x00,0x00,0x00,0x00,0x00,0x00,0x00,0x00,0x00,0x00,0x00,0x00,0x00,0x00,0x00,
    0x00,0x00,0x00,0x00,0x00,0x00,0x00,0x00,0x00,0x00,0x00,0x00,0x00,0x00,0x00,0x00,0x00,0x00,0x00,0x00,0x00,0x00,0x00,0x00,
    0x00,0x00,0x00,0x00,0x00,0x00,0x00,0x00,0x00,0x00,0x00,0x00,0x00,0x00,0x00,0x00,0x00,0x00,0x00,0x00,0x00,0x00,0x00,0x00,
    0x00,0x00,0x00,0x00,0x00,0x00,0x00,0x00,0x00,0x00,0x00,0x00,0x00,0x00,0x00,0x00,0x00,0x00,0x00,0x00,0x00,0x00,0x00,0x00,
    0x00,0x00,0x00,0x00,0x00,0x00,0xc3,0x18,0xb6,0xad,0xb6,0xb5,0x96,0xad,0xb6,0xb5,0x96,0xad,0xb6,0xb5,0x96,0xad,0xb6,0xb5,
    0x96,0xad,0xb6,0xad,0x96,0xad,0x34,0xa5,0xa2,0x10,0x00,0x00,0x00,0x00,0x00,0x00,0x00,0x00,0x00,0x00,0x00,0x00,0x00,0x00,
    0x00,0x00,0x00,0x00,0x00,0x00,0x00,0x00,0x00,0x00,0x00,0x00,0x00,0x00,0x00,0x00,0x00,0x00,0x00,0x00,0x00,0x00,0x00,0x00,
    0x00,0x00,0x00,0x00,0x00,0x00,0x00,0x00,0x00,0x00,0x00,0x00,0x00,0x00,0x00,0x00,0x91,0x8c,0x79,0xce,0x59,0xc6,0x79,0xce,
    0x58,0xc6,0x59,0xce,0x58,0xc6,0x59,0xce,0x58,0xc6,0x59,0xc6,0x58,0xc6,0x59,0xce,0x8a,0x4a,0x00,0x00,0x00,0x00,0x00,0x00,
    0x00,0x00,0x00,0x00,0x00,0x00,0x41,0x08,0x61,0x10,0xa1,0x18,0xe2,0x28,0x63,0x39,0x44,0x6a,0xae,0xe5,0xef,0xf5,0x4c,0xdd,
    0x08,0xb4,0x87,0xa3,0x26,0x93,0x87,0x9b,0x67,0x9b,0x67,0x9b,0x26,0x8b,0x27,0x8b,0x27,0x83,0x28,0x8b,0x27,0x8b,0x48,0x8b,
    0x27,0x83,0x07,0x83,0xc6,0x72,0xa6,0x72,0x65,0x6a,0x45,0x62,0x04,0x5a,0x04,0x5a,0xc3,0x51,0xc4,0x51,0xa3,0x49,0xa4,0x49,
    0x83,0x41,0x63,0x41,0x43,0x39,0x43,0x39,0x22,0x31,0x02,0x31,0xe2,0x28,0xe2,0x28,0xc1,0x20,0xc1,0x20,0xa1,0x18,0x81,0x18,
    0x61,0x10,0x61,0x10,0x40,0x08,0x41,0x08,0x20,0x00,0x20,0x08,0x00,0x00,0x00,0x00,0x00,0x00,0x00,0x00,0x00,0x00,0x00,0x00,
    0x00,0x00,0x00,0x00,0x00,0x00,0x00,0x00,0x00,0x00,0x00,0x00,0x00,0x00,0x00,0x00,0x00,0x00,0x00,0x00,0x00,0x00,0x00,0x00,
    0x00,0x00,0x00,0x00,0x00,0x00,0x00,0x00,0x00,0x00,0x00,0x00,0x00,0x00,0x00,0x00,0x00,0x00,0x00,0x00,0x00,0x00,0x00,0x00,
    0x00,0x00,0x00,0x00,0x00,0x00,0x00,0x00,0x00,0x00,0x00,0x00,0x00,0x00,0x00,0x00,0x00,0x00,0x00,0x00,0x00,0x00,0x00,0x00,
    0x00,0x00,0x00,0x00,0x00,0x00,0x00,0x00,0x00,0x00,0x00,0x00,0x00,0x00,0x00,0x00,0x00,0x00,0x00,0x00,0x00,0x00,0x00,0x00,
    0x00,0x00,0x96,0xad,0x96,0xad,0xb6,0xad,0x96,0xad,0x96,0xad,0x96,0xad,0x96,0xad,0x96,0xad,0x96,0xad,0x96,0xad,0x96,0xad,
    0x75,0xad,0x04,0x21,0x00,0x00,0x00,0x00,0x00,0x00,0x00,0x00,0x00,0x00,0x00,0x00,0x00,0x00,0x00,0x00,0x00,0x00,0x00,0x00,
    0x00,0x00,0x00,0x00,0x00,0x00,0x00,0x00,0x00,0x00,0x00,0x00,0x00,0x00,0x00,0x00,0x00,0x00,0x00,0x00,0x00,0x00,0x00,0x00,
    0x00,0x00,0x00,0x00,0x00,0x00,0x00,0x00,0x00,0x00,0xae,0x73,0x79,0xce,0x79,0xce,0x59,0xc6,0x79,0xce,0x59,0xc6,0x79,0xce,
    0x59,0xc6,0x59,0xce,0x58,0xc6,0x59,0xce,0x59,0xc6,0x8e,0x6b,0x00,0x00,0x00,0x00,0x00,0x00,0x00,0x00,0x00,0x00,0x00,0x00,
    0x20,0x08,0x41,0x10,0x81,0x18,0xc2,0x28,0x22,0x31,0x83,0x49,0x85,0x72,0xc6,0x7a,0x86,0x72,0xc7,0x7a,0xe6,0x7a,0x28,0x83,
    0x28,0x83,0x28,0x8b,0x07,0x7b,0xe7,0x7a,0xa6,0x72,0x86,0x72,0x45,0x62,0x45,0x62,0x04,0x5a,0x04,0x5a,0xc4,0x51,0xc4,0x51,
    0xa3,0x49,0xa4,0x49,0x83,0x41,0x83,0x41,0x63,0x39,0x43,0x39,0x22,0x31,0x23,0x39,0x02,0x31,0x02,0x31,0xe2,0x28,0xe2,0x28,
    0xc2,0x20,0xc2,0x20,0xa1,0x18,0xa2,0x20,0x81,0x18,0x81,0x18,0x61,0x10,0x61,0x10,0x41,0x10,0x41,0x10,0x20,0x08,0x41,0x08,
    0x20,0x00,0x00,0x00,0x00,0x00,0x00,0x00,0x00,0x00,0x00,0x00,0x00,0x00,0x00,0x00,0x00,0x00,0x00,0x00,0x00,0x00,0x00,0x00,
    0x00,0x00,0x00,0x00,0x00,0x00,0x00,0x00,0x00,0x00,0x00,0x00,0x00,0x00,0x00,0x00,0x00,0x00,0x00,0x00,0x00,0x00,0x00,0x00,
    0x00,0x00,0x00,0x00,0x00,0x00,0x00,0x00,0x00,0x00,0x00,0x00,0x00,0x00,0x00,0x00,0x00,0x00,0x00,0x00,0x00,0x00,0x00,0x00,
    0x00,0x00,0x00,0x00,0x00,0x00,0x00,0x00,0x00,0x00,0x00,0x00,0x00,0x00,0x00,0x00,0x00,0x00,0x00,0x00,0x00,0x00,0x00,0x00,
    0x00,0x00,0x00,0x00,0x00,0x00,0x00,0x00,0x00,0x00,0x00,0x00,0x00,0x00,0x00,0x00,0x00,0x00,0x00,0x00,0xd3,0x94,0xb6,0xb5,
    0x96,0xad,0xb6,0xb5,0x96,0xad,0xb6,0xb5,0x96,0xad,0x96,0xad,0x96,0xad,0x96,0xb5,0x96,0xad,0xf7,0xbd,0x66,0x31,0x00,0x00,
    0x00,0x00,0x00,0x00,0x00,0x00,0x00,0x00,0x00,0x00,0x00,0x00,0x00,0x00,0x00,0x00,0x00,0x00,0x00,0x00,0x00,0x00,0x00,0x00,
    0x00,0x00,0x00,0x00,0x00,0x00,0x00,0x00,0x00,0x00,0x00,0x00,0x00,0x00,0x00,0x00,0x00,0x00,0x00,0x00,0x00,0x00,0x00,0x00,
    0x00,0x00,0x00,0x00,0xaa,0x52,0x9a,0xce,0x58,0xc6,0x59,0xc6,0x58,0xc6,0x59,0xc6,0x58,0xc6,0x59,0xc6,0x58,0xc6,0x59,0xc6,
    0x58,0xc6,0x58,0xc6,0x50,0x84,0x00,0x00,0x00,0x00,0x00,0x00,0x00,0x00,0x00,0x00,0x00,0x00,0x20,0x08,0x41,0x08,0x61,0x10,
    0xa1,0x18,0x23,0x31,0xe5,0x49,0x47,0x5a,0x46,0x5a,0x66,0x62,0x45,0x62,0x46,0x62,0x24,0x5a,0x04,0x5a,0xc3,0x51,0xc4,0x51,
    0xa3,0x49,0xa3,0x49,0x83,0x41,0x83,0x41,0x62,0x41,0x63,0x41,0x42,0x39,0x43,0x39,0x22,0x31,0x22,0x31,0x02,0x29,0x02,0x31,
    0xe2,0x28,0xe2,0x28,0xc1,0x20,0xc2,0x20,0xa1,0x18,0xa1,0x18,0x81,0x18,0x81,0x18,0x61,0x10,0x61,0x10,0x61,0x10,0x61,0x10,
    0x40,0x08,0x41,0x08,0x20,0x08,0x21,0x08,0x00,0x00,0x00,0x00,0x00,0x00,0x00,0x00,0x00,0x00,0x00,0x00,0x00,0x00,0x00,0x00,
    0x00,0x00,0x00,0x00,0x00,0x00,0x00,0x00,0x00,0x00,0x00,0x00,0x00,0x00,0x00,0x00,0x00,0x00,0x00,0x00,0x00,0x00,0x00,0x00,
    0x00,0x00,0x00,0x00,0x00,0x00,0x00,0x00,0x00,0x00,0x00,0x00,0x00,0x00,0x00,0x00,0x00,0x00,0x00,0x00,0x00,0x00,0x00,0x00,
    0x00,0x00,0x00,0x00,0x00,0x00,0x00,0x00,0x00,0x00,0x00,0x00,0x00,0x00,0x00,0x00,0x00,0x00,0x00,0x00,0x00,0x00,0x00,0x00,
    0x00,0x00,0x00,0x00,0x00,0x00,0x00,0x00,0x00,0x00,0x00,0x00,0x00,0x00,0x00,0x00,0x00,0x00,0x00,0x00,0x00,0x00,0x00,0x00,
    0x00,0x00,0x00,0x00,0x00,0x00,0x00,0x00,0x00,0x00,0x00,0x00,0x00,0x00,0x10,0x7c,0x96,0xad,0x96,0xad,0x96,0xad,0x96,0xad,
    0x95,0xad,0x96,0xad,0x96,0xad,0x96,0xad,0x95,0xad,0x96,0xad,0xd7,0xb5,0x6a,0x52,0x00,0x00,0x00,0x00,0x00,0x00,0x00,0x00,
    0x00,0x00,0x00,0x00,0x00,0x00,0x00,0x00,0x00,0x00,0x00,0x00,0x00,0x00,0x00,0x00,0x00,0x00,0x00,0x00,0x00,0x00,0x00,0x00,
    0x00,0x00,0x00,0x00,0x00,0x00,0x00,0x00,0x00,0x00,0x00,0x00,0x00,0x00,0x00,0x00,0x00,0x00,0x00,0x00,0x00,0x00,0xa6,0x31,
    0x9a,0xce,0x59,0xce,0x58,0xc6,0x79,0xce,0x58,0xc6,0x59,0xc6,0x58,0xc6,0x59,0xce,0x58,0xc6,0x59,0xc6,0x58,0xc6,0x35,0xa5,
    0x00,0x00,0x00,0x00,0x00,0x00,0x00,0x00,0x00,0x00,0x00,0x00,0x20,0x00,0x41,0x08,0x41,0x08,0x81,0x18,0xa1,0x18,0x03,0x29,
    0x02,0x29,0x23,0x39,0x42,0x39,0x63,0x41,0x63,0x39,0x63,0x41,0x42,0x39,0x63,0x39,0x43,0x31,0x23,0x39,0x02,0x31,0x23,0x31,
    0x02,0x29,0xe2,0x28,0xe2,0x28,0xe2,0x28,0xc2,0x20,0xc2,0x20,0xa1,0x18,0xa2,0x20,0xa1,0x18,0x81,0x18,0x61,0x10,0x81,0x18,
    0x61,0x10,0x61,0x10,0x40,0x08,0x41,0x10,0x20,0x08,0x21,0x08,0x00,0x00,0x00,0x00,0x00,0x00,0x00,0x00,0x00,0x00,0x00,0x00,
    0x00,0x00,0x00,0x00,0x00,0x00,0x00,0x00,0x00,0x00,0x00,0x00,0x00,0x00,0x00,0x00,0x00,0x00,0x00,0x00,0x00,0x00,0x00,0x00,
    0x00,0x00,0x00,0x00,0x00,0x00,0x00,0x00,0x00,0x00,0x00,0x00,0x00,0x00,0x00,0x00,0x00,0x00,0x00,0x00,0x00,0x00,0x00,0x00,
    0x00,0x00,0x00,0x00,0x00,0x00,0x00,0x00,0x00,0x00,0x00,0x00,0x00,0x00,0x00,0x00,0x00,0x00,0x00,0x00,0x00,0x00,0x00,0x00,
    0x00,0x00,0x00,0x00,0x00,0x00,0x00,0x00,0x00,0x00,0x00,0x00,0x00,0x00,0x00,0x00,0x00,0x00,0x00,0x00,0x00,0x00,0x00,0x00,
    0x00,0x00,0x00,0x00,0x00,0x00,0x00,0x00,0x00,0x00,0x00,0x00,0x00,0x00,0x00,0x00,0x00,0x00,0x00,0x00,0x00,0x00,0x00,0x00,
    0x00,0x00,0x00,0x00,0x00,0x00,0x00,0x00,0x4d,0x63,0x96,0xad,0x96,0xad,0x96,0xad,0x96,0xad,0x96,0xad,0x96,0xad,0x96,0xad,
    0x96,0xad,0x96,0xad,0x95,0xad,0xb7,0xb5,0x4d,0x6b,0x00,0x00,0x00,0x00,0x00,0x00,0x00,0x00,0x00,0x00,0x00,0x00,0x00,0x00,
    0x00,0x00,0x00,0x00,0x00,0x00,0x00,0x00,0x00,0x00,0x00,0x00,0x00,0x00,0x00,0x00,0x00,0x00,0x00,0x00,0x00,0x00,0x00,0x00,
    0x00,0x00,0x00,0x00,0x00,0x00,0x00,0x00,0x00,0x00,0x00,0x00,0x00,0x00,0x00,0x00,0x04,0x21,0x38,0xc6,0x58,0xc6,0x59,0xc6,
    0x58,0xc6,0x59,0xc6,0x58,0xc6,0x59,0xc6,0x38,0xc6,0x58,0xc6,0x38,0xc6,0x59,0xc6,0x17,0xbe,0x00,0x00,0x00,0x00,0x00,0x00,
    0x00,0x00,0x00,0x00,0x00,0x00,0x00,0x00,0x20,0x00,0x41,0x08,0x41,0x08,0x81,0x18,0x81,0x18,0xc1,0x20,0xc1,0x20,0xe2,0x28,
    0xe1,0x20,0xe2,0x28,0xe2,0x20,0xe2,0x28,0xc1,0x20,0xc2,0x20,0xa1,0x20,0xa2,0x20,0xa1,0x18,0xa1,0x18,0x81,0x18,0x81,0x18,
    0x61,0x10,0x61,0x10,0x61,0x10,0x61,0x10,0x40,0x08,0x41,0x08,0x20,0x08,0x21,0x08,0x00,0x00,0x00,0x00,0x00,0x00,0x00,0x00,
    0x00,0x00,0x00,0x00,0x00,0x00,0x00,0x00,0x00,0x00,0x00,0x00,0x00,0x00,0x00,0x00,0x00,0x00,0x00,0x00,0x00,0x00,0x00,0x00,
    0x00,0x00,0x00,0x00,0x00,0x00,0x00,0x00,0x00,0x00,0x00,0x00,0x00,0x00,0x00,0x00,0x00,0x00,0x00,0x00,0x00,0x00,0x00,0x00,
    0x00,0x00,0x00,0x00,0x00,0x00,0x00,0x00,0x00,0x00,0x00,0x00,0x00,0x00,0x00,0x00,0x00,0x00,0x00,0x00,0x00,0x00,0x00,0x00,
    0x00,0x00,0x00,0x00,0x00,0x00,0x00,0x00,0x00,0x00,0x00,0x00,0x00,0x00,0x00,0x00,0x00,0x00,0x00,0x00,0x00,0x00,0x00,0x00,
    0x00,0x00,0x00,0x00,0x00,0x00,0x00,0x00,0x00,0x00,0x00,0x00,0x00,0x00,0x00,0x00,0x00,0x00,0x00,0x00,0x00,0x00,0x00,0x00,
    0x00,0x00,0x00,0x00,0x00,0x00,0x00,0x00,0x00,0x00,0x00,0x00,0x00,0x00,0x00,0x00,0x00,0x00,0x00,0x00,0x00,0x00,0x00,0x00,
    0x00,0x00,0x6a,0x4a,0x96,0xad,0x96,0xad,0x95,0xad,0x96,0xad,0x95,0xad,0x96,0xad,0x75,0xad,0x96,0xad,0x75,0xad,0x96,0xad,
    0x95,0xad,0x31,0x84,0x00,0x00,0x00,0x00,0x00,0x00,0x00,0x00,0x00,0x00,0x00,0x00,0x00,0x00,0x00,0x00,0x00,0x00,0x00,0x00,
    0x00,0x00,0x00,0x00,0x00,0x00,0x00,0x00,0x00,0x00,0x00,0x00,0x00,0x00,0x00,0x00,0x00,0x00,0x00,0x00,0x00,0x00,0x00,0x00,
    0x00,0x00,0x00,0x00,0x00,0x00,0x00,0x00,0x00,0x00,0xc3,0x18,0x95,0xad,0x59,0xce,0x59,0xc6,0x59,0xce,0x58,0xc6,0x59,0xce,
    0x58,0xc6,0x59,0xc6,0x58,0xc6,0x59,0xc6,0x58,0xc6,0x59,0xc6,0xa2,0x10,0x00,0x00,0x00,0x00,0x00,0x00,0x00,0x00,0x00,0x00,
    0x00,0x00,0x20,0x08,0x20,0x08,0x41,0x08,0x41,0x08,0x61,0x10,0x61,0x10,0x81,0x18,0x81,0x18,0xa1,0x18,0x81,0x18,0x81,0x18,
    0x81,0x18,0x81,0x18,0x61,0x10,0x61,0x10,0x41,0x10,0x61,0x10,0x40,0x08,0x41,0x10,0x20,0x08,0x21,0x08,0x00,0x00,0x00,0x00,
    0x00,0x00,0x00,0x00,0x00,0x00,0x00,0x00,0x00,0x00,0x00,0x00,0x00,0x00,0x00,0x00,0x00,0x00,0x00,0x00,0x00,0x00,0x00,0x00,
    0x00,0x00,0x00,0x00,0x00,0x00,0x00,0x00,0x00,0x00,0x00,0x00,0x00,0x00,0x00,0x00,0x00,0x00,0x00,0x00,0x00,0x00,0x00,0x00,
    0x00,0x00,0x00,0x00,0x00,0x00,0x00,0x00,0x00,0x00,0x00,0x00,0x00,0x00,0x00,0x00,0x00,0x00,0x00,0x00,0x00,0x00,0x00,0x00,
    0x00,0x00,0x00,0x00,0x00,0x00,0x00,0x00,0x00,0x00,0x00,0x00,0x00,0x00,0x00,0x00,0x00,0x00,0x00,0x00,0x00,0x00,0x00,0x00,
    0x00,0x00,0x00,0x00,0x00,0x00,0x00,0x00,0x00,0x00,0x00,0x00,0x00,0x00,0x00,0x00,0x00,0x00,0x00,0x00,0x00,0x00,0x00,0x00,
    0x00,0x00,0x00,0x00,0x00,0x00,0x00,0x00,0x00,0x00,0x00,0x00,0x00,0x00,0x00,0x00,0x00,0x00,0x00,0x00,0x00,0x00,0x00,0x00,
    0x00,0x00,0x00,0x00,0x00,0x00,0x00,0x00,0x00,0x00,0x00,0x00,0x00,0x00,0x00,0x00,0x00,0x00,0x00,0x00,0xa6,0x31,0x96,0xb5,
    0x96,0xad,0x96,0xad,0x96,0xad,0x96,0xad,0x96,0xad,0x96,0xad,0x75,0xad,0x96,0xad,0x76,0xad,0x96,0xad,0xb2,0x94,0x41,0x08,
    0x00,0x00,0x00,0x00,0x00,0x00,0x00,0x00,0x00,0x00,0x00,0x00,0x00,0x00,0x00,0x00,0x00,0x00,0x00,0x00,0x00,0x00,0x00,0x00,
    0x00,0x00,0x00,0x00,0x00,0x00,0x00,0x00,0x00,0x00,0x00,0x00,0x00,0x00,0x00,0x00,0x00,0x00,0x00,0x00,0x00,0x00,0x00,0x00,
    0x00,0x00,0x00,0x00,0x41,0x08,0x34,0xa5,0x38,0xc6,0x58,0xc6,0x58,0xc6,0x58,0xc6,0x38,0xc6,0x38,0xc6,0x38,0xc6,0x58,0xc6,
    0x38,0xbe,0x38,0xc6,0x38,0xc6,0x86,0x31,0x00,0x00,0x00,0x00,0x00,0x00,0x00,0x00,0x00,0x00,0x00,0x00,0x00,0x00,0x20,0x08,
    0x20,0x00,0x20,0x08,0x20,0x08,0x41,0x08,0x40,0x08,0x41,0x08,0x40,0x08,0x41,0x08,0x20,0x08,0x41,0x08,0x20,0x00,0x20,0x08,
    0x00,0x00,0x00,0x00,0x00,0x00,0x00,0x00,0x00,0x00,0x00,0x00,0x00,0x00,0x00,0x00,0x00,0x00,0x00,0x00,0x00,0x00,0x00,0x00,
    0x00,0x00,0x00,0x00,0x00,0x00,0x00,0x00,0x00,0x00,0x00,0x00,0x00,0x00,0x00,0x00,0x00,0x00,0x00,0x00,0x00,0x00,0x00,0x00,
    0x00,0x00,0x00,0x00,0x00,0x00,0x00,0x00,0x00,0x00,0x00,0x00,0x00,0x00,0x00,0x00,0x00,0x00,0x00,0x00,0x00,0x00,0x00,0x00,
    0x00,0x00,0x00,0x00,0x00,0x00,0x00,0x00,0x00,0x00,0x00,0x00,0x00,0x00,0x00,0x00,0x00,0x00,0x00,0x00,0x00,0x00,0x00,0x00,
    0x00,0x00,0x00,0x00,0x00,0x00,0x00,0x00,0x00,0x00,0x00,0x00,0x00,0x00,0x00,0x00,0x00,0x00,0x00,0x00,0x00,0x00,0x00,0x00,
    0x00,0x00,0x00,0x00,0x00,0x00,0x00,0x00,0x00,0x00,0x00,0x00,0x00,0x00,0x00,0x00,0x00,0x00,0x00,0x00,0x00,0x00,0x00,0x00,
    0x00,0x00,0x00,0x00,0x00,0x00,0x00,0x00,0x00,0x00,0x00,0x00,0x00,0x00,0x00,0x00,0x00,0x00,0x00,0x00,0x00,0x00,0x00,0x00,
    0x00,0x00,0x00,0x00,0x00,0x00,0x00,0x00,0x00,0x00,0x00,0x00,0x00,0x00,0xc3,0x18,0x95,0xad,0x96,0xad,0x75,0xad,0x96,0xad,
    0x75,0xa5,0x96,0xad,0x75,0xad,0x76,0xad,0x75,0xa5,0x76,0xad,0x75,0xa5,0xf4,0x9c,0x82,0x10,0x00,0x00,0x00,0x00,0x00,0x00,
    0x00,0x00,0x00,0x00,0x00,0x00,0x00,0x00,0x00,0x00,0x00,0x00,0x00,0x00,0x00,0x00,0x00,0x00,0x00,0x00,0x00,0x00,0x00,0x00,
    0x00,0x00,0x00,0x00,0x00,0x00,0x00,0x00,0x00,0x00,0x00,0x00,0x00,0x00,0x00,0x00,0x00,0x00,0x00,0x00,0x00,0x00,0x00,0x00,
    0x92,0x94,0x59,0xc6,0x38,0xc6,0x59,0xc6,0x58,0xc6,0x59,0xc6,0x38,0xc6,0x59,0xc6,0x38,0xc6,0x58,0xc6,0x38,0xc6,0x59,0xc6,
    0x69,0x4a,0x00,0x00,0x00,0x00,0x00,0x00,0x00,0x00,0x00,0x00,0x00,0x00,0x00,0x00,0x00,0x00,0x00,0x00,0x20,0x00,0x21,0x08,
    0x00,0x00,0x00,0x00,0x00,0x00,0x00,0x00,0x00,0x00,0x00,0x00,0x00,0x00,0x00,0x00,0x00,0x00,0x00,0x00,0x00,0x00,0x00,0x00,
    0x00,0x00,0x00,0x00,0x00,0x00,0x00,0x00,0x00,0x00,0x00,0x00,0x00,0x00,0x00,0x00,0x00,0x00,0x00,0x00,0x00,0x00,0x00,0x00,
    0x00,0x00,0x00,0x00,0x00,0x00,0x00,0x00,0x00,0x00,0x00,0x00,0x00,0x00,0x00,0x00,0x00,0x00,0x00,0x00,0x00,0x00,0x00,0x00,
    0x00,0x00,0x00,0x00,0x00,0x00,0x00,0x00,0x00,0x00,0x00,0x00,0x00,0x00,0x00,0x00,0x00,0x00,0x00,0x00,0x00,0x00,0x00,0x00,
    0x00,0x00,0x00,0x00,0x00,0x00,0x00,0x00,0x00,0x00,0x00,0x00,0x00,0x00,0x00,0x00,0x00,0x00,0x00,0x00,0x00,0x00,0x00,0x00,
    0x00,0x00,0x00,0x00,0x00,0x00,0x00,0x00,0x00,0x00,0x00,0x00,0x00,0x00,0x00,0x00,0x00,0x00,0x00,0x00,0x00,0x00,0x00,0x00,
    0x00,0x00,0x00,0x00,0x00,0x00,0x00,0x00,0x00,0x00,0x00,0x00,0x00,0x00,0x00,0x00,0x00,0x00,0x00,0x00,0x00,0x00,0x00,0x00,
    0x00,0x00,0x00,0x00,0x00,0x00,0x00,0x00,0x00,0x00,0x00,0x00,0x00,0x00,0x00,0x00,0x00,0x00,0x00,0x00,0x00,0x00,0x00,0x00,
    0x00,0x00,0x00,0x00,0x00,0x00,0x00,0x00,0x00,0x00,0x96,0xad,0x95,0xad,0x96,0xad,0x76,0xad,0x96,0xad,0x75,0xad,0x96,0xad,
    0x75,0xad,0x96,0xad,0x75,0xa5,0x96,0xad,0x55,0xa5,0x04,0x21,0x00,0x00,0x00,0x00,0x00,0x00,0x00,0x00,0x00,0x00,0x00,0x00,
    0x00,0x00,0x00,0x00,0x00,0x00,0x00,0x00,0x00,0x00,0x00,0x00,0x00,0x00,0x00,0x00,0x00,0x00,0x00,0x00,0x00,0x00,0x00,0x00,
    0x00,0x00,0x00,0x00,0x00,0x00,0x00,0x00,0x00,0x00,0x00,0x00,0x00,0x00,0x00,0x00,0x00,0x00,0xcf,0x7b,0x59,0xc6,0x59,0xc6,
    0x38,0xc6,0x58,0xc6,0x38,0xc6,0x58,0xc6,0x38,0xc6,0x38,0xc6,0x38,0xc6,0x38,0xc6,0x38,0xbe,0x4d,0x6b,0x00,0x00,0x00,0x00,
    0x00,0x00,0x00,0x00,0x00,0x00,0x00,0x00,0x00,0x00,0x00,0x00,0x00,0x00,0x00,0x00,0x00,0x00,0x00,0x00,0x00,0x00,0x00,0x00,
    0x00,0x00,0x00,0x00,0x00,0x00,0x00,0x00,0x00,0x00,0x00,0x00,0x00,0x00,0x00,0x00,0x00,0x00,0x00,0x00,0x00,0x00,0x00,0x00,
    0x00,0x00,0x00,0x00,0x00,0x00,0x00,0x00,0x00,0x00,0x00,0x00,0x00,0x00,0x00,0x00,0x00,0x00,0x00,0x00,0x00,0x00,0x00,0x00,
    0x00,0x00,0x00,0x00,0x00,0x00,0x00,0x00,0x00,0x00,0x00,0x00,0x00,0x00,0x00,0x00,0x00,0x00,0x00,0x00,0x00,0x00,0x00,0x00,
    0x00,0x00,0x00,0x00,0x00,0x00,0x00,0x00,0x00,0x00,0x00,0x00,0x00,0x00,0x00,0x00,0x00,0x00,0x00,0x00,0x00,0x00,0x00,0x00,
    0x00,0x00,0x00,0x00,0x00,0x00,0x00,0x00,0x00,0x00,0x00,0x00,0x00,0x00,0x00,0x00,0x00,0x00,0x00,0x00,0x00,0x00,0x00,0x00,
    0x00,0x00,0x00,0x00,0x00,0x00,0x00,0x00,0x00,0x00,0x00,0x00,0x00,0x00,0x00,0x00,0x00,0x00,0x00,0x00,0x00,0x00,0x00,0x00,
    0x00,0x00,0x00,0x00,0x00,0x00,0x00,0x00,0x00,0x00,0x00,0x00,0x00,0x00,0x00,0x00,0x00,0x00,0x00,0x00,0x00,0x00,0x00,0x00,
    0x00,0x00,0x00,0x00,0x00,0x00,0x00,0x00,0x00,0x00,0x00,0x00,0x00,0x00,0x00,0x00,0x00,0x00,0x00,0x00,0x00,0x00,0x00,0x00,
    0x00,0x00,0x00,0x00,0x55,0xa5,0x96,0xad,0x75,0xad,0x76,0xad,0x75,0xad,0x76,0xad,0x75,0xa5,0x75,0xad,0x75,0xa5,0x76,0xad,
    0x75,0xa5,0xd7,0xb5,0x65,0x29,0x00,0x00,0x00,0x00,0x00,0x00,0x00,0x00,0x00,0x00,0x00,0x00,0x00,0x00,0x00,0x00,0x00,0x00,
    0x00,0x00,0x00,0x00,0x00,0x00,0x00,0x00,0x00,0x00,0x00,0x00,0x00,0x00,0x00,0x00,0x00,0x00,0x00,0x00,0x00,0x00,0x00,0x00,
    0x00,0x00,0x00,0x00,0x00,0x00,0x00,0x00,0x00,0x00,0x00,0x00,0xcb,0x5a,0x7a,0xce,0x38,0xc6,0x59,0xc6,0x38,0xc6,0x59,0xc6,
    0x38,0xc6,0x59,0xc6,0x38,0xc6,0x59,0xc6,0x38,0xc6,0x38,0xc6,0x30,0x84,0x00,0x00,0x00,0x00,0x00,0x00,0x00,0x00,0x00,0x00,
    0x00,0x00,0x00,0x00,0x00,0x00,0x00,0x00,0x00,0x00,0x00,0x00,0x00,0x00,0x00,0x00,0x00,0x00,0x00,0x00,0x00,0x00,0x00,0x00,
    0x00,0x00,0x00,0x00,0x00,0x00,0x00,0x00,0x00,0x00,0x00,0x00,0x00,0x00,0x00,0x00,0x00,0x00,0x00,0x00,0x00,0x00,0x00,0x00,
    0x00,0x00,0x00,0x00,0x00,0x00,0x00,0x00,0x00,0x00,0x00,0x00,0x00,0x00,0x00,0x00,0x00,0x00,0x00,0x00,0x00,0x00,0x00,0x00,
    0x00,0x00,0x00,0x00,0x00,0x00,0x00,0x00,0x00,0x00,0x00,0x00,0x00,0x00,0x00,0x00,0x00,0x00,0x00,0x00,0x00,0x00,0x00,0x00,
    0x00,0x00,0x00,0x00,0x00,0x00,0x00,0x00,0x00,0x00,0x00,0x00,0x00,0x00,0x00,0x00,0x00,0x00,0x00,0x00,0x00,0x00,0x00,0x00,
    0x00,0x00,0x00,0x00,0x00,0x00,0x00,0x00,0x00,0x00,0x00,0x00,0x00,0x00,0x00,0x00,0x00,0x00,0x00,0x00,0x00,0x00,0x00,0x00,
    0x00,0x00,0x00,0x00,0x00,0x00,0x00,0x00,0x00,0x00,0x00,0x00,0x00,0x00,0x00,0x00,0x00,0x00,0x00,0x00,0x00,0x00,0x00,0x00,
    0x00,0x00,0x00,0x00,0x00,0x00,0x00,0x00,0x00,0x00,0x00,0x00,0x00,0x00,0x00,0x00,0x00,0x00,0x00,0x00,0x00,0x00,0x00,0x00,
    0x00,0x00,0x00,0x00,0x00,0x00,0x00,0x00,0x00,0x00,0x00,0x00,0x00,0x00,0x00,0x00,0x00,0x00,0x00,0x00,0x00,0x00,0x14,0xa5,
    0x75,0xad,0x96,0xad,0x75,0xad,0x96,0xad,0x75,0xad,0x96,0xad,0x75,0xad,0x76,0xad,0x75,0xad,0x76,0xad,0xb6,0xb5,0x69,0x4a,
    0x00,0x00,0x00,0x00,0x00,0x00,0x00,0x00,0x00,0x00,0x00,0x00,0x00,0x00,0x00,0x00,0x00,0x00,0x00,0x00,0x00,0x00,0x00,0x00,
    0x00,0x00,0x00,0x00,0x00,0x00,0x00,0x00,0x00,0x00,0x00,0x00,0x00,0x00,0x00,0x00,0x00,0x00,0x00,0x00,0x00,0x00,0x00,0x00,
    0x00,0x00,0x00,0x00,0x00,0x00,0xa6,0x31,0x79,0xce,0x38,0xc6,0x38,0xc6,0x38,0xc6,0x38,0xbe,0x38,0xc6,0x38,0xbe,0x38,0xc6,
    0x38,0xbe,0x38,0xc6,0x38,0xbe,0x14,0x9d,0x00,0x00,0x00,0x00,0x00,0x00,0x00,0x00,0x00,0x00,0x00,0x00,0x00,0x00,0x00,0x00,
    0x00,0x00,0x00,0x00,0x00,0x00,0x00,0x00,0x00,0x00,0x00,0x00,0x00,0x00,0x00,0x00,0x00,0x00,0x00,0x00,0x00,0x00,0x00,0x00,
    0x00,0x00,0x00,0x00,0x00,0x00,0x00,0x00,0x00,0x00,0x00,0x00,0x00,0x00,0x00,0x00,0x00,0x00,0x00,0x00,0x00,0x00,0x00,0x00,
    0x00,0x00,0x00,0x00,0x00,0x00,0x00,0x00,0x00,0x00,0x00,0x00,0x00,0x00,0x00,0x00,0x00,0x00,0x00,0x00,0x00,0x00,0x00,0x00,
    0x00,0x00,0x00,0x00,0x00,0x00,0x00,0x00,0x00,0x00,0x00,0x00,0x00,0x00,0x00,0x00,0x00,0x00,0x00,0x00,0x00,0x00,0x00,0x00,
    0x00,0x00,0x00,0x00,0x00,0x00,0x00,0x00,0x00,0x00,0x00,0x00,0x00,0x00,0x00,0x00,0x00,0x00,0x00,0x00,0x00,0x00,0x00,0x00,
    0x00,0x00,0x00,0x00,0x00,0x00,0x00,0x00,0x00,0x00,0x00,0x00,0x00,0x00,0x00,0x00,0x00,0x00,0x00,0x00,0x00,0x00,0x00,0x00,
    0x00,0x00,0x00,0x00,0x00,0x00,0x00,0x00,0x00,0x00,0x00,0x00,0x00,0x00,0x00,0x00,0x00,0x00,0x00,0x00,0x00,0x00,0x00,0x00,
    0x00,0x00,0x00,0x00,0x00,0x00,0x00,0x00,0x00,0x00,0x00,0x00,0x00,0x00,0x00,0x00,0x00,0x00,0x00,0x00,0x00,0x00,0x00,0x00,
    0x00,0x00,0x00,0x00,0x20,0x00,0x00,0x00,0x20,0x00,0x00,0x00,0x00,0x00,0x00,0x00,0xd2,0x94,0x75,0xad,0x75,0xa5,0x76,0xad,
    0x75,0xa5,0x75,0xad,0x75,0xa5,0x75,0xad,0x75,0xa5,0x75,0xa5,0x75,0xa5,0x96,0xad,0x2c,0x63,0x00,0x00,0x00,0x00,0x00,0x00,
    0x00,0x00,0x00,0x00,0x00,0x00,0x00,0x00,0x00,0x00,0x00,0x00,0x00,0x00,0x00,0x00,0x00,0x00,0x00,0x00,0x00,0x00,0x00,0x00,
    0x00,0x00,0x00,0x00,0x00,0x00,0x00,0x00,0x00,0x00,0x00,0x00,0x00,0x00,0x00,0x00,0x00,0x00,0x00,0x00,0x00,0x00,0x00,0x00,
    0x24,0x21,0x38,0xc6,0x38,0xc6,0x59,0xc6,0x38,0xc6,0x38,0xc6,0x38,0xbe,0x38,0xc6,0x38,0xc6,0x38,0xc6,0x38,0xbe,0x38,0xc6,
    0xf7,0xbd,0x00,0x00,0x00,0x00,0x00,0x00,0x00,0x00,0x00,0x00,0x00,0x00,0x00,0x00,0x00,0x00,0x00,0x00,0x00,0x00,0x00,0x00,
    0x00,0x00,0x00,0x00,0x00,0x00,0x00,0x00,0x00,0x00,0x00,0x00,0x00,0x00,0x00,0x00,0x00,0x00,0x00,0x00,0x00,0x00,0x00,0x00,
    0x00,0x00,0x00,0x00,0x00,0x00,0x00,0x00,0x00,0x00,0x00,0x00,0x00,0x00,0x00,0x00,0x00,0x00,0x00,0x00,0x00,0x00,0x00,0x00,
    0x00,0x00,0x00,0x00,0x00,0x00,0x00,0x00,0x00,0x00,0x00,0x00,0x00,0x00,0x00,0x00,0x00,0x00,0x00,0x00,0x00,0x00,0x00,0x00,
    0x00,0x00,0x00,0x00,0x00,0x00,0x00,0x00,0x00,0x00,0x00,0x00,0x00,0x00,0x00,0x00,0x00,0x00,0x00,0x00,0x00,0x00,0x00,0x00,
    0x00,0x00,0x00,0x00,0x00,0x00,0x00,0x00,0x00,0x00,0x00,0x00,0x00,0x00,0x00,0x00,0x00,0x00,0x00,0x00,0x00,0x00,0x00,0x00,
    0x00,0x00,0x00,0x00,0x00,0x00,0x00,0x00,0x00,0x00,0x00,0x00,0x00,0x00,0x00,0x00,0x00,0x00,0x00,0x00,0x00,0x00,0x00,0x00,
    0x00,0x00,0x00,0x00,0x00,0x00,0x00,0x00,0x00,0x00,0x00,0x00,0x00,0x00,0x00,0x00,0x00,0x00,0x00,0x00,0x00,0x00,0x00,0x00,
    0x00,0x00,0x00,0x00,0x00,0x00,0x00,0x00,0x20,0x00,0x00,0x00,0x20,0x00,0x21,0x08,0x20,0x00,0x21,0x08,0x20,0x00,0x21,0x08,
    0x20,0x00,0x21,0x08,0x20,0x00,0x00,0x00,0x00,0x00,0x92,0x8c,0x75,0xa5,0x76,0xad,0x75,0xa5,0x76,0xad,0x75,0xa5,0x76,0xad,
    0x75,0xa5,0x76,0xad,0x75,0xa5,0x76,0xad,0x75,0xad,0x30,0x84,0x00,0x00,0x00,0x00,0x00,0x00,0x00,0x00,0x00,0x00,0x00,0x00,
    0x00,0x00,0x00,0x00,0x00,0x00,0x00,0x00,0x00,0x00,0x00,0x00,0x00,0x00,0x00,0x00,0x00,0x00,0x00,0x00,0x00,0x00,0x00,0x00,
    0x00,0x00,0x00,0x00,0x00,0x00,0x00,0x00,0x00,0x00,0x00,0x00,0x00,0x00,0x00,0x00,0x00,0x00,0xc3,0x18,0x95,0xad,0x38,0xc6,
    0x38,0xbe,0x38,0xc6,0x38,0xbe,0x38,0xc6,0x38,0xbe,0x38,0xc6,0x38,0xbe,0x38,0xc6,0x18,0xbe,0x38,0xc6,0x82,0x10,0x00,0x00,
    0x00,0x00,0x00,0x00,0x00,0x00,0x00,0x00,0x00,0x00,0x00,0x00,0x00,0x00,0x00,0x00,0x00,0x00,0x00,0x00,0x00,0x00,0x00,0x00,
    0x00,0x00,0x00,0x00,0x00,0x00,0x00,0x00,0x00,0x00,0x00,0x00,0x00,0x00,0x00,0x00,0x00,0x00,0x00,0x00,0x00,0x00,0x00,0x00,
    0x00,0x00,0x00,0x00,0x00,0x00,0x00,0x00,0x00,0x00,0x00,0x00,0x00,0x00,0x00,0x00,0x00,0x00,0x00,0x00,0x00,0x00,0x00,0x00,
    0x00,0x00,0x00,0x00,0x00,0x00,0x00,0x00,0x00,0x00,0x00,0x00,0x00,0x00,0x00,0x00,0x00,0x00,0x00,0x00,0x00,0x00,0x00,0x00,
    0x00,0x00,0x00,0x00,0x00,0x00,0x00,0x00,0x00,0x00,0x00,0x00,0x00,0x00,0x00,0x00,0x00,0x00,0x00,0x00,0x00,0x00,0x00,0x00,
    0x00,0x00,0x00,0x00,0x00,0x00,0x00,0x00,0x00,0x00,0x00,0x00,0x00,0x00,0x00,0x00,0x00,0x00,0x00,0x00,0x00,0x00,0x00,0x00,
    0x00,0x00,0x00,0x00,0x00,0x00,0x00,0x00,0x00,0x00,0x00,0x00,0x00,0x00,0x00,0x00,0x00,0x00,0x00,0x00,0x00,0x00,0x00,0x00,
    0x00,0x00,0x00,0x00,0x00,0x00,0x00,0x00,0x20,0x00,0x00,0x00,0x00,0x00,0x00,0x00,0x20,0x00,0x00,0x00,0x20,0x00,0x21,0x08,
    0x20,0x00,0x21,0x00,0x20,0x00,0x21,0x08,0x20,0x00,0x21,0x00,0x20,0x00,0x21,0x08,0x20,0x00,0x21,0x08,0x20,0x00,0x21,0x08,
    0x00,0x00,0x00,0x00,0xd3,0x94,0x76,0xad,0x75,0xa5,0x75,0xad,0x75,0xa5,0x75,0xad,0x75,0xa5,0x75,0xad,0x55,0xa5,0x75,0xad,
    0x55,0xa5,0x75,0xa5,0x92,0x8c,0x41,0x08,0x00,0x00,0x00,0x00,0x00,0x00,0x00,0x00,0x00,0x00,0x00,0x00,0x00,0x00,0x00,0x00,
    0x00,0x00,0x00,0x00,0x00,0x00,0x00,0x00,0x00,0x00,0x00,0x00,0x00,0x00,0x00,0x00,0x00,0x00,0x00,0x00,0x00,0x00,0x00,0x00,
    0x00,0x00,0x00,0x00,0x00,0x00,0x00,0x00,0x00,0x00,0x00,0x00,0x61,0x08,0x34,0xa5,0x38,0xc6,0x38,0xc6,0x38,0xc6,0x38,0xc6,
    0x38,0xc6,0x38,0xc6,0x38,0xbe,0x38,0xc6,0x38,0xc6,0x38,0xc6,0x18,0xbe,0x86,0x31,0x00,0x00,0x00,0x00,0x00,0x00,0x00,0x00,
    0x00,0x00,0x00,0x00,0x00,0x00,0x00,0x00,0x00,0x00,0x00,0x00,0x00,0x00,0x00,0x00,0x00,0x00,0x00,0x00,0x00,0x00,0x00,0x00,
    0x00,0x00,0x00,0x00,0x00,0x00,0x00,0x00,0x00,0x00,0x00,0x00,0x00,0x00,0x00,0x00,0x00,0x00,0x00,0x00,0x00,0x00,0x00,0x00,
    0x00,0x00,0x00,0x00,0x00,0x00,0x00,0x00,0x00,0x00,0x00,0x00,0x00,0x00,0x00,0x00,0x00,0x00,0x00,0x00,0x00,0x00,0x00,0x00,
    0x00,0x00,0x00,0x00,0x00,0x00,0x00,0x00,0x00,0x00,0x00,0x00,0x00,0x00,0x00,0x00,0x00,0x00,0x00,0x00,0x00,0x00,0x00,0x00,
    0x00,0x00,0x00,0x00,0x00,0x00,0x00,0x00,0x00,0x00,0x00,0x00,0x00,0x00,0x00,0x00,0x00,0x00,0x00,0x00,0x00,0x00,0x00,0x00,
    0x00,0x00,0x00,0x00,0x00,0x00,0x00,0x00,0x00,0x00,0x00,0x00,0x00,0x00,0x00,0x00,0x00,0x00,0x00,0x00,0x00,0x00,0x00,0x00,
    0x00,0x00,0x00,0x00,0x00,0x00,0x00,0x00,0x00,0x00,0x00,0x00,0x00,0x00,0x00,0x00,0x20,0x00,0x21,0x08,0x20,0x00,0x21,0x08,
    0x20,0x00,0x21,0x08,0x20,0x00,0x21,0x08,0x20,0x00,0x21,0x08,0x20,0x00,0x21,0x08,0x21,0x00,0x21,0x08,0x20,0x00,0x21,0x08,
    0x21,0x00,0x41,0x08,0x20,0x00,0x41,0x08,0x21,0x08,0x41,0x08,0x20,0x00,0x41,0x08,0x21,0x08,0x00,0x00,0x41,0x08,0x76,0xad,
    0x75,0xad,0x76,0xad,0x75,0xa5,0x76,0xad,0x75,0xa5,0x76,0xad,0x55,0xa5,0x76,0xad,0x55,0xa5,0x75,0xad,0x55,0xa5,0xf4,0x9c,
    0xa2,0x10,0x00,0x00,0x00,0x00,0x00,0x00,0x00,0x00,0x00,0x00,0x00,0x00,0x00,0x00,0x00,0x00,0x00,0x00,0x00,0x00,0x00,0x00,
    0x00,0x00,0x00,0x00,0x00,0x00,0x00,0x00,0x00,0x00,0x00,0x00,0x00,0x00,0x00,0x00,0x00,0x00,0x00,0x00,0x00,0x00,0x00,0x00,
    0x00,0x00,0x00,0x00,0x00,0x00,0x00,0x00,0xb2,0x94,0x38,0xc6,0x38,0xbe,0x38,0xc6,0x17,0xbe,0x38,0xbe,0x18,0xbe,0x38,0xc6,
    0x17,0xbe,0x18,0xbe,0x17,0xbe,0x38,0xbe,0x48,0x42,0x00,0x00,0x00,0x00,0x00,0x00,0x00,0x00,0x00,0x00,0x00,0x00,0x00,0x00,
    0x00,0x00,0x00,0x00,0x00,0x00,0x00,0x00,0x00,0x00,0x00,0x00,0x00,0x00,0x00,0x00,0x00,0x00,0x00,0x00,0x00,0x00,0x00,0x00,
    0x00,0x00,0x00,0x00,0x00,0x00,0x00,0x00,0x00,0x00,0x00,0x00,0x00,0x00,0x00,0x00,0x00,0x00,0x00,0x00,0x00,0x00,0x00,0x00,
    0x00,0x00,0x00,0x00,0x00,0x00,0x00,0x00,0x00,0x00,0x00,0x00,0x00,0x00,0x00,0x00,0x00,0x00,0x00,0x00,0x00,0x00,0x00,0x00,
    0x00,0x00,0x00,0x00,0x00,0x00,0x00,0x00,0x00,0x00,0x00,0x00,0x00,0x00,0x00,0x00,0x00,0x00,0x00,0x00,0x00,0x00,0x00,0x00,
    0x00,0x00,0x00,0x00,0x00,0x00,0x00,0x00,0x00,0x00,0x00,0x00,0x00,0x00,0x00,0x00,0x00,0x00,0x00,0x00,0x00,0x00,0x00,0x00,
    0x00,0x00,0x00,0x00,0x00,0x00,0x00,0x00,0x00,0x00,0x00,0x00,0x00,0x00,0x00,0x00,0x00,0x00,0x00,0x00,0x20,0x00,0x00,0x00,
    0x20,0x00,0x00,0x00,0x20,0x00,0x21,0x08,0x20,0x00,0x21,0x00,0x20,0x00,0x21,0x08,0x20,0x00,0x21,0x00,0x20,0x00,0x21,0x08,
    0x20,0x00,0x21,0x08,0x20,0x00,0x21,0x08,0x20,0x00,0x21,0x08,0x20,0x00,0x41,0x08,0x61,0x08,0x82,0x10,0x21,0x08,0x21,0x08,
    0x20,0x00,0x21,0x08,0x20,0x00,0x21,0x08,0x20,0x00,0x21,0x08,0x20,0x00,0x45,0x29,0x75,0xa5,0x75,0xa5,0x55,0xa5,0x75,0xa5,
    0x55,0xa5,0x75,0xa5,0x55,0xa5,0x75,0xa5,0x55,0xa5,0x75,0xa5,0x55,0xa5,0x75,0xa5,0x34,0xa5,0x04,0x21,0x00,0x00,0x00,0x00,
    0x00,0x00,0x00,0x00,0x00,0x00,0x00,0x00,0x00,0x00,0x00,0x00,0x00,0x00,0x00,0x00,0x00,0x00,0x00,0x00,0x00,0x00,0x00,0x00,
    0x00,0x00,0x00,0x00,0x00,0x00,0x00,0x00,0x00,0x00,0x00,0x00,0x00,0x00,0x00,0x00,0x00,0x00,0x00,0x00,0x00,0x00,0x00,0x00,
    0x00,0x00,0xef,0x7b,0x38,0xc6,0x38,0xc6,0x38,0xbe,0x38,0xc6,0x18,0xbe,0x38,0xc6,0x18,0xbe,0x38,0xc6,0x18,0xbe,0x38,0xc6,
    0x18,0xbe,0x2c,0x63,0x00,0x00,0x00,0x00,0x00,0x00,0x00,0x00,0x00,0x00,0x00,0x00,0x00,0x00,0x00,0x00,0x00,0x00,0x00,0x00,
    0x00,0x00,0x00,0x00,0x00,0x00,0x00,0x00,0x00,0x00,0x00,0x00,0x00,0x00,0x00,0x00,0x00,0x00,0x00,0x00,0x00,0x00,0x00,0x00,
    0x00,0x00,0x00,0x00,0x00,0x00,0x00,0x00,0x00,0x00,0x00,0x00,0x00,0x00,0x00,0x00,0x00,0x00,0x00,0x00,0x00,0x00,0x00,0x00,
    0x00,0x00,0x00,0x00,0x00,0x00,0x00,0x00,0x00,0x00,0x00,0x00,0x00,0x00,0x00,0x00,0x00,0x00,0x00,0x00,0x00,0x00,0x00,0x00,
    0x00,0x00,0x00,0x00,0x00,0x00,0x00,0x00,0x00,0x00,0x00,0x00,0x00,0x00,0x00,0x00,0x00,0x00,0x00,0x00,0x00,0x00,0x00,0x00,
    0x00,0x00,0x00,0x00,0x00,0x00,0x00,0x00,0x00,0x00,0x00,0x00,0x00,0x00,0x00,0x00,0x00,0x00,0x00,0x00,0x00,0x00,0x00,0x00,
    0x20,0x00,0x21,0x08,0x20,0x00,0x21,0x08,0x20,0x00,0x21,0x08,0x20,0x00,0x21,0x08,0x20,0x00,0x21,0x08,0x20,0x00,0x21,0x08,
    0x21,0x00,0x21,0x08,0x20,0x00,0x21,0x08,0x21,0x00,0x41,0x08,0x20,0x00,0x41,0x08,0x21,0x08,0x61,0x08,0x62,0x08,0xa3,0x18,
    0xc3,0x18,0xe4,0x20,0x04,0x21,0x46,0x29,0x25,0x21,0x04,0x21,0xc3,0x18,0x42,0x08,0x21,0x08,0x41,0x08,0x21,0x08,0x41,0x08,
    0x21,0x08,0x41,0x08,0x21,0x00,0x00,0x00,0x28,0x42,0x76,0xad,0x75,0xa5,0x76,0xad,0x55,0xa5,0x75,0xad,0x55,0xa5,0x76,0xad,
    0x55,0xa5,0x75,0xad,0x55,0xa5,0x76,0xad,0x55,0xa5,0xb7,0xb5,0x65,0x29,0x00,0x00,0x00,0x00,0x00,0x00,0x00,0x00,0x00,0x00,
    0x00,0x00,0x00,0x00,0x00,0x00,0x00,0x00,0x00,0x00,0x00,0x00,0x00,0x00,0x00,0x00,0x00,0x00,0x00,0x00,0x00,0x00,0x00,0x00,
    0x00,0x00,0x00,0x00,0x00,0x00,0x00,0x00,0x00,0x00,0x00,0x00,0x00,0x00,0x00,0x00,0x00,0x00,0x00,0x00,0xcb,0x5a,0x59,0xc6,
    0x18,0xbe,0x38,0xc6,0x18,0xbe,0x38,0xc6,0x17,0xbe,0x18,0xbe,0x18,0xbe,0x18,0xc6,0x17,0xbe,0x18,0xbe,0xef,0x7b,0x00,0x00,
    0x00,0x00,0x00,0x00,0x00,0x00,0x00,0x00,0x00,0x00,0x00,0x00,0x00,0x00,0x00,0x00,0x00,0x00,0x00,0x00,0x00,0x00,0x00,0x00,
    0x00,0x00,0x00,0x00,0x00,0x00,0x00,0x00,0x00,0x00,0x00,0x00,0x00,0x00,0x00,0x00,0x00,0x00,0x00,0x00,0x00,0x00,0x00,0x00,
    0x00,0x00,0x00,0x00,0x00,0x00,0x00,0x00,0x00,0x00,0x00,0x00,0x00,0x00,0x00,0x00,0x00,0x00,0x00,0x00,0x00,0x00,0x00,0x00,
    0x00,0x00,0x00,0x00,0x00,0x00,0x00,0x00,0x00,0x00,0x00,0x00,0x00,0x00,0x00,0x00,0x00,0x00,0x00,0x00,0x00,0x00,0x00,0x00,
    0x00,0x00,0x00,0x00,0x00,0x00,0x00,0x00,0x00,0x00,0x00,0x00,0x00,0x00,0x00,0x00,0x00,0x00,0x00,0x00,0x00,0x00,0x00,0x00,
    0x20,0x00,0x00,0x00,0x20,0x00,0x00,0x00,0x20,0x00,0x00,0x00,0x20,0x00,0x21,0x08,0x20,0x00,0x21,0x00,0x20,0x00,0x21,0x08,
    0x20,0x00,0x21,0x00,0x20,0x00,0x21,0x08,0x20,0x00,0x21,0x08,0x20,0x00,0x21,0x08,0x20,0x00,0x21,0x08,0x20,0x00,0x62,0x08,
    0x62,0x08,0xa3,0x10,0xc3,0x18,0x04,0x21,0x04,0x21,0x45,0x29,0x04,0x21,0x04,0x21,0xc3,0x18,0xa3,0x10,0x82,0x10,0x62,0x08,
    0x20,0x00,0x41,0x08,0x21,0x00,0x41,0x08,0x20,0x00,0x41,0x08,0x21,0x00,0x41,0x08,0x20,0x00,0x41,0x08,0x21,0x00,0x00,0x00,
    0x00,0x00,0xaf,0x73,0x55,0xa5,0x75,0xad,0x55,0xa5,0x75,0xa5,0x55,0xa5,0x75,0xad,0x55,0xa5,0x75,0xa5,0x55,0xa5,0x75,0xad,
    0x55,0xa5,0x75,0xa5,0xb6,0xad,0x49,0x4a,0x00,0x00,0x00,0x00,0x00,0x00,0x00,0x00,0x00,0x00,0x00,0x00,0x00,0x00,0x00,0x00,
    0x00,0x00,0x00,0x00,0x00,0x00,0x00,0x00,0x00,0x00,0x00,0x00,0x00,0x00,0x00,0x00,0x00,0x00,0x00,0x00,0x00,0x00,0x00,0x00,
    0x00,0x00,0x00,0x00,0x00,0x00,0x00,0x00,0x00,0x00,0x00,0x00,0x00,0x00,0xe8,0x41,0x79,0xce,0x38,0xc6,0x18,0xbe,0x38,0xc6,
    0x18,0xbe,0x38,0xc6,0x18,0xbe,0x38,0xc6,0x18,0xbe,0x38,0xc6,0x17,0xbe,0xd3,0x9c,0x00,0x00,0x00,0x00,0x00,0x00,0x00,0x00,
    0x00,0x00,0x00,0x00,0x00,0x00,0x00,0x00,0x00,0x00,0x00,0x00,0x00,0x00,0x00,0x00,0x00,0x00,0x00,0x00,0x00,0x00,0x00,0x00,
    0x00,0x00,0x00,0x00,0x00,0x00,0x00,0x00,0x00,0x00,0x00,0x00,0x00,0x00,0x00,0x00,0x00,0x00,0x00,0x00,0x00,0x00,0x00,0x00,
    0x00,0x00,0x00,0x00,0x00,0x00,0x00,0x00,0x00,0x00,0x00,0x00,0x00,0x00,0x00,0x00,0x00,0x00,0x00,0x00,0x00,0x00,0x00,0x00,
    0x00,0x00,0x00,0x00,0x00,0x00,0x00,0x00,0x00,0x00,0x00,0x00,0x00,0x00,0x00,0x00,0x00,0x00,0x00,0x00,0x00,0x00,0x00,0x00,
    0x00,0x00,0x00,0x00,0x00,0x00,0x00,0x00,0x20,0x00,0x21,0x08,0x20,0x00,0x21,0x08,0x20,0x00,0x21,0x08,0x20,0x00,0x21,0x08,
    0x20,0x00,0x21,0x08,0x20,0x00,0x21,0x08,0x21,0x00,0x21,0x08,0x20,0x00,0x21,0x08,0x21,0x00,0x41,0x08,0x20,0x00,0x41,0x08,
    0x21,0x08,0x62,0x10,0x82,0x10,0xa3,0x18,0xc3,0x18,0x04,0x21,0x04,0x21,0x45,0x29,0x04,0x21,0x04,0x21,0xc3,0x18,0xa3,0x18,
    0x82,0x10,0x62,0x08,0x21,0x00,0x41,0x08,0x21,0x08,0x41,0x08,0x21,0x08,0x41,0x08,0x41,0x08,0x41,0x08,0x41,0x08,0x41,0x08,
    0x41,0x08,0x41,0x08,0x41,0x08,0x41,0x08,0x41,0x08,0x41,0x08,0x41,0x08,0x41,0x08,0x00,0x00,0x82,0x10,0x55,0xa5,0x76,0xad,
    0x55,0xa5,0x75,0xad,0x55,0xa5,0x76,0xad,0x55,0xa5,0x75,0xad,0x55,0xa5,0x76,0xad,0x55,0xa5,0x75,0xad,0x55,0xa5,0xb6,0xb5,
    0x0c,0x63,0x00,0x00,0x00,0x00,0x00,0x00,0x00,0x00,0x00,0x00,0x00,0x00,0x00,0x00,0x00,0x00,0x00,0x00,0x00,0x00,0x00,0x00,
    0x00,0x00,0x00,0x00,0x00,0x00,0x00,0x00,0x00,0x00,0x00,0x00,0x00,0x00,0x00,0x00,0x00,0x00,0x00,0x00,0x00,0x00,0x00,0x00,
    0x00,0x00,0x00,0x00,0x00,0x00,0x00,0x00,0x24,0x21,0x18,0xbe,0x17,0xbe,0x18,0xbe,0x17,0xbe,0x18,0xbe,0x17,0xbe,0x18,0xbe,
    0x17,0xbe,0x18,0xbe,0x17,0xbe,0x18,0xbe,0xb6,0xad,0x00,0x00,0x00,0x00,0x00,0x00,0x00,0x00,0x00,0x00,0x00,0x00,0x00,0x00,
    0x00,0x00,0x00,0x00,0x00,0x00,0x00,0x00,0x00,0x00,0x00,0x00,0x00,0x00,0x00,0x00,0x00,0x00,0x00,0x00,0x00,0x00,0x00,0x00,
    0x00,0x00,0x00,0x00,0x00,0x00,0x00,0x00,0x00,0x00,0x00,0x00,0x00,0x00,0x00,0x00,0x00,0x00,0x00,0x00,0x00,0x00,0x00,0x00,
    0x00,0x00,0x00,0x00,0x00,0x00,0x00,0x00,0x00,0x00,0x00,0x00,0x00,0x00,0x00,0x00,0x00,0x00,0x00,0x00,0x00,0x00,0x00,0x00,
    0x00,0x00,0x00,0x00,0x00,0x00,0x00,0x00,0x20,0x00,0x00,0x00,0x20,0x00,0x00,0x00,0x20,0x00,0x00,0x00,0x20,0x00,0x21,0x08,
    0x20,0x00,0x21,0x00,0x20,0x00,0x21,0x08,0x20,0x00,0x21,0x00,0x20,0x00,0x21,0x08,0x20,0x00,0x21,0x08,0x20,0x00,0x21,0x08,
    0x20,0x00,0x21,0x08,0x21,0x00,0x62,0x08,0x62,0x08,0xa3,0x10,0xc3,0x18,0x04,0x21,0x04,0x21,0x25,0x21,0x04,0x19,0xe4,0x18,
    0xa3,0x10,0x82,0x10,0x62,0x08,0x41,0x08,0x20,0x00,0x41,0x08,0x21,0x00,0x41,0x08,0x20,0x00,0x41,0x08,0x21,0x00,0x41,0x08,
    0x20,0x00,0x41,0x08,0x21,0x08,0x41,0x08,0x21,0x00,0x41,0x08,0x21,0x08,0x41,0x08,0x41,0x00,0x41,0x08,0x41,0x08,0x41,0x08,
    0x41,0x00,0x41,0x08,0x41,0x08,0x41,0x08,0x20,0x00,0x00,0x00,0x8a,0x4a,0x75,0xa5,0x55,0xa5,0x75,0xa5,0x55,0xa5,0x75,0xa5,
    0x55,0xa5,0x75,0xa5,0x55,0xa5,0x75,0xa5,0x55,0xa5,0x75,0xa5,0x55,0xa5,0x75,0xa5,0x75,0xa5,0xcf,0x7b,0x00,0x00,0x00,0x00,
    0x00,0x00,0x00,0x00,0x00,0x00,0x00,0x00,0x00,0x00,0x00,0x00,0x00,0x00,0x00,0x00,0x00,0x00,0x00,0x00,0x00,0x00,0x00,0x00,
    0x00,0x00,0x00,0x00,0x00,0x00,0x00,0x00,0x00,0x00,0x00,0x00,0x00,0x00,0x00,0x00,0x00,0x00,0x00,0x00,0x00,0x00,0x00,0x00,
    0x00,0x00,0xc3,0x18,0x96,0xad,0x38,0xc6,0x18,0xbe,0x18,0xc6,0x17,0xbe,0x18,0xc6,0x17,0xbe,0x18,0xbe,0x17,0xbe,0x18,0xc6,
    0x17,0xbe,0x18,0xbe,0x61,0x08,0x00,0x00,0x00,0x00,0x00,0x00,0x00,0x00,0x00,0x00,0x00,0x00,0x00,0x00,0x00,0x00,0x00,0x00,
    0x00,0x00,0x00,0x00,0x00,0x00,0x00,0x00,0x00,0x00,0x00,0x00,0x00,0x00,0x00,0x00,0x00,0x00,0x00,0x00,0x00,0x00,0x00,0x00,
    0x00,0x00,0x00,0x00,0x00,0x00,0x00,0x00,0x00,0x00,0x00,0x00,0x00,0x00,0x00,0x00,0x00,0x00,0x00,0x00,0x00,0x00,0x00,0x00,
    0x00,0x00,0x00,0x00,0x00,0x00,0x00,0x00,0x00,0x00,0x00,0x00,0x00,0x00,0x00,0x00,0x20,0x00,0x21,0x08,0x20,0x00,0x21,0x08,
    0x20,0x00,0x21,0x08,0x20,0x00,0x21,0x08,0x20,0x00,0x21,0x08,0x20,0x00,0x21,0x08,0x21,0x00,0x21,0x08,0x20,0x00,0x21,0x08,
    0x21,0x00,0x41,0x08,0x20,0x00,0x41,0x08,0x41,0x08,0x62,0x10,0x82,0x10,0xc3,0x18,0xc3,0x18,0x04,0x21,0x25,0x21,0x45,0x29,
    0x04,0x21,0xe4,0x18,0xa3,0x10,0xa3,0x18,0x62,0x08,0x61,0x08,0x20,0x00,0x41,0x08,0x21,0x08,0x41,0x08,0x21,0x08,0x41,0x08,
    0x41,0x08,0x41,0x08,0x41,0x08,0x41,0x08,0x41,0x08,0x41,0x08,0x41,0x08,0x41,0x08,0x41,0x08,0x41,0x08,0x41,0x08,0x41,0x08,
    0x41,0x08,0x41,0x08,0x41,0x08,0x41,0x08,0x41,0x08,0x41,0x08,0x41,0x08,0x41,0x08,0x41,0x08,0x41,0x08,0x41,0x08,0x42,0x08,
    0x41,0x08,0x00,0x00,0x41,0x08,0x14,0x9d,0x55,0xa5,0x75,0xad,0x55,0xa5,0x76,0xad,0x55,0xa5,0x75,0xad,0x55,0xa5,0x76,0xad,
    0x55,0xa5,0x75,0xad,0x55,0xa5,0x76,0xad,0x55,0xa5,0x75,0xad,0x51,0x84,0x00,0x00,0x00,0x00,0x00,0x00,0x00,0x00,0x00,0x00,
    0x00,0x00,0x00,0x00,0x00,0x00,0x00,0x00,0x00,0x00,0x00,0x00,0x00,0x00,0x00,0x00,0x00,0x00,0x00,0x00,0x00,0x00,0x00,0x00,
    0x00,0x00,0x00,0x00,0x00,0x00,0x00,0x00,0x00,0x00,0x00,0x00,0x00,0x00,0x00,0x00,0x00,0x00,0x00,0x00,0x61,0x08,0x34,0xa5,
    0x17,0xbe,0x18,0xbe,0x17,0xbe,0x18,0xbe,0x17,0xbe,0x18,0xbe,0x17,0xbe,0x18,0xbe,0x17,0xbe,0x18,0xbe,0xf7,0xbd,0x45,0x29,
    0x00,0x00,0x00,0x00,0x00,0x00,0x00,0x00,0x00,0x00,0x00,0x00,0x00,0x00,0x00,0x00,0x00,0x00,0x00,0x00,0x00,0x00,0x00,0x00,
    0x00,0x00,0x00,0x00,0x00,0x00,0x00,0x00,0x00,0x00,0x00,0x00,0x00,0x00,0x00,0x00,0x00,0x00,0x00,0x00,0x00,0x00,0x00,0x00,
    0x00,0x00,0x00,0x00,0x00,0x00,0x00,0x00,0x00,0x00,0x00,0x00,0x00,0x00,0x00,0x00,0x20,0x00,0x00,0x00,0x20,0x00,0x00,0x00,
    0x20,0x00,0x00,0x00,0x20,0x00,0x21,0x08,0x20,0x00,0x21,0x00,0x20,0x00,0x21,0x08,0x20,0x00,0x21,0x00,0x20,0x00,0x21,0x08,
    0x20,0x00,0x21,0x08,0x20,0x00,0x21,0x08,0x20,0x00,0x21,0x08,0x21,0x08,0x62,0x10,0x82,0x10,0xc3,0x18,0xc3,0x18,0x04,0x21,
    0x24,0x21,0x25,0x21,0x04,0x19,0xe4,0x18,0xa3,0x10,0xa2,0x10,0x61,0x08,0x41,0x08,0x20,0x00,0x41,0x08,0x21,0x00,0x41,0x08,
    0x20,0x00,0x41,0x08,0x21,0x00,0x41,0x08,0x20,0x00,0x41,0x08,0x21,0x00,0x41,0x08,0x21,0x00,0x41,0x08,0x21,0x08,0x41,0x08,
    0x41,0x00,0x41,0x08,0x41,0x08,0x41,0x08,0x41,0x00,0x41,0x08,0x41,0x08,0x41,0x08,0x41,0x08,0x41,0x08,0x41,0x08,0x41,0x08,
    0x41,0x08,0x41,0x08,0x41,0x08,0x41,0x08,0x41,0x08,0x41,0x08,0x41,0x08,0x41,0x08,0x41,0x08,0x21,0x08,0x00,0x00,0x4d,0x63,
    0x55,0xa5,0x75,0xa5,0x55,0xa5,0x75,0xad,0x55,0xa5,0x75,0xa5,0x55,0xa5,0x75,0xad,0x55,0xa5,0x75,0xa5,0x55,0xa5,0x75,0xad,
    0x55,0xa5,0x75,0xa5,0x55,0xa5,0x92,0x94,0x00,0x00,0x00,0x00,0x00,0x00,0x00,0x00,0x00,0x00,0x00,0x00,0x00,0x00,0x00,0x00,
    0x00,0x00,0x00,0x00,0x00,0x00,0x00,0x00,0x00,0x00,0x00,0x00,0x00,0x00,0x00,0x00,0x00,0x00,0x00,0x00,0x00,0x00,0x00,0x00,
    0x00,0x00,0x00,0x00,0x00,0x00,0x00,0x00,0x00,0x00,0x00,0x00,0x00,0x00,0x00,0x00,0xb2,0x94,0x18,0xc6,0x17,0xbe,0x18,0xc6,
    0x18,0xbe,0x18,0xbe,0x17,0xbe,0x18,0xbe,0x17,0xbe,0x18,0xbe,0x17,0xbe,0x18,0xbe,0x28,0x42,0x00,0x00,0x00,0x00,0x00,0x00,
    0x00,0x00,0x00,0x00,0x00,0x00,0x00,0x00,0x00,0x00,0x00,0x00,0x00,0x00,0x00,0x00,0x00,0x00,0x00,0x00,0x00,0x00,0x00,0x00,
    0x00,0x00,0x00,0x00,0x00,0x00,0x00,0x00,0x00,0x00,0x00,0x00,0x00,0x00,0x00,0x00,0x00,0x00,0x00,0x00,0x00,0x00,0x00,0x00,
    0x20,0x00,0x21,0x08,0x20,0x00,0x21,0x08,0x20,0x00,0x21,0x08,0x20,0x00,0x21,0x08,0x20,0x00,0x21,0x08,0x20,0x00,0x21,0x08,
    0x21,0x00,0x21,0x08,0x20,0x00,0x21,0x08,0x21,0x00,0x41,0x08,0x20,0x00,0x21,0x08,0x41,0x08,0x82,0x10,0x82,0x10,0xc4,0x18,
    0xe4,0x18,0x05,0x21,0x25,0x21,0x25,0x29,0x04,0x21,0xe4,0x18,0xc3,0x10,0xa3,0x10,0x62,0x08,0x41,0x08,0x21,0x08,0x41,0x08,
    0x21,0x08,0x41,0x08,0x21,0x08,0x41,0x08,0x41,0x08,0x41,0x08,0x41,0x08,0x41,0x08,0x41,0x08,0x41,0x08,0x41,0x08,0x41,0x08,
    0x41,0x08,0x41,0x08,0x41,0x08,0x41,0x08,0x41,0x08,0x41,0x08,0x41,0x08,0x41,0x08,0x41,0x08,0x41,0x08,0x41,0x08,0x41,0x08,
    0x41,0x08,0x41,0x08,0x41,0x08,0x42,0x08,0x41,0x08,0x41,0x08,0x41,0x08,0x42,0x08,0x41,0x08,0x61,0x08,0x41,0x08,0x62,0x08,
    0x41,0x08,0x62,0x08,0x41,0x08,0x62,0x08,0x41,0x08,0x41,0x08,0x00,0x00,0x45,0x29,0x55,0xa5,0x75,0xad,0x55,0xa5,0x76,0xad,
    0x55,0xa5,0x75,0xad,0x55,0xa5,0x76,0xad,0x55,0xa5,0x75,0xad,0x55,0xa5,0x76,0xad,0x55,0xa5,0x75,0xad,0x55,0xa5,0x76,0xad,
    0xb2,0x94,0x62,0x10,0x00,0x00,0x00,0x00,0x00,0x00,0x00,0x00,0x00,0x00,0x00,0x00,0x00,0x00,0x00,0x00,0x00,0x00,0x00,0x00,
    0x00,0x00,0x00,0x00,0x00,0x00,0x00,0x00,0x00,0x00,0x00,0x00,0x00,0x00,0x00,0x00,0x00,0x00,0x00,0x00,0x00,0x00,0x00,0x00,
    0x00,0x00,0x00,0x00,0x00,0x00,0x00,0x00,0x00,0x00,0xef,0x7b,0x18,0xbe,0x18,0xbe,0xf7,0xbd,0x17,0xbe,0xf7,0xbd,0x18,0xbe,
    0xf7,0xbd,0xf7,0xbd,0xf7,0xbd,0x17,0xbe,0xf7,0xbd,0x0c,0x5b,0x00,0x00,0x00,0x00,0x00,0x00,0x00,0x00,0x00,0x00,0x00,0x00,
    0x00,0x00,0x00,0x00,0x00,0x00,0x00,0x00,0x00,0x00,0x00,0x00,0x00,0x00,0x00,0x00,0x00,0x00,0x00,0x00,0x00,0x00,0x00,0x00,
    0x20,0x00,0x00,0x00,0x20,0x00,0x00,0x00,0x20,0x00,0x00,0x00,0x20,0x00,0x21,0x08,0x20,0x00,0x21,0x00,0x20,0x00,0x21,0x08,
    0x20,0x00,0x21,0x00,0x20,0x00,0x21,0x08,0x20,0x00,0x21,0x08,0x20,0x00,0x21,0x08,0x20,0x00,0x21,0x00,0x41,0x08,0x62,0x10,
    0x82,0x10,0xc3,0x18,0xe3,0x18,0x04,0x21,0x25,0x21,0x25,0x21,0xe4,0x18,0xe4,0x18,0xa2,0x10,0x82,0x10,0x61,0x08,0x41,0x08,
    0x20,0x00,0x41,0x08,0x21,0x00,0x41,0x08,0x20,0x00,0x41,0x08,0x21,0x00,0x41,0x08,0x20,0x00,0x41,0x08,0x21,0x08,0x41,0x08,
    0x21,0x00,0x41,0x08,0x21,0x08,0x41,0x08,0x41,0x00,0x41,0x08,0x41,0x08,0x41,0x08,0x41,0x00,0x41,0x08,0x41,0x08,0x41,0x08,
    0x41,0x08,0x41,0x08,0x41,0x08,0x41,0x08,0x41,0x08,0x41,0x08,0x41,0x08,0x41,0x08,0x41,0x08,0x41,0x08,0x41,0x08,0x41,0x08,
    0x41,0x08,0x41,0x08,0x41,0x08,0x41,0x08,0x41,0x08,0x41,0x08,0x41,0x08,0x41,0x08,0x41,0x08,0x41,0x08,0x41,0x08,0x41,0x08,
    0x41,0x08,0x41,0x08,0x00,0x00,0x00,0x00,0x71,0x84,0x75,0xa5,0x55,0xa5,0x75,0xa5,0x55,0xa5,0x75,0xa5,0x55,0xa5,0x75,0xa5,
    0x55,0xa5,0x75,0xa5,0x55,0xa5,0x75,0xa5,0x55,0xa5,0x75,0xa5,0x55,0xa5,0x75,0xa5,0x55,0xa5,0xd3,0x9c,0x82,0x10,0x00,0x00,
    0x00,0x00,0x00,0x00,0x00,0x00,0x00,0x00,0x00,0x00,0x00,0x00,0x00,0x00,0x00,0x00,0x00,0x00,0x00,0x00,0x00,0x00,0x00,0x00,
    0x00,0x00,0x00,0x00,0x00,0x00,0x00,0x00,0x00,0x00,0x00,0x00,0x00,0x00,0x00,0x00,0x00,0x00,0x00,0x00,0x00,0x00,0x00,0x00,
    0x00,0x00,0x00,0x00,0xeb,0x5a,0x59,0xc6,0x17,0xbe,0x18,0xbe,0xf7,0xbd,0x18,0xbe,0xf7,0xbd,0x18,0xbe,0xf7,0xbd,0x18,0xbe,
    0xf7,0xbd,0xf8,0xbd,0x10,0x7c,0x00,0x00,0x00,0x00,0x00,0x00,0x00,0x00,0x00,0x00,0x00,0x00,0x00,0x00,0x00,0x00,0x00,0x00,
    0x00,0x00,0x00,0x00,0x00,0x00,0x00,0x00,0x20,0x00,0x21,0x08,0x20,0x00,0x21,0x08,0x20,0x00,0x21,0x08,0x20,0x00,0x21,0x08,
    0x20,0x00,0x21,0x08,0x20,0x00,0x21,0x08,0x21,0x00,0x21,0x08,0x20,0x00,0x21,0x08,0x21,0x00,0x41,0x08,0x20,0x00,0x21,0x08,
    0x41,0x08,0x82,0x10,0x82,0x10,0xc4,0x18,0xe4,0x18,0x25,0x21,0x25,0x21,0x25,0x21,0xe4,0x18,0xc4,0x18,0xa3,0x10,0xa3,0x10,
    0x61,0x08,0x41,0x08,0x21,0x08,0x41,0x08,0x21,0x08,0x41,0x08,0x21,0x08,0x41,0x08,0x41,0x08,0x41,0x08,0x41,0x08,0x41,0x08,
    0x41,0x08,0x41,0x08,0x41,0x08,0x41,0x08,0x41,0x08,0x41,0x08,0x41,0x08,0x41,0x08,0x41,0x08,0x41,0x08,0x41,0x08,0x41,0x08,
    0x41,0x08,0x41,0x08,0x41,0x08,0x41,0x08,0x41,0x08,0x41,0x08,0x41,0x08,0x42,0x08,0x41,0x08,0x41,0x08,0x41,0x08,0x42,0x08,
    0x41,0x08,0x61,0x08,0x41,0x08,0x62,0x08,0x41,0x08,0x61,0x08,0x41,0x08,0x62,0x08,0x41,0x08,0x61,0x08,0x41,0x08,0x62,0x10,
    0x41,0x08,0x61,0x08,0x41,0x08,0x62,0x10,0x41,0x08,0x62,0x08,0x41,0x08,0x62,0x10,0x41,0x08,0x61,0x08,0x00,0x00,0x00,0x00,
    0xae,0x73,0x75,0xad,0x55,0xa5,0x76,0xad,0x55,0xa5,0x75,0xad,0x55,0xa5,0x76,0xad,0x55,0xa5,0x75,0xad,0x55,0xa5,0x76,0xad,
    0x55,0xa5,0x75,0xad,0x55,0xa5,0x76,0xad,0x55,0xa5,0x75,0xad,0x14,0x9d,0x82,0x10,0x00,0x00,0x00,0x00,0x00,0x00,0x00,0x00,
    0x00,0x00,0x00,0x00,0x00,0x00,0x00,0x00,0x00,0x00,0x00,0x00,0x00,0x00,0x00,0x00,0x00,0x00,0x00,0x00,0x00,0x00,0x00,0x00,
    0x00,0x00,0x00,0x00,0x00,0x00,0x00,0x00,0x00,0x00,0x00,0x00,0x00,0x00,0x00,0x00,0x00,0x00,0x00,0x00,0x00,0x00,0x08,0x42,
    0x38,0xc6,0x17,0xbe,0xf7,0xbd,0x18,0xbe,0xf7,0xbd,0xf7,0xbd,0xf7,0xbd,0xf8,0xbd,0xf7,0xb5,0xf7,0xbd,0xf7,0xb5,0x76,0xad,
    0x00,0x00,0x00,0x00,0x00,0x00,0x00,0x00,0x20,0x00,0x00,0x00,0x20,0x00,0x00,0x00,0x20,0x00,0x00,0x00,0x20,0x00,0x21,0x08,
    0x20,0x00,0x21,0x00,0x20,0x00,0x21,0x08,0x20,0x00,0x21,0x00,0x20,0x00,0x21,0x08,0x20,0x00,0x21,0x08,0x20,0x00,0x21,0x08,
    0x20,0x00,0x21,0x08,0x41,0x08,0x82,0x10,0xa2,0x10,0xc3,0x18,0xe4,0x18,0x25,0x21,0x25,0x21,0x05,0x21,0xe4,0x18,0xc4,0x18,
    0xa2,0x10,0x82,0x10,0x41,0x08,0x41,0x08,0x20,0x00,0x41,0x08,0x21,0x00,0x41,0x08,0x20,0x00,0x41,0x08,0x21,0x00,0x41,0x08,
    0x21,0x00,0x41,0x08,0x21,0x08,0x41,0x08,0x21,0x00,0x41,0x08,0x21,0x08,0x41,0x08,0x41,0x00,0x41,0x08,0x41,0x08,0x41,0x08,
    0x41,0x00,0x41,0x08,0x41,0x08,0x41,0x08,0x41,0x08,0x41,0x08,0x41,0x08,0x41,0x08,0x41,0x08,0x41,0x08,0x41,0x08,0x41,0x08,
    0x41,0x08,0x41,0x08,0x41,0x08,0x41,0x08,0x41,0x08,0x41,0x08,0x41,0x08,0x41,0x08,0x41,0x08,0x41,0x08,0x41,0x08,0x41,0x08,
    0x41,0x08,0x41,0x08,0x41,0x08,0x41,0x08,0x41,0x08,0x41,0x08,0x41,0x08,0x61,0x08,0x41,0x08,0x61,0x08,0x41,0x08,0x62,0x08,
    0x41,0x08,0x61,0x08,0x41,0x08,0x62,0x08,0x41,0x08,0x41,0x08,0x00,0x00,0x00,0x00,0x2c,0x63,0x75,0xa5,0x55,0xa5,0x75,0xad,
    0x55,0xa5,0x75,0xa5,0x55,0xa5,0x75,0xad,0x55,0xa5,0x75,0xa5,0x55,0xa5,0x75,0xad,0x55,0xa5,0x75,0xa5,0x55,0xa5,0x75,0xad,
    0x55,0xa5,0x75,0xa5,0x55,0xa5,0x34,0xa5,0x41,0x08,0x00,0x00,0x00,0x00,0x00,0x00,0x00,0x00,0x00,0x00,0x00,0x00,0x00,0x00,
    0x00,0x00,0x00,0x00,0x00,0x00,0x00,0x00,0x00,0x00,0x00,0x00,0x00,0x00,0x00,0x00,0x00,0x00,0x00,0x00,0x00,0x00,0x00,0x00,
    0x00,0x00,0x00,0x00,0x00,0x00,0x00,0x00,0x00,0x00,0x00,0x00,0x00,0x00,0x00,0x00,0x25,0x29,0x38,0xc6,0xf7,0xbd,0x18,0xbe,
    0xf7,0xbd,0x18,0xbe,0xf7,0xbd,0x18,0xbe,0xf7,0xbd,0x18,0xbe,0xf7,0xbd,0xf8,0xbd,0xf7,0xbd,0xe4,0x20,0x00,0x00,0x21,0x08,
    0x20,0x00,0x21,0x08,0x20,0x00,0x21,0x08,0x20,0x00,0x21,0x08,0x20,0x00,0x21,0x08,0x21,0x00,0x21,0x08,0x20,0x00,0x21,0x08,
    0x21,0x00,0x41,0x08,0x20,0x00,0x41,0x08,0x61,0x08,0x82,0x10,0xa3,0x10,0xe4,0x18,0x04,0x19,0x25,0x21,0x25,0x21,0x25,0x21,
    0xe4,0x18,0xc4,0x18,0xa2,0x10,0x82,0x10,0x61,0x08,0x41,0x08,0x21,0x08,0x41,0x08,0x21,0x08,0x41,0x08,0x21,0x08,0x41,0x08,
    0x41,0x08,0x41,0x08,0x41,0x08,0x41,0x08,0x41,0x08,0x41,0x08,0x41,0x08,0x41,0x08,0x41,0x08,0x41,0x08,0x41,0x08,0x41,0x08,
    0x41,0x08,0x41,0x08,0x41,0x08,0x41,0x08,0x41,0x08,0x41,0x08,0x41,0x08,0x41,0x08,0x41,0x08,0x41,0x08,0x41,0x08,0x42,0x08,
    0x41,0x08,0x41,0x08,0x41,0x08,0x42,0x08,0x41,0x08,0x61,0x08,0x41,0x08,0x62,0x08,0x41,0x08,0x62,0x08,0x41,0x08,0x62,0x08,
    0x41,0x08,0x62,0x08,0x41,0x08,0x62,0x08,0x41,0x08,0x62,0x08,0x41,0x08,0x62,0x10,0x41,0x08,0x62,0x08,0x41,0x08,0x62,0x10,
    0x41,0x08,0x62,0x08,0x41,0x08,0x62,0x10,0x61,0x08,0x62,0x10,0x61,0x08,0x62,0x10,0x61,0x08,0x62,0x10,0x61,0x08,0x62,0x10,
    0x61,0x08,0x62,0x08,0x20,0x00,0x00,0x00,0x8a,0x52,0x75,0xad,0x55,0xa5,0x76,0xad,0x55,0xa5,0x75,0xad,0x55,0xa5,0x76,0xad,
    0x55,0xa5,0x75,0xad,0x55,0xa5,0x76,0xad,0x55,0xa5,0x75,0xad,0x55,0xa5,0x76,0xad,0x55,0xa5,0x75,0xad,0x55,0xa5,0x76,0xad,
    0xf3,0x9c,0x00,0x00,0x00,0x00,0x00,0x00,0x00,0x00,0x00,0x00,0x00,0x00,0x00,0x00,0x00,0x00,0x00,0x00,0x00,0x00,0x00,0x00,
    0x00,0x00,0x00,0x00,0x00,0x00,0x00,0x00,0x00,0x00,0x00,0x00,0x00,0x00,0x00,0x00,0x00,0x00,0x00,0x00,0x00,0x00,0x00,0x00,
    0x00,0x00,0x00,0x00,0x00,0x00,0x00,0x00,0x00,0x00,0xc3,0x18,0x95,0xad,0xf7,0xbd,0xf7,0xb5,0xf7,0xbd,0xf7,0xbd,0xf7,0xbd,
    0xf7,0xb5,0xf7,0xbd,0xf7,0xb5,0xf7,0xbd,0xd7,0xb5,0xf7,0xbd,0x49,0x42,0x00,0x00,0x20,0x00,0x21,0x00,0x20,0x00,0x21,0x08,
    0x20,0x00,0x21,0x08,0x20,0x00,0x21,0x08,0x20,0x00,0x21,0x08,0x41,0x08,0x82,0x10,0xa2,0x10,0xc3,0x18,0xe4,0x18,0x25,0x21,
    0x25,0x21,0x04,0x21,0xe3,0x18,0xc3,0x18,0x82,0x10,0x62,0x10,0x41,0x08,0x21,0x08,0x20,0x00,0x41,0x08,0x21,0x00,0x41,0x08,
    0x20,0x00,0x41,0x08,0x21,0x00,0x41,0x08,0x21,0x00,0x41,0x08,0x21,0x08,0x41,0x08,0x21,0x00,0x41,0x08,0x21,0x08,0x41,0x08,
    0x41,0x00,0x41,0x08,0x41,0x08,0x41,0x08,0x41,0x00,0x41,0x08,0x41,0x08,0x41,0x08,0x41,0x08,0x41,0x08,0x41,0x08,0x41,0x08,
    0x41,0x08,0x41,0x08,0x41,0x08,0x41,0x08,0x41,0x08,0x41,0x08,0x41,0x08,0x41,0x08,0x41,0x08,0x41,0x08,0x41,0x08,0x41,0x08,
    0x41,0x08,0x41,0x08,0x41,0x08,0x41,0x08,0x41,0x08,0x41,0x08,0x41,0x08,0x41,0x08,0x41,0x08,0x41,0x08,0x41,0x08,0x61,0x08,
    0x41,0x08,0x61,0x08,0x41,0x08,0x61,0x08,0x41,0x08,0x61,0x08,0x41,0x08,0x61,0x08,0x41,0x08,0x61,0x08,0x41,0x08,0x61,0x08,
    0x41,0x08,0x61,0x08,0x41,0x08,0x62,0x08,0x41,0x08,0x61,0x08,0x61,0x08,0x62,0x08,0x41,0x08,0x41,0x08,0x00,0x00,0x41,0x08,
    0x2c,0x63,0x75,0xa5,0x55,0xa5,0x75,0xa5,0x55,0xa5,0x75,0xa5,0x55,0xa5,0x75,0xa5,0x55,0xa5,0x75,0xa5,0x55,0xa5,0x75,0xa5,
    0x55,0xa5,0x75,0xa5,0x55,0xa5,0x75,0xa5,0x55,0xa5,0x75,0xa5,0x55,0xa5,0x75,0xa5,0x55,0xa5,0x72,0x8c,0x00,0x00,0x00,0x00,
    0x00,0x00,0x00,0x00,0x00,0x00,0x00,0x00,0x00,0x00,0x00,0x00,0x00,0x00,0x00,0x00,0x00,0x00,0x00,0x00,0x00,0x00,0x00,0x00,
    0x00,0x00,0x00,0x00,0x00,0x00,0x00,0x00,0x00,0x00,0x00,0x00,0x00,0x00,0x00,0x00,0x00,0x00,0x00,0x00,0x00,0x00,0x00,0x00,
    0x00,0x00,0x00,0x00,0x61,0x08,0x34,0xa5,0xf7,0xbd,0xf8,0xbd,0xf7,0xbd,0x18,0xbe,0xf7,0xbd,0xf8,0xbd,0xf7,0xb5,0xf8,0xbd,
    0xf7,0xbd,0xf7,0xbd,0xd7,0xb5,0x71,0x8c,0x00,0x00,0x00,0x00,0x20,0x00,0x41,0x08,0x21,0x08,0x41,0x08,0x21,0x00,0x41,0x08,
    0x21,0x08,0x41,0x08,0x04,0x21,0x05,0x21,0xe4,0x18,0xc3,0x18,0x82,0x10,0x82,0x10,0x41,0x08,0x41,0x08,0x21,0x08,0x41,0x08,
    0x21,0x08,0x41,0x08,0x21,0x08,0x41,0x08,0x41,0x08,0x41,0x08,0x41,0x08,0x41,0x08,0x41,0x08,0x41,0x08,0x41,0x08,0x41,0x08,
    0x41,0x08,0x41,0x08,0x41,0x08,0x41,0x08,0x41,0x08,0x41,0x08,0x41,0x08,0x41,0x08,0x41,0x08,0x41,0x08,0x41,0x08,0x41,0x08,
    0x41,0x08,0x41,0x08,0x41,0x08,0x42,0x08,0x41,0x08,0x41,0x08,0x41,0x08,0x42,0x08,0x41,0x08,0x61,0x08,0x41,0x08,0x62,0x08,
    0x41,0x08,0x61,0x08,0x41,0x08,0x62,0x08,0x41,0x08,0x61,0x08,0x41,0x08,0x62,0x10,0x41,0x08,0x61,0x08,0x41,0x08,0x62,0x10,
    0x41,0x08,0x62,0x08,0x41,0x08,0x62,0x10,0x41,0x08,0x62,0x08,0x41,0x08,0x62,0x10,0x61,0x08,0x62,0x08,0x41,0x08,0x62,0x10,
    0x61,0x08,0x62,0x08,0x41,0x08,0x62,0x10,0x61,0x08,0x62,0x08,0x41,0x08,0x62,0x10,0x61,0x08,0x62,0x08,0x61,0x08,0x62,0x10,
    0x61,0x08,0x62,0x10,0x61,0x08,0x62,0x10,0x41,0x08,0x00,0x00,0x00,0x00,0x04,0x21,0x92,0x8c,0x75,0xad,0x55,0xa5,0x76,0xad,
    0x55,0xa5,0x75,0xad,0x55,0xa5,0x76,0xad,0x55,0xa5,0x75,0xad,0x55,0xa5,0x76,0xad,0x55,0xa5,0x75,0xad,0x55,0xa5,0x76,0xad,
    0x55,0xa5,0x75,0xad,0x55,0xa5,0x76,0xad,0x55,0xa5,0x96,0xad,0xef,0x7b,0x00,0x00,0x00,0x00,0x00,0x00,0x00,0x00,0x00,0x00,
    0x00,0x00,0x00,0x00,0x00,0x00,0x00,0x00,0x00,0x00,0x00,0x00,0x00,0x00,0x00,0x00,0x00,0x00,0x00,0x00,0x00,0x00,0x00,0x00,
    0x00,0x00,0x00,0x00,0x00,0x00,0x00,0x00,0x00,0x00,0x00,0x00,0x00,0x00,0x00,0x00,0x00,0x00,0x00,0x00,0x00,0x00,0x00,0x00,
    0xb2,0x94,0xf7,0xbd,0xf7,0xb5,0xf7,0xbd,0xf7,0xb5,0xf7,0xbd,0xf7,0xb5,0xf7,0xbd,0xf7,0xb5,0xf7,0xbd,0xd7,0xb5,0xf7,0xbd,
    0xd7,0xb5,0x04,0x21,0x00,0x00,0x21,0x08,0x20,0x00,0x21,0x08,0x20,0x00,0x21,0x08,0x20,0x00,0x21,0x08,0x21,0x00,0x41,0x08,
    0x20,0x00,0x41,0x08,0x21,0x00,0x41,0x08,0x20,0x00,0x41,0x08,0x21,0x00,0x41,0x08,0x21,0x00,0x41,0x08,0x21,0x08,0x41,0x08,
    0x21,0x00,0x41,0x08,0x21,0x08,0x41,0x08,0x41,0x00,0x41,0x08,0x41,0x08,0x41,0x08,0x41,0x00,0x41,0x08,0x41,0x08,0x41,0x08,
    0x41,0x08,0x41,0x08,0x41,0x08,0x41,0x08,0x41,0x08,0x41,0x08,0x41,0x08,0x41,0x08,0x41,0x08,0x41,0x08,0x41,0x08,0x41,0x08,
    0x41,0x08,0x41,0x08,0x41,0x08,0x41,0x08,0x41,0x08,0x41,0x08,0x41,0x08,0x41,0x08,0x41,0x08,0x41,0x08,0x41,0x08,0x41,0x08,
    0x41,0x08,0x41,0x08,0x41,0x08,0x61,0x08,0x41,0x08,0x61,0x08,0x41,0x08,0x62,0x08,0x41,0x08,0x61,0x08,0x41,0x08,0x62,0x08,
    0x41,0x08,0x61,0x08,0x41,0x08,0x62,0x08,0x41,0x08,0x61,0x08,0x41,0x08,0x62,0x08,0x61,0x08,0x62,0x08,0x61,0x08,0x62,0x08,
    0x61,0x08,0x62,0x08,0x61,0x08,0x62,0x10,0x61,0x08,0x62,0x08,0x61,0x08,0x62,0x10,0x61,0x08,0x61,0x08,0x21,0x08,0x21,0x08,
    0x00,0x00,0x00,0x00,0xe3,0x18,0x8e,0x73,0x55,0xa5,0x75,0xa5,0x55,0xa5,0x75,0xad,0x55,0xa5,0x75,0xa5,0x55,0xa5,0x75,0xad,
    0x55,0xa5,0x75,0xa5,0x55,0xa5,0x75,0xad,0x55,0xa5,0x75,0xa5,0x55,0xa5,0x75,0xad,0x55,0xa5,0x75,0xa5,0x55,0xa5,0x75,0xad,
    0x55,0xa5,0x75,0xa5,0x96,0xad,0xcb,0x5a,0x00,0x00,0x00,0x00,0x00,0x00,0x00,0x00,0x00,0x00,0x00,0x00,0x00,0x00,0x00,0x00,
    0x00,0x00,0x00,0x00,0x00,0x00,0x00,0x00,0x00,0x00,0x00,0x00,0x00,0x00,0x00,0x00,0x00,0x00,0x00,0x00,0x00,0x00,0x00,0x00,
    0x00,0x00,0x00,0x00,0x00,0x00,0x00,0x00,0x00,0x00,0x00,0x00,0x00,0x00,0x00,0x00,0x00,0x00,0x10,0x84,0x17,0xbe,0xf8,0xbd,
    0xf7,0xbd,0xf7,0xbd,0xf7,0xb5,0xf8,0xbd,0xf7,0xb5,0xf7,0xbd,0xf7,0xb5,0xf7,0xbd,0xf7,0xb5,0xf7,0xbd,0xaf,0x73,0x00,0x00,
    0x20,0x00,0x41,0x08,0x21,0x08,0x41,0x08,0x21,0x08,0x41,0x08,0x21,0x08,0x41,0x08,0x41,0x08,0x41,0x08,0x41,0x08,0x41,0x08,
    0x41,0x08,0x41,0x08,0x41,0x08,0x41,0x08,0x41,0x08,0x41,0x08,0x41,0x08,0x41,0x08,0x41,0x08,0x41,0x08,0x41,0x08,0x41,0x08,
    0x41,0x08,0x41,0x08,0x41,0x08,0x41,0x08,0x41,0x08,0x41,0x08,0x41,0x08,0x42,0x08,0x41,0x08,0x41,0x08,0x41,0x08,0x42,0x08,
    0x41,0x08,0x61,0x08,0x41,0x08,0x62,0x08,0x41,0x08,0x62,0x08,0x41,0x08,0x62,0x08,0x41,0x08,0x62,0x08,0x41,0x08,0x62,0x10,
    0x41,0x08,0x62,0x08,0x41,0x08,0x62,0x10,0x41,0x08,0x62,0x08,0x41,0x08,0x62,0x10,0x41,0x08,0x62,0x08,0x41,0x08,0x62,0x10,
    0x61,0x08,0x62,0x10,0x61,0x08,0x62,0x10,0x61,0x08,0x62,0x10,0x61,0x08,0x62,0x10,0x61,0x08,0x62,0x10,0x61,0x08,0x62,0x10,
    0x61,0x08,0x62,0x10,0x61,0x08,0x62,0x10,0x62,0x08,0x62,0x10,0x61,0x08,0x62,0x10,0x62,0x08,0x62,0x10,0x61,0x08,0x62,0x10,
    0x61,0x08,0x61,0x08,0x41,0x08,0x41,0x08,0x20,0x00,0x00,0x00,0x00,0x00,0x00,0x00,0x20,0x00,0xa7,0x31,0x10,0x7c,0x76,0xad,
    0x55,0xa5,0x75,0xad,0x55,0xa5,0x76,0xad,0x55,0xa5,0x75,0xad,0x55,0xa5,0x76,0xad,0x55,0xa5,0x75,0xad,0x55,0xa5,0x76,0xad,
    0x55,0xa5,0x75,0xad,0x55,0xa5,0x76,0xad,0x55,0xa5,0x75,0xad,0x55,0xa5,0x76,0xad,0x55,0xa5,0x75,0xad,0x55,0xa5,0xb7,0xb5,
    0x24,0x21,0x00,0x00,0x00,0x00,0x00,0x00,0x00,0x00,0x00,0x00,0x00,0x00,0x00,0x00,0x00,0x00,0x00,0x00,0x00,0x00,0x00,0x00,
    0x00,0x00,0x00,0x00,0x00,0x00,0x00,0x00,0x00,0x00,0x00,0x00,0x00,0x00,0x00,0x00,0x00,0x00,0x00,0x00,0x00,0x00,0x00,0x00,
    0x00,0x00,0x00,0x00,0x00,0x00,0x00,0x00,0x00,0x00,0x00,0x00,0x0c,0x5b,0x38,0xbe,0xd7,0xb5,0xf7,0xbd,0xf7,0xb5,0xf7,0xbd,
    0xd7,0xb5,0xd7,0xb5,0xd7,0xb5,0xf7,0xbd,0xd7,0xb5,0xd7,0xb5,0xd7,0xb5,0xd7,0xb5,0x82,0x10,0x00,0x00,0x20,0x00,0x41,0x08,
    0x21,0x00,0x41,0x08,0x21,0x08,0x41,0x08,0x21,0x00,0x41,0x08,0x21,0x08,0x41,0x08,0x41,0x00,0x41,0x08,0x41,0x08,0x41,0x08,
    0x41,0x00,0x41,0x08,0x41,0x08,0x41,0x08,0x41,0x08,0x41,0x08,0x41,0x08,0x41,0x08,0x41,0x08,0x41,0x08,0x41,0x08,0x41,0x08,
    0x41,0x08,0x41,0x08,0x41,0x08,0x41,0x08,0x41,0x08,0x41,0x08,0x41,0x08,0x41,0x08,0x41,0x08,0x41,0x08,0x41,0x08,0x41,0x08,
    0x41,0x08,0x41,0x08,0x41,0x08,0x41,0x08,0x41,0x08,0x41,0x08,0x41,0x08,0x61,0x08,0x41,0x08,0x61,0x08,0x41,0x08,0x61,0x08,
    0x41,0x08,0x61,0x08,0x41,0x08,0x61,0x08,0x41,0x08,0x61,0x08,0x41,0x08,0x61,0x08,0x41,0x08,0x61,0x08,0x41,0x08,0x62,0x08,
    0x41,0x08,0x61,0x08,0x61,0x08,0x62,0x08,0x41,0x08,0x61,0x08,0x61,0x08,0x62,0x08,0x41,0x08,0x61,0x08,0x61,0x08,0x62,0x08,
    0x61,0x08,0x62,0x08,0x41,0x08,0x41,0x08,0x21,0x00,0x21,0x08,0x20,0x00,0x21,0x08,0x00,0x00,0x00,0x00,0x00,0x00,0x00,0x00,
    0x00,0x00,0xa2,0x10,0x86,0x31,0xeb,0x5a,0x10,0x7c,0x75,0xa5,0x55,0xa5,0x75,0xa5,0x55,0xa5,0x75,0xa5,0x55,0xa5,0x75,0xa5,
    0x55,0xa5,0x75,0xa5,0x55,0xa5,0x75,0xa5,0x55,0xa5,0x75,0xa5,0x55,0xa5,0x75,0xa5,0x55,0xa5,0x75,0xa5,0x55,0xa5,0x75,0xa5,
    0x55,0xa5,0x75,0xa5,0x55,0xa5,0x75,0xa5,0x55,0xa5,0x75,0xa5,0x55,0xa5,0x75,0xa5,0xd3,0x94,0x41,0x08,0x00,0x00,0x00,0x00,
    0x00,0x00,0x00,0x00,0x00,0x00,0x00,0x00,0x00,0x00,0x00,0x00,0x00,0x00,0x00,0x00,0x00,0x00,0x00,0x00,0x00,0x00,0x00,0x00,
    0x00,0x00,0x00,0x00,0x00,0x00,0x00,0x00,0x00,0x00,0x00,0x00,0x00,0x00,0x00,0x00,0x00,0x00,0x00,0x00,0x00,0x00,0x00,0x00,
    0x00,0x00,0x00,0x00,0x00,0x00,0x28,0x42,0x38,0xc6,0xf7,0xbd,0xd7,0xb5,0xf7,0xbd,0xf7,0xb5,0xf7,0xbd,0xd7,0xb5,0xf7,0xbd,
    0xd7,0xb5,0xd7,0xbd,0xd7,0xb5,0xf7,0xbd,0xd7,0xb5,0x51,0x84,0x00,0x00,0x00,0x00,0x41,0x08,0x41,0x08,0x41,0x08,0x41,0x08,
    0x41,0x08,0x41,0x08,0x41,0x08,0x41,0x08,0x41,0x08,0x41,0x08,0x41,0x08,0x41,0x08,0x41,0x08,0x41,0x08,0x41,0x08,0x42,0x08,
    0x41,0x08,0x41,0x08,0x41,0x08,0x42,0x08,0x41,0x08,0x61,0x08,0x41,0x08,0x62,0x08,0x41,0x08,0x61,0x08,0x41,0x08,0x62,0x08,
    0x41,0x08,0x61,0x08,0x41,0x08,0x62,0x10,0x41,0x08,0x61,0x08,0x41,0x08,0x62,0x10,0x41,0x08,0x62,0x08,0x41,0x08,0x62,0x10,
    0x41,0x08,0x62,0x08,0x41,0x08,0x62,0x10,0x61,0x08,0x62,0x08,0x41,0x08,0x62,0x10,0x61,0x08,0x62,0x08,0x41,0x08,0x62,0x10,
    0x61,0x08,0x62,0x08,0x41,0x08,0x62,0x10,0x61,0x08,0x62,0x10,0x61,0x08,0x62,0x10,0x61,0x08,0x62,0x10,0x61,0x08,0x62,0x10,
    0x61,0x08,0x62,0x10,0x61,0x08,0x62,0x10,0x41,0x08,0x41,0x08,0x41,0x08,0x41,0x08,0x20,0x00,0x21,0x08,0x00,0x00,0x00,0x00,
    0x00,0x00,0x00,0x00,0x00,0x00,0xc3,0x18,0x86,0x31,0x69,0x4a,0x0c,0x5b,0xef,0x7b,0x92,0x8c,0x55,0xa5,0x55,0xa5,0x76,0xad,
    0x55,0xa5,0x75,0xad,0x55,0xa5,0x76,0xad,0x55,0xa5,0x75,0xad,0x55,0xa5,0x76,0xad,0x55,0xa5,0x75,0xad,0x55,0xa5,0x76,0xad,
    0x55,0xa5,0x75,0xad,0x55,0xa5,0x76,0xad,0x55,0xa5,0x75,0xad,0x55,0xa5,0x76,0xad,0x55,0xa5,0x75,0xad,0x55,0xa5,0x76,0xad,
    0x55,0xa5,0x75,0xad,0x55,0xa5,0x76,0xad,0x96,0xad,0xaf,0x73,0x00,0x00,0x00,0x00,0x00,0x00,0x00,0x00,0x00,0x00,0x00,0x00,
    0x00,0x00,0x00,0x00,0x00,0x00,0x00,0x00,0x00,0x00,0x00,0x00,0x00,0x00,0x00,0x00,0x00,0x00,0x00,0x00,0x00,0x00,0x00,0x00,
    0x00,0x00,0x00,0x00,0x00,0x00,0x00,0x00,0x00,0x00,0x00,0x00,0x00,0x00,0x00,0x00,0x00,0x00,0x00,0x00,0x00,0x00,0x00,0x00,
    0x24,0x21,0x38,0xc6,0xd7,0xb5,0xf7,0xbd,0xd7,0xb5,0xf7,0xb5,0xd7,0xb5,0xd7,0xb5,0xd7,0xb5,0xd7,0xb5,0xd7,0xb5,0xd7,0xb5,
    0xd6,0xb5,0xd7,0xb5,0xd6,0xb5,0xcb,0x5a,0x00,0x00,0x21,0x08,0x41,0x08,0x41,0x08,0x41,0x08,0x41,0x08,0x41,0x08,0x41,0x08,
    0x41,0x08,0x41,0x08,0x41,0x08,0x41,0x08,0x41,0x08,0x41,0x08,0x41,0x08,0x41,0x08,0x41,0x08,0x41,0x08,0x41,0x08,0x41,0x08,
    0x41,0x08,0x41,0x08,0x41,0x08,0x41,0x08,0x41,0x08,0x41,0x08,0x41,0x08,0x41,0x08,0x41,0x08,0x41,0x08,0x41,0x08,0x61,0x08,
    0x41,0x08,0x61,0x08,0x41,0x08,0x62,0x08,0x41,0x08,0x61,0x08,0x41,0x08,0x62,0x08,0x41,0x08,0x61,0x08,0x41,0x08,0x62,0x08,
    0x41,0x08,0x61,0x08,0x41,0x08,0x62,0x08,0x61,0x08,0x62,0x08,0x61,0x08,0x62,0x08,0x61,0x08,0x62,0x08,0x61,0x08,0x62,0x10,
    0x61,0x08,0x62,0x08,0x61,0x08,0x62,0x10,0x61,0x08,0x62,0x08,0x41,0x08,0x41,0x08,0x21,0x00,0x21,0x08,0x00,0x00,0x21,0x08,
    0x00,0x00,0x00,0x00,0x00,0x00,0x00,0x00,0x20,0x00,0xe3,0x18,0xa6,0x31,0x6a,0x4a,0x2c,0x63,0xf0,0x7b,0xb2,0x8c,0x55,0xa5,
    0x55,0xa5,0x75,0xa5,0x55,0xa5,0x75,0xad,0x55,0xa5,0x75,0xa5,0x55,0xa5,0x75,0xad,0x55,0xa5,0x75,0xa5,0x55,0xa5,0x75,0xad,
    0x55,0xa5,0x75,0xa5,0x55,0xa5,0x75,0xad,0x55,0xa5,0x75,0xa5,0x55,0xa5,0x75,0xad,0x55,0xa5,0x75,0xa5,0x55,0xa5,0x75,0xad,
    0x55,0xa5,0x75,0xa5,0x55,0xa5,0x75,0xad,0x55,0xa5,0x75,0xa5,0x55,0xa5,0x75,0xad,0x55,0xa5,0x75,0xa5,0x55,0xa5,0x75,0xad,
    0x55,0xa5,0x96,0xad,0x45,0x29,0x00,0x00,0x00,0x00,0x00,0x00,0x00,0x00,0x00,0x00,0x00,0x00,0x00,0x00,0x00,0x00,0x00,0x00,
    0x00,0x00,0x00,0x00,0x00,0x00,0x00,0x00,0x00,0x00,0x00,0x00,0x00,0x00,0x00,0x00,0x00,0x00,0x00,0x00,0x00,0x00,0x00,0x00,
    0x00,0x00,0x00,0x00,0x00,0x00,0x00,0x00,0x00,0x00,0x00,0x00,0x00,0x00,0x00,0x00,0x00,0x00,0xe4,0x20,0x96,0xad,0xf7,0xbd,
    0xd7,0xb5,0xf7,0xbd,0xd7,0xb5,0xf7,0xbd,0xd7,0xb5,0xf7,0xbd,0xd7,0xb5,0xd7,0xbd,0xd7,0xb5,0xd7,0xb5,0xd7,0xb5,0xd7,0xbd,
    0xb6,0xb5,0x86,0x31,0x00,0x00,0x41,0x08,0x41,0x08,0x41,0x08,0x41,0x08,0x42,0x08,0x41,0x08,0x61,0x08,0x41,0x08,0x62,0x08,
    0x41,0x08,0x62,0x08,0x41,0x08,0x62,0x08,0x41,0x08,0x62,0x08,0x41,0x08,0x62,0x10,0x41,0x08,0x62,0x08,0x41,0x08,0x62,0x10,
    0x41,0x08,0x62,0x08,0x41,0x08,0x62,0x10,0x41,0x08,0x62,0x08,0x41,0x08,0x62,0x10,0x61,0x08,0x62,0x10,0x61,0x08,0x62,0x10,
    0x61,0x08,0x62,0x10,0x61,0x08,0x62,0x10,0x61,0x08,0x62,0x10,0x61,0x08,0x62,0x10,0x62,0x08,0x62,0x10,0x61,0x08,0x62,0x10,
    0x62,0x08,0x62,0x10,0x61,0x08,0x62,0x10,0x62,0x08,0x62,0x10,0x61,0x08,0x62,0x10,0x41,0x08,0x41,0x08,0x41,0x08,0x41,0x08,
    0x00,0x00,0x00,0x00,0x00,0x00,0x00,0x00,0x00,0x00,0x00,0x00,0x21,0x00,0x04,0x21,0xc7,0x39,0x8a,0x52,0x4d,0x63,0x10,0x84,
    0xd3,0x94,0x75,0xad,0x55,0xa5,0x76,0xad,0x55,0xa5,0x75,0xad,0x55,0xa5,0x76,0xad,0x55,0xa5,0x75,0xad,0x55,0xa5,0x76,0xad,
    0x55,0xa5,0x75,0xad,0x55,0xa5,0x76,0xad,0x55,0xa5,0x75,0xad,0x55,0xa5,0x76,0xad,0x55,0xa5,0x75,0xad,0x55,0xa5,0x76,0xad,
    0x55,0xa5,0x75,0xad,0x55,0xa5,0x76,0xad,0x55,0xa5,0x75,0xad,0x55,0xa5,0x76,0xad,0x55,0xa5,0x75,0xad,0x55,0xa5,0x76,0xad,
    0x55,0xa5,0x75,0xad,0x55,0xa5,0x76,0xad,0x55,0xa5,0x75,0xad,0x55,0xa5,0x76,0xad,0x55,0xa5,0x96,0xad,0xcf,0x73,0x00,0x00,
    0x00,0x00,0x00,0x00,0x00,0x00,0x00,0x00,0x00,0x00,0x00,0x00,0x00,0x00,0x00,0x00,0x00,0x00,0x00,0x00,0x00,0x00,0x00,0x00,
    0x00,0x00,0x00,0x00,0x00,0x00,0x00,0x00,0x00,0x00,0x00,0x00,0x00,0x00,0x00,0x00,0x00,0x00,0x00,0x00,0x00,0x00,0x00,0x00,
    0x00,0x00,0x00,0x00,0x00,0x00,0x00,0x00,0x00,0x00,0x00,0x00,0x61,0x08,0x34,0xa5,0xd7,0xb5,0xd7,0xb5,0xd7,0xb5,0xd7,0xb5,
    0xd6,0xb5,0xd7,0xb5,0xd7,0xb5,0xd7,0xb5,0xd6,0xb5,0xd7,0xb5,0xd6,0xb5,0xd7,0xb5,0xb6,0xb5,0xd7,0xb5,0x75,0xad,0x86,0x31,
    0x00,0x00,0x21,0x08,0x41,0x08,0x41,0x08,0x41,0x08,0x41,0x08,0x41,0x08,0x41,0x08,0x41,0x08,0x41,0x08,0x41,0x08,0x41,0x08,
    0x41,0x08,0x41,0x08,0x41,0x08,0x61,0x08,0x41,0x08,0x61,0x08,0x41,0x08,0x61,0x08,0x41,0x08,0x61,0x08,0x41,0x08,0x61,0x08,
    0x41,0x08,0x61,0x08,0x41,0x08,0x61,0x08,0x41,0x08,0x61,0x08,0x41,0x08,0x62,0x08,0x41,0x08,0x61,0x08,0x61,0x08,0x62,0x08,
    0x41,0x08,0x61,0x08,0x61,0x08,0x62,0x08,0x41,0x08,0x61,0x08,0x61,0x08,0x62,0x08,0x61,0x08,0x61,0x08,0x41,0x08,0x41,0x08,
    0x20,0x00,0x21,0x08,0x00,0x00,0x00,0x00,0x00,0x00,0x00,0x00,0x00,0x00,0x00,0x00,0x41,0x08,0x04,0x21,0xc7,0x39,0x8a,0x52,
    0x4d,0x63,0x10,0x7c,0xd3,0x94,0x75,0xa5,0x55,0xa5,0x75,0xa5,0x55,0xa5,0x75,0xa5,0x55,0xa5,0x75,0xa5,0x55,0xa5,0x75,0xa5,
    0x55,0xa5,0x75,0xa5,0x55,0xa5,0x75,0xa5,0x55,0xa5,0x75,0xa5,0x55,0xa5,0x75,0xa5,0x55,0xa5,0x75,0xa5,0x55,0xa5,0x75,0xa5,
    0x55,0xa5,0x75,0xa5,0x55,0xa5,0x75,0xa5,0x55,0xa5,0x75,0xa5,0x55,0xa5,0x75,0xa5,0x55,0xa5,0x75,0xa5,0x55,0xa5,0x75,0xa5,
    0x55,0xa5,0x75,0xa5,0x55,0xa5,0x75,0xa5,0x55,0xa5,0x75,0xa5,0x55,0xa5,0x75,0xa5,0x55,0xa5,0x75,0xa5,0x55,0xa5,0x75,0xa5,
    0x55,0xa5,0x75,0xa5,0x55,0xa5,0x75,0xa5,0x55,0xa5,0x75,0xa5,0x75,0xad,0xe4,0x20,0x00,0x00,0x00,0x00,0x00,0x00,0x00,0x00,
    0x00,0x00,0x00,0x00,0x00,0x00,0x00,0x00,0x00,0x00,0x00,0x00,0x00,0x00,0x00,0x00,0x00,0x00,0x00,0x00,0x00,0x00,0x00,0x00,
    0x00,0x00,0x00,0x00,0x00,0x00,0x00,0x00,0x00,0x00,0x00,0x00,0x00,0x00,0x00,0x00,0x00,0x00,0x00,0x00,0x00,0x00,0x00,0x00,
    0x00,0x00,0x00,0x00,0x00,0x00,0x00,0x00,0xd3,0x94,0xd7,0xbd,0xd7,0xb5,0xf7,0xbd,0xd7,0xb5,0xd7,0xb5,0xd7,0xb5,0xd7,0xbd,
    0xd7,0xb5,0xd7,0xb5,0xd6,0xb5,0xd7,0xb5,0xd7,0xb5,0xd7,0xb5,0xb6,0xb5,0xd7,0xb5,0xb6,0xb5,0x8a,0x52,0x00,0x00,0x21,0x08,
    0x41,0x08,0x61,0x08,0x41,0x08,0x62,0x10,0x41,0x08,0x62,0x08,0x41,0x08,0x62,0x10,0x41,0x08,0x62,0x08,0x41,0x08,0x62,0x10,
    0x61,0x08,0x62,0x08,0x41,0x08,0x62,0x10,0x61,0x08,0x62,0x08,0x41,0x08,0x62,0x10,0x61,0x08,0x62,0x08,0x41,0x08,0x62,0x10,
    0x61,0x08,0x62,0x10,0x61,0x08,0x62,0x10,0x61,0x08,0x62,0x10,0x61,0x08,0x62,0x10,0x61,0x08,0x62,0x10,0x61,0x08,0x62,0x10,
    0x41,0x08,0x41,0x08,0x21,0x08,0x21,0x08,0x00,0x00,0x00,0x00,0x00,0x00,0x00,0x00,0x00,0x00,0x00,0x00,0x41,0x08,0x25,0x29,
    0xe7,0x39,0xcb,0x52,0x6d,0x6b,0x31,0x84,0xf3,0x9c,0x76,0xad,0x75,0xa5,0x76,0xad,0x55,0xa5,0x75,0xad,0x55,0xa5,0x76,0xad,
    0x55,0xa5,0x75,0xad,0x55,0xa5,0x76,0xad,0x55,0xa5,0x75,0xad,0x55,0xa5,0x76,0xad,0x55,0xa5,0x75,0xad,0x55,0xa5,0x76,0xad,
    0x55,0xa5,0x75,0xad,0x55,0xa5,0x76,0xad,0x55,0xa5,0x75,0xad,0x55,0xa5,0x76,0xad,0x55,0xa5,0x75,0xad,0x55,0xa5,0x76,0xad,
    0x55,0xa5,0x75,0xad,0x55,0xa5,0x76,0xad,0x55,0xa5,0x75,0xad,0x55,0xa5,0x76,0xad,0x55,0xa5,0x75,0xad,0x55,0xa5,0x76,0xad,
    0x55,0xa5,0x75,0xad,0x55,0xa5,0x76,0xad,0x55,0xa5,0x75,0xad,0x55,0xa5,0x76,0xad,0x55,0xa5,0x75,0xad,0x55,0xa5,0x76,0xad,
    0x55,0xa5,0x75,0xad,0xd7,0xb5,0x2d,0x63,0x00,0x00,0x00,0x00,0x00,0x00,0x00,0x00,0x00,0x00,0x00,0x00,0x00,0x00,0x00,0x00,
    0x00,0x00,0x00,0x00,0x00,0x00,0x00,0x00,0x00,0x00,0x00,0x00,0x00,0x00,0x00,0x00,0x00,0x00,0x00,0x00,0x00,0x00,0x00,0x00,
    0x00,0x00,0x00,0x00,0x00,0x00,0x00,0x00,0x00,0x00,0x00,0x00,0x00,0x00,0x00,0x00,0x00,0x00,0x00,0x00,0x00,0x00,0x00,0x00,
    0x00,0x00,0x10,0x84,0xd7,0xb5,0xd7,0xb5,0xd6,0xb5,0xd7,0xb5,0xd6,0xb5,0xd7,0xb5,0xd6,0xb5,0xd7,0xb5,0xb6,0xb5,0xd7,0xb5,
    0xb6,0xb5,0xd7,0xb5,0xb6,0xb5,0xd7,0xb5,0xb6,0xad,0xb6,0xb5,0xb6,0xb5,0xae,0x73,0x20,0x00,0x21,0x08,0x21,0x08,0x62,0x08,
    0x41,0x08,0x61,0x08,0x41,0x08,0x62,0x08,0x41,0x08,0x61,0x08,0x41,0x08,0x62,0x08,0x41,0x08,0x61,0x08,0x41,0x08,0x62,0x08,
    0x61,0x08,0x62,0x08,0x61,0x08,0x62,0x08,0x61,0x08,0x62,0x08,0x61,0x08,0x62,0x10,0x61,0x08,0x62,0x08,0x61,0x08,0x62,0x10,
    0x61,0x08,0x62,0x08,0x41,0x08,0x41,0x08,0x20,0x00,0x21,0x08,0x00,0x00,0x00,0x00,0x00,0x00,0x00,0x00,0x00,0x00,0x00,0x00,
    0x61,0x08,0x25,0x29,0x07,0x3a,0xcb,0x5a,0x8d,0x6b,0x51,0x84,0x14,0x9d,0x75,0xad,0x75,0xa5,0x75,0xad,0x75,0xa5,0x75,0xad,
    0x55,0xa5,0x75,0xa5,0x55,0xa5,0x75,0xad,0x55,0xa5,0x75,0xa5,0x55,0xa5,0x75,0xad,0x55,0xa5,0x75,0xa5,0x55,0xa5,0x75,0xad,
    0x55,0xa5,0x75,0xa5,0x55,0xa5,0x75,0xad,0x55,0xa5,0x75,0xa5,0x55,0xa5,0x75,0xad,0x55,0xa5,0x75,0xa5,0x55,0xa5,0x75,0xad,
    0x55,0xa5,0x75,0xa5,0x55,0xa5,0x75,0xad,0x55,0xa5,0x75,0xa5,0x55,0xa5,0x75,0xad,0x55,0xa5,0x75,0xa5,0x55,0xa5,0x75,0xad,
    0x55,0xa5,0x75,0xa5,0x55,0xa5,0x75,0xad,0x55,0xa5,0x75,0xa5,0x55,0xa5,0x75,0xad,0x55,0xa5,0x75,0xa5,0x55,0xa5,0x75,0xad,
    0x55,0xa5,0x75,0xa5,0x55,0xa5,0x75,0xad,0x55,0xa5,0x75,0xa5,0x55,0xa5,0x75,0xad,0x55,0xa5,0x75,0xa5,0xb6,0xb5,0x30,0x84,
    0x41,0x08,0x00,0x00,0x00,0x00,0x00,0x00,0x00,0x00,0x00,0x00,0x00,0x00,0x00,0x00,0x00,0x00,0x00,0x00,0x00,0x00,0x00,0x00,
    0x00,0x00,0x00,0x00,0x00,0x00,0x00,0x00,0x00,0x00,0x00,0x00,0x00,0x00,0x00,0x00,0x00,0x00,0x00,0x00,0x00,0x00,0x00,0x00,
    0x00,0x00,0x00,0x00,0x00,0x00,0x00,0x00,0x00,0x00,0x00,0x00,0x00,0x00,0x00,0x00,0x00,0x00,0x00,0x00,0xeb,0x5a,0x18,0xc6,
    0xd7,0xb5,0xd7,0xb5,0xd7,0xb5,0xd7,0xb5,0xd7,0xb5,0xd7,0xb5,0xd6,0xb5,0xd7,0xb5,0xd7,0xb5,0xd7,0xb5,0xb6,0xb5,0xd7,0xb5,
    0xb6,0xb5,0xd7,0xb5,0xb6,0xb5,0xd7,0xb5,0xb6,0xb5,0x35,0xa5,0x08,0x42,0x00,0x00,0x41,0x08,0x62,0x08,0x61,0x08,0x62,0x10,
    0x61,0x08,0x62,0x10,0x61,0x08,0x62,0x10,0x62,0x08,0x62,0x10,0x61,0x08,0x62,0x10,0x62,0x08,0x62,0x10,0x61,0x08,0x62,0x10,
    0x62,0x08,0x62,0x10,0x61,0x08,0x62,0x10,0x41,0x08,0x41,0x08,0x21,0x00,0x21,0x08,0x00,0x00,0x00,0x00,0x00,0x00,0x00,0x00,
    0x00,0x00,0x00,0x00,0x82,0x10,0x66,0x29,0x28,0x42,0xec,0x5a,0xae,0x73,0x72,0x8c,0x34,0xa5,0x96,0xad,0x75,0xad,0x76,0xad,
    0x75,0xad,0x76,0xad,0x75,0xa5,0x76,0xad,0x75,0xad,0x76,0xad,0x75,0xa5,0x76,0xad,0x75,0xa5,0x75,0xad,0x55,0xa5,0x76,0xad,
    0x55,0xa5,0x75,0xad,0x55,0xa5,0x76,0xad,0x55,0xa5,0x75,0xad,0x55,0xa5,0x76,0xad,0x55,0xa5,0x75,0xad,0x55,0xa5,0x76,0xad,
    0x55,0xa5,0x75,0xad,0x55,0xa5,0x76,0xad,0x55,0xa5,0x75,0xad,0x55,0xa5,0x76,0xad,0x55,0xa5,0x75,0xad,0x55,0xa5,0x76,0xad,
    0x55,0xa5,0x75,0xad,0x55,0xa5,0x76,0xad,0x55,0xa5,0x75,0xad,0x55,0xa5,0x76,0xad,0x55,0xa5,0x75,0xad,0x55,0xa5,0x76,0xad,
    0x55,0xa5,0x75,0xad,0x55,0xa5,0x76,0xad,0x55,0xa5,0x75,0xad,0x55,0xa5,0x76,0xad,0x55,0xa5,0x75,0xad,0x55,0xa5,0x76,0xad,
    0x55,0xa5,0x75,0xad,0x55,0xa5,0x76,0xad,0x55,0xa5,0x75,0xad,0xb6,0xb5,0x31,0x84,0x61,0x08,0x00,0x00,0x00,0x00,0x00,0x00,
    0x00,0x00,0x00,0x00,0x00,0x00,0x00,0x00,0x00,0x00,0x00,0x00,0x00,0x00,0x00,0x00,0x00,0x00,0x00,0x00,0x00,0x00,0x00,0x00,
    0x00,0x00,0x00,0x00,0x00,0x00,0x00,0x00,0x00,0x00,0x00,0x00,0x00,0x00,0x00,0x00,0x00,0x00,0x00,0x00,0x00,0x00,0x00,0x00,
    0x00,0x00,0x00,0x00,0x00,0x00,0x00,0x00,0x00,0x00,0x00,0x00,0x00,0x00,0xa6,0x31,0x18,0xbe,0xd7,0xb5,0xd6,0xb5,0xd7,0xb5,
    0xb6,0xb5,0xb7,0xb5,0xb6,0xb5,0xd7,0xb5,0xb6,0xad,0xb7,0xb5,0xb6,0xb5,0xb7,0xb5,0xb6,0xad,0xb6,0xb5,0xb6,0xad,0xb7,0xb5,
    0xb6,0xad,0xb6,0xb5,0xb6,0xad,0xb6,0xb5,0x30,0x84,0x45,0x29,0x00,0x00,0x61,0x08,0x21,0x00,0x41,0x08,0x61,0x08,0x62,0x08,
    0x41,0x08,0x62,0x08,0x61,0x08,0x62,0x08,0x61,0x08,0x61,0x08,0x41,0x08,0x41,0x08,0x20,0x00,0x21,0x00,0x20,0x00,0x00,0x00,
    0x00,0x00,0x00,0x00,0x00,0x00,0x00,0x00,0x82,0x10,0x66,0x29,0x28,0x42,0xec,0x5a,0xce,0x73,0x92,0x8c,0x34,0xa5,0x76,0xad,
    0x75,0xa5,0x76,0xad,0x75,0xa5,0x76,0xad,0x75,0xa5,0x75,0xad,0x75,0xa5,0x76,0xad,0x75,0xa5,0x75,0xa5,0x75,0xa5,0x75,0xad,
    0x75,0xa5,0x75,0xa5,0x55,0xa5,0x75,0xa5,0x55,0xa5,0x75,0xa5,0x55,0xa5,0x75,0xa5,0x55,0xa5,0x75,0xa5,0x55,0xa5,0x75,0xa5,
    0x55,0xa5,0x75,0xa5,0x55,0xa5,0x75,0xa5,0x55,0xa5,0x75,0xa5,0x55,0xa5,0x75,0xa5,0x55,0xa5,0x75,0xa5,0x55,0xa5,0x75,0xa5,
    0x55,0xa5,0x75,0xa5,0x55,0xa5,0x75,0xa5,0x55,0xa5,0x75,0xa5,0x55,0xa5,0x75,0xa5,0x55,0xa5,0x75,0xa5,0x55,0xa5,0x75,0xa5,
    0x55,0xa5,0x75,0xa5,0x55,0xa5,0x75,0xa5,0x55,0xa5,0x75,0xa5,0x55,0xa5,0x75,0xa5,0x55,0xa5,0x75,0xa5,0x55,0xa5,0x75,0xa5,
    0x55,0xa5,0x75,0xa5,0x55,0xa5,0x75,0xa5,0x55,0xa5,0x75,0xa5,0x55,0xa5,0x75,0xa5,0x55,0xa5,0x75,0xa5,0x55,0xa5,0x75,0xa5,
    0x55,0xa5,0x75,0xa5,0xd7,0xb5,0x10,0x84,0x41,0x08,0x00,0x00,0x00,0x00,0x00,0x00,0x00,0x00,0x00,0x00,0x00,0x00,0x00,0x00,
    0x00,0x00,0x00,0x00,0x00,0x00,0x00,0x00,0x00,0x00,0x00,0x00,0x00,0x00,0x00,0x00,0x00,0x00,0x00,0x00,0x00,0x00,0x00,0x00,
    0x00,0x00,0x00,0x00,0x00,0x00,0x00,0x00,0x00,0x00,0x00,0x00,0x00,0x00,0x00,0x00,0x00,0x00,0x00,0x00,0x00,0x00,0x00,0x00,
    0x00,0x00,0x00,0x00,0x00,0x00,0x00,0x00,0xe3,0x18,0xb6,0xb5,0xb6,0xb5,0xd7,0xb5,0xd7,0xb5,0xd7,0xb5,0xb6,0xb5,0xd7,0xb5,
    0xb6,0xb5,0xd7,0xb5,0xb6,0xb5,0xd7,0xb5,0xb6,0xb5,0xb7,0xb5,0xb6,0xb5,0xb7,0xb5,0xb6,0xb5,0xb7,0xb5,0xb6,0xad,0xb7,0xb5,
    0xb6,0xad,0xb6,0xb5,0x96,0xad,0x51,0x84,0x86,0x31,0x00,0x00,0x00,0x00,0x41,0x08,0x00,0x00,0x00,0x00,0x00,0x00,0x00,0x00,
    0x00,0x00,0x00,0x00,0x00,0x00,0x00,0x00,0x00,0x00,0x00,0x00,0xa2,0x10,0xa6,0x31,0x49,0x4a,0x0c,0x63,0xcf,0x73,0xb2,0x94,
    0x96,0xad,0x96,0xad,0x75,0xad,0x96,0xad,0x76,0xad,0x96,0xad,0x75,0xad,0x96,0xad,0x75,0xad,0x96,0xad,0x75,0xa5,0x76,0xad,
    0x75,0xad,0x76,0xad,0x75,0xa5,0x76,0xad,0x75,0xa5,0x76,0xad,0x75,0xa5,0x76,0xad,0x75,0xa5,0x75,0xad,0x75,0xa5,0x76,0xad,
    0x55,0xa5,0x75,0xad,0x55,0xa5,0x76,0xad,0x55,0xa5,0x75,0xad,0x55,0xa5,0x76,0xad,0x55,0xa5,0x75,0xad,0x55,0xa5,0x76,0xad,
    0x55,0xa5,0x75,0xad,0x55,0xa5,0x76,0xad,0x55,0xa5,0x75,0xad,0x55,0xa5,0x76,0xad,0x55,0xa5,0x75,0xad,0x55,0xa5,0x76,0xad,
    0x55,0xa5,0x75,0xad,0x55,0xa5,0x76,0xad,0x55,0xa5,0x75,0xad,0x55,0xa5,0x76,0xad,0x55,0xa5,0x75,0xad,0x55,0xa5,0x76,0xad,
    0x55,0xa5,0x75,0xad,0x55,0xa5,0x76,0xad,0x55,0xa5,0x75,0xad,0x55,0xa5,0x76,0xad,0x55,0xa5,0x75,0xad,0x55,0xa5,0x76,0xad,
    0x55,0xa5,0x75,0xad,0x55,0xa5,0x76,0xad,0x55,0xa5,0x75,0xad,0x55,0xa5,0x76,0xad,0x55,0xa5,0xb6,0xad,0x96,0xad,0xcb,0x5a,
    0x21,0x08,0x00,0x00,0x00,0x00,0x00,0x00,0x00,0x00,0x00,0x00,0x00,0x00,0x00,0x00,0x00,0x00,0x00,0x00,0x00,0x00,0x00,0x00,
    0x00,0x00,0x00,0x00,0x00,0x00,0x00,0x00,0x00,0x00,0x00,0x00,0x00,0x00,0x00,0x00,0x00,0x00,0x00,0x00,0x00,0x00,0x00,0x00,
    0x00,0x00,0x00,0x00,0x00,0x00,0x00,0x00,0x00,0x00,0x00,0x00,0x00,0x00,0x00,0x00,0x00,0x00,0x00,0x00,0x00,0x00,0x00,0x00,
    0x00,0x00,0x61,0x08,0x13,0x9d,0xd7,0xb5,0xb6,0xb5,0xd7,0xb5,0xb6,0xb5,0xd7,0xb5,0xb6,0xad,0xb6,0xb5,0xb6,0xad,0xb7,0xb5,
    0xb6,0xad,0xb6,0xb5,0xb6,0xad,0xb6,0xb5,0xb6,0xad,0xb6,0xb5,0xb6,0xad,0xb6,0xb5,0xb6,0xad,0xb6,0xad,0x96,0xad,0xb6,0xb5,
    0x96,0xad,0xb6,0xad,0x96,0xad,0x51,0x84,0x0b,0x5b,0x69,0x4a,0xe7,0x39,0x86,0x31,0x45,0x29,0x86,0x31,0x49,0x42,0x2c,0x63,
    0xef,0x7b,0xb2,0x94,0x96,0xad,0x96,0xad,0x95,0xad,0x96,0xad,0x75,0xad,0x96,0xad,0x75,0xad,0x96,0xad,0x75,0xad,0x96,0xad,
    0x75,0xa5,0x76,0xad,0x75,0xad,0x76,0xad,0x75,0xa5,0x75,0xad,0x75,0xa5,0x76,0xad,0x75,0xa5,0x75,0xad,0x75,0xa5,0x75,0xad,
    0x75,0xa5,0x75,0xad,0x55,0xa5,0x75,0xad,0x55,0xa5,0x75,0xa5,0x55,0xa5,0x75,0xad,0x55,0xa5,0x75,0xa5,0x55,0xa5,0x75,0xad,
    0x55,0xa5,0x75,0xa5,0x55,0xa5,0x75,0xad,0x55,0xa5,0x75,0xa5,0x55,0xa5,0x75,0xad,0x55,0xa5,0x75,0xa5,0x55,0xa5,0x75,0xad,
    0x55,0xa5,0x75,0xa5,0x55,0xa5,0x75,0xad,0x55,0xa5,0x75,0xa5,0x55,0xa5,0x75,0xad,0x55,0xa5,0x75,0xa5,0x55,0xa5,0x75,0xad,
    0x55,0xa5,0x75,0xa5,0x55,0xa5,0x75,0xad,0x55,0xa5,0x75,0xa5,0x55,0xa5,0x75,0xad,0x55,0xa5,0x75,0xa5,0x55,0xa5,0x75,0xad,
    0x55,0xa5,0x75,0xa5,0x55,0xa5,0x75,0xad,0x55,0xa5,0x75,0xa5,0x55,0xa5,0x75,0xad,0x55,0xa5,0x75,0xa5,0x55,0xa5,0x75,0xad,
    0x55,0xa5,0x75,0xa5,0x55,0xa5,0x75,0xad,0xb6,0xad,0xd7,0xb5,0x10,0x7c,0xc3,0x18,0x00,0x00,0x00,0x00,0x00,0x00,0x00,0x00,
    0x00,0x00,0x00,0x00,0x00,0x00,0x00,0x00,0x00,0x00,0x00,0x00,0x00,0x00,0x00,0x00,0x00,0x00,0x00,0x00,0x00,0x00,0x00,0x00,
    0x00,0x00,0x00,0x00,0x00,0x00,0x00,0x00,0x00,0x00,0x00,0x00,0x00,0x00,0x00,0x00,0x00,0x00,0x00,0x00,0x00,0x00,0x00,0x00,
    0x00,0x00,0x00,0x00,0x00,0x00,0x00,0x00,0x00,0x00,0x00,0x00,0x00,0x00,0x00,0x00,0x00,0x00,0x00,0x00,0x00,0x00,0x51,0x8c,
    0xd7,0xb5,0xd7,0xb5,0xb6,0xb5,0xd7,0xb5,0xb6,0xb5,0xd7,0xb5,0xb6,0xb5,0xd7,0xb5,0xb6,0xb5,0xb7,0xb5,0xb6,0xad,0xb7,0xb5,
    0xb6,0xb5,0xb7,0xb5,0xb6,0xad,0xb7,0xb5,0xb6,0xad,0xb6,0xb5,0xb6,0xad,0xb6,0xb5,0x96,0xad,0xb6,0xb5,0x96,0xad,0xb6,0xb5,
    0x96,0xad,0xb6,0xb5,0x96,0xad,0xb6,0xb5,0x96,0xad,0x96,0xad,0x96,0xad,0x96,0xb5,0x96,0xad,0x96,0xad,0x96,0xad,0x96,0xad,
    0x96,0xad,0x96,0xad,0x95,0xad,0x96,0xad,0x76,0xad,0x96,0xad,0x75,0xad,0x96,0xad,0x75,0xad,0x96,0xad,0x75,0xad,0x96,0xad,
    0x75,0xad,0x76,0xad,0x75,0xa5,0x76,0xad,0x75,0xad,0x76,0xad,0x75,0xa5,0x76,0xad,0x75,0xa5,0x76,0xad,0x75,0xa5,0x76,0xad,
    0x55,0xa5,0x75,0xad,0x55,0xa5,0x76,0xad,0x55,0xa5,0x75,0xad,0x55,0xa5,0x76,0xad,0x55,0xa5,0x75,0xad,0x55,0xa5,0x76,0xad,
    0x55,0xa5,0x75,0xad,0x55,0xa5,0x76,0xad,0x55,0xa5,0x75,0xad,0x55,0xa5,0x76,0xad,0x55,0xa5,0x75,0xad,0x55,0xa5,0x76,0xad,
    0x55,0xa5,0x75,0xad,0x55,0xa5,0x76,0xad,0x55,0xa5,0x75,0xad,0x55,0xa5,0x76,0xad,0x55,0xa5,0x75,0xad,0x55,0xa5,0x76,0xad,
    0x55,0xa5,0x75,0xad,0x55,0xa5,0x76,0xad,0x55,0xa5,0x75,0xad,0x55,0xa5,0x76,0xad,0x55,0xa5,0x75,0xad,0x55,0xa5,0x76,0xad,
    0x55,0xa5,0x75,0xad,0x55,0xa5,0x76,0xad,0x55,0xa5,0x75,0xad,0x55,0xa5,0x76,0xad,0x55,0xa5,0x75,0xad,0x75,0xad,0xd7,0xb5,
    0x34,0xa5,0x6e,0x6b,0x04,0x21,0x00,0x00,0x00,0x00,0x00,0x00,0x00,0x00,0x00,0x00,0x00,0x00,0x00,0x00,0x00,0x00,0x00,0x00,
    0x00,0x00,0x00,0x00,0x00,0x00,0x00,0x00,0x00,0x00,0x00,0x00,0x00,0x00,0x00,0x00,0x00,0x00,0x00,0x00,0x00,0x00,0x00,0x00,
    0x00,0x00,0x00,0x00,0x00,0x00,0x00,0x00,0x00,0x00,0x00,0x00,0x00,0x00,0x00,0x00,0x00,0x00,0x00,0x00,0x00,0x00,0x00,0x00,
    0x00,0x00,0x00,0x00,0x00,0x00,0x00,0x00,0x00,0x00,0x00,0x00,0x00,0x00,0x00,0x00,0x69,0x4a,0x18,0xbe,0xb6,0xb5,0xb7,0xb5,
    0xb6,0xad,0xb6,0xb5,0xb6,0xad,0xb6,0xb5,0xb6,0xad,0xb6,0xb5,0xb6,0xad,0xb6,0xb5,0x96,0xad,0xb6,0xb5,0x96,0xad,0xb6,0xb5,
    0x96,0xad,0xb6,0xad,0x96,0xad,0xb6,0xad,0x96,0xad,0x96,0xad,0x96,0xad,0x96,0xad,0x96,0xad,0x96,0xad,0x96,0xad,0x96,0xad,
    0x95,0xad,0x96,0xad,0x96,0xad,0x96,0xad,0x95,0xad,0x96,0xad,0x75,0xad,0x96,0xad,0x75,0xa5,0x96,0xad,0x75,0xad,0x96,0xad,
    0x75,0xa5,0x76,0xad,0x75,0xa5,0x76,0xad,0x75,0xa5,0x75,0xad,0x75,0xa5,0x76,0xad,0x75,0xa5,0x75,0xad,0x75,0xa5,0x75,0xad,
    0x75,0xa5,0x75,0xa5,0x75,0xa5,0x75,0xad,0x55,0xa5,0x75,0xa5,0x55,0xa5,0x75,0xa5,0x55,0xa5,0x75,0xa5,0x55,0xa5,0x75,0xa5,
    0x55,0xa5,0x75,0xa5,0x55,0xa5,0x75,0xa5,0x55,0xa5,0x75,0xa5,0x55,0xa5,0x75,0xa5,0x55,0xa5,0x75,0xa5,0x55,0xa5,0x75,0xa5,
    0x55,0xa5,0x75,0xa5,0x55,0xa5,0x75,0xa5,0x55,0xa5,0x75,0xa5,0x55,0xa5,0x75,0xa5,0x55,0xa5,0x75,0xa5,0x55,0xa5,0x75,0xa5,
    0x55,0xa5,0x75,0xa5,0x55,0xa5,0x75,0xa5,0x55,0xa5,0x75,0xa5,0x55,0xa5,0x75,0xa5,0x55,0xa5,0x75,0xa5,0x55,0xa5,0x75,0xa5,
    0x55,0xa5,0x75,0xa5,0x55,0xa5,0x75,0xa5,0x55,0xa5,0x75,0xa5,0x55,0xa5,0x75,0xa5,0x55,0xa5,0x75,0xa5,0x55,0xa5,0x75,0xa5,
    0x55,0xa5,0x75,0xa5,0x55,0xa5,0x96,0xad,0xb6,0xb5,0x75,0xad,0xd3,0x94,0xef,0x7b,0x65,0x29,0x21,0x08,0x00,0x00,0x00,0x00,
    0x00,0x00,0x00,0x00,0x00,0x00,0x00,0x00,0x00,0x00,0x00,0x00,0x00,0x00,0x00,0x00,0x00,0x00,0x00,0x00,0x00,0x00,0x00,0x00,
    0x00,0x00,0x00,0x00,0x00,0x00,0x00,0x00,0x00,0x00,0x00,0x00,0x00,0x00,0x00,0x00,0x00,0x00,0x00,0x00,0x00,0x00,0x00,0x00,
    0x00,0x00,0x00,0x00,0x00,0x00,0x00,0x00,0x00,0x00,0x00,0x00,0x00,0x00,0x00,0x00,0x00,0x00,0x00,0x00,0x00,0x00,0x00,0x00,
    0x00,0x00,0x00,0x00,0x00,0x00,0x00,0x00,0x00,0x00,0xe3,0x18,0x96,0xad,0xd7,0xb5,0xb6,0xb5,0xb7,0xb5,0xb6,0xad,0xb7,0xb5,
    0xb6,0xb5,0xb7,0xb5,0xb6,0xad,0xb7,0xb5,0xb6,0xad,0xb6,0xb5,0x96,0xad,0xb7,0xb5,0xb6,0xad,0xb6,0xb5,0x96,0xad,0xb6,0xb5,
    0x96,0xad,0xb6,0xb5,0x96,0xad,0xb6,0xb5,0x96,0xad,0xb6,0xad,0x96,0xad,0x96,0xb5,0x96,0xad,0x96,0xad,0x96,0xad,0x96,0xad,
    0x96,0xad,0x96,0xad,0x96,0xad,0x96,0xad,0x96,0xad,0x96,0xad,0x75,0xad,0x96,0xad,0x76,0xad,0x96,0xad,0x75,0xad,0x96,0xad,
    0x75,0xad,0x96,0xad,0x75,0xa5,0x76,0xad,0x75,0xa5,0x76,0xad,0x75,0xa5,0x76,0xad,0x75,0xa5,0x76,0xad,0x75,0xa5,0x76,0xad,
    0x75,0xa5,0x75,0xad,0x55,0xa5,0x76,0xad,0x55,0xa5,0x75,0xad,0x55,0xa5,0x76,0xad,0x55,0xa5,0x75,0xad,0x55,0xa5,0x76,0xad,
    0x55,0xa5,0x75,0xad,0x55,0xa5,0x76,0xad,0x55,0xa5,0x75,0xad,0x55,0xa5,0x76,0xad,0x55,0xa5,0x75,0xad,0x55,0xa5,0x76,0xad,
    0x55,0xa5,0x75,0xad,0x55,0xa5,0x76,0xad,0x55,0xa5,0x75,0xad,0x55,0xa5,0x76,0xad,0x55,0xa5,0x75,0xad,0x55,0xa5,0x76,0xad,
    0x55,0xa5,0x75,0xad,0x55,0xa5,0x76,0xad,0x55,0xa5,0x75,0xad,0x55,0xa5,0x76,0xad,0x55,0xa5,0x75,0xad,0x55,0xa5,0x76,0xad,
    0x55,0xa5,0x75,0xad,0x55,0xa5,0x76,0xad,0x75,0xa5,0x96,0xad,0xb6,0xad,0xd7,0xb5,0x75,0xad,0x14,0xa5,0xb2,0x94,0x51,0x8c,
    0xec,0x5a,0x86,0x31,0xa2,0x10,0x00,0x00,0x00,0x00,0x00,0x00,0x00,0x00,0x00,0x00,0x00,0x00,0x00,0x00,0x00,0x00,0x00,0x00,
    0x00,0x00,0x00,0x00,0x00,0x00,0x00,0x00,0x00,0x00,0x00,0x00,0x00,0x00,0x00,0x00,0x00,0x00,0x00,0x00,0x00,0x00,0x00,0x00,
    0x00,0x00,0x00,0x00,0x00,0x00,0x00,0x00,0x00,0x00,0x00,0x00,0x00,0x00,0x00,0x00,0x00,0x00,0x00,0x00,0x00,0x00,0x00,0x00,
    0x00,0x00,0x00,0x00,0x00,0x00,0x00,0x00,0x00,0x00,0x00,0x00,0x00,0x00,0x00,0x00,0x00,0x00,0x00,0x00,0x00,0x00,0x00,0x00,
    0x00,0x00,0x00,0x00,0x00,0x00,0x31,0x84,0xd7,0xb5,0xb6,0xb5,0xb6,0xad,0xb6,0xb5,0xb6,0xad,0xb6,0xb5,0xb6,0xad,0xb6,0xb5,
    0x96,0xad,0xb6,0xad,0x96,0xad,0xb6,0xb5,0x96,0xad,0xb6,0xad,0x96,0xad,0x96,0xad,0x96,0xad,0x96,0xad,0x96,0xad,0x96,0xad,
    0x95,0xad,0x96,0xad,0x96,0xad,0x96,0xad,0x95,0xad,0x96,0xad,0x95,0xad,0x96,0xad,0x75,0xad,0x96,0xad,0x75,0xad,0x96,0xad,
    0x75,0xad,0x96,0xad,0x75,0xad,0x76,0xad,0x75,0xa5,0x75,0xad,0x75,0xad,0x76,0xad,0x75,0xa5,0x75,0xad,0x75,0xa5,0x76,0xad,
    0x75,0xa5,0x75,0xad,0x75,0xa5,0x75,0xad,0x75,0xa5,0x75,0xa5,0x55,0xa5,0x75,0xad,0x55,0xa5,0x75,0xa5,0x55,0xa5,0x75,0xad,
    0x55,0xa5,0x75,0xa5,0x55,0xa5,0x75,0xad,0x55,0xa5,0x75,0xa5,0x55,0xa5,0x75,0xad,0x55,0xa5,0x75,0xa5,0x55,0xa5,0x75,0xad,
    0x55,0xa5,0x75,0xa5,0x55,0xa5,0x75,0xad,0x55,0xa5,0x75,0xa5,0x55,0xa5,0x75,0xad,0x55,0xa5,0x75,0xa5,0x55,0xa5,0x75,0xad,
    0x55,0xa5,0x75,0xa5,0x55,0xa5,0x75,0xad,0x55,0xa5,0x75,0xa5,0x55,0xa5,0x75,0xad,0x55,0xa5,0x75,0xa5,0x55,0xa5,0x75,0xad,
    0x55,0xa5,0x75,0xa5,0x55,0xa5,0x75,0xad,0x55,0xa5,0x75,0xa5,0x75,0xa5,0x96,0xad,0xb6,0xad,0xd7,0xb5,0x55,0xa5,0x14,0x9d,
    0xb2,0x94,0x31,0x84,0x6d,0x6b,0x8a,0x52,0x86,0x31,0x04,0x21,0xa2,0x10,0x61,0x08,0x00,0x00,0x00,0x00,0x00,0x00,0x00,0x00,
    0x00,0x00,0x00,0x00,0x00,0x00,0x00,0x00,0x00,0x00,0x00,0x00,0x00,0x00,0x00,0x00,0x00,0x00,0x00,0x00,0x00,0x00,0x00,0x00,
    0x00,0x00,0x00,0x00,0x00,0x00,0x00,0x00,0x00,0x00,0x00,0x00,0x00,0x00,0x00,0x00,0x00,0x00,0x00,0x00,0x00,0x00,0x00,0x00,
    0x00,0x00,0x00,0x00,0x00,0x00,0x00,0x00,0x00,0x00,0x00,0x00,0x00,0x00,0x00,0x00,0x00,0x00,0x00,0x00,0x00,0x00,0x00,0x00,
    0x00,0x00,0x00,0x00,0x00,0x00,0x00,0x00,0x00,0x00,0x00,0x00,0x00,0x00,0x00,0x00,0x00,0x00,0x00,0x00,0x00,0x00,0x00,0x00,
    0xe7,0x39,0x38,0xc6,0xb6,0xad,0xb7,0xb5,0xb6,0xad,0xb6,0xb5,0xb6,0xad,0xb7,0xb5,0xb6,0xad,0xb6,0xb5,0x96,0xad,0xb6,0xb5,
    0x96,0xad,0xb6,0xb5,0x96,0xad,0xb6,0xb5,0x96,0xad,0xb6,0xad,0x96,0xad,0x96,0xb5,0x96,0xad,0x96,0xad,0x96,0xad,0x96,0xb5,
    0x96,0xad,0x96,0xad,0x96,0xad,0x96,0xad,0x96,0xad,0x96,0xad,0x75,0xad,0x96,0xad,0x76,0xad,0x96,0xad,0x75,0xad,0x96,0xad,
    0x75,0xad,0x96,0xad,0x75,0xad,0x76,0xad,0x75,0xad,0x76,0xad,0x75,0xa5,0x76,0xad,0x75,0xad,0x76,0xad,0x75,0xa5,0x76,0xad,
    0x75,0xa5,0x75,0xad,0x55,0xa5,0x76,0xad,0x55,0xa5,0x75,0xad,0x55,0xa5,0x76,0xad,0x55,0xa5,0x75,0xad,0x55,0xa5,0x76,0xad,
    0x55,0xa5,0x75,0xad,0x55,0xa5,0x76,0xad,0x55,0xa5,0x75,0xad,0x55,0xa5,0x76,0xad,0x55,0xa5,0x75,0xad,0x55,0xa5,0x76,0xad,
    0x55,0xa5,0x75,0xad,0x55,0xa5,0x76,0xad,0x55,0xa5,0x75,0xad,0x55,0xa5,0x76,0xad,0x55,0xa5,0x75,0xad,0x55,0xa5,0x76,0xad,
    0x55,0xa5,0x75,0xad,0x55,0xa5,0x76,0xad,0x55,0xa5,0x75,0xad,0x55,0xa5,0x76,0xad,0x75,0xad,0x96,0xad,0xb6,0xad,0xd7,0xb5,
    0x55,0xa5,0xf4,0x9c,0xb2,0x94,0x31,0x84,0x4d,0x6b,0x6a,0x52,0x66,0x31,0x24,0x21,0xa2,0x10,0x41,0x08,0x00,0x00,0x00,0x00,
    0x00,0x00,0x00,0x00,0x00,0x00,0x00,0x00,0x00,0x00,0x00,0x00,0x00,0x00,0x00,0x00,0x00,0x00,0x00,0x00,0x00,0x00,0x00,0x00,
    0x00,0x00,0x00,0x00,0x00,0x00,0x00,0x00,0x00,0x00,0x00,0x00,0x00,0x00,0x00,0x00,0x00,0x00,0x00,0x00,0x00,0x00,0x00,0x00,
    0x00,0x00,0x00,0x00,0x00,0x00,0x00,0x00,0x00,0x00,0x00,0x00,0x00,0x00,0x00,0x00,0x00,0x00,0x00,0x00,0x00,0x00,0x00,0x00,
    0x00,0x00,0x00,0x00,0x00,0x00,0x00,0x00,0x00,0x00,0x00,0x00,0x00,0x00,0x00,0x00,0x00,0x00,0x00,0x00,0x00,0x00,0x00,0x00,
    0x00,0x00,0x00,0x00,0x00,0x00,0x00,0x00,0x00,0x00,0x00,0x00,0x00,0x00,0x00,0x00,0x00,0x00,0x61,0x08,0xd3,0x94,0xd7,0xb5,
    0x96,0xad,0xb6,0xad,0x96,0xad,0xb6,0xb5,0x96,0xad,0xb6,0xad,0x96,0xad,0x96,0xad,0x96,0xad,0x96,0xad,0x96,0xad,0x96,0xad,
    0x96,0xad,0x96,0xad,0x96,0xad,0x96,0xad,0x95,0xad,0x96,0xad,0x95,0xad,0x96,0xad,0x95,0xad,0x96,0xad,0x75,0xad,0x96,0xad,
    0x75,0xa5,0x96,0xad,0x75,0xad,0x96,0xad,0x75,0xa5,0x76,0xad,0x75,0xa5,0x76,0xad,0x75,0xa5,0x75,0xad,0x75,0xa5,0x76,0xad,
    0x75,0xa5,0x75,0xad,0x75,0xa5,0x75,0xad,0x75,0xa5,0x75,0xa5,0x55,0xa5,0x75,0xa5,0x55,0xa5,0x75,0xa5,0x55,0xa5,0x75,0xa5,
    0x55,0xa5,0x75,0xa5,0x55,0xa5,0x75,0xa5,0x55,0xa5,0x75,0xa5,0x55,0xa5,0x75,0xa5,0x55,0xa5,0x75,0xa5,0x55,0xa5,0x75,0xa5,
    0x55,0xa5,0x75,0xa5,0x55,0xa5,0x75,0xa5,0x55,0xa5,0x75,0xa5,0x55,0xa5,0x75,0xa5,0x55,0xa5,0x75,0xa5,0x55,0xa5,0x75,0xa5,
    0x55,0xa5,0x75,0xa5,0x55,0xa5,0x75,0xa5,0x55,0xa5,0x75,0xa5,0x55,0xa5,0x75,0xa5,0x55,0xa5,0x75,0xa5,0x75,0xa5,0x96,0xad,
    0xb6,0xad,0xb6,0xb5,0x34,0xa5,0xf3,0x9c,0x92,0x8c,0x10,0x7c,0x2c,0x63,0x49,0x4a,0x45,0x29,0x04,0x21,0x82,0x10,0x41,0x08,
    0x00,0x00,0x00,0x00,0x00,0x00,0x00,0x00,0x00,0x00,0x00,0x00,0x00,0x00,0x00,0x00,0x00,0x00,0x00,0x00,0x00,0x00,0x00,0x00,
    0x00,0x00,0x00,0x00,0x00,0x00,0x00,0x00,0x00,0x00,0x00,0x00,0x00,0x00,0x00,0x00,0x00,0x00,0x00,0x00,0x00,0x00,0x00,0x00,
    0x00,0x00,0x00,0x00,0x00,0x00,0x00,0x00,0x00,0x00,0x00,0x00,0x00,0x00,0x00,0x00,0x00,0x00,0x00,0x00,0x00,0x00,0x00,0x00,
    0x00,0x00,0x00,0x00,0x00,0x00,0x00,0x00,0x00,0x00,0x00,0x00,0x00,0x00,0x00,0x00,0x00,0x00,0x00,0x00,0x00,0x00,0x00,0x00,
    0x00,0x00,0x00,0x00,0x00,0x00,0x00,0x00,0x00,0x00,0x00,0x00,0x00,0x00,0x00,0x00,0x00,0x00,0x00,0x00,0x00,0x00,0x00,0x00,
    0x00,0x00,0x00,0x00,0x00,0x00,0x00,0x00,0x00,0x00,0x00,0x00,0x00,0x00,0xc7,0x39,0x17,0xbe,0xb6,0xb5,0x96,0xad,0xb6,0xb5,
    0x96,0xad,0xb6,0xb5,0x96,0xad,0xb6,0xb5,0x96,0xad,0xb6,0xb5,0x96,0xad,0xb6,0xb5,0x96,0xad,0x96,0xad,0x96,0xad,0x96,0xad,
    0x96,0xad,0x96,0xad,0x96,0xad,0x96,0xad,0x96,0xad,0x96,0xad,0x95,0xad,0x96,0xad,0x76,0xad,0x96,0xad,0x75,0xad,0x96,0xad,
    0x75,0xad,0x96,0xad,0x75,0xa5,0x96,0xad,0x75,0xad,0x76,0xad,0x75,0xa5,0x76,0xad,0x75,0xa5,0x76,0xad,0x75,0xa5,0x76,0xad,
    0x75,0xa5,0x76,0xad,0x75,0xa5,0x76,0xad,0x55,0xa5,0x75,0xad,0x55,0xa5,0x76,0xad,0x55,0xa5,0x75,0xad,0x55,0xa5,0x76,0xad,
    0x55,0xa5,0x75,0xad,0x55,0xa5,0x76,0xad,0x55,0xa5,0x75,0xad,0x55,0xa5,0x76,0xad,0x55,0xa5,0x75,0xad,0x55,0xa5,0x76,0xad,
    0x55,0xa5,0x75,0xad,0x55,0xa5,0x76,0xad,0x55,0xa5,0x75,0xad,0x55,0xa5,0x76,0xad,0x55,0xa5,0x75,0xad,0x55,0xa5,0x76,0xad,
    0x75,0xad,0xb6,0xb5,0xb6,0xb5,0xb7,0xb5,0x34,0xa5,0xf3,0x9c,0x92,0x8c,0xf0,0x7b,0x0c,0x63,0x29,0x4a,0x45,0x29,0x04,0x21,
    0x82,0x10,0x21,0x08,0x00,0x00,0x00,0x00,0x00,0x00,0x00,0x00,0x00,0x00,0x00,0x00,0x00,0x00,0x00,0x00,0x00,0x00,0x00,0x00,
    0x00,0x00,0x00,0x00,0x00,0x00,0x00,0x00,0x00,0x00,0x00,0x00,0x00,0x00,0x00,0x00,0x00,0x00,0x00,0x00,0x00,0x00,0x00,0x00,
    0x00,0x00,0x00,0x00,0x00,0x00,0x00,0x00,0x00,0x00,0x00,0x00,0x00,0x00,0x00,0x00,0x00,0x00,0x00,0x00,0x00,0x00,0x00,0x00,
    0x00,0x00,0x00,0x00,0x00,0x00,0x00,0x00,0x00,0x00,0x00,0x00,0x00,0x00,0x00,0x00,0x00,0x00,0x00,0x00,0x00,0x00,0x00,0x00,
    0x00,0x00,0x00,0x00,0x00,0x00,0x00,0x00,0x00,0x00,0x00,0x00,0x00,0x00,0x00,0x00,0x00,0x00,0x00,0x00,0x00,0x00,0x00,0x00,
    0x00,0x00,0x00,0x00,0x00,0x00,0x00,0x00,0x00,0x00,0x00,0x00,0x00,0x00,0x00,0x00,0x00,0x00,0x00,0x00,0x00,0x00,0x00,0x00,
    0x00,0x00,0x00,0x00,0x00,0x00,0x00,0x00,0x20,0x00,0x31,0x84,0xf7,0xb5,0xb6,0xad,0x96,0xad,0x96,0xad,0x96,0xad,0x96,0xad,
    0x96,0xad,0x96,0xad,0x96,0xad,0x96,0xad,0x95,0xad,0x96,0xad,0x96,0xad,0x96,0xad,0x95,0xad,0x96,0xad,0x75,0xad,0x96,0xad,
    0x75,0xad,0x96,0xad,0x75,0xad,0x96,0xad,0x75,0xad,0x76,0xad,0x75,0xad,0x76,0xad,0x75,0xa5,0x75,0xad,0x75,0xa5,0x76,0xad,
    0x75,0xa5,0x75,0xad,0x75,0xa5,0x75,0xad,0x75,0xa5,0x75,0xad,0x55,0xa5,0x75,0xad,0x55,0xa5,0x75,0xa5,0x55,0xa5,0x75,0xad,
    0x55,0xa5,0x75,0xa5,0x55,0xa5,0x75,0xad,0x55,0xa5,0x75,0xa5,0x55,0xa5,0x75,0xad,0x55,0xa5,0x75,0xa5,0x55,0xa5,0x75,0xad,
    0x55,0xa5,0x75,0xa5,0x55,0xa5,0x75,0xad,0x55,0xa5,0x75,0xa5,0x55,0xa5,0x75,0xad,0x55,0xa5,0x75,0xa5,0x55,0xa5,0x75,0xad,
    0x55,0xa5,0x75,0xa5,0x75,0xad,0xb6,0xb5,0xb6,0xad,0x96,0xad,0x34,0xa5,0xd3,0x9c,0x71,0x8c,0xcf,0x7b,0xeb,0x5a,0x08,0x42,
    0x45,0x29,0xe3,0x18,0x62,0x10,0x00,0x00,0x00,0x00,0x00,0x00,0x00,0x00,0x00,0x00,0x00,0x00,0x00,0x00,0x00,0x00,0x00,0x00,
    0x00,0x00,0x00,0x00,0x00,0x00,0x00,0x00,0x00,0x00,0x00,0x00,0x00,0x00,0x00,0x00,0x00,0x00,0x00,0x00,0x00,0x00,0x00,0x00,
    0x00,0x00,0x00,0x00,0x00,0x00,0x00,0x00,0x00,0x00,0x00,0x00,0x00,0x00,0x00,0x00,0x00,0x00,0x00,0x00,0x00,0x00,0x00,0x00,
    0x00,0x00,0x00,0x00,0x00,0x00,0x00,0x00,0x00,0x00,0x00,0x00,0x00,0x00,0x00,0x00,0x00,0x00,0x00,0x00,0x00,0x00,0x00,0x00,
    0x00,0x00,0x00,0x00,0x00,0x00,0x00,0x00,0x00,0x00,0x00,0x00,0x00,0x00,0x00,0x00,0x00,0x00,0x00,0x00,0x00,0x00,0x00,0x00,
    0x00,0x00,0x00,0x00,0x00,0x00,0x00,0x00,0x00,0x00,0x00,0x00,0x00,0x00,0x00,0x00,0x00,0x00,0x00,0x00,0x00,0x00,0x00,0x00,
    0x00,0x00,0x00,0x00,0x00,0x00,0x00,0x00,0x00,0x00,0x00,0x00,0x00,0x00,0x00,0x00,0x00,0x00,0x00,0x00,0x00,0x00,0x00,0x00,
    0x00,0x00,0x00,0x00,0xc3,0x18,0x76,0xad,0xd7,0xb5,0xb6,0xb5,0x96,0xad,0xb6,0xb5,0x96,0xad,0xb6,0xad,0x96,0xad,0x96,0xb5,
    0x96,0xad,0x96,0xad,0x96,0xad,0x96,0xb5,0x96,0xad,0x96,0xad,0x95,0xad,0x96,0xad,0x96,0xad,0x96,0xad,0x75,0xad,0x96,0xad,
    0x76,0xad,0x96,0xad,0x75,0xad,0x96,0xad,0x75,0xad,0x96,0xad,0x75,0xad,0x76,0xad,0x75,0xad,0x76,0xad,0x75,0xa5,0x76,0xad,
    0x75,0xad,0x76,0xad,0x75,0xa5,0x76,0xad,0x75,0xa5,0x75,0xad,0x55,0xa5,0x76,0xad,0x55,0xa5,0x75,0xad,0x55,0xa5,0x76,0xad,
    0x55,0xa5,0x75,0xad,0x55,0xa5,0x76,0xad,0x55,0xa5,0x75,0xad,0x55,0xa5,0x76,0xad,0x55,0xa5,0x75,0xad,0x55,0xa5,0x76,0xad,
    0x55,0xa5,0x75,0xad,0x55,0xa5,0x76,0xad,0x76,0xad,0xb6,0xb5,0xd7,0xb5,0x96,0xb5,0x14,0xa5,0xd3,0x9c,0x71,0x8c,0xcf,0x7b,
    0xcb,0x5a,0xe8,0x41,0x25,0x29,0xe4,0x20,0x62,0x10,0x00,0x00,0x00,0x00,0x00,0x00,0x00,0x00,0x00,0x00,0x00,0x00,0x00,0x00,
    0x00,0x00,0x00,0x00,0x00,0x00,0x00,0x00,0x00,0x00,0x00,0x00,0x00,0x00,0x00,0x00,0x00,0x00,0x00,0x00,0x00,0x00,0x00,0x00,
    0x00,0x00,0x00,0x00,0x00,0x00,0x00,0x00,0x00,0x00,0x00,0x00,0x00,0x00,0x00,0x00,0x00,0x00,0x00,0x00,0x00,0x00,0x00,0x00,
    0x00,0x00,0x00,0x00,0x00,0x00,0x00,0x00,0x00,0x00,0x00,0x00,0x00,0x00,0x00,0x00,0x00,0x00,0x00,0x00,0x00,0x00,0x00,0x00,
    0x00,0x00,0x00,0x00,0x00,0x00,0x00,0x00,0x00,0x00,0x00,0x00,0x00,0x00,0x00,0x00,0x00,0x00,0x00,0x00,0x00,0x00,0x00,0x00,
    0x00,0x00,0x00,0x00,0x00,0x00,0x00,0x00,0x00,0x00,0x00,0x00,0x00,0x00,0x00,0x00,0x00,0x00,0x00,0x00,0x00,0x00,0x00,0x00,
    0x00,0x00,0x00,0x00,0x00,0x00,0x00,0x00,0x00,0x00,0x00,0x00,0x00,0x00,0x00,0x00,0x00,0x00,0x00,0x00,0x00,0x00,0x00,0x00,
    0x00,0x00,0x00,0x00,0x00,0x00,0x00,0x00,0x00,0x00,0x00,0x00,0x00,0x00,0x00,0x00,0x00,0x00,0x00,0x00,0x00,0x00,0x00,0x00,
    0x65,0x29,0xb6,0xb5,0x96,0xad,0x96,0xad,0x95,0xad,0x96,0xad,0x96,0xad,0x96,0xad,0x95,0xad,0x96,0xad,0x95,0xad,0x96,0xad,
    0x75,0xad,0x96,0xad,0x75,0xad,0x96,0xad,0x75,0xa5,0x96,0xad,0x75,0xa5,0x76,0xad,0x75,0xa5,0x75,0xad,0x75,0xa5,0x76,0xad,
    0x75,0xa5,0x75,0xad,0x75,0xa5,0x75,0xad,0x75,0xa5,0x75,0xa5,0x75,0xa5,0x75,0xad,0x55,0xa5,0x75,0xa5,0x55,0xa5,0x75,0xa5,
    0x55,0xa5,0x75,0xa5,0x55,0xa5,0x75,0xa5,0x55,0xa5,0x75,0xa5,0x55,0xa5,0x75,0xa5,0x55,0xa5,0x75,0xa5,0x55,0xa5,0x75,0xa5,
    0x55,0xa5,0x75,0xa5,0x55,0xa5,0x75,0xa5,0x55,0xa5,0x75,0xa5,0x75,0xad,0xb6,0xb5,0xb6,0xb5,0x75,0xad,0x13,0x9d,0xb3,0x94,
    0x51,0x84,0x8e,0x73,0xaa,0x52,0xc7,0x39,0x24,0x21,0xc3,0x18,0x61,0x08,0x00,0x00,0x00,0x00,0x00,0x00,0x00,0x00,0x00,0x00,
    0x00,0x00,0x00,0x00,0x00,0x00,0x00,0x00,0x00,0x00,0x00,0x00,0x00,0x00,0x00,0x00,0x00,0x00,0x00,0x00,0x00,0x00,0x00,0x00,
    0x00,0x00,0x00,0x00,0x00,0x00,0x00,0x00,0x00,0x00,0x00,0x00,0x00,0x00,0x00,0x00,0x00,0x00,0x00,0x00,0x00,0x00,0x00,0x00,
    0x00,0x00,0x00,0x00,0x00,0x00,0x00,0x00,0x00,0x00,0x00,0x00,0x00,0x00,0x00,0x00,0x00,0x00,0x00,0x00,0x00,0x00,0x00,0x00,
    0x00,0x00,0x00,0x00,0x00,0x00,0x00,0x00,0x00,0x00,0x00,0x00,0x00,0x00,0x00,0x00,0x00,0x00,0x00,0x00,0x00,0x00,0x00,0x00,
    0x00,0x00,0x00,0x00,0x00,0x00,0x00,0x00,0x00,0x00,0x00,0x00,0x00,0x00,0x00,0x00,0x00,0x00,0x00,0x00,0x00,0x00,0x00,0x00,
    0x00,0x00,0x00,0x00,0x00,0x00,0x00,0x00,0x00,0x00,0x00,0x00,0x00,0x00,0x00,0x00,0x00,0x00,0x00,0x00,0x00,0x00,0x00,0x00,
    0x00,0x00,0x00,0x00,0x00,0x00,0x00,0x00,0x00,0x00,0x00,0x00,0x00,0x00,0x00,0x00,0x00,0x00,0x00,0x00,0x00,0x00,0x00,0x00,
    0x00,0x00,0x00,0x00,0x00,0x00,0x00,0x00,0x00,0x00,0x00,0x00,0x00,0x00,0x00,0x00,0x00,0x00,0x00,0x00,0x49,0x4a,0x18,0xbe,
    0xb6,0xb5,0x96,0xad,0x96,0xad,0x96,0xad,0x96,0xad,0x96,0xad,0x96,0xad,0x96,0xad,0x96,0xad,0x96,0xad,0x75,0xad,0x96,0xad,
    0x76,0xad,0x96,0xad,0x75,0xad,0x96,0xad,0x75,0xad,0x96,0xad,0x75,0xa5,0x76,0xad,0x75,0xad,0x76,0xad,0x75,0xa5,0x76,0xad,
    0x75,0xa5,0x76,0xad,0x75,0xa5,0x76,0xad,0x75,0xa5,0x75,0xad,0x55,0xa5,0x76,0xad,0x55,0xa5,0x75,0xad,0x55,0xa5,0x76,0xad,
    0x55,0xa5,0x75,0xad,0x55,0xa5,0x76,0xad,0x55,0xa5,0x75,0xad,0x55,0xa5,0x76,0xad,0x96,0xad,0xb7,0xb5,0xb7,0xb5,0x76,0xad,
    0x14,0x9d,0xb3,0x94,0x50,0x84,0x8e,0x73,0x8a,0x52,0xa7,0x39,0x24,0x21,0xc3,0x18,0x61,0x08,0x00,0x00,0x00,0x00,0x00,0x00,
    0x00,0x00,0x00,0x00,0x00,0x00,0x00,0x00,0x00,0x00,0x00,0x00,0x00,0x00,0x00,0x00,0x00,0x00,0x00,0x00,0x00,0x00,0x00,0x00,
    0x00,0x00,0x00,0x00,0x00,0x00,0x00,0x00,0x00,0x00,0x00,0x00,0x00,0x00,0x00,0x00,0x00,0x00,0x00,0x00,0x00,0x00,0x00,0x00,
    0x00,0x00,0x00,0x00,0x00,0x00,0x00,0x00,0x00,0x00,0x00,0x00,0x00,0x00,0x00,0x00,0x00,0x00,0x00,0x00,0x00,0x00,0x00,0x00,
    0x00,0x00,0x00,0x00,0x00,0x00,0x00,0x00,0x00,0x00,0x00,0x00,0x00,0x00,0x00,0x00,0x00,0x00,0x00,0x00,0x00,0x00,0x00,0x00,
    0x00,0x00,0x00,0x00,0x00,0x00,0x00,0x00,0x00,0x00,0x00,0x00,0x00,0x00,0x00,0x00,0x00,0x00,0x00,0x00,0x00,0x00,0x00,0x00,
    0x00,0x00,0x00,0x00,0x00,0x00,0x00,0x00,0x00,0x00,0x00,0x00,0x00,0x00,0x00,0x00,0x00,0x00,0x00,0x00,0x00,0x00,0x00,0x00,
    0x00,0x00,0x00,0x00,0x00,0x00,0x00,0x00,0x00,0x00,0x00,0x00,0x00,0x00,0x00,0x00,0x00,0x00,0x00,0x00,0x00,0x00,0x00,0x00,
    0x00,0x00,0x00,0x00,0x00,0x00,0x00,0x00,0x00,0x00,0x00,0x00,0x00,0x00,0x00,0x00,0x00,0x00,0x00,0x00,0x00,0x00,0x00,0x00,
    0x00,0x00,0x00,0x00,0x00,0x00,0x00,0x00,0x00,0x00,0x00,0x00,0x00,0x00,0x00,0x00,0x08,0x42,0x96,0xb5,0xd7,0xb5,0x96,0xad,
    0x95,0xad,0x96,0xad,0x75,0xad,0x96,0xad,0x75,0xad,0x96,0xad,0x75,0xad,0x96,0xad,0x75,0xa5,0x76,0xad,0x75,0xad,0x76,0xad,
    0x75,0xa5,0x75,0xad,0x75,0xa5,0x76,0xad,0x75,0xa5,0x75,0xad,0x75,0xa5,0x75,0xad,0x75,0xa5,0x75,0xad,0x55,0xa5,0x75,0xad,
    0x55,0xa5,0x75,0xa5,0x55,0xa5,0x75,0xad,0x55,0xa5,0x75,0xa5,0x55,0xa5,0x75,0xad,0x55,0xa5,0x75,0xad,0x96,0xad,0xb7,0xb5,
    0xb6,0xad,0x55,0xad,0xf3,0x9c,0xb2,0x94,0x30,0x84,0x6d,0x6b,0x69,0x4a,0x86,0x31,0x04,0x21,0xa3,0x18,0x41,0x08,0x00,0x00,
    0x00,0x00,0x00,0x00,0x00,0x00,0x00,0x00,0x00,0x00,0x00,0x00,0x00,0x00,0x00,0x00,0x00,0x00,0x00,0x00,0x00,0x00,0x00,0x00,
    0x00,0x00,0x00,0x00,0x00,0x00,0x00,0x00,0x00,0x00,0x00,0x00,0x00,0x00,0x00,0x00,0x00,0x00,0x00,0x00,0x00,0x00,0x00,0x00,
    0x00,0x00,0x00,0x00,0x00,0x00,0x00,0x00,0x00,0x00,0x00,0x00,0x00,0x00,0x00,0x00,0x00,0x00,0x00,0x00,0x00,0x00,0x00,0x00,
    0x00,0x00,0x00,0x00,0x00,0x00,0x00,0x00,0x00,0x00,0x00,0x00,0x00,0x00,0x00,0x00,0x00,0x00,0x00,0x00,0x00,0x00,0x00,0x00,
    0x00,0x00,0x00,0x00,0x00,0x00,0x00,0x00,0x00,0x00,0x00,0x00,0x00,0x00,0x00,0x00,0x00,0x00,0x00,0x00,0x00,0x00,0x00,0x00,
    0x00,0x00,0x00,0x00,0x00,0x00,0x00,0x00,0x00,0x00,0x00,0x00,0x00,0x00,0x00,0x00,0x00,0x00,0x00,0x00,0x00,0x00,0x00,0x00,
    0x00,0x00,0x00,0x00,0x00,0x00,0x00,0x00,0x00,0x00,0x00,0x00,0x00,0x00,0x00,0x00,0x00,0x00,0x00,0x00,0x00,0x00,0x00,0x00,
    0x00,0x00,0x00,0x00,0x00,0x00,0x00,0x00,0x00,0x00,0x00,0x00,0x00,0x00,0x00,0x00,0x00,0x00,0x00,0x00,0x00,0x00,0x00,0x00,
    0x00,0x00,0x00,0x00,0x00,0x00,0x00,0x00,0x00,0x00,0x00,0x00,0x00,0x00,0x00,0x00,0x00,0x00,0x00,0x00,0x00,0x00,0x00,0x00,
    0x00,0x00,0x00,0x00,0x00,0x00,0x00,0x00,0x00,0x00,0x00,0x00,0xe3,0x18,0xb2,0x94,0x18,0xbe,0xb6,0xb5,0x95,0xad,0x96,0xad,
    0x76,0xad,0x96,0xad,0x75,0xad,0x96,0xad,0x75,0xad,0x96,0xad,0x75,0xad,0x76,0xad,0x75,0xad,0x76,0xad,0x75,0xa5,0x76,0xad,
    0x75,0xad,0x76,0xad,0x75,0xa5,0x76,0xad,0x75,0xa5,0x76,0xad,0x75,0xa5,0x76,0xad,0x55,0xa5,0x75,0xad,0x55,0xa5,0x96,0xad,
    0x96,0xad,0xd7,0xb5,0xb6,0xb5,0x55,0xad,0xf3,0x9c,0xb2,0x94,0x10,0x84,0x4d,0x6b,0x49,0x4a,0x86,0x31,0x04,0x21,0xa3,0x18,
    0x41,0x08,0x00,0x00,0x00,0x00,0x00,0x00,0x00,0x00,0x00,0x00,0x00,0x00,0x00,0x00,0x00,0x00,0x00,0x00,0x00,0x00,0x00,0x00,
    0x00,0x00,0x00,0x00,0x00,0x00,0x00,0x00,0x00,0x00,0x00,0x00,0x00,0x00,0x00,0x00,0x00,0x00,0x00,0x00,0x00,0x00,0x00,0x00,
    0x00,0x00,0x00,0x00,0x00,0x00,0x00,0x00,0x00,0x00,0x00,0x00,0x00,0x00,0x00,0x00,0x00,0x00,0x00,0x00,0x00,0x00,0x00,0x00,
    0x00,0x00,0x00,0x00,0x00,0x00,0x00,0x00,0x00,0x00,0x00,0x00,0x00,0x00,0x00,0x00,0x00,0x00,0x00,0x00,0x00,0x00,0x00,0x00,
    0x00,0x00,0x00,0x00,0x00,0x00,0x00,0x00,0x00,0x00,0x00,0x00,0x00,0x00,0x00,0x00,0x00,0x00,0x00,0x00,0x00,0x00,0x00,0x00,
    0x00,0x00,0x00,0x00,0x00,0x00,0x00,0x00,0x00,0x00,0x00,0x00,0x00,0x00,0x00,0x00,0x00,0x00,0x00,0x00,0x00,0x00,0x00,0x00,
    0x00,0x00,0x00,0x00,0x00,0x00,0x00,0x00,0x00,0x00,0x00,0x00,0x00,0x00,0x00,0x00,0x00,0x00,0x00,0x00,0x00,0x00,0x00,0x00,
    0x00,0x00,0x00,0x00,0x00,0x00,0x00,0x00,0x00,0x00,0x00,0x00,0x00,0x00,0x00,0x00,0x00,0x00,0x00,0x00,0x00,0x00,0x00,0x00,
    0x00,0x00,0x00,0x00,0x00,0x00,0x00,0x00,0x00,0x00,0x00,0x00,0x00,0x00,0x00,0x00,0x00,0x00,0x00,0x00,0x00,0x00,0x00,0x00,
    0x00,0x00,0x00,0x00,0x00,0x00,0x00,0x00,0x00,0x00,0x00,0x00,0x00,0x00,0x00,0x00,0x00,0x00,0x00,0x00,0x00,0x00,0x00,0x00,
    0x00,0x00,0x00,0x00,0x00,0x00,0x00,0x00,0x41,0x08,0x49,0x4a,0xd3,0x94,0xd7,0xbd,0x96,0xad,0x76,0xad,0x75,0xa5,0x76,0xad,
    0x75,0xa5,0x75,0xad,0x75,0xa5,0x76,0xad,0x75,0xa5,0x75,0xad,0x75,0xa5,0x75,0xad,0x75,0xa5,0x75,0xa5,0x55,0xa5,0x75,0xad,
    0x55,0xa5,0x76,0xad,0x96,0xad,0xb7,0xb5,0xb6,0xad,0x55,0xa5,0xd3,0x94,0x92,0x94,0xef,0x7b,0x2c,0x63,0x28,0x42,0x66,0x31,
    0xe3,0x18,0xa2,0x10,0x20,0x00,0x00,0x00,0x00,0x00,0x00,0x00,0x00,0x00,0x00,0x00,0x00,0x00,0x00,0x00,0x00,0x00,0x00,0x00,
    0x00,0x00,0x00,0x00,0x00,0x00,0x00,0x00,0x00,0x00,0x00,0x00,0x00,0x00,0x00,0x00,0x00,0x00,0x00,0x00,0x00,0x00,0x00,0x00,
    0x00,0x00,0x00,0x00,0x00,0x00,0x00,0x00,0x00,0x00,0x00,0x00,0x00,0x00,0x00,0x00,0x00,0x00,0x00,0x00,0x00,0x00,0x00,0x00,
    0x00,0x00,0x00,0x00,0x00,0x00,0x00,0x00,0x00,0x00,0x00,0x00,0x00,0x00,0x00,0x00,0x00,0x00,0x00,0x00,0x00,0x00,0x00,0x00,
    0x00,0x00,0x00,0x00,0x00,0x00,0x00,0x00,0x00,0x00,0x00,0x00,0x00,0x00,0x00,0x00,0x00,0x00,0x00,0x00,0x00,0x00,0x00,0x00,
    0x00,0x00,0x00,0x00,0x00,0x00,0x00,0x00,0x00,0x00,0x00,0x00,0x00,0x00,0x00,0x00,0x00,0x00,0x00,0x00,0x00,0x00,0x00,0x00,
    0x00,0x00,0x00,0x00,0x00,0x00,0x00,0x00,0x00,0x00,0x00,0x00,0x00,0x00,0x00,0x00,0x00,0x00,0x00,0x00,0x00,0x00,0x00,0x00,
    0x00,0x00,0x00,0x00,0x00,0x00,0x00,0x00,0x00,0x00,0x00,0x00,0x00,0x00,0x00,0x00,0x00,0x00,0x00,0x00,0x00,0x00,0x00,0x00,
    0x00,0x00,0x00,0x00,0x00,0x00,0x00,0x00,0x00,0x00,0x00,0x00,0x00,0x00,0x00,0x00,0x00,0x00,0x00,0x00,0x00,0x00,0x00,0x00,
    0x00,0x00,0x00,0x00,0x00,0x00,0x00,0x00,0x00,0x00,0x00,0x00,0x00,0x00,0x00,0x00,0x00,0x00,0x00,0x00,0x00,0x00,0x00,0x00,
    0x00,0x00,0x00,0x00,0x00,0x00,0x00,0x00,0x00,0x00,0x00,0x00,0x00,0x00,0x00,0x00,0x00,0x00,0x00,0x00,0x00,0x00,0x00,0x00,
    0x00,0x00,0x00,0x00,0x00,0x00,0x62,0x10,0xc7,0x39,0xf0,0x7b,0x14,0x9d,0xd7,0xbd,0xf7,0xbd,0xd7,0xb5,0xb6,0xad,0xb6,0xb5,
    0x75,0xad,0x96,0xad,0x96,0xad,0xb7,0xb5,0xb6,0xb5,0xd7,0xb5,0x96,0xad,0x55,0xa5,0xd3,0x9c,0xb2,0x94,0xcf,0x7b,0x0c,0x63,
    0x28,0x42,0x65,0x29,0xe3,0x18,0xa2,0x10,0x20,0x00,0x00,0x00,0x00,0x00,0x00,0x00,0x00,0x00,0x00,0x00,0x00,0x00,0x00,0x00,
    0x00,0x00,0x00,0x00,0x00,0x00,0x00,0x00,0x00,0x00,0x00,0x00,0x00,0x00,0x00,0x00,0x00,0x00,0x00,0x00,0x00,0x00,0x00,0x00,
    0x00,0x00,0x00,0x00,0x00,0x00,0x00,0x00,0x00,0x00,0x00,0x00,0x00,0x00,0x00,0x00,0x00,0x00,0x00,0x00,0x00,0x00,0x00,0x00,
    0x00,0x00,0x00,0x00,0x00,0x00,0x00,0x00,0x00,0x00,0x00,0x00,0x00,0x00,0x00,0x00,0x00,0x00,0x00,0x00,0x00,0x00,0x00,0x00,
    0x00,0x00,0x00,0x00,0x00,0x00,0x00,0x00,0x00,0x00,0x00,0x00,0x00,0x00,0x00,0x00,0x00,0x00,0x00,0x00,0x00,0x00,0x00,0x00,
    0x00,0x00,0x00,0x00,0x00,0x00,0x00,0x00,0x00,0x00,0x00,0x00,0x00,0x00,0x00,0x00,0x00,0x00,0x00,0x00,0x00,0x00,0x00,0x00,
    0x00,0x00,0x00,0x00,0x00,0x00,0x00,0x00,0x00,0x00,0x00,0x00,0x00,0x00,0x00,0x00,0x00,0x00,0x00,0x00,0x00,0x00,0x00,0x00,
    0x00,0x00,0x00,0x00,0x00,0x00,0x00,0x00,0x00,0x00,0x00,0x00,0x00,0x00,0x00,0x00,0x00,0x00,0x00,0x00,0x00,0x00,0x00,0x00,
    0x00,0x00,0x00,0x00,0x00,0x00,0x00,0x00,0x00,0x00,0x00,0x00,0x00,0x00,0x00,0x00,0x00,0x00,0x00,0x00,0x00,0x00,0x00,0x00,
    0x00,0x00,0x00,0x00,0x00,0x00,0x00,0x00,0x00,0x00,0x00,0x00,0x00,0x00,0x00,0x00,0x00,0x00,0x00,0x00,0x00,0x00,0x00,0x00,
    0x00,0x00,0x00,0x00,0x00,0x00,0x00,0x00,0x00,0x00,0x00,0x00,0x00,0x00,0x00,0x00,0x00,0x00,0x00,0x00,0x00,0x00,0x00,0x00,
    0x00,0x00,0x00,0x00,0x00,0x00,0x00,0x00,0x00,0x00,0x00,0x00,0x00,0x00,0x00,0x00,0x00,0x00,0x00,0x00,0x00,0x00,0x00,0x00,
    0x00,0x00,0x00,0x00,0x00,0x00,0x82,0x10,0x24,0x21,0xcb,0x5a,0x4d,0x6b,0xcf,0x7b,0x10,0x7c,0x71,0x8c,0x30,0x84,0xae,0x73,
    0xeb,0x5a,0x6a,0x4a,0xc7,0x39,0x45,0x29,0xe3,0x18,0x82,0x10,0x00,0x00,0x00,0x00,0x00,0x00,0x00,0x00,0x00,0x00,0x00,0x00,
    0x00,0x00,0x00,0x00,0x00,0x00,0x00,0x00,0x00,0x00,0x00,0x00,0x00,0x00,0x00,0x00,0x00,0x00,0x00,0x00,0x00,0x00,0x00,0x00,
    0x00,0x00,0x00,0x00,0x00,0x00,0x00,0x00,0x00,0x00,0x00,0x00,0x00,0x00,0x00,0x00,0x00,0x00,0x00,0x00,0x00,0x00,0x00,0x00,
    0x00,0x00,0x00,0x00,0x00,0x00,0x00,0x00,0x00,0x00,0x00,0x00,0x00,0x00,0x00,0x00,0x00,0x00,0x00,0x00,0x00,0x00,0x00,0x00,
    0x00,0x00,0x00,0x00,0x00,0x00,0x00,0x00,0x00,0x00,0x00,0x00,0x00,0x00,0x00,0x00,0x00,0x00,0x00,0x00,0x00,0x00,0x00,0x00,
    0x00,0x00,0x00,0x00,0x00,0x00,0x00,0x00,0x00,0x00,0x00,0x00,0x00,0x00,0x00,0x00,0x00,0x00,0x00,0x00,0x00,0x00,0x00,0x00,
    0x00,0x00,0x00,0x00,0x00,0x00,0x00,0x00,0x00,0x00,0x00,0x00,0x00,0x00,0x00,0x00,0x00,0x00,0x00,0x00,0x00,0x00,0x00,0x00,
    0x00,0x00,0x00,0x00,0x00,0x00,0x00,0x00,0x00,0x00,0x00,0x00,0x00,0x00,0x00,0x00,0x00,0x00,0x00,0x00,0x00,0x00,0x00,0x00,
    0x00,0x00,0x00,0x00,0x00,0x00,0x00,0x00,0x00,0x00,0x00,0x00,0x00,0x00,0x00,0x00,0x00,0x00,0x00,0x00,0x00,0x00,0x00,0x00,
    0x00,0x00,0x00,0x00,0x00,0x00,0x00,0x00,0x00,0x00,0x00,0x00,0x00,0x00,0x00,0x00,0x00,0x00,0x00,0x00,0x00,0x00,0x00,0x00,
    0x00,0x00,0x00,0x00,0x00,0x00,
};
const lv_image_dsc_t kNotesImage = [] {
    lv_image_dsc_t image{};
    image.header.magic = LV_IMAGE_HEADER_MAGIC;
    image.header.cf = LV_COLOR_FORMAT_RGB565;
    image.header.w = 165;
    image.header.h = 187;
    image.header.stride = 330;
    image.data_size = sizeof(kNotesPixels);
    image.data = kNotesPixels;
    return image;
}();
alignas(4) static const uint8_t kDotOnPixels[] = {
    0x00,0x00,0x00,0x00,0x00,0x00,0x00,0x00,0x00,0x00,0x00,0x00,0x00,0x00,0x00,0x00,0x00,0x00,0x00,0x00,0x00,0x00,0x00,0x00,
    0x00,0x00,0x00,0x00,0x00,0x00,0x00,0x00,0x23,0x31,0xc4,0x51,0xc5,0x51,0xe2,0x28,0x00,0x00,0x00,0x00,0x00,0x00,0x00,0x00,
    0x00,0x00,0x00,0x00,0x81,0x18,0x89,0x9b,0xec,0xcc,0xed,0xcc,0x6a,0xbc,0xe9,0xb3,0x65,0x72,0x61,0x10,0x00,0x00,0x00,0x00,
    0x00,0x00,0x00,0x00,0x89,0x9b,0x4e,0xd5,0x96,0xee,0x54,0xe6,0xed,0xcc,0x2a,0xb4,0x89,0xa3,0x25,0x6a,0x00,0x00,0x00,0x00,
    0x00,0x00,0x23,0x39,0x8b,0xc4,0x55,0xe6,0xf8,0xee,0x33,0xe6,0xcc,0xcc,0x4a,0xbc,0x68,0x9b,0xe6,0x8a,0xa1,0x20,0x00,0x00,
    0x00,0x00,0x04,0x5a,0x6b,0xc4,0x2e,0xd5,0x90,0xdd,0x0d,0xd5,0xac,0xcc,0x09,0xb4,0x68,0xa3,0xc6,0x82,0x23,0x39,0x00,0x00,
    0x00,0x00,0xe4,0x59,0xe9,0xab,0x4a,0xbc,0x6b,0xc4,0x6b,0xc4,0x09,0xb4,0xa9,0xab,0x07,0x93,0xa6,0x82,0x02,0x39,0x00,0x00,
    0x00,0x00,0xe2,0x28,0x68,0xa3,0xa8,0xab,0xea,0xb3,0xc9,0xab,0xa9,0xa3,0x27,0x93,0xc6,0x8a,0x65,0x7a,0xa2,0x20,0x00,0x00,
    0x00,0x00,0x00,0x00,0x24,0x6a,0x27,0x93,0x27,0x93,0x27,0x93,0xe6,0x8a,0xc6,0x82,0x65,0x72,0xa4,0x51,0x00,0x00,0x00,0x00,
    0x00,0x00,0x00,0x00,0x61,0x10,0x65,0x7a,0xa6,0x82,0x85,0x7a,0x86,0x82,0x45,0x72,0x25,0x6a,0x40,0x08,0x00,0x00,0x00,0x00,
    0x00,0x00,0x00,0x00,0x00,0x00,0x00,0x00,0x81,0x18,0x02,0x31,0xe2,0x28,0x81,0x18,0x00,0x00,0x00,0x00,0x00,0x00,0x00,0x00,
    0x00,0x00,0x00,0x00,0x00,0x00,0x00,0x00,0x00,0x00,0x00,0x00,0x00,0x00,0x00,0x00,0x00,0x00,0x00,0x00,0x00,0x00,0x00,0x00,
};
const lv_image_dsc_t kDotOnImage = [] {
    lv_image_dsc_t image{};
    image.header.magic = LV_IMAGE_HEADER_MAGIC;
    image.header.cf = LV_COLOR_FORMAT_RGB565;
    image.header.w = 12;
    image.header.h = 12;
    image.header.stride = 24;
    image.data_size = sizeof(kDotOnPixels);
    image.data = kDotOnPixels;
    return image;
}();
alignas(4) static const uint8_t kDotOffPixels[] = {
    0x00,0x00,0x00,0x00,0x00,0x00,0x00,0x00,0x00,0x00,0x00,0x00,0x00,0x00,0x00,0x00,0x00,0x00,0x00,0x00,0x00,0x00,0x00,0x00,
    0x00,0x00,0x00,0x00,0x00,0x00,0x00,0x00,0x00,0x00,0x00,0x00,0x00,0x00,0x00,0x00,0x00,0x00,0x00,0x00,0x00,0x00,0x00,0x00,
    0x00,0x00,0x00,0x00,0x00,0x00,0x00,0x00,0x45,0x29,0xaa,0x52,0x89,0x4a,0x25,0x29,0x00,0x00,0x00,0x00,0x00,0x00,0x00,0x00,
    0x00,0x00,0x00,0x00,0x00,0x00,0xef,0x7b,0xdb,0xd6,0xda,0xd6,0x79,0xce,0xf7,0xb5,0x8e,0x6b,0x00,0x00,0x00,0x00,0x00,0x00,
    0x00,0x00,0x00,0x00,0xc3,0x18,0x99,0xce,0x7d,0xef,0x9d,0xef,0x99,0xce,0x18,0xbe,0x75,0xa5,0xa3,0x10,0x00,0x00,0x00,0x00,
    0x00,0x00,0x00,0x00,0x28,0x42,0x79,0xc6,0x3c,0xe7,0xfb,0xde,0x99,0xce,0xf7,0xbd,0x96,0xad,0x45,0x29,0x00,0x00,0x00,0x00,
    0x00,0x00,0x00,0x00,0xc7,0x31,0x18,0xbe,0x58,0xc6,0x59,0xc6,0x17,0xbe,0xb6,0xb5,0x14,0x9d,0x45,0x29,0x00,0x00,0x00,0x00,
    0x00,0x00,0x00,0x00,0xc3,0x18,0x96,0xad,0xd7,0xbd,0xd7,0xb5,0xb6,0xb5,0x35,0xa5,0x71,0x8c,0x62,0x10,0x00,0x00,0x00,0x00,
    0x00,0x00,0x00,0x00,0x00,0x00,0x49,0x4a,0xf3,0x9c,0x14,0x9d,0xb2,0x94,0x31,0x84,0x86,0x29,0x00,0x00,0x00,0x00,0x00,0x00,
    0x00,0x00,0x00,0x00,0x00,0x00,0x00,0x00,0xc3,0x18,0xa6,0x31,0xa6,0x31,0x82,0x10,0x00,0x00,0x00,0x00,0x00,0x00,0x00,0x00,
    0x00,0x00,0x00,0x00,0x00,0x00,0x00,0x00,0x00,0x00,0x00,0x00,0x00,0x00,0x00,0x00,0x00,0x00,0x00,0x00,0x00,0x00,0x00,0x00,
    0x00,0x00,0x00,0x00,0x00,0x00,0x00,0x00,0x00,0x00,0x00,0x00,0x00,0x00,0x00,0x00,0x00,0x00,0x00,0x00,0x00,0x00,0x00,0x00,
};
const lv_image_dsc_t kDotOffImage = [] {
    lv_image_dsc_t image{};
    image.header.magic = LV_IMAGE_HEADER_MAGIC;
    image.header.cf = LV_COLOR_FORMAT_RGB565;
    image.header.w = 12;
    image.header.h = 12;
    image.header.stride = 24;
    image.data_size = sizeof(kDotOffPixels);
    image.data = kDotOffPixels;
    return image;
}();
const Mark kMarks[3] = {
    {&kListImage, 168, 89},
    {&kTimersImage, 142, 73},
    {&kNotesImage, 153, 98},
};
}  // namespace OrbitMenu
#endif
